SNP,CHR,BP,log10pvalues,BPcum
avgbs_cluster_4407.1.25,Mrg01,6.1,0,6.1
avgbs_cluster_4407.1.27,Mrg01,6.1,0,6.1
avgbs_220054.1.63,Mrg01,12.9,0.040188805,12.9
avgbs_cluster_2419.1.25,Mrg01,12.9,0.019808713,12.9
avgbs_cluster_14412.1.55,Mrg01,15.7,0.05469636,15.7
avgbs_117667.1.18,Mrg01,21.7,0.366186301,21.7
avgbs_121169.1.24,Mrg01,21.7,0.407307823,21.7
avgbs_69900.1.31,Mrg01,22.8,0.197361218,22.8
avgbs_109074.1.53,Mrg01,23.8,0.327098369,23.8
avgbs_15951.1.34,Mrg01,23.8,0.056500586,23.8
avgbs_214958.1.64,Mrg01,23.8,0.046417936,23.8
avgbs_4798.1.24,Mrg01,23.8,0.836619444,23.8
avgbs_79034.1.44,Mrg01,23.8,0.445182385,23.8
avgbs_98416.1.26,Mrg01,23.8,0.475773529,23.8
avgbs_cluster_13148.1.30,Mrg01,23.8,0.211895446,23.8
avgbs_cluster_16433.1.60,Mrg01,23.8,0.211913585,23.8
avgbs_cluster_28109.1.20,Mrg01,23.8,0.056394035,23.8
avgbs_cluster_37526.1.42,Mrg01,23.8,1.24727521,23.8
avgbs_cluster_7944.1.54,Mrg01,23.8,0,23.8
avgbs_cluster_7944.1.64,Mrg01,23.8,0,23.8
avgbs_cluster_30981.1.51,Mrg01,25.1,0.019183957,25.1
avgbs_50746.1.30,Mrg01,27.9,0,27.9
avgbs_cluster_6762.1.39,Mrg01,27.9,0.256434116,27.9
avgbs_cluster_6762.1.42,Mrg01,27.9,0.256434116,27.9
avgbs_cluster_25685.1.11,Mrg01,31.6,0.165175416,31.6
avgbs_cluster_25685.1.21,Mrg01,31.6,0.165175416,31.6
avgbs_97250.1.25,Mrg01,31.7,0.197361218,31.7
avgbs_cluster_34267.1.25,Mrg01,31.7,0,31.7
avgbs_cluster_34267.1.58,Mrg01,31.7,0,31.7
avgbs_115650.1.30,Mrg01,32.9,0.613401473,32.9
avgbs_76592.1.21,Mrg01,34.6,0.068751844,34.6
avgbs_7808.1.42,Mrg01,34.9,0.276731799,34.9
avgbs_118197.1.50,Mrg01,36.4,0,36.4
avgbs_108681.1.60,Mrg01,39.3,0.008765214,39.3
avgbs_125885.1.60,Mrg01,39.3,0.156821001,39.3
avgbs_69537.1.37,Mrg01,39.3,0.062559048,39.3
avgbs_cluster_29242.1.64,Mrg01,39.3,0.144212195,39.3
avgbs_cluster_35531.1.33,Mrg01,39.3,0.214030699,39.3
avgbs_cluster_38209.1.37,Mrg01,39.3,0.296493268,39.3
avgbs_cluster_7176.1.43,Mrg01,39.3,0.150610204,39.3
avgbs_cluster_40643.1.23,Mrg01,41.2,0.106322363,41.2
avgbs_91787.1.63,Mrg01,41.6,0.449378666,41.6
avgbs_104666.1.47,Mrg01,45,0.901412495,45
avgbs_115010.1.20,Mrg01,45,0,45
avgbs_1874.1.57,Mrg01,45,0.451275887,45
avgbs_2411.1.6,Mrg01,45,0,45
avgbs_4488.1.14,Mrg01,45,0.687009768,45
avgbs_cluster_11623.1.9,Mrg01,45,1.294201609,45
avgbs_cluster_1774.1.10,Mrg01,45,0.455426484,45
avgbs_cluster_1774.1.32,Mrg01,45,0.455426484,45
avgbs_cluster_1774.1.63,Mrg01,45,0.455426484,45
avgbs_cluster_19251.1.15,Mrg01,45,0,45
avgbs_cluster_19251.1.27,Mrg01,45,0,45
avgbs_cluster_19251.1.42,Mrg01,45,0,45
avgbs_cluster_23353.1.8,Mrg01,45,2.545326368,45
avgbs_124482.1.56,Mrg01,45.1,0,45.1
avgbs_96467.1.43,Mrg01,45.1,0,45.1
avgbs_cluster_25618.1.19,Mrg01,46.9,0.112043917,46.9
avgbs_cluster_26640.1.27,Mrg01,47.2,0.228825422,47.2
avgbs_31855.1.15,Mrg01,48.1,0,48.1
avgbs_cluster_21456.1.28,Mrg01,49.7,0.59041503,49.7
avgbs_98194.1.6,Mrg01,50.1,0.089167059,50.1
avgbs_cluster_4789.1.60,Mrg01,50.1,1.7150341,50.1
avgbs_cluster_19632.1.17,Mrg01,50.2,1.488855843,50.2
avgbs_cluster_10096.1.33,Mrg01,50.4,0.509464881,50.4
avgbs_cluster_8247.1.57,Mrg01,50.5,0.885453967,50.5
avgbs_cluster_8247.1.59,Mrg01,50.5,0.885453967,50.5
avgbs_cluster_747.1.28,Mrg01,50.6,2.400647437,50.6
avgbs_3211.1.63,Mrg01,50.7,0.604627596,50.7
avgbs_40825.1.54,Mrg01,50.7,0.559156581,50.7
avgbs_78208.1.20,Mrg01,50.7,0.362731075,50.7
avgbs_87606.1.28,Mrg01,50.7,1.280112321,50.7
avgbs_cluster_21149.1.59,Mrg01,50.7,1.715323473,50.7
avgbs_cluster_22649.1.41,Mrg01,50.7,2.0869328,50.7
avgbs_cluster_22649.1.50,Mrg01,50.7,2.0869328,50.7
avgbs_cluster_28275.1.43,Mrg01,50.7,1.465730529,50.7
avgbs_cluster_30750.1.29,Mrg01,50.7,0.57519331,50.7
avgbs_cluster_30750.1.42,Mrg01,50.7,0.57519331,50.7
avgbs_cluster_34455.1.28,Mrg01,50.7,0.107025559,50.7
avgbs_cluster_37918.1.44,Mrg01,50.7,1.39629888,50.7
avgbs_cluster_37918.1.64,Mrg01,50.7,1.39629888,50.7
avgbs_cluster_40848.1.24,Mrg01,50.7,1.633013682,50.7
avgbs_cluster_40848.1.28,Mrg01,50.7,1.633013682,50.7
avgbs_cluster_52480.1.22,Mrg01,50.7,1.013960417,50.7
avgbs_cluster_52480.1.8,Mrg01,50.7,1.013960417,50.7
avgbs_cluster_3522.1.17,Mrg01,51.7,0.606309671,51.7
avgbs_cluster_3522.1.36,Mrg01,51.7,0.685872462,51.7
avgbs_cluster_3522.1.43,Mrg01,51.7,0.606309671,51.7
avgbs_cluster_40412.2.49,Mrg01,51.9,0.069366071,51.9
avgbs_201762.1.27,Mrg01,52.4,0,52.4
avgbs_cluster_5100.1.45,Mrg01,52.4,0,52.4
avgbs_100130.1.43,Mrg01,52.6,0.749592704,52.6
avgbs_29138.1.51,Mrg01,52.6,0.492188678,52.6
avgbs_86510.1.44,Mrg01,52.6,0,52.6
avgbs_67981.1.43,Mrg01,52.7,1.17001219,52.7
avgbs_cluster_35931.1.56,Mrg01,53.1,0.071580807,53.1
avgbs_110630.1.24,Mrg01,56.5,0.217415367,56.5
avgbs_112377.1.50,Mrg01,57.2,0.417338952,57.2
avgbs_121552.1.41,Mrg01,57.2,0.1263737,57.2
avgbs_18732.1.26,Mrg01,57.2,0.782277441,57.2
avgbs_22292.1.58,Mrg01,57.2,0.572600421,57.2
avgbs_47533.1.46,Mrg01,57.2,0.775147929,57.2
avgbs_72729.1.15,Mrg01,57.2,0.283806971,57.2
avgbs_76528.1.34,Mrg01,57.2,0,57.2
avgbs_7933.1.9,Mrg01,57.2,0.575802497,57.2
avgbs_98893.1.27,Mrg01,57.2,0,57.2
avgbs_cluster_13919.1.36,Mrg01,57.2,0,57.2
avgbs_cluster_13919.1.7,Mrg01,57.2,0,57.2
avgbs_cluster_40715.1.22,Mrg01,57.2,0,57.2
avgbs_cluster_6467.1.57,Mrg01,57.2,0,57.2
avgbs_cluster_8420.1.41,Mrg01,57.2,0,57.2
avgbs_cluster_37703.1.12,Mrg01,58.1,0.207609404,58.1
avgbs_28165.1.13,Mrg01,59,0.100377308,59
avgbs_cluster_11810.1.32,Mrg01,60.8,0,60.8
avgbs_cluster_11810.1.59,Mrg01,60.8,0,60.8
avgbs_114277.1.43,Mrg01,64.8,0.782757083,64.8
avgbs_121555.1.58,Mrg01,64.8,0.009633819,64.8
avgbs_23070.1.20,Mrg01,64.8,0.188490426,64.8
avgbs_55182.1.20,Mrg01,64.8,0.319452256,64.8
avgbs_76785.1.54,Mrg01,64.8,0.201729446,64.8
avgbs_87498.1.14,Mrg01,64.8,0.367160078,64.8
avgbs_cluster_19106.1.50,Mrg01,64.8,0.164492213,64.8
avgbs_cluster_7163.1.18,Mrg01,64.8,0.517854711,64.8
avgbs_cluster_7163.1.47,Mrg01,64.8,0.517854711,64.8
avgbs_cluster_727.1.21,Mrg01,64.8,1.470211241,64.8
avgbs_cluster_727.1.31,Mrg01,64.8,1.470211241,64.8
avgbs_cluster_8581.1.9,Mrg01,64.8,0.502449217,64.8
avgbs_cluster_28022.1.37,Mrg01,66.7,0.590644703,66.7
avgbs_cluster_114.1.54,Mrg01,67.6,0.140988611,67.6
avgbs_28568.1.57,Mrg01,68.7,0.2536305,68.7
avgbs_cluster_6755.1.59,Mrg01,68.8,0.785929297,68.8
avgbs_cluster_4153.1.39,Mrg01,70.8,0.357568298,70.8
avgbs_cluster_7293.1.8,Mrg01,70.8,0.660703971,70.8
avgbs_cluster_26197.1.42,Mrg01,71.2,0.096959159,71.2
avgbs_cluster_26197.1.8,Mrg01,71.2,0.096959159,71.2
avgbs_106646.1.26,Mrg01,71.9,0.38500372,71.9
avgbs_cluster_6448.1.49,Mrg01,71.9,0,71.9
avgbs_cluster_1998.1.40,Mrg01,73.5,0.307382337,73.5
avgbs_cluster_1998.1.48,Mrg01,73.5,0.307382337,73.5
avgbs_cluster_5508.1.15,Mrg01,73.5,0,73.5
avgbs_cluster_36604.1.23,Mrg01,73.7,0.224784044,73.7
avgbs_cluster_39992.1.37,Mrg01,73.7,0.296708816,73.7
avgbs_cluster_39992.1.46,Mrg01,73.7,0.296708816,73.7
avgbs_cluster_39992.1.57,Mrg01,73.7,0.296708816,73.7
avgbs_119323.1.43,Mrg01,74.4,0.165435994,74.4
avgbs_15363.1.40,Mrg01,74.8,0,74.8
avgbs_56313.1.7,Mrg01,74.8,0.676361199,74.8
avgbs_cluster_5508.1.29,Mrg01,74.8,0.507203233,74.8
avgbs_126264.1.62,Mrg01,75.3,0.035186208,75.3
avgbs_122437.1.44,Mrg01,76.6,0.154190027,76.6
avgbs_99953.1.23,Mrg01,76.6,0.059540065,76.6
avgbs_cluster_12706.1.62,Mrg01,76.6,0.31273877,76.6
avgbs_cluster_4589.1.11,Mrg01,76.6,0,76.6
avgbs_cluster_4589.1.53,Mrg01,76.6,0,76.6
avgbs_46005.1.62,Mrg01,79.7,0.216668608,79.7
avgbs_cluster_35998.1.59,Mrg01,79.7,0.132287175,79.7
avgbs_cluster_35998.1.62,Mrg01,79.7,0.132287175,79.7
avgbs_cluster_35998.1.64,Mrg01,79.7,0.132287175,79.7
avgbs_106242.1.10,Mrg01,80.9,0.392330423,80.9
avgbs_cluster_40637.1.58,Mrg01,80.9,0,80.9
avgbs_cluster_40637.1.59,Mrg01,80.9,0,80.9
avgbs_cluster_5031.1.46,Mrg01,80.9,0.03768411,80.9
avgbs_cluster_5031.1.47,Mrg01,80.9,0.03768411,80.9
avgbs_cluster_10949.1.40,Mrg01,81.4,0.4498551,81.4
avgbs_cluster_10949.1.44,Mrg01,81.4,0.4498551,81.4
avgbs_cluster_23390.1.62,Mrg01,82.7,0.193502083,82.7
avgbs_118634.1.12,Mrg01,82.8,0.065698152,82.8
avgbs_10419.1.26,Mrg01,83.9,0.257561758,83.9
avgbs_110493.1.15,Mrg01,83.9,0.72201571,83.9
avgbs_110783.1.25,Mrg01,83.9,1.286892675,83.9
avgbs_17689.1.52,Mrg01,83.9,0.07880906,83.9
avgbs_18882.1.12,Mrg01,83.9,0.786234985,83.9
avgbs_21615.1.24,Mrg01,83.9,0.014141645,83.9
avgbs_34513.1.41,Mrg01,83.9,0.761922988,83.9
avgbs_8939.1.11,Mrg01,83.9,0.524581664,83.9
avgbs_cluster_13478.1.6,Mrg01,83.9,0.420954188,83.9
avgbs_cluster_29067.1.21,Mrg01,83.9,0.068093645,83.9
avgbs_cluster_29067.1.38,Mrg01,83.9,0.317515657,83.9
avgbs_cluster_40347.1.25,Mrg01,83.9,0.274949217,83.9
avgbs_cluster_40347.1.32,Mrg01,83.9,0.274949217,83.9
avgbs_cluster_40347.1.36,Mrg01,83.9,0.274949217,83.9
avgbs_cluster_49901.1.43,Mrg01,83.9,0.255599323,83.9
avgbs_cluster_49901.1.59,Mrg01,83.9,0.255599323,83.9
avgbs_cluster_6563.1.17,Mrg01,83.9,0.274949217,83.9
avgbs_cluster_6563.1.26,Mrg01,83.9,0.274949217,83.9
avgbs_22438.1.17,Mrg01,84.2,0.315229862,84.2
avgbs_cluster_43324.1.36,Mrg01,84.2,0.11364363,84.2
avgbs_cluster_22.1.59,Mrg01,84.4,0,84.4
avgbs_90768.1.37,Mrg01,85.7,0,85.7
avgbs_cluster_12706.2.50,Mrg01,86.3,0.708308531,86.3
avgbs_24340.1.26,Mrg01,87.4,0.048878054,87.4
avgbs_cluster_13464.1.52,Mrg01,87.4,0.574502626,87.4
avgbs_cluster_36292.1.51,Mrg01,87.4,0.167740152,87.4
avgbs_cluster_11679.1.46,Mrg01,89.8,0.284364097,89.8
avgbs_cluster_11679.1.9,Mrg01,89.8,0.284364097,89.8
avgbs_cluster_36113.1.24,Mrg01,90.4,0.334360079,90.4
avgbs_111870.1.38,Mrg01,92,0.037702921,92
avgbs_114773.1.47,Mrg01,92.3,0.338254303,92.3
avgbs_86506.1.9,Mrg01,92.5,0.241399379,92.5
avgbs_cluster_21012.1.31,Mrg01,92.6,0.543227747,92.6
avgbs_cluster_7493.1.44,Mrg01,93.5,0.32546527,93.5
avgbs_cluster_7765.1.34,Mrg01,94.5,0,94.5
avgbs_cluster_9941.1.34,Mrg01,94.6,0.034139246,94.6
avgbs_cluster_2163.1.39,Mrg01,98.8,0.162286753,98.8
avgbs_cluster_1329.1.15,Mrg01,101.7,0.073853524,101.7
avgbs_cluster_7663.1.25,Mrg01,101.7,0.074375938,101.7
avgbs_cluster_54.1.58,Mrg01,101.9,0.486434939,101.9
avgbs_124273.1.43,Mrg01,102.8,0.101977297,102.8
avgbs_cluster_13344.1.17,Mrg01,102.8,0.161827341,102.8
avgbs_cluster_9199.1.30,Mrg01,102.9,0.020445653,102.9
avgbs_10638.1.46,Mrg01,103.1,0.254112891,103.1
avgbs_cluster_32873.1.40,Mrg01,103.1,0,103.1
avgbs_cluster_32873.1.62,Mrg01,103.1,0,103.1
avgbs_cluster_37857.1.60,Mrg01,103.1,0.690326397,103.1
avgbs_cluster_37857.1.61,Mrg01,103.1,0.690326397,103.1
avgbs_cluster_37857.1.63,Mrg01,103.1,0.690326397,103.1
avgbs_119997.1.64,Mrg01,104,0.581812528,104
avgbs_101443.1.41,Mrg01,105.9,0.132401637,105.9
avgbs_115756.1.11,Mrg01,105.9,0.367886589,105.9
avgbs_12109.1.61,Mrg01,105.9,0.352693829,105.9
avgbs_122791.1.47,Mrg01,105.9,0.116487666,105.9
avgbs_201759.1.38,Mrg01,105.9,0.22955126,105.9
avgbs_cluster_15962.2.44,Mrg01,105.9,0.022168457,105.9
avgbs_cluster_17360.1.40,Mrg01,105.9,0.183558819,105.9
avgbs_cluster_21518.1.53,Mrg01,105.9,0.295833932,105.9
avgbs_55961.1.31,Mrg01,106.6,0.121566809,106.6
avgbs_cluster_18998.1.44,Mrg01,106.7,0.300296748,106.7
avgbs_cluster_396.1.30,Mrg01,107.5,0.148130444,107.5
avgbs_12044.1.35,Mrg01,108.2,0.284429677,108.2
avgbs_102627.1.16,Mrg01,108.4,0,108.4
avgbs_112938.1.46,Mrg01,108.4,0,108.4
avgbs_120017.1.28,Mrg01,108.4,0.044524987,108.4
avgbs_121475.1.18,Mrg01,108.4,0,108.4
avgbs_17824.1.12,Mrg01,108.4,0,108.4
avgbs_47877.1.10,Mrg01,108.4,0.773824427,108.4
avgbs_cluster_12571.1.32,Mrg01,108.4,0,108.4
avgbs_cluster_20681.1.16,Mrg01,108.4,0.098790646,108.4
avgbs_cluster_20681.1.38,Mrg01,108.4,0.098790646,108.4
avgbs_cluster_22293.1.61,Mrg01,108.4,0.638655837,108.4
avgbs_cluster_24860.1.22,Mrg01,108.4,0.744510973,108.4
avgbs_cluster_30025.1.63,Mrg01,108.4,0,108.4
avgbs_cluster_30142.1.64,Mrg01,108.4,0,108.4
avgbs_cluster_41102.1.44,Mrg01,108.4,0.405334362,108.4
avgbs_cluster_6197.1.28,Mrg01,108.4,0.628095789,108.4
avgbs_cluster_6677.1.31,Mrg01,108.4,0,108.4
avgbs_cluster_6677.1.6,Mrg01,108.4,0,108.4
avgbs_112401.1.40,Mrg01,109,0,109
avgbs_21345.1.6,Mrg01,109,0,109
avgbs_46496.1.44,Mrg01,109,0,109
avgbs_84800.1.26,Mrg01,109,1.163009425,109
avgbs_92926.1.22,Mrg01,109,0,109
avgbs_cluster_11599.1.23,Mrg01,109,0,109
avgbs_cluster_24084.1.22,Mrg01,109,0.008475544,109
avgbs_cluster_2422.1.62,Mrg01,109,0,109
avgbs_cluster_26079.1.41,Mrg01,109,0.231357548,109
avgbs_cluster_26218.1.51,Mrg01,109,0.06860063,109
avgbs_cluster_3267.1.14,Mrg01,109,0.561458798,109
avgbs_cluster_3267.1.46,Mrg01,109,0.561458798,109
avgbs_cluster_3715.1.43,Mrg01,109,0.162089978,109
avgbs_cluster_49047.1.10,Mrg01,109,0.487625056,109
avgbs_cluster_49047.1.31,Mrg01,109,0.487625056,109
avgbs_cluster_8123.1.11,Mrg01,109,0.519812309,109
avgbs_20927.1.22,Mrg01,109.7,0,109.7
avgbs_cluster_39230.1.39,Mrg01,110.2,1.482515904,110.2
avgbs_cluster_41618.1.54,Mrg01,110.2,0.109158548,110.2
avgbs_20309.1.17,Mrg01,110.4,0.112878296,110.4
avgbs_112390.1.46,Mrg01,110.8,0.007439124,110.8
avgbs_cluster_11587.1.58,Mrg01,110.8,0.177249771,110.8
avgbs_cluster_24837.1.34,Mrg01,110.8,0,110.8
avgbs_cluster_24837.1.41,Mrg01,110.8,0,110.8
avgbs_cluster_40964.1.25,Mrg01,110.8,0.400847843,110.8
avgbs_cluster_7158.1.40,Mrg01,110.8,0,110.8
avgbs_68395.1.37,Mrg01,111.7,0.084722662,111.7
avgbs_18591.1.52,Mrg01,111.8,0.088265066,111.8
avgbs_85912.1.24,Mrg01,112.7,0.225289666,112.7
avgbs_cluster_38223.1.17,Mrg01,112.7,0.048729546,112.7
avgbs_cluster_38223.1.61,Mrg01,112.7,0.048729546,112.7
avgbs_31024.1.7,Mrg01,113.9,0,113.9
avgbs_9374.1.16,Mrg01,114.4,0.350390058,114.4
avgbs_cluster_34835.1.28,Mrg01,114.4,0.541374468,114.4
avgbs_cluster_34835.1.58,Mrg01,114.4,0.541374468,114.4
avgbs_cluster_45709.1.12,Mrg01,114.4,0.387545996,114.4
avgbs_cluster_45709.1.15,Mrg01,114.4,0.387545996,114.4
avgbs_cluster_6513.1.48,Mrg01,114.4,0.471201687,114.4
avgbs_115256.1.32,Mrg01,114.5,0,114.5
avgbs_103601.1.46,Mrg01,117.4,0.530421424,117.4
avgbs_122845.1.63,Mrg01,117.4,0,117.4
avgbs_1233.1.45,Mrg01,117.4,0.402210009,117.4
avgbs_124274.1.57,Mrg01,117.4,0.322394603,117.4
avgbs_200815.1.28,Mrg01,117.4,0.997819159,117.4
avgbs_2095.1.40,Mrg01,117.4,0.860671636,117.4
avgbs_34400.1.20,Mrg01,117.4,0.363316699,117.4
avgbs_35281.1.31,Mrg01,117.4,0.399920239,117.4
avgbs_48075.1.47,Mrg01,117.4,6.53E-05,117.4
avgbs_73887.1.60,Mrg01,117.4,0.108100469,117.4
avgbs_86872.1.8,Mrg01,117.4,0.454606404,117.4
avgbs_89724.1.29,Mrg01,117.4,0.405073433,117.4
avgbs_cluster_11615.1.54,Mrg01,117.4,0,117.4
avgbs_cluster_16100.1.7,Mrg01,117.4,0.725793291,117.4
avgbs_cluster_16827.1.64,Mrg01,117.4,0.422308911,117.4
avgbs_cluster_33510.1.30,Mrg01,117.4,0.619015145,117.4
avgbs_cluster_33510.1.33,Mrg01,117.4,0.619015145,117.4
avgbs_cluster_33510.1.54,Mrg01,117.4,0.428704276,117.4
avgbs_cluster_39492.1.40,Mrg01,117.4,0.606930843,117.4
avgbs_cluster_39492.1.41,Mrg01,117.4,0.606930843,117.4
avgbs_13421.1.6,Mrg01,126.2,0.347751191,126.2
avgbs_cluster_34459.1.21,Mrg01,128.5,0.142547063,128.5
avgbs_cluster_34459.1.22,Mrg01,128.5,0.142547063,128.5
avgbs_25337.1.19,Mrg01,132.5,0.289895159,132.5
avgbs_cluster_27680.1.59,Mrg01,133.1,0.392745959,133.1
avgbs_108887.1.19,Mrg01,136.5,0.762996359,136.5
avgbs_cluster_43574.1.49,Mrg02,8.6,1.41020605,145.1
avgbs_cluster_39353.1.29,Mrg02,10.3,0.157108426,146.8
avgbs_123135.1.15,Mrg02,10.8,0.43978248,147.3
avgbs_cluster_25911.1.12,Mrg02,10.8,0.105644438,147.3
avgbs_cluster_30349.1.20,Mrg02,10.8,0.420468309,147.3
avgbs_cluster_30349.1.38,Mrg02,10.8,0.420468309,147.3
avgbs_cluster_36808.1.29,Mrg02,10.8,0.030803419,147.3
avgbs_cluster_36808.1.52,Mrg02,10.8,0.030803419,147.3
avgbs_49652.1.25,Mrg02,14.7,0.265192697,151.2
avgbs_cluster_40766.1.54,Mrg02,16.6,0.461348714,153.1
avgbs_cluster_1977.1.20,Mrg02,17,0.597629113,153.5
avgbs_cluster_1977.1.42,Mrg02,17,0.597629113,153.5
avgbs_cluster_1977.1.62,Mrg02,17,0.597629113,153.5
avgbs_20213.1.51,Mrg02,21.5,0.651911154,158
avgbs_39140.1.29,Mrg02,21.5,0.138281401,158
avgbs_121703.1.64,Mrg02,23.2,0.584747672,159.7
avgbs_42249.1.14,Mrg02,23.2,0,159.7
avgbs_76581.1.57,Mrg02,23.2,1.378043718,159.7
avgbs_85537.1.10,Mrg02,23.2,0.761383319,159.7
avgbs_cluster_19259.1.49,Mrg02,23.2,0.605010045,159.7
avgbs_cluster_25195.1.31,Mrg02,23.2,1.400821357,159.7
avgbs_cluster_2873.1.34,Mrg02,23.2,0.722076938,159.7
avgbs_cluster_30232.1.39,Mrg02,23.2,0,159.7
avgbs_cluster_30232.1.55,Mrg02,23.2,0.490557042,159.7
avgbs_cluster_3656.1.31,Mrg02,23.2,0.722076938,159.7
avgbs_cluster_36789.1.57,Mrg02,23.2,0.618219706,159.7
avgbs_cluster_40387.1.38,Mrg02,23.2,0,159.7
avgbs_cluster_4088.1.64,Mrg02,23.2,0.259549363,159.7
avgbs_6831.1.32,Mrg02,26.8,0,163.3
avgbs_9580.1.24,Mrg02,27.1,0.450963201,163.6
avgbs_cluster_23202.1.60,Mrg02,27.2,0.077009392,163.7
avgbs_cluster_50109.1.43,Mrg02,27.2,0.207527201,163.7
avgbs_cluster_50109.1.45,Mrg02,27.2,0.207527201,163.7
avgbs_6K_22030.1.8,Mrg02,27.4,0.413329632,163.9
avgbs_cluster_17730.1.21,Mrg02,27.4,0.25033738,163.9
avgbs_cluster_24611.1.41,Mrg02,29.2,0.212504008,165.7
avgbs_cluster_24611.1.8,Mrg02,29.2,0.212504008,165.7
avgbs_cluster_6720.1.37,Mrg02,30,0,166.5
avgbs_cluster_6720.1.64,Mrg02,30,0,166.5
avgbs_95303.1.18,Mrg02,33.6,0,170.1
avgbs_cluster_35230.1.57,Mrg02,33.7,0.00063561,170.2
avgbs_7548.1.60,Mrg02,34.1,0.439487768,170.6
avgbs_cluster_67454.2.12,Mrg02,34.1,0.280464515,170.6
avgbs_cluster_67454.2.48,Mrg02,34.1,0.280464515,170.6
avgbs_cluster_67454.2.6,Mrg02,34.1,0.280464515,170.6
avgbs_cluster_9426.1.11,Mrg02,34.1,0.284570662,170.6
avgbs_12792.1.31,Mrg02,42,0,178.5
avgbs_cluster_178.1.64,Mrg02,60.4,0.850503135,196.9
avgbs_101134.1.33,Mrg02,67.4,0,203.9
avgbs_21691.1.14,Mrg02,67.4,0.870748255,203.9
avgbs_4702.1.15,Mrg02,67.4,0.509647128,203.9
avgbs_cluster_30568.1.44,Mrg02,67.4,0.26998778,203.9
avgbs_cluster_34442.1.15,Mrg02,67.4,1.089275891,203.9
avgbs_cluster_34442.1.21,Mrg02,67.4,1.089275891,203.9
avgbs_cluster_34442.1.27,Mrg02,67.4,1.089275891,203.9
avgbs_22604.1.53,Mrg02,70.6,0,207.1
avgbs_cluster_15438.1.58,Mrg02,70.8,0.738699086,207.3
avgbs_7775.1.24,Mrg02,71.2,0,207.7
avgbs_cluster_21657.1.48,Mrg02,71.3,0.312290387,207.8
avgbs_30619.1.57,Mrg02,72.1,0.503708127,208.6
avgbs_44965.1.39,Mrg02,72.1,0,208.6
avgbs_52110.1.43,Mrg02,72.1,0,208.6
avgbs_72141.1.25,Mrg02,72.1,0.20953615,208.6
avgbs_cluster_35469.1.57,Mrg02,72.1,0.003200404,208.6
avgbs_cluster_8461.1.38,Mrg02,72.1,0,208.6
avgbs_125750.1.52,Mrg02,72.7,0,209.2
avgbs_cluster_26139.1.50,Mrg02,72.7,0.090630745,209.2
avgbs_110262.1.14,Mrg02,73.3,0.234949638,209.8
avgbs_61358.1.23,Mrg02,73.3,0,209.8
avgbs_78164.1.6,Mrg02,73.3,0.388509494,209.8
avgbs_91192.1.7,Mrg02,73.3,0.71540982,209.8
avgbs_cluster_14111.1.62,Mrg02,73.3,0.507592104,209.8
avgbs_cluster_36966.1.11,Mrg02,73.3,0.416826591,209.8
avgbs_cluster_36966.1.21,Mrg02,73.3,0.416826591,209.8
avgbs_cluster_39275.1.58,Mrg02,73.3,0.163824993,209.8
avgbs_61164.1.46,Mrg02,74.4,0,210.9
avgbs_cluster_2578.1.17,Mrg02,75.3,0,211.8
avgbs_cluster_26203.1.49,Mrg02,77,0,213.5
avgbs_83534.1.38,Mrg02,79.7,0.527675534,216.2
avgbs_116290.1.26,Mrg02,81.5,0.979003598,218
avgbs_13.1.41,Mrg02,81.5,0.399124555,218
avgbs_23340.1.27,Mrg02,81.5,1.474115436,218
avgbs_3139.1.20,Mrg02,81.8,0.13178043,218.3
avgbs_cluster_21657.1.20,Mrg02,82.4,0.198973354,218.9
avgbs_cluster_21657.1.38,Mrg02,82.4,0.198973354,218.9
avgbs_111687.1.16,Mrg02,85,0.33450204,221.5
avgbs_106841.1.50,Mrg02,85.2,0,221.7
avgbs_119941.1.12,Mrg02,85.2,0.025328828,221.7
avgbs_123238.1.57,Mrg02,85.2,0,221.7
avgbs_200099.1.60,Mrg02,85.2,0.263371884,221.7
avgbs_28468.1.48,Mrg02,85.2,0.628716797,221.7
avgbs_2899.1.13,Mrg02,85.2,0.026007201,221.7
avgbs_31854.1.60,Mrg02,85.2,0.781307479,221.7
avgbs_43836.1.8,Mrg02,85.2,0.621250424,221.7
avgbs_67562.1.37,Mrg02,85.2,0.700443589,221.7
avgbs_82826.1.19,Mrg02,85.2,0.238419186,221.7
avgbs_83414.1.11,Mrg02,85.2,0,221.7
avgbs_cluster_16227.1.36,Mrg02,85.2,0,221.7
avgbs_cluster_16392.1.40,Mrg02,85.2,1.089403247,221.7
avgbs_cluster_33550.1.43,Mrg02,85.2,0.654314383,221.7
avgbs_cluster_33550.1.60,Mrg02,85.2,0.654314383,221.7
avgbs_cluster_36585.1.56,Mrg02,85.2,0.728946707,221.7
avgbs_cluster_39191.1.57,Mrg02,85.2,0,221.7
avgbs_cluster_40668.1.46,Mrg02,85.4,0.623286598,221.9
avgbs_cluster_17536.1.11,Mrg02,87.1,0.472885469,223.6
avgbs_cluster_17536.1.20,Mrg02,87.1,0.472885469,223.6
avgbs_106371.1.16,Mrg02,87.3,0,223.8
avgbs_107070.1.27,Mrg02,87.3,0.187419534,223.8
avgbs_108975.1.35,Mrg02,87.3,0,223.8
avgbs_109193.1.21,Mrg02,87.3,0.334638267,223.8
avgbs_110306.1.10,Mrg02,87.3,0,223.8
avgbs_110624.1.41,Mrg02,87.3,0.253490673,223.8
avgbs_110942.1.25,Mrg02,87.3,0.314635112,223.8
avgbs_113050.1.12,Mrg02,87.3,1.176954263,223.8
avgbs_113824.1.61,Mrg02,87.3,0.260863518,223.8
avgbs_114976.1.16,Mrg02,87.3,0.373138117,223.8
avgbs_119157.1.24,Mrg02,87.3,0,223.8
avgbs_121737.1.40,Mrg02,87.3,0.237879047,223.8
avgbs_125483.1.23,Mrg02,87.3,0.254782682,223.8
avgbs_126197.1.44,Mrg02,87.3,0.755368917,223.8
avgbs_12678.1.18,Mrg02,87.3,0.634265783,223.8
avgbs_14546.1.6,Mrg02,87.3,0.397720761,223.8
avgbs_14619.1.49,Mrg02,87.3,0.526127755,223.8
avgbs_15657.1.35,Mrg02,87.3,0,223.8
avgbs_15921.1.22,Mrg02,87.3,0.330584075,223.8
avgbs_17595.1.20,Mrg02,87.3,0,223.8
avgbs_200722.1.60,Mrg02,87.3,0,223.8
avgbs_35440.1.17,Mrg02,87.3,0.291231476,223.8
avgbs_44280.1.50,Mrg02,87.3,0.493533938,223.8
avgbs_52812.1.8,Mrg02,87.3,0.373138117,223.8
avgbs_66529.1.8,Mrg02,87.3,0.494468802,223.8
avgbs_6709.1.53,Mrg02,87.3,0,223.8
avgbs_69265.1.22,Mrg02,87.3,0.494468802,223.8
avgbs_71654.1.48,Mrg02,87.3,0,223.8
avgbs_7483.1.44,Mrg02,87.3,0,223.8
avgbs_8018.1.39,Mrg02,87.3,1.035136058,223.8
avgbs_cluster_13727.1.47,Mrg02,87.3,0.499579038,223.8
avgbs_cluster_13781.1.49,Mrg02,87.3,0,223.8
avgbs_cluster_14129.1.20,Mrg02,87.3,0.373138117,223.8
avgbs_cluster_14129.1.25,Mrg02,87.3,0.373138117,223.8
avgbs_cluster_14423.1.10,Mrg02,87.3,0.060659888,223.8
avgbs_cluster_14444.1.20,Mrg02,87.3,0.125067213,223.8
avgbs_cluster_16139.1.31,Mrg02,87.3,0.038341861,223.8
avgbs_cluster_16139.1.36,Mrg02,87.3,0.038341861,223.8
avgbs_cluster_18767.1.28,Mrg02,87.3,0,223.8
avgbs_cluster_18767.1.6,Mrg02,87.3,0,223.8
avgbs_cluster_18767.1.9,Mrg02,87.3,0,223.8
avgbs_cluster_20556.1.43,Mrg02,87.3,0.424210013,223.8
avgbs_cluster_24696.1.20,Mrg02,87.3,0.01667919,223.8
avgbs_cluster_3498.1.6,Mrg02,87.3,0,223.8
avgbs_cluster_3562.1.12,Mrg02,87.3,0.208563927,223.8
avgbs_cluster_35739.1.38,Mrg02,87.3,0.438370191,223.8
avgbs_cluster_36167.1.43,Mrg02,87.3,0,223.8
avgbs_cluster_38415.1.59,Mrg02,87.3,0.695834443,223.8
avgbs_cluster_38415.1.60,Mrg02,87.3,0.695834443,223.8
avgbs_cluster_38415.1.61,Mrg02,87.3,0.695834443,223.8
avgbs_cluster_39112.1.49,Mrg02,87.3,0,223.8
avgbs_cluster_39410.1.13,Mrg02,87.3,0.652322754,223.8
avgbs_cluster_39410.1.52,Mrg02,87.3,0.652322754,223.8
avgbs_cluster_39447.1.32,Mrg02,87.3,0.500739306,223.8
avgbs_cluster_39447.1.33,Mrg02,87.3,0.500739306,223.8
avgbs_cluster_39648.1.35,Mrg02,87.3,0.531882264,223.8
avgbs_cluster_4026.1.55,Mrg02,87.3,0.178366433,223.8
avgbs_cluster_4026.1.63,Mrg02,87.3,0.019621862,223.8
avgbs_cluster_40421.1.40,Mrg02,87.3,0,223.8
avgbs_cluster_466.1.62,Mrg02,87.3,0.212867247,223.8
avgbs_cluster_466.1.63,Mrg02,87.3,0.212867247,223.8
avgbs_cluster_4792.1.57,Mrg02,87.3,0.449737785,223.8
avgbs_cluster_5029.1.52,Mrg02,87.3,0.188897048,223.8
avgbs_cluster_60301.1.38,Mrg02,87.3,0.465907383,223.8
avgbs_cluster_60301.1.56,Mrg02,87.3,0.465907383,223.8
avgbs_cluster_8037.1.50,Mrg02,87.3,0.675736697,223.8
avgbs_cluster_9866.1.31,Mrg02,87.3,0.373138117,223.8
avgbs_cluster_12321.1.62,Mrg02,87.4,0.114602072,223.9
avgbs_cluster_30405.1.63,Mrg02,87.4,0,223.9
avgbs_122056.1.8,Mrg02,87.6,0,224.1
avgbs_17997.1.61,Mrg02,88.7,0.032119358,225.2
avgbs_cluster_9292.1.49,Mrg02,88.7,0.647556909,225.2
avgbs_cluster_11371.1.45,Mrg02,107.5,0.308102938,244
avgbs_111921.1.24,Mrg02,118.5,0,255
avgbs_cluster_27416.1.19,Mrg03,3.3,0,258.3
avgbs_cluster_35107.1.17,Mrg03,3.3,0.210522538,258.3
avgbs_121531.1.25,Mrg03,3.5,0.54097279,258.5
avgbs_200574.1.31,Mrg03,4.9,0,259.9
avgbs_cluster_9143.1.9,Mrg03,6.3,0.315210651,261.3
avgbs_cluster_8007.1.17,Mrg03,6.4,0.341790152,261.4
avgbs_6887.1.43,Mrg03,6.5,0.179946349,261.5
avgbs_cluster_4907.1.64,Mrg03,6.8,0.045712233,261.8
avgbs_120080.1.42,Mrg03,7.7,0.454546718,262.7
avgbs_108395.1.49,Mrg03,9,0.02689979,264
avgbs_120404.1.21,Mrg03,9,0.852497693,264
avgbs_126133.1.36,Mrg03,9,0,264
avgbs_cluster_28385.1.15,Mrg03,9,0.184427892,264
avgbs_cluster_28385.1.26,Mrg03,9,0.184427892,264
avgbs_cluster_38496.1.33,Mrg03,9,0.580836546,264
avgbs_cluster_38496.1.56,Mrg03,9,0.580836546,264
avgbs_cluster_9143.1.15,Mrg03,9.7,0,264.7
avgbs_cluster_11141.1.35,Mrg03,9.8,0.328923573,264.8
avgbs_cluster_11141.1.7,Mrg03,9.8,0.328923573,264.8
avgbs_29809.1.46,Mrg03,11.9,0.563986764,266.9
avgbs_6K_7563.1.11,Mrg03,11.9,0.124964333,266.9
avgbs_cluster_4878.1.32,Mrg03,11.9,0,266.9
avgbs_20706.1.11,Mrg03,14.7,0.35606138,269.7
avgbs_37412.1.7,Mrg03,14.7,1.813570727,269.7
avgbs_cluster_26538.1.63,Mrg03,14.7,0.117970542,269.7
avgbs_cluster_33624.1.44,Mrg03,14.7,0.117070249,269.7
avgbs_cluster_7055.1.23,Mrg03,16.3,0.338390477,271.3
avgbs_110647.1.50,Mrg03,18.6,0.448899624,273.6
avgbs_123856.1.42,Mrg03,18.6,0.215549374,273.6
avgbs_26711.1.43,Mrg03,18.6,0.219799757,273.6
avgbs_cluster_28465.1.12,Mrg03,18.6,0.238364721,273.6
avgbs_81972.1.53,Mrg03,19.3,0,274.3
avgbs_cluster_10602.1.20,Mrg03,19.5,0,274.5
avgbs_cluster_34301.1.53,Mrg03,19.5,0,274.5
avgbs_46607.1.37,Mrg03,20,0.607507543,275
avgbs_50948.1.23,Mrg03,20,0.106788859,275
avgbs_cluster_25711.1.48,Mrg03,20,0.241589304,275
avgbs_cluster_4852.1.47,Mrg03,20,0,275
avgbs_11074.1.43,Mrg03,20.3,0.719172344,275.3
avgbs_cluster_4229.1.58,Mrg03,20.3,0,275.3
avgbs_109777.1.13,Mrg03,25,0.356600115,280
avgbs_15480.1.35,Mrg03,25,0,280
avgbs_85939.1.37,Mrg03,25,0.102650355,280
avgbs_cluster_1221.1.28,Mrg03,25,0.023540746,280
avgbs_cluster_1221.1.42,Mrg03,25,0.036843838,280
avgbs_cluster_23900.1.14,Mrg03,25,0.000110009,280
avgbs_cluster_23900.1.15,Mrg03,25,0.000110009,280
avgbs_cluster_24002.1.25,Mrg03,25,0.175072362,280
avgbs_cluster_26060.1.46,Mrg03,25,0.638257512,280
avgbs_cluster_26060.1.47,Mrg03,25,0.638257512,280
avgbs_cluster_26060.1.48,Mrg03,25,0.638257512,280
avgbs_cluster_5443.1.20,Mrg03,25,0.05653947,280
avgbs_cluster_5443.1.55,Mrg03,25,0.022325372,280
avgbs_cluster_831.1.23,Mrg03,25,0,280
avgbs_cluster_831.1.34,Mrg03,25,0,280
avgbs_cluster_831.1.38,Mrg03,25,0,280
avgbs_cluster_8713.1.18,Mrg03,25,0.015771805,280
avgbs_cluster_8713.1.38,Mrg03,25,0.015771805,280
avgbs_cluster_8713.1.6,Mrg03,25,0.015771805,280
avgbs_cluster_9427.1.26,Mrg03,25,0.523272583,280
avgbs_cluster_9427.1.38,Mrg03,25,0.523272583,280
avgbs_cluster_9427.1.8,Mrg03,25,0.523272583,280
avgbs_cluster_9692.1.53,Mrg03,25,0.129875017,280
avgbs_cluster_33704.1.29,Mrg03,25.3,0,280.3
avgbs_cluster_33704.1.41,Mrg03,25.3,0,280.3
avgbs_107394.1.14,Mrg03,25.4,0.005780026,280.4
avgbs_109455.1.38,Mrg03,25.4,0.029033159,280.4
avgbs_122911.1.17,Mrg03,25.4,0.070489724,280.4
avgbs_6K_74019.1.8,Mrg03,25.4,0.00460996,280.4
avgbs_80981.1.44,Mrg03,25.4,0.050311086,280.4
avgbs_90532.1.45,Mrg03,25.4,0.028447156,280.4
avgbs_cluster_16838.1.14,Mrg03,25.4,0.048791021,280.4
avgbs_cluster_16838.1.39,Mrg03,25.4,0.048791021,280.4
avgbs_cluster_19837.1.27,Mrg03,25.4,0.102861843,280.4
avgbs_cluster_19837.1.39,Mrg03,25.4,0.052709164,280.4
avgbs_cluster_29550.1.40,Mrg03,25.4,0.042433449,280.4
avgbs_cluster_33704.1.50,Mrg03,25.4,0.230611302,280.4
avgbs_cluster_34301.1.12,Mrg03,25.4,1.227277988,280.4
avgbs_cluster_34301.1.29,Mrg03,25.4,1.227277988,280.4
avgbs_cluster_37659.1.43,Mrg03,25.4,0.024975031,280.4
avgbs_cluster_37659.1.51,Mrg03,25.4,0.024975031,280.4
avgbs_75747.1.38,Mrg03,27.7,0,282.7
avgbs_31798.1.56,Mrg03,27.8,0.204256135,282.8
avgbs_cluster_336.1.13,Mrg03,28.5,0.317459183,283.5
avgbs_cluster_336.1.50,Mrg03,28.5,0.317459183,283.5
avgbs_cluster_27035.1.10,Mrg03,28.8,0.055465222,283.8
avgbs_cluster_5870.1.25,Mrg03,28.8,0,283.8
avgbs_cluster_18355.1.11,Mrg03,35.4,0.124896042,290.4
avgbs_cluster_18355.1.50,Mrg03,35.4,0.124896042,290.4
avgbs_20647.1.48,Mrg03,36.2,0.125677822,291.2
avgbs_120996.1.37,Mrg03,36.4,0.063050058,291.4
avgbs_10012.1.33,Mrg03,37.1,0.080112998,292.1
avgbs_110504.1.31,Mrg03,37.1,0,292.1
avgbs_122179.1.41,Mrg03,37.1,0.290115574,292.1
avgbs_124109.1.18,Mrg03,37.1,0.124299801,292.1
avgbs_124388.1.63,Mrg03,37.1,0,292.1
avgbs_124474.1.18,Mrg03,37.1,0.058335207,292.1
avgbs_21236.1.29,Mrg03,37.1,0.116559671,292.1
avgbs_38973.1.21,Mrg03,37.1,0,292.1
avgbs_41413.1.12,Mrg03,37.1,0,292.1
avgbs_45965.1.57,Mrg03,37.1,0.534869073,292.1
avgbs_462.1.52,Mrg03,37.1,0.017657228,292.1
avgbs_5441.1.58,Mrg03,37.1,0.02946691,292.1
avgbs_665.1.36,Mrg03,37.1,0.102668619,292.1
avgbs_82845.1.42,Mrg03,37.1,0.493339674,292.1
avgbs_86730.1.50,Mrg03,37.1,0.128329182,292.1
avgbs_cluster_27663.1.24,Mrg03,37.1,0.08159704,292.1
avgbs_cluster_27663.1.38,Mrg03,37.1,0.08159704,292.1
avgbs_cluster_27663.1.41,Mrg03,37.1,0.08159704,292.1
avgbs_cluster_40490.1.63,Mrg03,37.1,0.007414591,292.1
avgbs_123579.1.33,Mrg03,40.3,0,295.3
avgbs_200368.1.55,Mrg03,40.3,0.77311556,295.3
avgbs_20115.1.31,Mrg03,40.3,0,295.3
avgbs_cluster_19837.1.19,Mrg03,40.3,0.004796775,295.3
avgbs_cluster_39571.1.25,Mrg03,40.3,0,295.3
avgbs_cluster_39571.1.56,Mrg03,40.3,0,295.3
avgbs_cluster_4841.1.50,Mrg03,40.3,0.336145622,295.3
avgbs_cluster_5056.1.37,Mrg03,40.3,0.388689081,295.3
avgbs_cluster_5056.1.8,Mrg03,40.3,0.388689081,295.3
avgbs_110939.1.48,Mrg03,40.7,0.44330729,295.7
avgbs_205722.1.53,Mrg03,40.7,0,295.7
avgbs_cluster_25945.1.35,Mrg03,40.8,0,295.8
avgbs_cluster_25945.1.58,Mrg03,40.8,0,295.8
avgbs_cluster_40667.1.46,Mrg03,40.9,0,295.9
avgbs_200729.1.20,Mrg03,42.7,1.283210732,297.7
avgbs_cluster_37233.1.29,Mrg03,42.7,0,297.7
avgbs_cluster_37233.1.34,Mrg03,42.7,0,297.7
avgbs_cluster_37233.1.43,Mrg03,42.7,0,297.7
avgbs_cluster_39107.1.55,Mrg03,42.7,1.686437013,297.7
avgbs_cluster_33883.1.12,Mrg03,44.2,0.021971445,299.2
avgbs_32922.1.51,Mrg03,44.5,0.039297372,299.5
avgbs_cluster_40525.1.54,Mrg03,44.5,0.191721751,299.5
avgbs_cluster_40525.1.61,Mrg03,44.5,0.191721751,299.5
avgbs_118082.1.26,Mrg03,44.6,0.116833775,299.6
avgbs_15388.1.33,Mrg03,44.6,0.381378699,299.6
avgbs_6121.1.27,Mrg03,44.6,0.343247093,299.6
avgbs_cluster_4299.1.43,Mrg03,44.6,0.252833425,299.6
avgbs_cluster_4299.1.46,Mrg03,44.6,0.252833425,299.6
avgbs_120947.1.55,Mrg03,45,0.030096409,300
avgbs_cluster_1714.1.63,Mrg03,45.1,0.444052742,300.1
avgbs_cluster_1714.1.9,Mrg03,45.1,0.444052742,300.1
avgbs_14475.1.30,Mrg03,45.5,0.077760914,300.5
avgbs_123845.1.40,Mrg03,45.7,0.001872955,300.7
avgbs_cluster_10545.1.64,Mrg03,45.7,0.012240887,300.7
avgbs_cluster_3914.1.8,Mrg03,45.7,0.002575368,300.7
avgbs_116834.1.53,Mrg03,46.3,2.282062531,301.3
avgbs_1442.1.27,Mrg03,46.3,0,301.3
avgbs_99390.1.48,Mrg03,46.3,0.270488376,301.3
avgbs_cluster_24654.1.50,Mrg03,46.3,0.243654748,301.3
avgbs_cluster_538.1.44,Mrg03,46.3,0.315020851,301.3
avgbs_cluster_7714.1.6,Mrg03,46.3,0.861536121,301.3
avgbs_117254.1.22,Mrg03,47.7,0.006486697,302.7
avgbs_18554.1.38,Mrg03,47.7,0,302.7
avgbs_22030.1.30,Mrg03,47.7,0,302.7
avgbs_cluster_5693.1.54,Mrg03,47.7,0.077760914,302.7
avgbs_cluster_139.1.53,Mrg03,48.1,0.216126136,303.1
avgbs_cluster_32518.1.63,Mrg03,48.1,0.959484556,303.1
avgbs_cluster_32518.1.64,Mrg03,48.1,0.959484556,303.1
avgbs_cluster_36780.1.18,Mrg03,48.1,0.053184538,303.1
avgbs_111545.1.55,Mrg03,50.1,0.913928768,305.1
avgbs_115135.1.9,Mrg03,50.5,0.558836302,305.5
avgbs_117800.1.59,Mrg03,50.5,0.640917048,305.5
avgbs_cluster_4367.1.15,Mrg03,50.5,0.796506206,305.5
avgbs_102016.1.10,Mrg03,50.9,0.775390814,305.9
avgbs_9486.1.40,Mrg03,51.5,0.964687841,306.5
avgbs_cluster_35519.1.12,Mrg03,51.5,1.196145909,306.5
avgbs_cluster_35519.1.51,Mrg03,51.5,1.196145909,306.5
avgbs_cluster_35519.1.64,Mrg03,51.5,1.196145909,306.5
avgbs_77377.1.33,Mrg03,53.4,0.104683229,308.4
avgbs_cluster_40179.1.54,Mrg03,53.4,0,308.4
avgbs_112972.1.28,Mrg03,53.9,0.132074844,308.9
avgbs_116254.1.62,Mrg03,53.9,0.789473222,308.9
avgbs_117003.1.17,Mrg03,53.9,1.333522143,308.9
avgbs_35645.1.26,Mrg03,53.9,1.50089735,308.9
avgbs_54503.1.8,Mrg03,53.9,1.551048343,308.9
avgbs_6277.1.48,Mrg03,53.9,1.143104223,308.9
avgbs_62784.1.46,Mrg03,53.9,0.568914307,308.9
avgbs_cluster_28765.1.55,Mrg03,53.9,0.688956089,308.9
avgbs_cluster_36103.1.56,Mrg03,53.9,2.677860456,308.9
avgbs_cluster_36103.1.58,Mrg03,53.9,2.677860456,308.9
avgbs_59950.1.35,Mrg03,55.5,0,310.5
avgbs_cluster_38112.1.47,Mrg03,55.8,0.044512295,310.8
avgbs_cluster_15186.1.27,Mrg03,56,0.137994156,311
avgbs_6K_86251.1.13,Mrg03,56.1,0.344103039,311.1
avgbs_cluster_2397.1.17,Mrg03,56.2,0.302051524,311.2
avgbs_cluster_2397.1.48,Mrg03,56.2,0.302051524,311.2
avgbs_cluster_27103.1.44,Mrg03,56.2,0.552646783,311.2
avgbs_cluster_6674.1.20,Mrg03,56.2,0.49847877,311.2
avgbs_cluster_743.1.60,Mrg03,56.3,0.041441519,311.3
avgbs_cluster_39519.1.38,Mrg03,56.4,0.52977084,311.4
avgbs_cluster_743.1.10,Mrg03,56.4,0.273146622,311.4
avgbs_214029.1.56,Mrg03,56.9,1.173783239,311.9
avgbs_84974.1.19,Mrg03,56.9,1.158867543,311.9
avgbs_cluster_3251.1.23,Mrg03,56.9,1.097556956,311.9
avgbs_cluster_35284.1.20,Mrg03,56.9,0.357163123,311.9
avgbs_cluster_10198.1.38,Mrg03,58.3,0.144052022,313.3
avgbs_cluster_10198.1.51,Mrg03,58.3,0.144052022,313.3
avgbs_cluster_6674.1.19,Mrg03,58.3,0.003160679,313.3
avgbs_cluster_35284.1.24,Mrg03,58.4,0.042872265,313.4
avgbs_cluster_40619.1.50,Mrg03,61.8,0.518868747,316.8
avgbs_459.1.39,Mrg03,62.4,0.245845959,317.4
avgbs_116510.1.34,Mrg03,62.7,0.097142233,317.7
avgbs_200893.1.61,Mrg03,62.7,0.044838592,317.7
avgbs_cluster_13852.1.49,Mrg03,62.7,0.032519728,317.7
avgbs_58322.1.23,Mrg03,63,0.741798138,318
avgbs_cluster_1181.1.7,Mrg03,63.5,0.646851271,318.5
avgbs_114294.1.13,Mrg03,63.6,0.668829467,318.6
avgbs_69754.1.31,Mrg03,63.6,0.087041762,318.6
avgbs_cluster_26251.1.32,Mrg03,63.6,0.13590623,318.6
avgbs_30996.1.44,Mrg03,63.8,0.127637612,318.8
avgbs_cluster_9272.1.35,Mrg03,63.8,0,318.8
avgbs_cluster_9272.1.44,Mrg03,63.8,0,318.8
avgbs_cluster_16396.1.42,Mrg03,63.9,0.707754628,318.9
avgbs_cluster_16396.1.47,Mrg03,63.9,0.707754628,318.9
avgbs_97069.1.7,Mrg03,64.3,0.209802176,319.3
avgbs_107597.1.31,Mrg03,65,0.034523115,320
avgbs_117009.1.56,Mrg03,65,0.158662575,320
avgbs_66362.1.25,Mrg03,65,0.302394179,320
avgbs_8134.1.18,Mrg03,65,0.510370557,320
avgbs_8155.1.56,Mrg03,65,0.193726843,320
avgbs_cluster_13012.1.24,Mrg03,65,0.076334617,320
avgbs_cluster_13012.1.38,Mrg03,65,0.076334617,320
avgbs_cluster_13012.1.53,Mrg03,65,0.076334617,320
avgbs_cluster_18290.1.16,Mrg03,65,0.002254851,320
avgbs_cluster_22271.1.17,Mrg03,65,0.079812296,320
avgbs_cluster_22271.1.35,Mrg03,65,0.277025559,320
avgbs_cluster_27899.1.60,Mrg03,65,0.195997819,320
avgbs_cluster_27899.1.63,Mrg03,65,0.195997819,320
avgbs_cluster_962.1.6,Mrg03,65,0.716070392,320
avgbs_cluster_35023.1.52,Mrg03,68.1,0.03466252,323.1
avgbs_cluster_3637.1.37,Mrg03,68.7,0.406180765,323.7
avgbs_21354.1.62,Mrg03,68.8,0.306632873,323.8
avgbs_200573.1.52,Mrg03,70.1,0.054493487,325.1
avgbs_77487.1.18,Mrg03,70.1,0.337848983,325.1
avgbs_cluster_19559.1.40,Mrg03,70.1,0,325.1
avgbs_99999.1.55,Mrg03,71.5,0,326.5
avgbs_124680.1.35,Mrg03,72.7,0.473503491,327.7
avgbs_cluster_37542.1.7,Mrg03,72.7,1.4484475,327.7
avgbs_118589.1.26,Mrg03,73.1,0.338073993,328.1
avgbs_121073.1.10,Mrg03,73.1,0,328.1
avgbs_124047.1.25,Mrg03,73.1,0,328.1
avgbs_13835.1.20,Mrg03,73.1,0,328.1
avgbs_20900.1.58,Mrg03,73.1,0,328.1
avgbs_2269.1.6,Mrg03,73.1,0,328.1
avgbs_57321.1.54,Mrg03,73.1,0.113885541,328.1
avgbs_87768.1.52,Mrg03,73.1,0,328.1
avgbs_cluster_1553.1.25,Mrg03,73.1,0.229308771,328.1
avgbs_cluster_18266.1.12,Mrg03,73.1,0,328.1
avgbs_cluster_32785.1.50,Mrg03,73.1,1.081675116,328.1
avgbs_cluster_3324.1.14,Mrg03,73.1,0.009562814,328.1
avgbs_cluster_3324.1.60,Mrg03,73.1,0.009562814,328.1
avgbs_13009.1.64,Mrg03,73.6,0,328.6
avgbs_52714.1.20,Mrg03,73.8,0.381682087,328.8
avgbs_21346.1.21,Mrg03,75.4,1.000338238,330.4
avgbs_116683.1.36,Mrg03,75.8,0.892734849,330.8
avgbs_119403.1.57,Mrg03,75.8,0.299644002,330.8
avgbs_123688.1.20,Mrg03,75.8,0.915768904,330.8
avgbs_14059.1.34,Mrg03,75.8,0.50289242,330.8
avgbs_21789.1.16,Mrg03,75.8,0.060653763,330.8
avgbs_57030.1.13,Mrg03,75.8,0,330.8
avgbs_67543.1.25,Mrg03,75.8,0.177078103,330.8
avgbs_80745.1.29,Mrg03,75.8,0,330.8
avgbs_89539.1.16,Mrg03,75.8,0.229503953,330.8
avgbs_93350.1.45,Mrg03,75.8,0.198774881,330.8
avgbs_cluster_31716.1.30,Mrg03,75.8,0.019596374,330.8
avgbs_cluster_31716.1.41,Mrg03,75.8,0.081548945,330.8
avgbs_cluster_31716.1.61,Mrg03,75.8,0.081548945,330.8
avgbs_cluster_4096.1.21,Mrg03,75.8,0.146179607,330.8
avgbs_11077.1.9,Mrg03,77.8,1.097171808,332.8
avgbs_221314.1.48,Mrg03,77.8,0,332.8
avgbs_80792.1.36,Mrg03,77.8,0.304054619,332.8
avgbs_84568.1.18,Mrg03,77.8,0,332.8
avgbs_86092.1.54,Mrg03,77.8,0.883077379,332.8
avgbs_96111.1.48,Mrg03,77.8,0,332.8
avgbs_cluster_26010.1.55,Mrg03,77.8,0.257095061,332.8
avgbs_cluster_934.1.19,Mrg03,77.8,0.919352347,332.8
avgbs_124331.1.16,Mrg03,80.2,0,335.2
avgbs_114170.1.11,Mrg03,80.3,0,335.3
avgbs_20129.1.6,Mrg03,80.3,0,335.3
avgbs_26010.1.57,Mrg03,80.3,0.423209031,335.3
avgbs_38923.1.64,Mrg03,80.3,0.722076938,335.3
avgbs_6K_102362.1.11,Mrg03,80.3,0.536457696,335.3
avgbs_85023.1.7,Mrg03,80.3,0.124237144,335.3
avgbs_87467.1.16,Mrg03,80.3,1.4484475,335.3
avgbs_cluster_16285.1.45,Mrg03,80.3,0.448010538,335.3
avgbs_cluster_28673.1.59,Mrg03,80.3,0.318628622,335.3
avgbs_cluster_35980.1.55,Mrg03,80.3,0.74816754,335.3
avgbs_cluster_34464.1.20,Mrg03,81.5,0,336.5
avgbs_111455.1.48,Mrg03,82.8,0.540742362,337.8
avgbs_48423.1.64,Mrg03,82.8,0,337.8
avgbs_61658.1.34,Mrg03,82.8,0.276175247,337.8
avgbs_cluster_1084.1.25,Mrg03,82.8,0.232789947,337.8
avgbs_cluster_1084.1.26,Mrg03,82.8,0.232789947,337.8
avgbs_cluster_10863.1.21,Mrg03,82.8,0.189074629,337.8
avgbs_cluster_11942.1.63,Mrg03,82.8,0.75205832,337.8
avgbs_cluster_27057.1.21,Mrg03,82.8,0.558946175,337.8
avgbs_cluster_36998.1.39,Mrg03,82.8,0.34569446,337.8
avgbs_cluster_36998.1.40,Mrg03,82.8,0.34569446,337.8
avgbs_cluster_5304.1.25,Mrg03,82.8,0,337.8
avgbs_cluster_5753.1.39,Mrg03,82.8,0.329304277,337.8
avgbs_cluster_5753.1.44,Mrg03,82.8,0.329304277,337.8
avgbs_19217.1.47,Mrg03,83.8,0,338.8
avgbs_38416.1.10,Mrg03,83.8,0,338.8
avgbs_4760.1.55,Mrg03,83.8,0.660117709,338.8
avgbs_51309.1.23,Mrg03,83.8,0.567806025,338.8
avgbs_6K_30360.1.61,Mrg03,83.8,1.422514666,338.8
avgbs_6K_73993.1.52,Mrg03,83.8,0.221829909,338.8
avgbs_7655.1.24,Mrg03,83.8,0,338.8
avgbs_cluster_8579.1.21,Mrg03,83.8,0,338.8
avgbs_cluster_21417.1.20,Mrg03,90.5,0,345.5
avgbs_15527.1.6,Mrg03,91.1,0,346.1
avgbs_94565.1.32,Mrg03,91.8,0.075347967,346.8
avgbs_cluster_17374.1.53,Mrg03,91.8,0,346.8
avgbs_cluster_31711.1.59,Mrg03,91.8,1.646937611,346.8
avgbs_cluster_5740.1.60,Mrg03,91.8,0.318520852,346.8
avgbs_107340.1.38,Mrg03,101.6,0.147578749,356.6
avgbs_15185.1.51,Mrg03,101.6,0.001504068,356.6
avgbs_15499.1.33,Mrg03,101.6,0.371274646,356.6
avgbs_cluster_11695.1.10,Mrg03,101.6,0.342998057,356.6
avgbs_cluster_2402.1.22,Mrg03,101.6,0,356.6
avgbs_cluster_2402.1.41,Mrg03,101.6,0,356.6
avgbs_cluster_36278.1.24,Mrg03,101.6,0.009017216,356.6
avgbs_117382.1.30,Mrg03,103.3,0.077031179,358.3
avgbs_17503.1.62,Mrg03,103.3,0,358.3
avgbs_60871.1.34,Mrg03,103.3,0.547108206,358.3
avgbs_cluster_11.1.10,Mrg03,103.3,0.038495398,358.3
avgbs_11205.1.29,Mrg03,104.3,0.411425777,359.3
avgbs_43170.1.18,Mrg03,109.8,0,364.8
avgbs_64980.1.54,Mrg03,109.8,0.287513304,364.8
avgbs_cluster_32230.1.12,Mrg03,109.8,0,364.8
avgbs_cluster_32230.1.16,Mrg03,109.8,0,364.8
avgbs_38796.1.30,Mrg03,112.3,0.251285697,367.3
avgbs_cluster_1084.1.58,Mrg03,114.2,0.640255593,369.2
avgbs_115789.1.23,Mrg03,120.1,0,375.1
avgbs_cluster_19385.1.41,Mrg03,120.4,0.136276103,375.4
avgbs_19491.1.63,Mrg03,122.9,0,377.9
avgbs_cluster_17435.1.25,Mrg03,123.5,0.181938806,378.5
avgbs_111522.1.58,Mrg03,124.3,0.438141387,379.3
avgbs_98908.1.31,Mrg03,125,0.153051334,380
avgbs_110277.1.7,Mrg03,128.6,0.325990386,383.6
avgbs_123123.1.28,Mrg03,128.6,0.216301508,383.6
avgbs_cluster_35718.1.16,Mrg03,128.6,0,383.6
avgbs_cluster_35718.1.40,Mrg03,128.6,0,383.6
avgbs_46839.1.60,Mrg03,129.2,0.767816577,384.2
avgbs_107847.1.31,Mrg03,129.9,0.04684569,384.9
avgbs_113023.1.58,Mrg03,129.9,0.138142245,384.9
avgbs_35313.1.40,Mrg03,129.9,0,384.9
avgbs_63439.1.17,Mrg03,129.9,0.378726725,384.9
avgbs_68557.1.46,Mrg03,129.9,0.484013665,384.9
avgbs_cluster_2367.1.16,Mrg03,129.9,0.455985892,384.9
avgbs_cluster_2367.1.30,Mrg03,129.9,0.455985892,384.9
avgbs_cluster_4167.1.6,Mrg03,129.9,0.390680626,384.9
avgbs_cluster_28230.1.24,Mrg03,134.2,0,389.2
avgbs_cluster_28230.1.33,Mrg03,134.2,0,389.2
avgbs_37253.1.40,Mrg03,137.7,0.234593831,392.7
avgbs_cluster_15971.1.28,Mrg03,162,0,417
avgbs_cluster_43025.1.51,Mrg04,3.1,0.262091636,420.1
avgbs_82133.1.8,Mrg04,4.9,0.607903067,421.9
avgbs_cluster_22014.1.39,Mrg04,10.1,0.363149586,427.1
avgbs_cluster_22014.1.50,Mrg04,10.1,0.363149586,427.1
avgbs_cluster_22014.1.60,Mrg04,10.1,0.363149586,427.1
avgbs_cluster_22014.1.63,Mrg04,10.1,0.56226448,427.1
avgbs_cluster_27878.1.10,Mrg04,16.2,0.338732665,433.2
avgbs_cluster_30892.1.32,Mrg04,16.2,0.291579164,433.2
avgbs_117863.1.31,Mrg04,17.5,0.122864279,434.5
avgbs_cluster_1173.1.62,Mrg04,17.5,0.188794781,434.5
avgbs_cluster_1173.1.64,Mrg04,17.5,0.188794781,434.5
avgbs_77024.1.36,Mrg04,17.6,0,434.6
avgbs_84004.1.43,Mrg04,17.6,0.527677458,434.6
avgbs_cluster_23423.1.46,Mrg04,17.6,0,434.6
avgbs_cluster_26544.1.63,Mrg04,17.6,0,434.6
avgbs_cluster_36969.1.31,Mrg04,20.2,0.002385438,437.2
avgbs_cluster_37734.1.19,Mrg04,20.2,0.391667133,437.2
avgbs_cluster_37734.1.50,Mrg04,20.2,0.478344005,437.2
avgbs_cluster_1205.2.17,Mrg04,20.9,0.247527449,437.9
avgbs_cluster_40504.1.32,Mrg04,20.9,0,437.9
avgbs_cluster_36528.1.54,Mrg04,23.8,0.456400558,440.8
avgbs_cluster_9110.1.30,Mrg04,23.8,0,440.8
avgbs_cluster_9110.1.45,Mrg04,23.8,0,440.8
avgbs_cluster_103.1.57,Mrg04,24.6,0.33727889,441.6
avgbs_cluster_35540.1.9,Mrg04,24.6,0,441.6
avgbs_120378.1.14,Mrg04,29.7,0.629490157,446.7
avgbs_209243.1.25,Mrg04,29.7,0.025000532,446.7
avgbs_99988.1.8,Mrg04,29.7,0.011852095,446.7
avgbs_10627.1.18,Mrg04,32.7,0.165603078,449.7
avgbs_cluster_30050.1.10,Mrg04,32.7,0.741769431,449.7
avgbs_cluster_30050.1.28,Mrg04,32.7,0.741769431,449.7
avgbs_cluster_30050.1.57,Mrg04,32.7,0.805838841,449.7
avgbs_cluster_4560.1.63,Mrg04,32.7,0.164174945,449.7
avgbs_cluster_64331.1.60,Mrg04,32.7,0,449.7
avgbs_cluster_26586.2.29,Mrg04,35.5,0.403318827,452.5
avgbs_cluster_26586.2.49,Mrg04,35.5,0.403318827,452.5
avgbs_cluster_27239.1.54,Mrg04,35.5,0,452.5
avgbs_cluster_35267.1.61,Mrg04,36.7,0,453.7
avgbs_cluster_35267.1.8,Mrg04,36.7,0,453.7
avgbs_114541.1.39,Mrg04,37.9,0.025604933,454.9
avgbs_151.1.56,Mrg04,37.9,0.308021339,454.9
avgbs_208382.1.53,Mrg04,37.9,1.043062525,454.9
avgbs_26918.1.60,Mrg04,37.9,0.072200397,454.9
avgbs_6K_3471.1.7,Mrg04,37.9,0,454.9
avgbs_72609.1.29,Mrg04,37.9,0,454.9
avgbs_cluster_1498.1.50,Mrg04,37.9,0.226245788,454.9
avgbs_cluster_21528.1.30,Mrg04,37.9,0.492977384,454.9
avgbs_cluster_21528.1.45,Mrg04,37.9,0.492977384,454.9
avgbs_cluster_21603.1.12,Mrg04,37.9,0.180616867,454.9
avgbs_cluster_2624.1.42,Mrg04,37.9,0.458534205,454.9
avgbs_cluster_2624.1.57,Mrg04,37.9,0.458534205,454.9
avgbs_cluster_2624.1.64,Mrg04,37.9,0.458534205,454.9
avgbs_cluster_31496.1.35,Mrg04,37.9,0.774249651,454.9
avgbs_cluster_32585.1.38,Mrg04,37.9,0.131750538,454.9
avgbs_cluster_32695.1.18,Mrg04,37.9,0.180808739,454.9
avgbs_cluster_48092.1.22,Mrg04,37.9,0.136664665,454.9
avgbs_cluster_48092.1.61,Mrg04,37.9,0.136664665,454.9
avgbs_203907.1.36,Mrg04,38.1,0.016471666,455.1
avgbs_cluster_36864.1.32,Mrg04,38.1,0,455.1
avgbs_27469.1.34,Mrg04,38.7,0,455.7
avgbs_cluster_28453.1.33,Mrg04,39.4,0,456.4
avgbs_cluster_28453.1.46,Mrg04,39.4,0,456.4
avgbs_cluster_11427.1.26,Mrg04,40.1,0.97215415,457.1
avgbs_cluster_11427.1.37,Mrg04,41,0.131413689,458
avgbs_cluster_36887.1.27,Mrg04,41.8,0.359248432,458.8
avgbs_cluster_36887.1.47,Mrg04,41.8,0.359248432,458.8
avgbs_2791.1.10,Mrg04,43.1,0.266696559,460.1
avgbs_cluster_39225.1.13,Mrg04,43.1,0,460.1
avgbs_207966.1.25,Mrg04,43.5,0.84629094,460.5
avgbs_6K_73329.1.8,Mrg04,43.5,0.880281639,460.5
avgbs_cluster_21492.1.8,Mrg04,43.8,0.529135487,460.8
avgbs_cluster_27963.1.23,Mrg04,43.9,0.275212073,460.9
avgbs_cluster_34775.1.61,Mrg04,43.9,0.78729094,460.9
avgbs_11239.1.52,Mrg04,44.7,0.720298269,461.7
avgbs_113786.1.26,Mrg04,44.7,1.341713028,461.7
avgbs_119966.1.32,Mrg04,44.7,0.900874055,461.7
avgbs_121286.1.55,Mrg04,44.7,0.828369695,461.7
avgbs_123116.1.38,Mrg04,44.7,0.13363115,461.7
avgbs_125333.1.37,Mrg04,44.7,0.649252076,461.7
avgbs_1274.1.48,Mrg04,44.7,1.149193902,461.7
avgbs_16820.1.44,Mrg04,44.7,1.605850457,461.7
avgbs_18009.1.57,Mrg04,44.7,0.424102416,461.7
avgbs_201898.1.40,Mrg04,44.7,1.081230299,461.7
avgbs_49577.1.30,Mrg04,44.7,0.576459611,461.7
avgbs_53297.1.51,Mrg04,44.7,0.483574679,461.7
avgbs_56365.1.22,Mrg04,44.7,1.156065677,461.7
avgbs_6599.1.57,Mrg04,44.7,0.256040866,461.7
avgbs_6K_84842.1.62,Mrg04,44.7,0.002615847,461.7
avgbs_74452.1.40,Mrg04,44.7,0.68324186,461.7
avgbs_83434.1.15,Mrg04,44.7,0.060894964,461.7
avgbs_9910.1.41,Mrg04,44.7,0.671827981,461.7
avgbs_cluster_180.1.52,Mrg04,44.7,0.163765986,461.7
avgbs_cluster_21819.1.34,Mrg04,44.7,0.326079337,461.7
avgbs_cluster_21819.1.48,Mrg04,44.7,0.326079337,461.7
avgbs_cluster_23838.1.14,Mrg04,44.7,0.796357411,461.7
avgbs_cluster_26452.1.60,Mrg04,44.7,0.432436723,461.7
avgbs_cluster_28904.1.20,Mrg04,44.7,0.174875774,461.7
avgbs_cluster_39397.1.54,Mrg04,44.7,0.947051538,461.7
avgbs_cluster_39825.1.40,Mrg04,44.7,0,461.7
avgbs_cluster_39825.1.44,Mrg04,44.7,0.342443551,461.7
avgbs_cluster_40111.1.48,Mrg04,44.7,1.169597226,461.7
avgbs_cluster_6307.1.32,Mrg04,44.7,0.215124168,461.7
avgbs_cluster_137.1.52,Mrg04,45.6,0.796356322,462.6
avgbs_cluster_17062.1.59,Mrg04,45.6,0.815188616,462.6
avgbs_cluster_937.1.23,Mrg04,45.9,0.180271088,462.9
avgbs_cluster_28191.1.25,Mrg04,48.2,1.367112441,465.2
avgbs_cluster_28191.1.49,Mrg04,48.2,0.746231974,465.2
avgbs_cluster_9107.1.39,Mrg04,48.8,0.273278573,465.8
avgbs_120830.1.50,Mrg04,49.2,0.841038868,466.2
avgbs_123320.1.54,Mrg04,50,0.416587699,467
avgbs_cluster_28978.1.13,Mrg04,50.3,0.008924181,467.3
avgbs_117650.1.49,Mrg04,51,0.301521726,468
avgbs_97755.1.14,Mrg04,51.7,0.650579133,468.7
avgbs_cluster_3866.1.21,Mrg04,51.7,0.215148904,468.7
avgbs_cluster_3866.1.26,Mrg04,51.7,0.215148904,468.7
avgbs_cluster_3866.1.45,Mrg04,51.7,0.215148904,468.7
avgbs_73830.1.9,Mrg04,54.9,0.076328736,471.9
avgbs_cluster_12940.1.19,Mrg04,54.9,0.125265406,471.9
avgbs_cluster_12940.1.57,Mrg04,54.9,0.471711665,471.9
avgbs_cluster_30657.1.25,Mrg04,55.1,0.152742999,472.1
avgbs_113838.1.48,Mrg04,55.8,0.634587913,472.8
avgbs_cluster_33421.1.16,Mrg04,57.5,0.019807596,474.5
avgbs_19279.1.11,Mrg04,60.3,0.16171094,477.3
avgbs_436.1.34,Mrg04,60.3,0.407247979,477.3
avgbs_84537.1.38,Mrg05,6.5,0,483.8
avgbs_110890.1.62,Mrg05,8.8,0.092247447,486.1
avgbs_116613.1.10,Mrg05,9.7,0.44769054,487
avgbs_120698.1.15,Mrg05,10.6,0.701865527,487.9
avgbs_206474.1.47,Mrg05,18.4,0.143243792,495.7
avgbs_8290.1.64,Mrg05,22.1,0.301518049,499.4
avgbs_16036.1.38,Mrg05,26.8,0.444799487,504.1
avgbs_cluster_143.1.61,Mrg05,27.1,0.024907279,504.4
avgbs_104621.1.63,Mrg05,27.4,0.403650474,504.7
avgbs_65776.1.41,Mrg05,27.4,0.230304122,504.7
avgbs_cluster_26064.1.15,Mrg05,27.4,0.367929839,504.7
avgbs_cluster_35516.1.15,Mrg05,27.4,0.292604563,504.7
avgbs_cluster_35516.1.29,Mrg05,27.4,0.292604563,504.7
avgbs_cluster_35516.1.48,Mrg05,27.4,0.292604563,504.7
avgbs_cluster_2530.1.25,Mrg05,29.8,0.352608338,507.1
avgbs_cluster_2530.1.42,Mrg05,29.8,0.352608338,507.1
avgbs_cluster_2530.1.7,Mrg05,29.8,0.352608338,507.1
avgbs_902.1.34,Mrg05,33.2,0.042980902,510.5
avgbs_cluster_3772.1.18,Mrg05,40.3,0.095238871,517.6
avgbs_107992.1.37,Mrg05,41.5,0.502358368,518.8
avgbs_122525.1.18,Mrg05,41.6,2.471449012,518.9
avgbs_cluster_21169.1.40,Mrg05,42,2.283211738,519.3
avgbs_109986.1.23,Mrg05,42.9,0.655724278,520.2
avgbs_118461.1.53,Mrg05,44.2,1.091465396,521.5
avgbs_9184.1.7,Mrg05,44.2,2.562330351,521.5
avgbs_202118.1.40,Mrg05,45.3,0.488963093,522.6
avgbs_106021.1.48,Mrg05,48.2,1.311480631,525.5
avgbs_99653.1.51,Mrg05,48.2,2.570611479,525.5
avgbs_103284.1.60,Mrg05,50.5,0.443814689,527.8
avgbs_11326.1.18,Mrg05,50.5,2.171086262,527.8
avgbs_30620.1.12,Mrg05,50.5,0.317351188,527.8
avgbs_41292.1.6,Mrg05,50.5,2.151938919,527.8
avgbs_cluster_35067.1.19,Mrg05,50.5,0.477433643,527.8
avgbs_205661.1.33,Mrg05,54.4,0.083758616,531.7
avgbs_103822.1.30,Mrg05,56.5,0.452777188,533.8
avgbs_110804.1.56,Mrg05,56.5,0,533.8
avgbs_118117.1.64,Mrg05,56.5,0.408663738,533.8
avgbs_121103.1.57,Mrg05,56.5,0,533.8
avgbs_22753.1.11,Mrg05,56.5,0.98503422,533.8
avgbs_31444.1.20,Mrg05,56.5,0.380849846,533.8
avgbs_46840.1.22,Mrg05,56.5,0.564437998,533.8
avgbs_57657.1.62,Mrg05,56.5,2.297528323,533.8
avgbs_62521.1.21,Mrg05,56.5,0.705502725,533.8
avgbs_6788.1.53,Mrg05,56.5,0.315424642,533.8
avgbs_71273.1.24,Mrg05,56.5,0.512386542,533.8
avgbs_79488.1.27,Mrg05,56.5,0.23336712,533.8
avgbs_92856.1.33,Mrg05,56.5,0.529192496,533.8
avgbs_99000.1.42,Mrg05,56.5,0.665820872,533.8
avgbs_cluster_12562.1.16,Mrg05,56.5,0.362633884,533.8
avgbs_cluster_12737.1.24,Mrg05,56.5,1.142147168,533.8
avgbs_cluster_29483.1.46,Mrg05,56.5,0.20028461,533.8
avgbs_cluster_30631.1.8,Mrg05,56.5,0.195412514,533.8
avgbs_cluster_32768.1.24,Mrg05,56.5,0.410329214,533.8
avgbs_cluster_34510.1.33,Mrg05,56.5,0,533.8
avgbs_cluster_34510.1.54,Mrg05,56.5,0,533.8
avgbs_cluster_34510.1.57,Mrg05,56.5,0,533.8
avgbs_cluster_34806.1.53,Mrg05,56.5,0.387674629,533.8
avgbs_cluster_37065.1.59,Mrg05,56.5,0,533.8
avgbs_cluster_41054.1.35,Mrg05,56.5,0,533.8
avgbs_cluster_41054.1.41,Mrg05,56.5,0.19037528,533.8
avgbs_cluster_6179.1.50,Mrg05,56.5,0,533.8
avgbs_cluster_6307.2.16,Mrg05,56.5,0.331823083,533.8
avgbs_cluster_8612.1.13,Mrg05,56.5,0.248277557,533.8
avgbs_cluster_34449.1.33,Mrg05,56.9,0.091670486,534.2
avgbs_cluster_34449.1.9,Mrg05,56.9,0.091670486,534.2
avgbs_123933.1.12,Mrg05,57.2,0,534.5
avgbs_cluster_31756.1.52,Mrg05,57.2,0.325588585,534.5
avgbs_cluster_31756.1.53,Mrg05,57.2,0.325588585,534.5
avgbs_116906.1.55,Mrg05,57.3,0.033410197,534.6
avgbs_200517.1.62,Mrg05,57.3,0.206485153,534.6
avgbs_81958.1.26,Mrg05,57.3,0.540142019,534.6
avgbs_cluster_49655.1.33,Mrg05,57.3,0,534.6
avgbs_cluster_49655.1.60,Mrg05,57.3,0,534.6
avgbs_cluster_5785.1.48,Mrg05,57.3,0.284266035,534.6
avgbs_cluster_8924.1.7,Mrg05,57.3,0,534.6
avgbs_31655.1.8,Mrg05,57.5,0.219384495,534.8
avgbs_cluster_24507.1.49,Mrg05,57.6,0,534.9
avgbs_29381.1.60,Mrg05,57.8,0.391813485,535.1
avgbs_42118.1.64,Mrg05,57.8,0,535.1
avgbs_53492.1.28,Mrg05,57.8,0.19298596,535.1
avgbs_cluster_35027.1.39,Mrg05,57.8,0.158576607,535.1
avgbs_cluster_35392.1.24,Mrg05,57.8,0,535.1
avgbs_1307.1.49,Mrg05,57.9,0.664450139,535.2
avgbs_3471.1.38,Mrg05,57.9,0,535.2
avgbs_cluster_40904.1.50,Mrg05,57.9,0.407395688,535.2
avgbs_cluster_5088.1.33,Mrg05,57.9,0.364450287,535.2
avgbs_86933.1.32,Mrg05,58,0,535.3
avgbs_95067.1.38,Mrg05,58.6,0.33950707,535.9
avgbs_17457.1.10,Mrg05,58.7,0.345496659,536
avgbs_57658.1.26,Mrg05,58.7,2.021945736,536
avgbs_cluster_38614.1.34,Mrg05,58.7,0.080102277,536
avgbs_cluster_23995.1.58,Mrg05,58.9,0.597297992,536.2
avgbs_cluster_16303.1.28,Mrg05,59,1.421384912,536.3
avgbs_43145.1.38,Mrg05,60,0.628225513,537.3
avgbs_6445.1.10,Mrg05,80.2,0.457434524,557.5
avgbs_77316.1.25,Mrg05,80.8,0.021360591,558.1
avgbs_cluster_23077.1.11,Mrg05,80.8,0,558.1
avgbs_cluster_23077.1.29,Mrg05,80.8,0,558.1
avgbs_cluster_23077.1.55,Mrg05,80.8,0,558.1
avgbs_cluster_2630.1.31,Mrg05,80.8,0.448899367,558.1
avgbs_cluster_14164.1.15,Mrg05,80.9,0.294700428,558.2
avgbs_cluster_14164.1.16,Mrg05,80.9,0.294700428,558.2
avgbs_cluster_14164.1.17,Mrg05,80.9,0.294700428,558.2
avgbs_13657.1.28,Mrg05,81.4,0,558.7
avgbs_cluster_26586.1.29,Mrg05,81.6,1.621484788,558.9
avgbs_71012.1.39,Mrg05,81.7,1.598712999,559
avgbs_cluster_38058.1.18,Mrg05,81.8,0.424898118,559.1
avgbs_cluster_38058.1.29,Mrg05,81.8,0.424898118,559.1
avgbs_cluster_32914.1.40,Mrg05,81.9,0.597845619,559.2
avgbs_cluster_32914.1.44,Mrg05,81.9,0.597845619,559.2
avgbs_cluster_32914.1.9,Mrg05,81.9,0.597845619,559.2
avgbs_cluster_35392.1.30,Mrg05,81.9,0.180230183,559.2
avgbs_10882.1.36,Mrg05,82,0.461892598,559.3
avgbs_cluster_37638.1.15,Mrg05,82,0,559.3
avgbs_cluster_37638.1.42,Mrg05,82,0,559.3
avgbs_21425.1.39,Mrg05,82.1,0.58168331,559.4
avgbs_28205.1.63,Mrg05,82.1,0.678020312,559.4
avgbs_cluster_5116.1.31,Mrg05,82.1,0.727116128,559.4
avgbs_cluster_5116.1.54,Mrg05,82.1,0.727116128,559.4
avgbs_cluster_6930.1.26,Mrg05,82.4,0.958754073,559.7
avgbs_105825.1.49,Mrg05,83.2,0.478973786,560.5
avgbs_106725.1.40,Mrg05,83.2,0.460806728,560.5
avgbs_124223.1.18,Mrg05,83.2,0,560.5
avgbs_cluster_17542.1.31,Mrg05,83.2,0.666129101,560.5
avgbs_cluster_17542.1.57,Mrg05,83.2,0.666129101,560.5
avgbs_cluster_26713.2.36,Mrg05,83.2,0.670364752,560.5
avgbs_cluster_26713.2.39,Mrg05,83.2,0.670364752,560.5
avgbs_57012.1.30,Mrg05,89.4,0.302474118,566.7
avgbs_61719.1.6,Mrg05,89.4,0.25289547,566.7
avgbs_15507.1.24,Mrg05,92.1,0,569.4
avgbs_cluster_16376.1.47,Mrg05,92.1,0.096050328,569.4
avgbs_111779.1.23,Mrg05,92.9,0.873741012,570.2
avgbs_16946.1.36,Mrg05,93,0.313466105,570.3
avgbs_cluster_18293.1.60,Mrg05,93,0.038252558,570.3
avgbs_cluster_18293.1.62,Mrg05,93,0.038252558,570.3
avgbs_cluster_34717.1.27,Mrg05,93,0.08188006,570.3
avgbs_cluster_34717.1.60,Mrg05,93,0.08188006,570.3
avgbs_cluster_6015.1.27,Mrg05,93,0.212369076,570.3
avgbs_cluster_6015.1.49,Mrg05,93,0.212369076,570.3
avgbs_cluster_62809.1.62,Mrg05,96.7,0,574
avgbs_cluster_62809.1.63,Mrg05,96.7,0,574
avgbs_cluster_62809.1.64,Mrg05,96.7,0,574
avgbs_92861.1.54,Mrg05,97.9,0.390053071,575.2
avgbs_106376.1.44,Mrg05,98.3,0,575.6
avgbs_200537.1.21,Mrg05,98.7,0,576
avgbs_77095.1.28,Mrg05,98.7,0,576
avgbs_cluster_17089.1.10,Mrg05,98.7,0,576
avgbs_cluster_17089.1.32,Mrg05,98.7,0,576
avgbs_cluster_17089.1.6,Mrg05,98.7,0,576
avgbs_cluster_37607.1.30,Mrg05,98.7,0.365006597,576
avgbs_cluster_37607.1.7,Mrg05,98.7,0.365006597,576
avgbs_cluster_37607.1.8,Mrg05,98.7,0.365006597,576
avgbs_cluster_39834.1.21,Mrg05,98.7,0.048161284,576
avgbs_cluster_39834.1.46,Mrg05,98.7,0.048161284,576
avgbs_333.1.42,Mrg05,100.4,0.115752329,577.7
avgbs_cluster_51774.1.33,Mrg05,100.6,0.415014753,577.9
avgbs_cluster_51774.1.35,Mrg05,100.6,0.415014753,577.9
avgbs_cluster_40850.1.31,Mrg05,101.7,0.439204269,579
avgbs_cluster_40850.1.62,Mrg05,101.7,0.439204269,579
avgbs_13556.1.15,Mrg05,103.9,0.472981134,581.2
avgbs_38257.1.26,Mrg05,105.7,0.21758959,583
avgbs_38797.1.31,Mrg05,105.7,0,583
avgbs_36113.1.48,Mrg05,109.5,0.478908159,586.8
avgbs_73115.1.35,Mrg05,109.5,1.097346263,586.8
avgbs_cluster_2049.1.7,Mrg05,109.5,0.172875445,586.8
avgbs_cluster_26986.1.15,Mrg05,109.5,0.303744936,586.8
avgbs_cluster_26986.1.57,Mrg05,109.5,0.303744936,586.8
avgbs_cluster_27878.2.9,Mrg05,109.5,0.531878643,586.8
avgbs_120706.1.24,Mrg05,109.7,0.430007627,587
avgbs_42267.1.26,Mrg05,110.1,0.245258592,587.4
avgbs_cluster_28534.1.10,Mrg05,110.1,0.189055815,587.4
avgbs_cluster_28534.1.46,Mrg05,110.1,0.189055815,587.4
avgbs_cluster_28534.1.8,Mrg05,110.1,0.189055815,587.4
avgbs_cluster_27231.1.63,Mrg05,111.3,0.76221696,588.6
avgbs_cluster_42166.1.49,Mrg05,111.3,0,588.6
avgbs_104350.1.27,Mrg05,111.6,0.716837271,588.9
avgbs_cluster_35965.1.53,Mrg05,112.3,0.117853337,589.6
avgbs_cluster_18399.1.16,Mrg05,112.4,0.016265141,589.7
avgbs_cluster_18399.1.63,Mrg05,112.4,0.224592945,589.7
avgbs_cluster_25204.1.58,Mrg05,113.6,0.195152866,590.9
avgbs_cluster_40705.1.23,Mrg05,114.1,0.440480313,591.4
avgbs_cluster_40705.1.29,Mrg05,114.1,0.440480313,591.4
avgbs_109116.1.47,Mrg05,114.7,0.099743771,592
avgbs_112355.1.13,Mrg05,114.7,0.808975044,592
avgbs_124110.1.36,Mrg05,114.7,0.592378075,592
avgbs_2008.1.34,Mrg05,114.7,0.592378075,592
avgbs_32277.1.45,Mrg05,114.7,0.926709686,592
avgbs_4441.1.58,Mrg05,114.7,0.383361069,592
avgbs_cluster_4877.1.43,Mrg05,114.7,0.72290077,592
avgbs_cluster_9561.1.17,Mrg05,114.7,0.158095779,592
avgbs_125210.1.59,Mrg05,125.1,0.924988728,602.4
avgbs_3983.1.41,Mrg05,125.1,0.501034848,602.4
avgbs_cluster_27516.1.8,Mrg05,125.1,0.940116256,602.4
avgbs_cluster_5816.1.23,Mrg05,125.1,0.716167269,602.4
avgbs_cluster_5816.1.41,Mrg05,125.1,0.716167269,602.4
avgbs_cluster_5816.1.43,Mrg05,125.1,0.716167269,602.4
avgbs_108120.1.54,Mrg05,127.5,0.105378328,604.8
avgbs_87332.1.29,Mrg05,127.5,0.18455989,604.8
avgbs_10569.1.14,Mrg05,130.9,0.825923517,608.2
avgbs_122697.1.55,Mrg05,130.9,1.030058264,608.2
avgbs_124462.1.54,Mrg05,130.9,0.559979134,608.2
avgbs_cluster_23391.1.46,Mrg05,130.9,0.092321101,608.2
avgbs_cluster_27787.1.18,Mrg05,130.9,0,608.2
avgbs_cluster_65411.1.30,Mrg05,130.9,0.035896081,608.2
avgbs_cluster_65411.1.38,Mrg05,130.9,0.035896081,608.2
avgbs_cluster_65411.1.49,Mrg05,130.9,0.035896081,608.2
avgbs_cluster_65411.1.54,Mrg05,130.9,0.035896081,608.2
avgbs_cluster_65411.1.7,Mrg05,130.9,0.035896081,608.2
avgbs_cluster_658.1.46,Mrg05,130.9,1.479803885,608.2
avgbs_cluster_658.1.47,Mrg05,130.9,1.479803885,608.2
avgbs_cluster_25933.1.16,Mrg05,131.1,0.97934497,608.4
avgbs_13142.1.54,Mrg05,135.5,1.209372531,612.8
avgbs_28217.1.33,Mrg05,135.5,0,612.8
avgbs_97451.1.11,Mrg05,135.5,0,612.8
avgbs_cluster_35251.1.7,Mrg05,135.5,1.957311914,612.8
avgbs_cluster_37164.1.35,Mrg05,135.5,1.967900056,612.8
avgbs_cluster_37164.1.39,Mrg05,135.5,1.967900056,612.8
avgbs_cluster_37164.1.40,Mrg05,135.5,1.967900056,612.8
avgbs_cluster_38268.1.55,Mrg05,135.5,1.267912268,612.8
avgbs_cluster_38268.1.57,Mrg05,135.5,0,612.8
avgbs_cluster_38845.1.14,Mrg05,135.5,0.069530041,612.8
avgbs_cluster_6121.1.45,Mrg05,135.5,2.063844291,612.8
avgbs_cluster_62.1.60,Mrg05,135.5,1.078541646,612.8
avgbs_cluster_7079.1.12,Mrg05,135.5,0.112798073,612.8
avgbs_cluster_7079.1.24,Mrg05,135.5,0.112798073,612.8
avgbs_cluster_16666.1.21,Mrg05,147.6,0,624.9
avgbs_cluster_16666.1.22,Mrg05,147.6,0,624.9
avgbs_cluster_16666.1.6,Mrg05,147.6,0,624.9
avgbs_cluster_41272.1.16,Mrg05,147.6,0,624.9
avgbs_cluster_32525.1.33,Mrg06,-1.9,0.108781909,623
avgbs_21383.1.51,Mrg06,0,0.010417909,624.9
avgbs_80876.1.31,Mrg06,0,0.003639397,624.9
avgbs_81828.1.19,Mrg06,0,0,624.9
avgbs_23968.1.42,Mrg06,14.5,0.466925537,639.4
avgbs_90115.1.34,Mrg06,14.5,0.814753539,639.4
avgbs_cluster_40088.1.36,Mrg06,15.5,0.084952804,640.4
avgbs_100573.1.40,Mrg06,18.8,0,643.7
avgbs_11862.1.18,Mrg06,18.8,0.074882117,643.7
avgbs_29614.1.47,Mrg06,18.8,0,643.7
avgbs_cluster_3660.1.52,Mrg06,18.8,0,643.7
avgbs_cluster_6222.1.33,Mrg06,18.8,0,643.7
avgbs_48816.1.39,Mrg06,20.7,0.319284638,645.6
avgbs_20312.1.29,Mrg06,21.9,0.058488909,646.8
avgbs_10401.1.62,Mrg06,25.2,0.017796823,650.1
avgbs_32854.1.25,Mrg06,25.2,0.141742968,650.1
avgbs_49496.1.45,Mrg06,25.2,0.054446647,650.1
avgbs_83045.1.61,Mrg06,25.2,0.054446647,650.1
avgbs_85652.1.26,Mrg06,25.2,0.091813035,650.1
avgbs_cluster_33847.1.17,Mrg06,25.8,0.44582462,650.7
avgbs_29732.1.59,Mrg06,26.6,0.654286254,651.5
avgbs_cluster_26660.1.40,Mrg06,26.6,0.6360663,651.5
avgbs_31464.1.47,Mrg06,27.5,0.434318413,652.4
avgbs_7331.1.58,Mrg06,27.5,0.72690578,652.4
avgbs_10060.1.36,Mrg06,28.1,0.713474146,653
avgbs_40129.1.63,Mrg06,28.1,0.043567182,653
avgbs_cluster_22798.1.55,Mrg06,28.1,0.569661531,653
avgbs_cluster_34282.1.54,Mrg06,28.6,0.45907941,653.5
avgbs_11934.1.9,Mrg06,29.1,0.44970759,654
avgbs_60509.1.36,Mrg06,29.1,0.553930334,654
avgbs_cluster_106.1.52,Mrg06,29.1,1.469936709,654
avgbs_cluster_17769.1.34,Mrg06,29.1,0.678595392,654
avgbs_cluster_2646.1.8,Mrg06,29.1,0.442290592,654
avgbs_119264.1.37,Mrg06,29.7,0.025334643,654.6
avgbs_53963.1.64,Mrg06,29.7,0.122346113,654.6
avgbs_76243.1.49,Mrg06,29.7,0.297704786,654.6
avgbs_125443.1.35,Mrg06,29.9,0.356767666,654.8
avgbs_106057.1.19,Mrg06,33.7,1.029101572,658.6
avgbs_cluster_25236.1.37,Mrg06,35.4,1.205294874,660.3
avgbs_cluster_25236.1.38,Mrg06,35.4,1.205294874,660.3
avgbs_cluster_31895.1.64,Mrg06,35.4,1.110573716,660.3
avgbs_120362.1.37,Mrg06,37.4,0.812589738,662.3
avgbs_cluster_11500.1.55,Mrg06,37.4,0.456568687,662.3
avgbs_cluster_20744.1.53,Mrg06,37.4,0.275134113,662.3
avgbs_cluster_6600.1.27,Mrg06,37.4,0.500026185,662.3
avgbs_cluster_6600.1.6,Mrg06,37.4,0.500026185,662.3
avgbs_114122.1.54,Mrg06,38,0.294348717,662.9
avgbs_187.1.18,Mrg06,38,0.444556911,662.9
avgbs_213138.1.61,Mrg06,38,0.697971476,662.9
avgbs_40526.1.18,Mrg06,38,0.255400094,662.9
avgbs_42773.1.64,Mrg06,38,0.936670718,662.9
avgbs_6126.1.55,Mrg06,38,0.659111142,662.9
avgbs_80265.1.22,Mrg06,38,1.043710527,662.9
avgbs_cluster_15437.1.64,Mrg06,38,0.629401004,662.9
avgbs_cluster_15437.1.8,Mrg06,38,0.629401004,662.9
avgbs_cluster_15437.1.9,Mrg06,38,0.629401004,662.9
avgbs_cluster_18799.1.47,Mrg06,38,0.297704786,662.9
avgbs_cluster_21091.1.61,Mrg06,38,0.797441982,662.9
avgbs_cluster_25151.1.21,Mrg06,38,0.293540011,662.9
avgbs_cluster_25151.1.36,Mrg06,38,0.293540011,662.9
avgbs_cluster_25151.1.54,Mrg06,38,0.293540011,662.9
avgbs_cluster_26336.1.28,Mrg06,38,0.665147956,662.9
avgbs_cluster_26968.1.25,Mrg06,38,0.225416032,662.9
avgbs_cluster_26968.1.9,Mrg06,38,0.225416032,662.9
avgbs_cluster_7443.1.16,Mrg06,38,1.458916506,662.9
avgbs_cluster_7443.1.32,Mrg06,38,1.458916506,662.9
avgbs_cluster_7443.1.58,Mrg06,38,0.83603671,662.9
avgbs_91986.1.19,Mrg06,41.8,0.509626018,666.7
avgbs_cluster_3171.1.40,Mrg06,41.8,0,666.7
avgbs_87709.1.19,Mrg06,44.5,1.051548094,669.4
avgbs_cluster_12523.1.48,Mrg06,44.5,1.176058095,669.4
avgbs_cluster_12523.1.7,Mrg06,44.5,1.176058095,669.4
avgbs_11942.1.42,Mrg06,45.2,0.196537249,670.1
avgbs_220721.1.58,Mrg06,45.2,1.093077261,670.1
avgbs_49862.1.46,Mrg06,45.2,0.585927514,670.1
avgbs_cluster_2702.1.51,Mrg06,45.2,0.201336205,670.1
avgbs_cluster_40531.1.11,Mrg06,45.2,1.451048326,670.1
avgbs_cluster_40531.1.47,Mrg06,45.2,1.451048326,670.1
avgbs_cluster_19365.1.61,Mrg06,49.3,0.306298409,674.2
avgbs_cluster_19365.1.64,Mrg06,49.3,0.306298409,674.2
avgbs_109028.1.16,Mrg06,51.3,0.095701176,676.2
avgbs_cluster_4093.1.11,Mrg06,51.3,0.198225395,676.2
avgbs_cluster_4093.1.28,Mrg06,51.3,0.198225395,676.2
avgbs_77147.1.52,Mrg06,51.5,0.563213492,676.4
avgbs_cluster_24743.1.13,Mrg06,51.5,0.290882347,676.4
avgbs_cluster_29838.1.26,Mrg06,51.6,0.68657256,676.5
avgbs_cluster_29838.1.61,Mrg06,51.6,0.68657256,676.5
avgbs_12160.1.39,Mrg06,51.7,0,676.6
avgbs_97286.1.30,Mrg06,51.7,0.437716839,676.6
avgbs_cluster_13763.1.6,Mrg06,51.7,0.030087569,676.6
avgbs_cluster_37739.1.37,Mrg06,51.7,0.028248412,676.6
avgbs_cluster_39334.1.47,Mrg06,51.7,0.09809076,676.6
avgbs_cluster_39334.1.64,Mrg06,51.7,0.09809076,676.6
avgbs_cluster_40809.1.50,Mrg06,51.7,0.159400659,676.6
avgbs_cluster_4786.1.6,Mrg06,51.7,0.16219787,676.6
avgbs_cluster_52666.1.49,Mrg06,51.7,0.320545992,676.6
avgbs_cluster_52666.1.57,Mrg06,51.7,0.320545992,676.6
avgbs_cluster_6837.1.12,Mrg06,51.7,0.188067047,676.6
avgbs_cluster_6837.1.21,Mrg06,51.7,0.188067047,676.6
avgbs_89481.1.11,Mrg06,53.7,0.419284199,678.6
avgbs_110253.1.61,Mrg06,53.8,0.026353812,678.7
avgbs_112603.1.61,Mrg06,54.4,0.20089243,679.3
avgbs_cluster_10406.1.43,Mrg06,55.6,0.883798262,680.5
avgbs_cluster_31665.1.34,Mrg06,55.6,0,680.5
avgbs_84933.1.7,Mrg06,56.1,0.069156502,681
avgbs_cluster_28343.1.50,Mrg06,56.8,0.12218869,681.7
avgbs_cluster_1898.1.11,Mrg06,56.9,0.096548009,681.8
avgbs_cluster_1898.1.26,Mrg06,56.9,0.164727103,681.8
avgbs_cluster_811.1.57,Mrg06,56.9,0.200619906,681.8
avgbs_108756.1.43,Mrg06,57.2,0.093432533,682.1
avgbs_cluster_32570.1.17,Mrg06,57.2,0.166553786,682.1
avgbs_cluster_32570.1.18,Mrg06,57.2,0.166553786,682.1
avgbs_cluster_32570.1.45,Mrg06,57.2,0.166553786,682.1
avgbs_cluster_38514.1.37,Mrg06,57.2,0.085456622,682.1
avgbs_cluster_38514.1.39,Mrg06,57.2,0.085456622,682.1
avgbs_cluster_38514.1.61,Mrg06,57.2,0.085456622,682.1
avgbs_51332.1.26,Mrg06,57.3,0.112280682,682.2
avgbs_cluster_41229.1.63,Mrg06,57.6,0.299121042,682.5
avgbs_97950.1.9,Mrg06,57.7,0.336834439,682.6
avgbs_cluster_47351.1.18,Mrg06,61.9,0.134602974,686.8
avgbs_cluster_47351.1.58,Mrg06,61.9,0.134602974,686.8
avgbs_124507.1.27,Mrg06,63.2,0.524373603,688.1
avgbs_cluster_13524.1.43,Mrg06,63.2,0.104138476,688.1
avgbs_cluster_18042.1.25,Mrg06,63.2,0,688.1
avgbs_cluster_4786.1.9,Mrg06,63.2,0.511210354,688.1
avgbs_cluster_75.1.57,Mrg06,63.2,0.263188655,688.1
avgbs_65838.1.51,Mrg06,64.7,0.251001554,689.6
avgbs_124310.1.45,Mrg06,65,0.20293559,689.9
avgbs_7853.1.35,Mrg06,65.3,0.153929366,690.2
avgbs_cluster_37167.1.30,Mrg06,66.1,0,691
avgbs_cluster_37167.1.38,Mrg06,66.1,0,691
avgbs_115137.1.54,Mrg06,67.6,0.627376039,692.5
avgbs_14969.1.14,Mrg06,67.6,0.187988187,692.5
avgbs_29639.1.49,Mrg06,67.6,0.146454813,692.5
avgbs_45588.1.45,Mrg06,67.6,8.27E-05,692.5
avgbs_75484.1.31,Mrg06,67.6,0.110179852,692.5
avgbs_76941.1.62,Mrg06,67.6,0.200379994,692.5
avgbs_821.1.30,Mrg06,67.6,0,692.5
avgbs_94911.1.20,Mrg06,67.6,0.321799905,692.5
avgbs_cluster_1208.1.26,Mrg06,67.6,0,692.5
avgbs_cluster_12144.1.19,Mrg06,67.6,0.209558064,692.5
avgbs_cluster_12564.1.10,Mrg06,67.6,0.187277755,692.5
avgbs_cluster_12564.1.17,Mrg06,67.6,0.187277755,692.5
avgbs_cluster_12564.1.46,Mrg06,67.6,0.187277755,692.5
avgbs_cluster_1352.1.11,Mrg06,67.6,0.130767854,692.5
avgbs_cluster_1352.1.38,Mrg06,67.6,0.130767854,692.5
avgbs_cluster_1352.1.41,Mrg06,67.6,0.130767854,692.5
avgbs_cluster_17018.1.22,Mrg06,67.6,0.427559084,692.5
avgbs_cluster_17018.1.64,Mrg06,67.6,0.372139738,692.5
avgbs_cluster_1767.1.28,Mrg06,67.6,0.187988187,692.5
avgbs_cluster_1767.1.49,Mrg06,67.6,0.187988187,692.5
avgbs_cluster_17884.1.12,Mrg06,67.6,0.187988187,692.5
avgbs_cluster_17884.1.38,Mrg06,67.6,0.187988187,692.5
avgbs_cluster_20819.1.57,Mrg06,67.6,0.239312191,692.5
avgbs_cluster_20819.1.62,Mrg06,67.6,0.239312191,692.5
avgbs_cluster_26180.1.42,Mrg06,67.6,0.156211976,692.5
avgbs_cluster_26180.1.45,Mrg06,67.6,0.156211976,692.5
avgbs_cluster_31007.1.12,Mrg06,67.6,0.029330446,692.5
avgbs_cluster_31007.1.13,Mrg06,67.6,0.029330446,692.5
avgbs_cluster_31007.1.35,Mrg06,67.6,0.029330446,692.5
avgbs_cluster_3184.1.39,Mrg06,67.6,0.417816019,692.5
avgbs_cluster_3184.1.40,Mrg06,67.6,0.417816019,692.5
avgbs_cluster_3365.1.56,Mrg06,67.6,0.963128582,692.5
avgbs_cluster_3365.1.59,Mrg06,67.6,0.963128582,692.5
avgbs_cluster_36125.1.44,Mrg06,67.6,0.187988187,692.5
avgbs_cluster_36780.2.16,Mrg06,67.6,0,692.5
avgbs_cluster_40215.1.28,Mrg06,67.6,0.281007189,692.5
avgbs_cluster_4292.1.29,Mrg06,67.6,0,692.5
avgbs_cluster_4292.1.36,Mrg06,67.6,0,692.5
avgbs_cluster_45130.1.14,Mrg06,67.6,0.209691031,692.5
avgbs_cluster_45130.1.53,Mrg06,67.6,0.209691031,692.5
avgbs_cluster_656.1.59,Mrg06,67.6,0.144236805,692.5
avgbs_cluster_656.1.8,Mrg06,67.6,0.144236805,692.5
avgbs_22024.1.32,Mrg06,68.2,0,693.1
avgbs_114090.1.20,Mrg06,70.5,0.052987278,695.4
avgbs_cluster_4331.1.25,Mrg06,70.5,0.262374492,695.4
avgbs_19475.1.35,Mrg06,72.1,0.399083574,697
avgbs_88971.1.13,Mrg06,72.1,0.232054049,697
avgbs_98067.1.62,Mrg06,72.1,0.107398378,697
avgbs_cluster_15148.1.18,Mrg06,72.1,0.15501339,697
avgbs_cluster_39451.1.21,Mrg06,82.1,0,707
avgbs_cluster_39451.1.39,Mrg06,82.1,0,707
avgbs_cluster_22882.1.61,Mrg06,83.9,0.209222914,708.8
avgbs_cluster_22882.1.62,Mrg06,83.9,0.209222914,708.8
avgbs_cluster_22882.1.63,Mrg06,83.9,0.209222914,708.8
avgbs_69343.1.22,Mrg06,87,0.476208694,711.9
avgbs_98727.1.36,Mrg06,87,0.291347597,711.9
avgbs_218643.1.36,Mrg06,87.2,0.498423892,712.1
avgbs_614.1.49,Mrg06,87.2,0.801721481,712.1
avgbs_89518.1.62,Mrg06,87.2,0.270077015,712.1
avgbs_cluster_22714.1.19,Mrg06,87.2,0.330820912,712.1
avgbs_100100.1.64,Mrg06,98.5,2.380283458,723.4
avgbs_121605.1.26,Mrg06,99.1,0,724
avgbs_16162.1.21,Mrg06,99.1,1.293419041,724
avgbs_cluster_1582.1.15,Mrg06,99.1,2.461545411,724
avgbs_cluster_23520.1.30,Mrg06,99.1,0.213328809,724
avgbs_cluster_2371.1.19,Mrg06,99.1,0.719911389,724
avgbs_cluster_4554.1.9,Mrg06,99.1,0.047549754,724
avgbs_109117.1.22,Mrg06,102.3,1.065204718,727.2
avgbs_112977.1.62,Mrg06,102.3,0.120173934,727.2
avgbs_114613.1.46,Mrg06,102.3,2.463888801,727.2
avgbs_15416.1.22,Mrg06,102.3,0.20461697,727.2
avgbs_32166.1.26,Mrg06,102.3,0,727.2
avgbs_49002.1.41,Mrg06,102.3,0,727.2
avgbs_6K_95238.1.55,Mrg06,102.3,2.598865397,727.2
avgbs_6K_78935.1.56,Mrg06,104.5,3.597406714,729.4
avgbs_109473.1.7,Mrg06,108.4,0.014997431,733.3
avgbs_114096.1.50,Mrg06,108.8,0,733.7
avgbs_cluster_32471.1.49,Mrg06,108.8,1.376801628,733.7
avgbs_cluster_2479.1.29,Mrg06,113.9,0,738.8
avgbs_101867.1.47,Mrg06,116,0.395915378,740.9
avgbs_117841.1.50,Mrg06,116,0,740.9
avgbs_122282.1.41,Mrg06,116,2.311524729,740.9
avgbs_125149.1.40,Mrg06,116,0,740.9
avgbs_13844.1.8,Mrg06,116,0.580919861,740.9
avgbs_19750.1.59,Mrg06,116,0,740.9
avgbs_31130.1.36,Mrg06,116,0,740.9
avgbs_84962.1.35,Mrg06,116,0.411509302,740.9
avgbs_cluster_11724.1.59,Mrg06,116,0.648050038,740.9
avgbs_cluster_25425.1.54,Mrg06,116,0,740.9
avgbs_cluster_25425.1.59,Mrg06,116,0,740.9
avgbs_cluster_25425.1.60,Mrg06,116,0,740.9
avgbs_cluster_38547.1.10,Mrg06,116,0,740.9
avgbs_cluster_38547.1.64,Mrg06,116,0,740.9
avgbs_cluster_43543.1.50,Mrg06,116,0,740.9
avgbs_cluster_5032.1.40,Mrg06,116,0,740.9
avgbs_cluster_5032.1.60,Mrg06,116,0,740.9
avgbs_cluster_28450.1.8,Mrg06,146.8,0.138351536,771.7
avgbs_119356.1.61,Mrg08,20.4,0.519420061,792.1
avgbs_51768.1.64,Mrg08,31.5,0.142916048,803.2
avgbs_cluster_10424.1.20,Mrg08,31.6,0.414943838,803.3
avgbs_6K_2425.1.6,Mrg08,31.7,0,803.4
avgbs_118168.1.38,Mrg08,32.1,0.861235571,803.8
avgbs_89655.1.37,Mrg08,41.5,0.385603146,813.2
avgbs_124241.1.19,Mrg08,42.7,0.315516929,814.4
avgbs_cluster_22342.1.57,Mrg08,52.5,0.531849715,824.2
avgbs_6235.1.26,Mrg08,54.7,0.567043883,826.4
avgbs_124732.1.14,Mrg08,56.5,0.401190627,828.2
avgbs_cluster_35338.1.14,Mrg08,57.7,0.624338207,829.4
avgbs_cluster_35338.1.17,Mrg08,57.7,0.624338207,829.4
avgbs_cluster_35338.1.48,Mrg08,57.7,0.624338207,829.4
avgbs_108418.1.63,Mrg08,58,0.157815508,829.7
avgbs_108575.1.42,Mrg08,58,0.144477663,829.7
avgbs_89302.1.21,Mrg08,58,0.477300946,829.7
avgbs_cluster_15924.1.18,Mrg08,58,0.006484219,829.7
avgbs_cluster_15924.1.60,Mrg08,58,0.006484219,829.7
avgbs_49690.1.22,Mrg08,58.3,1.168715332,830
avgbs_21338.1.19,Mrg08,58.5,0.625805909,830.2
avgbs_cluster_16753.1.48,Mrg08,60.3,0.980946629,832
avgbs_213444.1.40,Mrg08,61,0.777170406,832.7
avgbs_100543.1.9,Mrg08,61.2,0.298886267,832.9
avgbs_cluster_3938.1.53,Mrg08,61.3,0.393036131,833
avgbs_cluster_26772.1.7,Mrg08,61.5,0.193585063,833.2
avgbs_112738.1.56,Mrg08,62.4,0.825968825,834.1
avgbs_118285.1.52,Mrg08,62.4,0,834.1
avgbs_23326.1.53,Mrg08,62.4,0,834.1
avgbs_65804.1.16,Mrg08,62.4,0,834.1
avgbs_6K_107615.1.61,Mrg08,62.4,0,834.1
avgbs_cluster_12986.1.8,Mrg08,62.4,0,834.1
avgbs_cluster_24227.1.35,Mrg08,62.4,0,834.1
avgbs_cluster_28549.1.23,Mrg08,62.4,0,834.1
avgbs_cluster_34162.1.57,Mrg08,62.4,0,834.1
avgbs_cluster_34220.1.39,Mrg08,62.4,0,834.1
avgbs_cluster_3515.1.57,Mrg08,62.4,0,834.1
avgbs_cluster_6432.1.62,Mrg08,62.4,0,834.1
avgbs_cluster_6522.1.24,Mrg08,62.4,0,834.1
avgbs_cluster_6522.1.52,Mrg08,62.4,0,834.1
avgbs_cluster_34220.1.17,Mrg08,63.1,0.404591025,834.8
avgbs_5004.1.28,Mrg08,63.7,0.634465952,835.4
avgbs_cluster_22594.1.42,Mrg08,64.5,0.152676643,836.2
avgbs_101383.1.46,Mrg08,71.1,0.380211264,842.8
avgbs_75515.1.6,Mrg08,71.1,0.527429972,842.8
avgbs_cluster_14492.1.6,Mrg08,71.1,0.093217081,842.8
avgbs_cluster_6615.1.24,Mrg08,71.1,1.418220339,842.8
avgbs_cluster_34617.1.33,Mrg08,72,0.342407603,843.7
avgbs_cluster_9365.1.36,Mrg08,77.1,0.281711495,848.8
avgbs_cluster_23686.1.30,Mrg08,77.8,0,849.5
avgbs_113841.1.36,Mrg08,81.4,0.284117887,853.1
avgbs_cluster_13927.1.45,Mrg08,81.4,0.146261103,853.1
avgbs_cluster_40459.1.15,Mrg08,81.5,1.181180403,853.2
avgbs_36938.1.25,Mrg08,86.2,0.312807618,857.9
avgbs_cluster_20192.1.20,Mrg08,86.2,0.305619897,857.9
avgbs_cluster_2764.1.31,Mrg08,86.2,0.129647523,857.9
avgbs_cluster_53251.1.24,Mrg08,86.2,1.037504445,857.9
avgbs_cluster_19139.1.42,Mrg08,87.4,0.34225846,859.1
avgbs_cluster_19139.1.44,Mrg08,87.4,0,859.1
avgbs_cluster_16555.1.26,Mrg08,92,0.296419327,863.7
avgbs_cluster_17507.1.32,Mrg08,92.4,0.477374005,864.1
avgbs_cluster_32026.1.10,Mrg08,93.3,0,865
avgbs_cluster_3173.1.11,Mrg08,93.5,0.003378267,865.2
avgbs_cluster_3173.1.7,Mrg08,93.5,0.003378267,865.2
avgbs_6K_112993.1.59,Mrg08,96.6,0.253652823,868.3
avgbs_6K_6231.1.9,Mrg08,97.3,0.220019524,869
avgbs_cluster_40756.1.47,Mrg08,99.6,0.789944951,871.3
avgbs_213541.1.32,Mrg08,105.5,0.366059744,877.2
avgbs_89273.1.19,Mrg08,105.5,0.013955209,877.2
avgbs_cluster_10083.1.14,Mrg08,105.5,1.354663664,877.2
avgbs_cluster_38870.1.62,Mrg08,107.1,0.182516412,878.8
avgbs_cluster_6459.1.42,Mrg08,109,0,880.7
avgbs_14278.1.17,Mrg08,109.9,0.230058079,881.6
avgbs_cluster_37107.1.29,Mrg08,110.1,0.342850987,881.8
avgbs_cluster_37107.1.53,Mrg08,110.1,0.342850987,881.8
avgbs_87472.1.59,Mrg08,110.2,0,881.9
avgbs_cluster_35970.1.47,Mrg08,111.3,0.044795345,883
avgbs_124847.1.49,Mrg08,112.5,0.051655724,884.2
avgbs_17797.1.54,Mrg08,112.5,0.238640355,884.2
avgbs_25121.1.19,Mrg08,112.5,0.215250231,884.2
avgbs_6K_821.1.55,Mrg08,112.5,0.206365825,884.2
avgbs_6K_99288.1.8,Mrg08,117.5,0.361508244,889.2
avgbs_cluster_28031.1.24,Mrg08,117.5,1.604086039,889.2
avgbs_18744.1.57,Mrg08,117.9,0.29557409,889.6
avgbs_20668.1.20,Mrg08,118.8,1.112731789,890.5
avgbs_cluster_23058.1.36,Mrg08,118.8,0.814840141,890.5
avgbs_cluster_36286.1.16,Mrg08,118.8,1.02565513,890.5
avgbs_76220.1.9,Mrg08,118.9,1.219133406,890.6
avgbs_113334.1.15,Mrg08,121.2,0,892.9
avgbs_114987.1.47,Mrg08,121.2,0.7780831,892.9
avgbs_125774.1.18,Mrg08,121.2,0.102288855,892.9
avgbs_cluster_18294.1.27,Mrg08,121.2,0.574393906,892.9
avgbs_cluster_27539.1.10,Mrg08,121.2,0,892.9
avgbs_cluster_27539.1.51,Mrg08,121.2,1.817169773,892.9
avgbs_cluster_35379.1.20,Mrg08,121.2,0,892.9
avgbs_cluster_6509.1.62,Mrg08,121.2,0.82814912,892.9
avgbs_cluster_7742.1.14,Mrg08,121.2,0.441326595,892.9
avgbs_cluster_584.1.51,Mrg08,122.2,0.090587274,893.9
avgbs_124191.1.40,Mrg08,123.6,0.535908888,895.3
avgbs_126302.1.17,Mrg08,123.6,0,895.3
avgbs_50532.1.22,Mrg08,123.6,0,895.3
avgbs_99510.1.39,Mrg08,123.6,0.200959977,895.3
avgbs_cluster_2189.1.61,Mrg08,123.6,0.236052476,895.3
avgbs_cluster_2189.1.7,Mrg08,123.6,0.236052476,895.3
avgbs_cluster_25201.1.27,Mrg08,123.6,0.022114605,895.3
avgbs_cluster_25201.1.51,Mrg08,123.6,0.054822212,895.3
avgbs_cluster_34698.1.24,Mrg08,123.6,0.00859004,895.3
avgbs_cluster_58448.1.45,Mrg08,123.6,0.271433281,895.3
avgbs_cluster_58448.1.53,Mrg08,123.6,0.271433281,895.3
avgbs_cluster_58448.1.57,Mrg08,123.6,0.271433281,895.3
avgbs_cluster_10508.1.24,Mrg08,125.3,0.435647448,897
avgbs_cluster_10508.1.32,Mrg08,125.3,0.435647448,897
avgbs_cluster_38966.1.57,Mrg08,125.3,0.295219923,897
avgbs_cluster_24970.1.60,Mrg08,129.3,0.790400257,901
avgbs_41368.1.61,Mrg08,129.6,0.076032114,901.3
avgbs_49672.1.20,Mrg08,129.6,0.430129383,901.3
avgbs_61773.1.54,Mrg08,129.6,0.323967733,901.3
avgbs_73320.1.37,Mrg08,129.6,0,901.3
avgbs_cluster_1597.1.17,Mrg08,129.6,0.274854529,901.3
avgbs_cluster_1901.1.43,Mrg08,129.6,0,901.3
avgbs_cluster_1901.1.57,Mrg08,129.6,0,901.3
avgbs_cluster_25190.1.23,Mrg08,129.6,0.101847467,901.3
avgbs_cluster_27156.1.35,Mrg08,129.6,0,901.3
avgbs_cluster_28031.1.49,Mrg08,129.6,1.844754592,901.3
avgbs_cluster_38565.1.31,Mrg08,129.6,0.212405714,901.3
avgbs_cluster_40327.1.22,Mrg08,129.6,0.61204527,901.3
avgbs_cluster_40327.1.64,Mrg08,129.6,0.61204527,901.3
avgbs_cluster_57940.1.11,Mrg08,129.6,0.04022149,901.3
avgbs_cluster_57940.1.41,Mrg08,129.6,0.04022149,901.3
avgbs_4207.1.57,Mrg08,131.4,0,903.1
avgbs_73334.1.45,Mrg08,132.9,0,904.6
avgbs_cluster_6313.1.19,Mrg08,133.3,0,905
avgbs_cluster_6313.1.52,Mrg08,133.3,0,905
avgbs_cluster_6313.1.59,Mrg08,133.3,0,905
avgbs_35852.1.14,Mrg08,134,0,905.7
avgbs_60047.1.41,Mrg08,134,0.201674778,905.7
avgbs_102137.1.60,Mrg08,134.1,0.009916713,905.8
avgbs_114668.1.53,Mrg08,137.4,0,909.1
avgbs_19061.1.25,Mrg08,137.4,0,909.1
avgbs_cluster_18144.1.53,Mrg08,137.4,0,909.1
avgbs_cluster_34984.1.28,Mrg08,137.4,0,909.1
avgbs_cluster_34984.1.46,Mrg08,137.4,0,909.1
avgbs_cluster_34984.1.8,Mrg08,137.4,0,909.1
avgbs_46672.1.62,Mrg08,140.5,0.056462535,912.2
avgbs_cluster_18144.2.59,Mrg08,140.8,0.137801139,912.5
avgbs_126110.1.37,Mrg08,141,0.169591729,912.7
avgbs_100138.1.18,Mrg08,142,0.137327879,913.7
avgbs_10880.1.9,Mrg08,142,0.052294919,913.7
avgbs_111376.1.37,Mrg08,142,1.580213121,913.7
avgbs_cluster_2354.1.24,Mrg08,142,0,913.7
avgbs_cluster_270.1.33,Mrg08,142,0.352112382,913.7
avgbs_cluster_32680.1.13,Mrg08,142,1.342321719,913.7
avgbs_cluster_32680.1.42,Mrg08,142,1.342321719,913.7
avgbs_cluster_35738.1.42,Mrg08,142,0.839520934,913.7
avgbs_cluster_35738.1.53,Mrg08,142,0.839520934,913.7
avgbs_cluster_49790.2.11,Mrg08,142,0,913.7
avgbs_cluster_49790.2.62,Mrg08,142,0,913.7
avgbs_cluster_49790.2.64,Mrg08,142,0,913.7
avgbs_15676.1.31,Mrg08,142.3,0.165147216,914
avgbs_cluster_28096.1.16,Mrg08,142.3,1.356227219,914
avgbs_cluster_28096.1.53,Mrg08,142.3,1.356227219,914
avgbs_cluster_28544.1.28,Mrg08,142.3,0.054235804,914
avgbs_cluster_36530.1.54,Mrg08,142.8,0.411799778,914.5
avgbs_cluster_4383.1.40,Mrg08,143.7,0.389156003,915.4
avgbs_cluster_4383.1.48,Mrg08,143.7,0.389156003,915.4
avgbs_105180.1.43,Mrg08,144.6,0.097774113,916.3
avgbs_cluster_2913.1.44,Mrg08,145.2,0.118389411,916.9
avgbs_7505.1.16,Mrg08,145.7,0.856614301,917.4
avgbs_10371.1.9,Mrg08,146.1,0.737266777,917.8
avgbs_cluster_20678.1.33,Mrg08,146.1,0.911375003,917.8
avgbs_cluster_35408.1.7,Mrg08,146.1,0.377499013,917.8
avgbs_216133.1.22,Mrg08,147.3,0.055231143,919
avgbs_cluster_23994.1.31,Mrg08,147.3,0.982544061,919
avgbs_cluster_35154.1.64,Mrg08,147.3,0,919
avgbs_cluster_38899.1.25,Mrg08,147.3,0,919
avgbs_32733.1.59,Mrg08,149,0.042477494,920.7
avgbs_200659.1.49,Mrg08,149.1,0,920.8
avgbs_76639.1.64,Mrg08,149.1,0.236352264,920.8
avgbs_97832.1.57,Mrg08,149.1,0.394210512,920.8
avgbs_cluster_11170.1.34,Mrg08,149.1,0.073644625,920.8
avgbs_cluster_11170.1.54,Mrg08,149.1,0.073644625,920.8
avgbs_cluster_38966.1.12,Mrg08,149.1,0,920.8
avgbs_15359.1.47,Mrg08,149.2,0.1412556,920.9
avgbs_cluster_26051.1.15,Mrg08,149.2,0.495331506,920.9
avgbs_cluster_43901.1.23,Mrg08,149.2,0,920.9
avgbs_cluster_5522.1.29,Mrg08,149.2,1.088234119,920.9
avgbs_cluster_5522.1.36,Mrg08,149.2,1.088234119,920.9
avgbs_cluster_5522.1.49,Mrg08,149.2,1.088234119,920.9
avgbs_cluster_775.1.11,Mrg08,150.9,0.664397287,922.6
avgbs_42793.1.51,Mrg08,151.9,2.10E-05,923.6
avgbs_cluster_23994.1.47,Mrg08,151.9,1.508621897,923.6
avgbs_cluster_34269.1.22,Mrg08,151.9,0.137210674,923.6
avgbs_cluster_3759.1.62,Mrg08,151.9,0.366815745,923.6
avgbs_cluster_3759.1.64,Mrg08,151.9,0.366815745,923.6
avgbs_cluster_37894.1.46,Mrg08,151.9,0.197383031,923.6
avgbs_104405.1.22,Mrg08,153.1,0.913395813,924.8
avgbs_109927.1.14,Mrg08,153.1,0.248220501,924.8
avgbs_6K_13916.1.54,Mrg08,153.1,0,924.8
avgbs_27260.1.63,Mrg08,153.4,0.184019065,925.1
avgbs_cluster_22157.1.54,Mrg08,153.6,0.608084837,925.3
avgbs_114648.1.63,Mrg08,156.8,1.253575794,928.5
avgbs_cluster_16354.1.26,Mrg08,157,1.494729864,928.7
avgbs_cluster_16354.1.50,Mrg08,157,1.494729864,928.7
avgbs_cluster_16354.1.53,Mrg08,157,1.494729864,928.7
avgbs_cluster_9713.1.26,Mrg08,176,0.571931294,947.7
avgbs_cluster_9713.1.38,Mrg08,176,0.571931294,947.7
avgbs_cluster_9713.1.61,Mrg08,176,0.571931294,947.7
avgbs_cluster_35163.1.33,Mrg08,182.3,0.081186006,954
avgbs_cluster_35163.1.37,Mrg08,182.3,0.081186006,954
avgbs_cluster_13606.1.14,Mrg08,192.8,0,964.5
avgbs_38507.1.13,Mrg08,197.1,1.968500773,968.8
avgbs_41527.1.45,Mrg09,5.1,0.048447824,973.9
avgbs_31594.1.13,Mrg09,10.4,0.405752042,979.2
avgbs_10179.1.63,Mrg09,13.8,0.518095574,982.6
avgbs_20605.1.29,Mrg09,13.8,0.198700636,982.6
avgbs_cluster_8860.1.28,Mrg09,13.8,0.30863828,982.6
avgbs_cluster_8860.1.29,Mrg09,13.8,0.30863828,982.6
avgbs_cluster_8860.1.33,Mrg09,13.8,0.30863828,982.6
avgbs_cluster_5964.1.45,Mrg09,15.5,0.264011435,984.3
avgbs_72296.1.41,Mrg09,16,0.307752153,984.8
avgbs_7172.1.11,Mrg09,16.2,0,985
avgbs_37501.1.11,Mrg09,16.3,0,985.1
avgbs_cluster_30.1.54,Mrg09,16.3,0.043010239,985.1
avgbs_cluster_6676.1.28,Mrg09,16.3,0.100985272,985.1
avgbs_cluster_7517.1.15,Mrg09,16.3,0.192018211,985.1
avgbs_cluster_51932.1.43,Mrg09,20.8,0,989.6
avgbs_cluster_51932.1.61,Mrg09,20.8,0,989.6
avgbs_86782.1.50,Mrg09,22,0.024891959,990.8
avgbs_99998.1.36,Mrg09,22,0.027625867,990.8
avgbs_71467.1.19,Mrg09,22.2,0.004749641,991
avgbs_cluster_10837.1.36,Mrg09,22.2,0.071326373,991
avgbs_cluster_10837.1.7,Mrg09,22.2,0.071326373,991
avgbs_cluster_39212.1.35,Mrg09,22.5,0,991.3
avgbs_cluster_30410.1.29,Mrg09,25.2,0,994
avgbs_cluster_27744.1.36,Mrg09,28.5,0.270792972,997.3
avgbs_64396.1.24,Mrg09,30.4,0.397552713,999.2
avgbs_69745.1.56,Mrg09,31.6,0.283265826,1000.4
avgbs_123973.1.56,Mrg09,36,0,1004.8
avgbs_cluster_7265.1.52,Mrg09,36.2,0.444574937,1005
avgbs_28348.1.39,Mrg09,38.2,0,1007
avgbs_123839.1.36,Mrg09,40.3,0.054109913,1009.1
avgbs_20311.1.15,Mrg09,40.3,0.128560321,1009.1
avgbs_44769.1.31,Mrg09,40.3,0.294786123,1009.1
avgbs_50081.1.30,Mrg09,40.3,0.365627066,1009.1
avgbs_6K_100229.1.56,Mrg09,40.3,0.167140604,1009.1
avgbs_9710.1.6,Mrg09,40.3,0.190037106,1009.1
avgbs_cluster_9020.1.37,Mrg09,40.3,0.885342709,1009.1
avgbs_103663.1.13,Mrg09,42.6,0.59413103,1011.4
avgbs_115533.1.46,Mrg09,42.6,0.243642136,1011.4
avgbs_124656.1.9,Mrg09,42.6,0.078467178,1011.4
avgbs_83393.1.31,Mrg09,42.6,0,1011.4
avgbs_cluster_16108.1.31,Mrg09,42.6,0.181148302,1011.4
avgbs_cluster_22909.1.40,Mrg09,42.6,0.162468993,1011.4
avgbs_cluster_29568.1.47,Mrg09,42.6,0.384960779,1011.4
avgbs_cluster_45.1.14,Mrg09,42.6,0.159251247,1011.4
avgbs_cluster_19531.1.7,Mrg09,42.9,0.677433431,1011.7
avgbs_110529.1.18,Mrg09,43.4,0.430284578,1012.2
avgbs_110867.1.49,Mrg09,43.4,0.318381462,1012.2
avgbs_121340.1.44,Mrg09,43.4,0.430284578,1012.2
avgbs_24507.1.28,Mrg09,43.4,0.243642136,1012.2
avgbs_2652.1.7,Mrg09,43.4,0.182646114,1012.2
avgbs_4299.1.9,Mrg09,43.4,0.319185469,1012.2
avgbs_52407.1.8,Mrg09,43.4,0.095943697,1012.2
avgbs_68094.1.34,Mrg09,43.4,0.820727549,1012.2
avgbs_79604.1.39,Mrg09,43.4,0.312086136,1012.2
avgbs_80450.1.18,Mrg09,43.4,0.186941204,1012.2
avgbs_80910.1.23,Mrg09,43.4,0.06105486,1012.2
avgbs_94419.1.28,Mrg09,43.4,0.355878022,1012.2
avgbs_cluster_20361.1.30,Mrg09,43.4,0.10222207,1012.2
avgbs_cluster_20361.1.57,Mrg09,43.4,0.10222207,1012.2
avgbs_cluster_32345.1.47,Mrg09,43.4,0.03922943,1012.2
avgbs_103330.1.8,Mrg09,44.7,0.396242753,1013.5
avgbs_11341.1.62,Mrg09,44.7,0.33382354,1013.5
avgbs_118180.1.62,Mrg09,44.7,0.430284578,1013.5
avgbs_120060.1.20,Mrg09,44.7,0.452300681,1013.5
avgbs_120130.1.47,Mrg09,44.7,0.134965568,1013.5
avgbs_124663.1.28,Mrg09,44.7,0.173698344,1013.5
avgbs_125141.1.14,Mrg09,44.7,0.400735474,1013.5
avgbs_14459.1.6,Mrg09,44.7,0,1013.5
avgbs_1533.1.38,Mrg09,44.7,0,1013.5
avgbs_18454.1.16,Mrg09,44.7,0.069452469,1013.5
avgbs_23586.1.58,Mrg09,44.7,0.06105486,1013.5
avgbs_31212.1.57,Mrg09,44.7,0.527083577,1013.5
avgbs_36709.1.56,Mrg09,44.7,0.631206916,1013.5
avgbs_39058.1.63,Mrg09,44.7,0.06105486,1013.5
avgbs_50076.1.16,Mrg09,44.7,0,1013.5
avgbs_50978.1.58,Mrg09,44.7,0.267359607,1013.5
avgbs_56941.1.38,Mrg09,44.7,0.021408089,1013.5
avgbs_60965.1.13,Mrg09,44.7,0.456769905,1013.5
avgbs_7886.1.63,Mrg09,44.7,0.430284578,1013.5
avgbs_85886.1.50,Mrg09,44.7,0.066616601,1013.5
avgbs_86611.1.50,Mrg09,44.7,0.56879592,1013.5
avgbs_cluster_16856.1.25,Mrg09,44.7,0.409171082,1013.5
avgbs_cluster_21908.1.26,Mrg09,44.7,0.135466722,1013.5
avgbs_cluster_24893.1.6,Mrg09,44.7,0.629888291,1013.5
avgbs_cluster_2814.1.20,Mrg09,44.7,0.300073596,1013.5
avgbs_cluster_33230.1.48,Mrg09,44.7,0.214550169,1013.5
avgbs_cluster_38872.1.18,Mrg09,44.7,0.462281236,1013.5
avgbs_cluster_51174.1.27,Mrg09,44.7,0.011293193,1013.5
avgbs_cluster_51174.1.28,Mrg09,44.7,0.011293193,1013.5
avgbs_122617.1.28,Mrg09,45.6,0.014865862,1014.4
avgbs_cluster_5326.1.29,Mrg09,46,0.601272606,1014.8
avgbs_45430.1.7,Mrg09,47.1,0.270265213,1015.9
avgbs_91691.1.15,Mrg09,47.1,0.249103368,1015.9
avgbs_cluster_14436.1.14,Mrg09,47.1,0.007968486,1015.9
avgbs_cluster_14436.1.24,Mrg09,47.1,0.007968486,1015.9
avgbs_110564.1.25,Mrg09,48.2,0,1017
avgbs_16714.1.44,Mrg09,48.2,0.430284578,1017
avgbs_84833.1.45,Mrg09,48.2,0.40453764,1017
avgbs_cluster_6778.1.62,Mrg09,48.2,0.397753704,1017
avgbs_115432.1.19,Mrg09,49.2,0.06105486,1018
avgbs_116301.1.11,Mrg09,49.2,0.36352695,1018
avgbs_19762.1.16,Mrg09,49.2,0,1018
avgbs_37426.1.48,Mrg09,49.2,0,1018
avgbs_39782.1.64,Mrg09,49.2,0.444415727,1018
avgbs_4350.1.46,Mrg09,49.2,0.601159593,1018
avgbs_43580.1.15,Mrg09,49.2,0.240241445,1018
avgbs_65553.1.39,Mrg09,49.2,0.340416792,1018
avgbs_72307.1.45,Mrg09,49.2,0.610222328,1018
avgbs_cluster_22379.1.46,Mrg09,49.2,0,1018
avgbs_cluster_2707.1.12,Mrg09,49.2,0,1018
avgbs_cluster_2707.1.53,Mrg09,49.2,0.055162755,1018
avgbs_cluster_2707.1.56,Mrg09,49.2,0.273879082,1018
avgbs_92515.1.34,Mrg09,49.4,0.177346486,1018.2
avgbs_73229.1.58,Mrg09,50.1,0,1018.9
avgbs_115083.1.39,Mrg09,50.9,0.083203974,1019.7
avgbs_21265.1.14,Mrg09,50.9,0.16709053,1019.7
avgbs_28229.1.61,Mrg09,50.9,0.54065599,1019.7
avgbs_79119.1.34,Mrg09,50.9,0.056357727,1019.7
avgbs_80753.1.36,Mrg09,50.9,0.133028448,1019.7
avgbs_96277.1.64,Mrg09,50.9,0.313587909,1019.7
avgbs_cluster_10094.1.59,Mrg09,50.9,0.213147843,1019.7
avgbs_cluster_20332.1.17,Mrg09,50.9,0.232830593,1019.7
avgbs_cluster_36152.1.63,Mrg09,50.9,0.086163422,1019.7
avgbs_cluster_36152.1.64,Mrg09,50.9,0.086163422,1019.7
avgbs_cluster_39529.1.16,Mrg09,50.9,0.293262264,1019.7
avgbs_cluster_39529.1.38,Mrg09,50.9,0.072699487,1019.7
avgbs_cluster_39529.1.58,Mrg09,50.9,0.293262264,1019.7
avgbs_cluster_40898.1.19,Mrg09,50.9,0.055795555,1019.7
avgbs_cluster_40898.1.42,Mrg09,50.9,0.055795555,1019.7
avgbs_84274.1.48,Mrg09,53.1,0.978513225,1021.9
avgbs_cluster_11497.1.60,Mrg09,53.1,0.952780735,1021.9
avgbs_cluster_1344.1.56,Mrg09,53.1,0.908722963,1021.9
avgbs_cluster_1344.1.62,Mrg09,53.1,0.908722963,1021.9
avgbs_cluster_1874.1.9,Mrg09,53.1,0.091872995,1021.9
avgbs_cluster_34763.1.50,Mrg09,54.3,0.948774302,1023.1
avgbs_cluster_78.1.63,Mrg09,56.5,0.079417511,1025.3
avgbs_7957.1.53,Mrg09,61.8,0.04123803,1030.6
avgbs_65419.1.48,Mrg09,63.3,0.089288124,1032.1
avgbs_25574.1.11,Mrg09,63.6,0.218609332,1032.4
avgbs_72706.1.58,Mrg09,63.7,0,1032.5
avgbs_112719.1.47,Mrg09,64.7,0.450834599,1033.5
avgbs_cluster_30373.1.64,Mrg09,65.2,2.454917592,1034
avgbs_53710.1.11,Mrg09,66.4,1.917794738,1035.2
avgbs_cluster_37467.1.21,Mrg09,67.5,0.526837335,1036.3
avgbs_cluster_37467.1.22,Mrg09,67.5,0.526837335,1036.3
avgbs_cluster_25297.1.49,Mrg09,68.1,0.39861737,1036.9
avgbs_86509.1.10,Mrg09,68.3,0.002381353,1037.1
avgbs_cluster_24445.1.60,Mrg09,68.3,0.268451313,1037.1
avgbs_21547.1.30,Mrg09,71.5,1.717624168,1040.3
avgbs_cluster_38474.1.23,Mrg09,71.5,1.694154339,1040.3
avgbs_cluster_38474.1.31,Mrg09,71.5,1.694154339,1040.3
avgbs_cluster_19238.1.64,Mrg09,72.3,1.88789481,1041.1
avgbs_110054.1.50,Mrg09,73.5,0.079722887,1042.3
avgbs_115117.1.34,Mrg09,73.5,2.447481092,1042.3
avgbs_117384.1.38,Mrg09,73.5,1.18879021,1042.3
avgbs_84577.1.44,Mrg09,73.5,0.08304771,1042.3
avgbs_92056.1.28,Mrg09,73.5,0.280284802,1042.3
avgbs_cluster_10180.1.48,Mrg09,73.5,1.686123859,1042.3
avgbs_cluster_1327.1.10,Mrg09,73.5,1.657254354,1042.3
avgbs_cluster_1327.1.63,Mrg09,73.5,1.657254354,1042.3
avgbs_cluster_3723.1.45,Mrg09,73.5,1.719644332,1042.3
avgbs_32110.1.34,Mrg09,75.9,0.318871504,1044.7
avgbs_112850.1.49,Mrg09,78.3,0.193791777,1047.1
avgbs_32064.1.16,Mrg09,78.3,0.052230072,1047.1
avgbs_62515.1.53,Mrg09,78.3,2.936387869,1047.1
avgbs_77246.1.52,Mrg09,78.3,0.321659003,1047.1
avgbs_cluster_32001.1.11,Mrg09,78.3,0.264631896,1047.1
avgbs_cluster_34902.1.52,Mrg09,78.3,0.108431852,1047.1
avgbs_cluster_37548.1.25,Mrg09,78.3,0.102229403,1047.1
avgbs_cluster_22076.1.60,Mrg09,79.2,0.267645107,1048
avgbs_cluster_22076.1.61,Mrg09,79.2,0.267645107,1048
avgbs_111260.1.51,Mrg09,79.7,0.091180073,1048.5
avgbs_cluster_37967.1.53,Mrg09,80.2,0.373472055,1049
avgbs_6273.1.32,Mrg09,82.3,0.76765995,1051.1
avgbs_73970.1.13,Mrg09,82.3,1.798940311,1051.1
avgbs_78214.1.12,Mrg09,82.3,0.7671493,1051.1
avgbs_cluster_34554.1.61,Mrg09,82.3,1.150535624,1051.1
avgbs_cluster_31987.1.15,Mrg09,84.4,2.150009702,1053.2
avgbs_116088.1.13,Mrg09,84.9,0,1053.7
avgbs_121088.1.44,Mrg09,84.9,0.179039667,1053.7
avgbs_cluster_31807.1.33,Mrg09,85.6,0.28496919,1054.4
avgbs_7970.1.50,Mrg09,85.9,1.243668574,1054.7
avgbs_110773.1.7,Mrg09,86.1,0,1054.9
avgbs_6359.1.38,Mrg09,86.1,0.291139396,1054.9
avgbs_cluster_650.1.11,Mrg09,86.1,0,1054.9
avgbs_7452.1.17,Mrg09,86.3,0.610079155,1055.1
avgbs_12770.1.20,Mrg09,86.7,0.835880734,1055.5
avgbs_4829.1.6,Mrg09,86.7,0.017893129,1055.5
avgbs_cluster_18841.1.35,Mrg09,86.7,0.582804037,1055.5
avgbs_cluster_18841.1.47,Mrg09,86.7,0.582804037,1055.5
avgbs_cluster_35710.1.64,Mrg09,86.7,1.328947791,1055.5
avgbs_101226.1.46,Mrg09,86.8,0.136507465,1055.6
avgbs_215439.1.45,Mrg09,86.8,0.67463665,1055.6
avgbs_32237.1.40,Mrg09,86.8,0.262592975,1055.6
avgbs_33137.1.63,Mrg09,86.8,1.040693298,1055.6
avgbs_6K_32694.1.58,Mrg09,86.8,0,1055.6
avgbs_cluster_31987.1.26,Mrg09,86.8,0.852827724,1055.6
avgbs_cluster_32485.1.57,Mrg09,86.8,0,1055.6
avgbs_cluster_32485.1.58,Mrg09,86.8,0,1055.6
avgbs_cluster_32485.1.63,Mrg09,86.8,0,1055.6
avgbs_cluster_35447.1.18,Mrg09,86.8,1.039860112,1055.6
avgbs_cluster_35447.1.35,Mrg09,86.8,0.082509927,1055.6
avgbs_cluster_39401.1.62,Mrg09,86.8,0.073954711,1055.6
avgbs_cluster_39401.1.63,Mrg09,86.8,0.073954711,1055.6
avgbs_cluster_39401.1.64,Mrg09,86.8,0.073954711,1055.6
avgbs_cluster_467.1.14,Mrg09,86.8,0.848859395,1055.6
avgbs_cluster_4879.1.11,Mrg09,86.8,0.291139396,1055.6
avgbs_cluster_4879.1.61,Mrg09,86.8,0.291139396,1055.6
avgbs_cluster_34392.1.12,Mrg09,88.5,0,1057.3
avgbs_cluster_34392.1.24,Mrg09,88.5,0,1057.3
avgbs_cluster_15413.1.26,Mrg09,89,0.218004628,1057.8
avgbs_cluster_15413.1.51,Mrg09,89,0.218004628,1057.8
avgbs_cluster_467.1.9,Mrg09,89.9,0,1058.7
avgbs_106887.1.36,Mrg09,91.9,0.127240113,1060.7
avgbs_123740.1.16,Mrg09,91.9,0.568189513,1060.7
avgbs_200312.1.62,Mrg09,91.9,0.107213742,1060.7
avgbs_99086.1.26,Mrg09,91.9,0.033618415,1060.7
avgbs_cluster_12655.1.16,Mrg09,91.9,0,1060.7
avgbs_cluster_12655.1.23,Mrg09,91.9,0,1060.7
avgbs_cluster_12655.1.61,Mrg09,91.9,0,1060.7
avgbs_cluster_2768.1.33,Mrg09,91.9,0.360079462,1060.7
avgbs_cluster_3763.1.53,Mrg09,91.9,0.056060977,1060.7
avgbs_cluster_40502.1.27,Mrg09,91.9,0.344703449,1060.7
avgbs_cluster_2937.1.23,Mrg09,92.8,0.059949013,1061.6
avgbs_114373.1.36,Mrg09,93,0.006299319,1061.8
avgbs_cluster_10588.1.18,Mrg09,94.6,0.653213047,1063.4
avgbs_cluster_10588.1.60,Mrg09,94.6,0.653213047,1063.4
avgbs_98336.1.44,Mrg09,94.9,0.128667746,1063.7
avgbs_24711.1.13,Mrg09,96.5,0,1065.3
avgbs_6847.1.32,Mrg09,96.8,0.557576226,1065.6
avgbs_8444.1.29,Mrg09,98.1,0.207760091,1066.9
avgbs_cluster_9592.1.62,Mrg09,98.1,0.811437983,1066.9
avgbs_126333.1.20,Mrg09,100,0.007083983,1068.8
avgbs_cluster_40044.1.64,Mrg09,100.1,0,1068.9
avgbs_38609.1.6,Mrg09,101.2,0,1070
avgbs_cluster_9832.1.53,Mrg09,101.5,0.078207743,1070.3
avgbs_121013.1.43,Mrg09,101.8,0,1070.6
avgbs_cluster_2502.1.26,Mrg09,101.8,0.054890166,1070.6
avgbs_118051.1.17,Mrg09,103.8,0,1072.6
avgbs_120415.1.15,Mrg09,103.8,0,1072.6
avgbs_1217.1.11,Mrg09,103.8,0,1072.6
avgbs_20545.1.56,Mrg09,103.8,0,1072.6
avgbs_70400.1.25,Mrg09,103.8,0.175096014,1072.6
avgbs_98842.1.56,Mrg09,103.8,0.487139208,1072.6
avgbs_cluster_33791.1.37,Mrg09,103.8,0.903005091,1072.6
avgbs_cluster_5018.1.50,Mrg09,103.8,0,1072.6
avgbs_cluster_9832.1.49,Mrg09,103.8,0,1072.6
avgbs_cluster_40070.1.36,Mrg09,109,0.950077191,1077.8
avgbs_99655.1.51,Mrg09,110.5,0.23689569,1079.3
avgbs_117283.1.51,Mrg09,111.3,0.165322392,1080.1
avgbs_125292.1.17,Mrg09,111.3,0.335065468,1080.1
avgbs_75366.1.20,Mrg09,111.3,0.378805734,1080.1
avgbs_cluster_783.1.59,Mrg09,111.3,0,1080.1
avgbs_cluster_5467.1.37,Mrg09,111.4,0.232845522,1080.2
avgbs_115091.1.62,Mrg09,111.7,0.377962267,1080.5
avgbs_15000.1.22,Mrg09,111.7,1.274196883,1080.5
avgbs_15807.1.37,Mrg09,111.7,1.559954784,1080.5
avgbs_98816.1.14,Mrg09,111.7,0.937980982,1080.5
avgbs_cluster_2290.1.26,Mrg09,111.7,0.377962267,1080.5
avgbs_cluster_2290.1.51,Mrg09,111.7,0.377962267,1080.5
avgbs_cluster_32721.1.44,Mrg09,111.7,0.645163136,1080.5
avgbs_cluster_32721.1.62,Mrg09,111.7,0.645163136,1080.5
avgbs_cluster_34422.1.40,Mrg09,111.7,0,1080.5
avgbs_cluster_34422.1.44,Mrg09,111.7,0,1080.5
avgbs_cluster_7383.1.6,Mrg09,111.7,0.940245284,1080.5
avgbs_cluster_7383.1.7,Mrg09,111.7,0.940245284,1080.5
avgbs_110740.1.24,Mrg09,112,0.651575879,1080.8
avgbs_cluster_25913.1.32,Mrg09,115.6,0.16012132,1084.4
avgbs_107328.1.50,Mrg09,116.2,2.599687036,1085
avgbs_64382.1.52,Mrg09,116.2,0,1085
avgbs_6K_24823.1.63,Mrg09,116.2,0,1085
avgbs_86209.1.24,Mrg09,116.2,0,1085
avgbs_cluster_7006.1.31,Mrg09,116.2,1.06814679,1085
avgbs_cluster_7006.1.53,Mrg09,116.2,0,1085
avgbs_120585.1.47,Mrg09,116.4,0.566854336,1085.2
avgbs_14244.1.55,Mrg09,116.4,0.298170681,1085.2
avgbs_93021.1.16,Mrg09,116.4,0.345057757,1085.2
avgbs_cluster_36014.1.46,Mrg09,116.4,0,1085.2
avgbs_16988.1.46,Mrg09,121.6,0,1090.4
avgbs_82920.1.60,Mrg09,121.6,0.450409667,1090.4
avgbs_cluster_3113.1.64,Mrg09,121.6,0.364577318,1090.4
avgbs_cluster_40851.1.37,Mrg09,121.6,0.432206729,1090.4
avgbs_cluster_43850.1.22,Mrg09,123.6,0.685301364,1092.4
avgbs_113001.1.25,Mrg09,125.7,0.569355912,1094.5
avgbs_116795.1.25,Mrg09,125.7,0,1094.5
avgbs_82618.1.13,Mrg09,125.7,0,1094.5
avgbs_92653.1.30,Mrg09,125.7,1.240255577,1094.5
avgbs_93209.1.8,Mrg09,125.7,1.179708495,1094.5
avgbs_cluster_1307.1.12,Mrg09,125.7,0,1094.5
avgbs_cluster_1307.1.26,Mrg09,125.7,0,1094.5
avgbs_cluster_1307.1.41,Mrg09,125.7,0.959331651,1094.5
avgbs_cluster_22090.1.49,Mrg09,125.7,0.248112379,1094.5
avgbs_cluster_38994.1.14,Mrg09,125.7,0,1094.5
avgbs_cluster_7193.1.26,Mrg09,125.7,0,1094.5
avgbs_22059.1.9,Mrg09,129,0.366987196,1097.8
avgbs_5020.1.39,Mrg09,129,1.287519572,1097.8
avgbs_cluster_39105.1.17,Mrg09,129,1.025915837,1097.8
avgbs_cluster_39105.1.46,Mrg09,129,1.025915837,1097.8
avgbs_cluster_40607.1.11,Mrg09,130.4,0.830917437,1099.2
avgbs_6K_11246.1.52,Mrg09,131.6,0.13345529,1100.4
avgbs_96746.1.61,Mrg09,131.6,0.662377764,1100.4
avgbs_cluster_27561.1.15,Mrg09,131.6,0.389176621,1100.4
avgbs_cluster_40607.1.40,Mrg09,132.2,0.348786252,1101
avgbs_122292.1.52,Mrg09,132.7,0.133899487,1101.5
avgbs_21159.1.53,Mrg09,132.7,0.224199531,1101.5
avgbs_8429.1.42,Mrg09,132.7,0,1101.5
avgbs_98142.1.36,Mrg09,132.7,0.901683889,1101.5
avgbs_cluster_20532.1.34,Mrg09,132.7,0.959381982,1101.5
avgbs_cluster_3944.2.34,Mrg09,132.7,0,1101.5
avgbs_120526.1.11,Mrg09,135.5,0.081869206,1104.3
avgbs_113703.1.16,Mrg09,138.3,0,1107.1
avgbs_59269.1.25,Mrg11,3.7,0.645119557,1110.8
avgbs_92448.1.22,Mrg11,3.7,0.0921499,1110.8
avgbs_cluster_1130.1.21,Mrg11,3.7,0.080751823,1110.8
avgbs_cluster_11885.1.13,Mrg11,3.7,0,1110.8
avgbs_cluster_11885.1.22,Mrg11,3.7,0,1110.8
avgbs_cluster_11885.1.28,Mrg11,3.7,0,1110.8
avgbs_cluster_18659.1.33,Mrg11,3.7,0.540175968,1110.8
avgbs_cluster_636.1.56,Mrg11,3.7,0.133825087,1110.8
avgbs_108663.1.20,Mrg11,4.6,0.027991474,1111.7
avgbs_cluster_7079.1.27,Mrg11,6.7,0.161274878,1113.8
avgbs_cluster_17716.1.38,Mrg11,6.8,0.076671526,1113.9
avgbs_100653.1.9,Mrg11,7.2,0.413712029,1114.3
avgbs_42869.1.46,Mrg11,7.2,0.320263451,1114.3
avgbs_cluster_6340.1.12,Mrg11,7.4,0.021714527,1114.5
avgbs_10571.1.51,Mrg11,8.8,0.044703785,1115.9
avgbs_108649.1.11,Mrg11,8.8,0,1115.9
avgbs_108794.1.8,Mrg11,8.8,0,1115.9
avgbs_108953.1.30,Mrg11,8.8,0,1115.9
avgbs_110738.1.58,Mrg11,8.8,0,1115.9
avgbs_121984.1.9,Mrg11,8.8,0,1115.9
avgbs_19636.1.44,Mrg11,8.8,0.197246952,1115.9
avgbs_22737.1.12,Mrg11,8.8,0.415344925,1115.9
avgbs_28116.1.33,Mrg11,8.8,0,1115.9
avgbs_44737.1.27,Mrg11,8.8,0.925860476,1115.9
avgbs_6K_5806.1.14,Mrg11,8.8,0.443440258,1115.9
avgbs_6K_79511.1.62,Mrg11,8.8,0.147397701,1115.9
avgbs_72120.1.27,Mrg11,8.8,0.075439438,1115.9
avgbs_7875.1.61,Mrg11,8.8,0,1115.9
avgbs_7925.1.34,Mrg11,8.8,0.263101635,1115.9
avgbs_80009.1.7,Mrg11,8.8,0,1115.9
avgbs_88984.1.61,Mrg11,8.8,0.517776203,1115.9
avgbs_cluster_1508.1.7,Mrg11,8.8,0.601051713,1115.9
avgbs_cluster_1858.1.29,Mrg11,8.8,0.460876416,1115.9
avgbs_cluster_21471.1.15,Mrg11,8.8,0.922930684,1115.9
avgbs_cluster_23834.1.26,Mrg11,8.8,0.345866123,1115.9
avgbs_cluster_23834.1.49,Mrg11,8.8,0.345866123,1115.9
avgbs_cluster_23834.1.61,Mrg11,8.8,0.345866123,1115.9
avgbs_cluster_3081.1.15,Mrg11,8.8,0,1115.9
avgbs_cluster_3081.1.52,Mrg11,8.8,0,1115.9
avgbs_cluster_31841.1.17,Mrg11,8.8,0.832296577,1115.9
avgbs_cluster_34008.1.24,Mrg11,8.8,0,1115.9
avgbs_cluster_39223.1.37,Mrg11,8.8,0.289383627,1115.9
avgbs_cluster_39223.1.8,Mrg11,8.8,0.017444784,1115.9
avgbs_cluster_21527.1.56,Mrg11,9.7,0.181840448,1116.8
avgbs_18689.1.29,Mrg11,9.8,0.060224503,1116.9
avgbs_19207.1.58,Mrg11,9.8,0.630425784,1116.9
avgbs_81987.1.50,Mrg11,9.8,0.151828866,1116.9
avgbs_cluster_13857.1.17,Mrg11,9.8,0,1116.9
avgbs_cluster_22037.1.47,Mrg11,9.8,0,1116.9
avgbs_cluster_39187.1.15,Mrg11,9.8,0.068158277,1116.9
avgbs_cluster_39187.1.31,Mrg11,9.8,0.811946763,1116.9
avgbs_cluster_39670.1.32,Mrg11,9.8,0.219454828,1116.9
avgbs_cluster_4829.1.11,Mrg11,9.8,0.263601336,1116.9
avgbs_cluster_4829.1.6,Mrg11,9.8,0.263601336,1116.9
avgbs_1107.1.19,Mrg11,12.3,0,1119.4
avgbs_70019.1.41,Mrg11,12.3,0,1119.4
avgbs_cluster_29174.1.26,Mrg11,12.3,0.788691108,1119.4
avgbs_cluster_9314.1.53,Mrg11,12.3,0,1119.4
avgbs_cluster_9314.1.54,Mrg11,12.3,0,1119.4
avgbs_cluster_9314.1.8,Mrg11,12.3,0,1119.4
avgbs_cluster_9922.1.31,Mrg11,12.3,0.078607394,1119.4
avgbs_87696.1.50,Mrg11,13.7,0.531193214,1120.8
avgbs_72130.1.24,Mrg11,14.4,0.032937751,1121.5
avgbs_cluster_5099.1.14,Mrg11,21.4,0.25127743,1128.5
avgbs_cluster_5099.1.31,Mrg11,21.4,0.25127743,1128.5
avgbs_cluster_5099.1.34,Mrg11,21.4,0.25127743,1128.5
avgbs_219191.1.21,Mrg11,21.9,0.123656715,1129
avgbs_56119.1.54,Mrg11,21.9,0.294381481,1129
avgbs_cluster_19249.1.23,Mrg11,21.9,0.167698285,1129
avgbs_cluster_394.1.56,Mrg11,21.9,0.245189812,1129
avgbs_cluster_7691.1.34,Mrg11,21.9,0.157036248,1129
avgbs_12552.1.22,Mrg11,22.3,0,1129.4
avgbs_75454.1.21,Mrg11,22.3,0,1129.4
avgbs_cluster_6528.1.57,Mrg11,22.3,0.013647131,1129.4
avgbs_cluster_39498.1.63,Mrg11,22.4,0.226752086,1129.5
avgbs_cluster_39498.1.64,Mrg11,22.4,0.226752086,1129.5
avgbs_cluster_4207.1.47,Mrg11,22.4,0.370548562,1129.5
avgbs_cluster_10630.1.36,Mrg11,23,0,1130.1
avgbs_cluster_8928.1.52,Mrg11,23,0,1130.1
avgbs_cluster_37489.1.19,Mrg11,24.9,0.483641215,1132
avgbs_cluster_67837.1.30,Mrg11,25.1,0.031708438,1132.2
avgbs_cluster_67837.1.40,Mrg11,25.1,0.031708438,1132.2
avgbs_cluster_67837.1.58,Mrg11,25.1,0.031708438,1132.2
avgbs_cluster_25124.1.46,Mrg11,25.2,0.001934481,1132.3
avgbs_1406.1.21,Mrg11,26,0.523072173,1133.1
avgbs_46776.1.58,Mrg11,26,0.040292754,1133.1
avgbs_cluster_29596.1.29,Mrg11,26,0.45271716,1133.1
avgbs_cluster_32840.1.16,Mrg11,26,0.944337026,1133.1
avgbs_cluster_32840.1.17,Mrg11,26,0.944337026,1133.1
avgbs_cluster_32840.1.20,Mrg11,26,0.944337026,1133.1
avgbs_98931.1.10,Mrg11,28.6,0.577922802,1135.7
avgbs_cluster_37648.1.13,Mrg11,28.6,0.315142821,1135.7
avgbs_cluster_37648.1.35,Mrg11,28.6,0.315142821,1135.7
avgbs_cluster_4347.1.61,Mrg11,28.6,0.56256996,1135.7
avgbs_cluster_4347.1.62,Mrg11,28.6,0.56256996,1135.7
avgbs_cluster_4347.1.64,Mrg11,28.6,0.56256996,1135.7
avgbs_10497.1.7,Mrg11,31,0.010628873,1138.1
avgbs_cluster_1088.1.13,Mrg11,31.9,0.221757388,1139
avgbs_122900.1.33,Mrg11,32,0.178655008,1139.1
avgbs_35197.1.12,Mrg11,32.1,0.234137042,1139.2
avgbs_122898.1.28,Mrg11,32.4,0.819676877,1139.5
avgbs_14330.1.19,Mrg11,32.4,0.131318743,1139.5
avgbs_19876.1.34,Mrg11,32.4,0.083887925,1139.5
avgbs_43711.1.18,Mrg11,32.4,0.108488618,1139.5
avgbs_cluster_21554.1.41,Mrg11,32.4,0.07071103,1139.5
avgbs_cluster_37771.1.24,Mrg11,32.4,1.234959188,1139.5
avgbs_cluster_40448.1.62,Mrg11,32.4,0.174117776,1139.5
avgbs_cluster_35530.1.23,Mrg11,33.7,0,1140.8
avgbs_62906.1.35,Mrg11,39.2,0.021395814,1146.3
avgbs_72745.1.36,Mrg11,39.2,0.618685977,1146.3
avgbs_86297.1.53,Mrg11,39.2,0,1146.3
avgbs_cluster_11648.1.36,Mrg11,39.2,0,1146.3
avgbs_cluster_29598.1.45,Mrg11,39.2,0,1146.3
avgbs_90649.1.53,Mrg11,40.8,0,1147.9
avgbs_cluster_30809.1.14,Mrg11,41.2,0.082715916,1148.3
avgbs_cluster_26009.1.19,Mrg11,41.3,1.176941913,1148.4
avgbs_6K_85867.1.13,Mrg11,42,0.362873409,1149.1
avgbs_114952.1.16,Mrg11,45.6,0.153305205,1152.7
avgbs_120941.1.43,Mrg11,45.6,0.690292801,1152.7
avgbs_4282.1.16,Mrg11,45.6,0.056653345,1152.7
avgbs_67597.1.56,Mrg11,45.6,0.337775267,1152.7
avgbs_8093.1.39,Mrg11,45.6,0,1152.7
avgbs_93787.1.58,Mrg11,45.6,0.129841447,1152.7
avgbs_cluster_18129.1.6,Mrg11,45.6,0.342264458,1152.7
avgbs_cluster_23392.1.12,Mrg11,45.6,0.070213099,1152.7
avgbs_cluster_23392.1.60,Mrg11,45.6,0,1152.7
avgbs_cluster_768.1.26,Mrg11,45.6,0.142840298,1152.7
avgbs_cluster_11411.1.34,Mrg11,48.6,0,1155.7
avgbs_106717.1.59,Mrg11,48.8,0,1155.9
avgbs_115640.1.18,Mrg11,48.8,0.107935358,1155.9
avgbs_36473.1.21,Mrg11,48.8,0.160072089,1155.9
avgbs_45653.1.54,Mrg11,48.8,0.099139041,1155.9
avgbs_80438.1.33,Mrg11,48.8,0,1155.9
avgbs_cluster_27123.1.38,Mrg11,48.8,0.069268707,1155.9
avgbs_cluster_31914.1.16,Mrg11,48.8,0.076723137,1155.9
avgbs_cluster_34295.1.47,Mrg11,48.8,0.082413385,1155.9
avgbs_cluster_34295.1.9,Mrg11,48.8,0.082413385,1155.9
avgbs_cluster_5308.1.36,Mrg11,48.8,0,1155.9
avgbs_72741.1.47,Mrg11,49.8,0.06087792,1156.9
avgbs_112129.1.44,Mrg11,51,0.000987245,1158.1
avgbs_40418.1.23,Mrg11,51.4,0.112572023,1158.5
avgbs_119467.1.15,Mrg11,52.8,0.381529617,1159.9
avgbs_125968.1.14,Mrg11,52.8,0.214233091,1159.9
avgbs_20863.1.38,Mrg11,52.8,0.296808799,1159.9
avgbs_24994.1.43,Mrg11,52.8,0.100814872,1159.9
avgbs_80337.1.37,Mrg11,52.8,0.093239425,1159.9
avgbs_cluster_16683.1.12,Mrg11,52.8,0,1159.9
avgbs_cluster_16683.1.34,Mrg11,52.8,0.119775859,1159.9
avgbs_cluster_1859.1.56,Mrg11,52.8,0.173188116,1159.9
avgbs_cluster_20089.1.45,Mrg11,52.8,0.250821987,1159.9
avgbs_cluster_21829.1.28,Mrg11,52.8,0.151473926,1159.9
avgbs_cluster_21829.1.56,Mrg11,52.8,0.151473926,1159.9
avgbs_cluster_26676.1.57,Mrg11,52.8,0.354660054,1159.9
avgbs_cluster_28219.1.42,Mrg11,52.8,0.033380608,1159.9
avgbs_cluster_32456.1.17,Mrg11,52.8,0.312670746,1159.9
avgbs_cluster_3706.1.61,Mrg11,52.8,0,1159.9
avgbs_cluster_3706.1.63,Mrg11,52.8,0,1159.9
avgbs_cluster_3706.1.64,Mrg11,52.8,0,1159.9
avgbs_cluster_37225.1.45,Mrg11,52.8,0.021565305,1159.9
avgbs_cluster_4986.1.49,Mrg11,52.8,0.219634463,1159.9
avgbs_cluster_9085.1.25,Mrg11,52.8,0.065567754,1159.9
avgbs_cluster_9085.1.56,Mrg11,52.8,0.065567754,1159.9
avgbs_cluster_35690.1.37,Mrg11,52.9,0.12388187,1160
avgbs_cluster_35690.1.52,Mrg11,52.9,0.12388187,1160
avgbs_111208.1.17,Mrg11,54,0.137788971,1161.1
avgbs_111823.1.36,Mrg11,54,0.232926936,1161.1
avgbs_117090.1.10,Mrg11,54,0.232926936,1161.1
avgbs_118512.1.14,Mrg11,54,0.108580062,1161.1
avgbs_125557.1.29,Mrg11,54,0,1161.1
avgbs_15539.1.22,Mrg11,54,0.082696327,1161.1
avgbs_19288.1.46,Mrg11,54,0.180931864,1161.1
avgbs_4173.1.9,Mrg11,54,0.064286214,1161.1
avgbs_86218.1.19,Mrg11,54,0.124594629,1161.1
avgbs_cluster_23283.1.36,Mrg11,54,0.144940889,1161.1
avgbs_cluster_33279.1.52,Mrg11,54,0.207942191,1161.1
avgbs_cluster_3416.1.44,Mrg11,54,0.461362737,1161.1
avgbs_cluster_37300.1.27,Mrg11,54,0.234168808,1161.1
avgbs_cluster_38659.1.50,Mrg11,54,0.085610607,1161.1
avgbs_28706.1.56,Mrg11,56.3,0.09679513,1163.4
avgbs_cluster_3240.1.61,Mrg11,56.9,0.096689261,1164
avgbs_120781.1.43,Mrg11,60.5,0.336066975,1167.6
avgbs_20182.1.20,Mrg11,60.5,0.082696327,1167.6
avgbs_8617.1.25,Mrg11,60.5,0.070452685,1167.6
avgbs_cluster_13871.1.32,Mrg11,60.5,0.008070164,1167.6
avgbs_74894.1.35,Mrg11,65.9,0.017126509,1173
avgbs_cluster_37716.1.25,Mrg11,65.9,0.095213678,1173
avgbs_cluster_5464.1.22,Mrg11,65.9,0.008951535,1173
avgbs_cluster_5464.1.6,Mrg11,65.9,0.008951535,1173
avgbs_106518.1.49,Mrg11,67.5,0.023328858,1174.6
avgbs_cluster_6970.1.16,Mrg11,68.1,0.176814303,1175.2
avgbs_cluster_18120.1.50,Mrg11,68.6,0.149881342,1175.7
avgbs_cluster_8014.1.48,Mrg11,68.6,0.075051792,1175.7
avgbs_89343.1.17,Mrg11,68.8,0.202835113,1175.9
avgbs_104361.1.20,Mrg11,69.5,0.612189723,1176.6
avgbs_217815.1.59,Mrg11,69.5,0.035032018,1176.6
avgbs_25598.1.35,Mrg11,69.5,0.346547262,1176.6
avgbs_35775.1.18,Mrg11,69.5,0,1176.6
avgbs_85333.1.35,Mrg11,71.3,0.198476317,1178.4
avgbs_99879.1.40,Mrg11,73.2,0.499828813,1180.3
avgbs_cluster_3826.1.35,Mrg11,76.9,1.627998733,1184
avgbs_32986.1.32,Mrg11,77.8,1.15302426,1184.9
avgbs_53964.1.37,Mrg11,77.8,0,1184.9
avgbs_cluster_35525.1.23,Mrg11,81.4,0.216551839,1188.5
avgbs_cluster_35525.1.28,Mrg11,81.4,0.216551839,1188.5
avgbs_cluster_24973.1.11,Mrg11,82.2,0,1189.3
avgbs_cluster_24973.1.60,Mrg11,82.2,0,1189.3
avgbs_107338.1.7,Mrg11,86.9,0.000736097,1194
avgbs_117651.1.12,Mrg11,86.9,0.575784137,1194
avgbs_cluster_4486.1.32,Mrg11,87.6,0.376095693,1194.7
avgbs_87092.1.63,Mrg11,96.6,0.074887935,1203.7
avgbs_26094.1.9,Mrg11,98.8,0,1205.9
avgbs_cluster_28710.1.42,Mrg11,99.7,0.09582153,1206.8
avgbs_57417.1.19,Mrg11,100.9,0,1208
avgbs_87881.1.14,Mrg11,100.9,0.323487763,1208
avgbs_105110.1.43,Mrg11,106.7,0.54334428,1213.8
avgbs_cluster_20419.1.48,Mrg11,107.9,0,1215
avgbs_118291.1.41,Mrg11,108.6,0.023219377,1215.7
avgbs_201095.1.7,Mrg11,108.6,0.166661575,1215.7
avgbs_20315.1.36,Mrg11,108.6,0.377427323,1215.7
avgbs_33790.1.50,Mrg11,108.6,0.219201898,1215.7
avgbs_74047.1.53,Mrg11,108.6,0.37242966,1215.7
avgbs_78620.1.27,Mrg11,108.6,0.039536501,1215.7
avgbs_93119.1.60,Mrg11,108.6,0.308065417,1215.7
avgbs_cluster_17902.1.6,Mrg11,108.6,0,1215.7
avgbs_cluster_24606.1.37,Mrg11,108.6,0.22130232,1215.7
avgbs_cluster_28668.1.43,Mrg11,108.6,0.363274214,1215.7
avgbs_cluster_33612.1.43,Mrg11,108.6,0.286968556,1215.7
avgbs_cluster_33612.1.61,Mrg11,108.6,0.286968556,1215.7
avgbs_cluster_40580.1.29,Mrg11,108.7,0.368981117,1215.8
avgbs_cluster_40580.1.42,Mrg11,108.7,0.368981117,1215.8
avgbs_cluster_37844.1.58,Mrg11,108.8,0.118815256,1215.9
avgbs_cluster_37844.1.59,Mrg11,108.8,0.118815256,1215.9
avgbs_40171.1.35,Mrg11,109.1,0.010689453,1216.2
avgbs_9399.1.9,Mrg12,4.2,0,1220.4
avgbs_cluster_22088.1.64,Mrg12,5.2,0.30360024,1221.4
avgbs_cluster_2337.1.34,Mrg12,14.1,0.334864178,1230.3
avgbs_cluster_34499.1.20,Mrg12,15.5,0.686913736,1231.7
avgbs_cluster_34499.1.30,Mrg12,15.5,0.288130386,1231.7
avgbs_cluster_8242.1.63,Mrg12,15.5,0.279236944,1231.7
avgbs_cluster_8242.1.64,Mrg12,15.5,0.279236944,1231.7
avgbs_cluster_8387.1.29,Mrg12,15.9,0.203543197,1232.1
avgbs_cluster_3424.1.25,Mrg12,16.5,0.323094898,1232.7
avgbs_cluster_3424.1.50,Mrg12,16.5,0.323094898,1232.7
avgbs_cluster_22372.1.63,Mrg12,17,0,1233.2
avgbs_cluster_22372.1.64,Mrg12,17,0,1233.2
avgbs_cluster_27917.1.34,Mrg12,17,0,1233.2
avgbs_cluster_38951.1.21,Mrg12,17,0.263568427,1233.2
avgbs_cluster_3989.1.46,Mrg12,17,0.206213433,1233.2
avgbs_cluster_4803.1.58,Mrg12,21.1,0.805035761,1237.3
avgbs_cluster_18373.1.28,Mrg12,21.2,0,1237.4
avgbs_51254.1.64,Mrg12,22,0.145724356,1238.2
avgbs_cluster_37531.1.52,Mrg12,22,0.145724356,1238.2
avgbs_cluster_37531.1.58,Mrg12,22,0.145724356,1238.2
avgbs_cluster_8177.1.15,Mrg12,22,0,1238.2
avgbs_cluster_8177.1.49,Mrg12,22,0,1238.2
avgbs_109949.1.35,Mrg12,25,0.166210688,1241.2
avgbs_32156.1.12,Mrg12,25,0,1241.2
avgbs_3255.1.29,Mrg12,25,0.634645233,1241.2
avgbs_cluster_20436.1.17,Mrg12,25,0.506525488,1241.2
avgbs_1850.1.28,Mrg12,26.4,0.259523867,1242.6
avgbs_32898.1.33,Mrg12,26.4,0.289954329,1242.6
avgbs_56598.1.26,Mrg12,26.4,0,1242.6
avgbs_cluster_207.1.7,Mrg12,26.4,0.753259484,1242.6
avgbs_cluster_41088.1.47,Mrg12,26.4,1.126072612,1242.6
avgbs_cluster_41088.1.48,Mrg12,26.4,1.126072612,1242.6
avgbs_79662.1.52,Mrg12,29.5,0.171471491,1245.7
avgbs_9232.1.15,Mrg12,29.5,0.164065124,1245.7
avgbs_cluster_27996.1.45,Mrg12,29.5,0.282553778,1245.7
avgbs_cluster_36446.1.17,Mrg12,29.5,0.095861157,1245.7
avgbs_cluster_7423.1.63,Mrg12,29.5,0,1245.7
avgbs_93505.1.42,Mrg12,33.4,0.010914792,1249.6
avgbs_cluster_10038.1.25,Mrg12,33.4,0,1249.6
avgbs_cluster_10038.1.50,Mrg12,33.4,0,1249.6
avgbs_cluster_10038.1.6,Mrg12,33.4,0,1249.6
avgbs_cluster_2588.1.12,Mrg12,33.4,0.345859233,1249.6
avgbs_cluster_2588.1.13,Mrg12,33.4,0.345859233,1249.6
avgbs_cluster_32822.1.15,Mrg12,33.4,0.010914792,1249.6
avgbs_cluster_32822.1.54,Mrg12,33.4,0.010914792,1249.6
avgbs_125235.1.37,Mrg12,35.3,0.123722836,1251.5
avgbs_36024.1.46,Mrg12,35.3,0.091318878,1251.5
avgbs_cluster_15064.1.36,Mrg12,35.3,0.090730959,1251.5
avgbs_cluster_40765.1.58,Mrg12,35.3,0.063669565,1251.5
avgbs_cluster_40765.1.59,Mrg12,35.3,0.063669565,1251.5
avgbs_cluster_6159.1.50,Mrg12,35.3,0.068864974,1251.5
avgbs_cluster_48102.1.21,Mrg12,35.4,0,1251.6
avgbs_cluster_48102.1.64,Mrg12,35.4,0,1251.6
avgbs_cluster_6140.1.31,Mrg12,35.4,0.088828554,1251.6
avgbs_cluster_6140.1.54,Mrg12,35.4,0.177542766,1251.6
avgbs_99656.1.17,Mrg12,36.3,0.029780277,1252.5
avgbs_9119.1.43,Mrg12,37.5,0.0703539,1253.7
avgbs_cluster_22905.1.11,Mrg12,37.5,0.033041117,1253.7
avgbs_cluster_22905.1.16,Mrg12,37.5,0.033041117,1253.7
avgbs_cluster_22905.1.64,Mrg12,37.5,0.033041117,1253.7
avgbs_cluster_25.1.11,Mrg12,37.5,0.123175286,1253.7
avgbs_cluster_38947.1.40,Mrg12,37.5,0.423212234,1253.7
avgbs_6920.1.44,Mrg12,39.4,0,1255.6
avgbs_65788.1.47,Mrg12,40.2,0,1256.4
avgbs_cluster_24294.1.13,Mrg12,40.2,0,1256.4
avgbs_cluster_24294.1.22,Mrg12,40.2,0,1256.4
avgbs_cluster_40577.1.24,Mrg12,40.2,0.110538345,1256.4
avgbs_cluster_40577.1.26,Mrg12,40.2,0.110538345,1256.4
avgbs_cluster_24442.1.33,Mrg12,40.8,0,1257
avgbs_cluster_38719.1.45,Mrg12,40.9,0,1257.1
avgbs_cluster_38719.1.58,Mrg12,40.9,0,1257.1
avgbs_cluster_67454.1.12,Mrg12,40.9,0,1257.1
avgbs_cluster_67454.1.32,Mrg12,40.9,0,1257.1
avgbs_121511.1.50,Mrg12,41.4,0.380919509,1257.6
avgbs_cluster_1603.1.26,Mrg12,41.5,0.0958309,1257.7
avgbs_cluster_7061.1.59,Mrg12,41.5,0,1257.7
avgbs_104201.1.36,Mrg12,44.5,0,1260.7
avgbs_17219.1.39,Mrg12,44.5,0,1260.7
avgbs_69337.1.42,Mrg12,46.3,0,1262.5
avgbs_cluster_1043.1.64,Mrg12,46.3,0,1262.5
avgbs_cluster_1882.1.54,Mrg12,46.3,0,1262.5
avgbs_cluster_1882.1.57,Mrg12,46.3,0,1262.5
avgbs_cluster_43932.1.23,Mrg12,46.3,0,1262.5
avgbs_cluster_9144.1.12,Mrg12,51.8,0,1268
avgbs_cluster_10308.1.12,Mrg12,53.5,0.446106572,1269.7
avgbs_cluster_10308.1.29,Mrg12,53.5,0.376946857,1269.7
avgbs_cluster_3625.1.22,Mrg12,53.5,0,1269.7
avgbs_cluster_3625.1.63,Mrg12,53.5,0,1269.7
avgbs_cluster_3625.1.64,Mrg12,53.5,0,1269.7
avgbs_cluster_51068.1.30,Mrg12,53.5,0.455473898,1269.7
avgbs_cluster_51068.1.58,Mrg12,53.5,0.455473898,1269.7
avgbs_14000.1.30,Mrg12,55,0.308544535,1271.2
avgbs_40505.1.21,Mrg12,55,0.347633474,1271.2
avgbs_cluster_21550.1.54,Mrg12,55,0.480525046,1271.2
avgbs_cluster_21550.1.59,Mrg12,55,0.480525046,1271.2
avgbs_cluster_33909.1.54,Mrg12,55,0,1271.2
avgbs_cluster_39493.1.32,Mrg12,55,0.528927899,1271.2
avgbs_cluster_39493.1.59,Mrg12,55,0.528927899,1271.2
avgbs_93686.1.30,Mrg12,55.3,0,1271.5
avgbs_cluster_1719.1.49,Mrg12,55.8,0,1272
avgbs_cluster_27785.1.7,Mrg12,56.6,0.171948425,1272.8
avgbs_216179.1.21,Mrg12,56.7,0,1272.9
avgbs_78609.1.52,Mrg12,56.7,0.984395912,1272.9
avgbs_cluster_12209.1.28,Mrg12,56.7,0.184194801,1272.9
avgbs_cluster_12209.1.63,Mrg12,56.7,0.221320855,1272.9
avgbs_cluster_22902.1.50,Mrg12,56.7,1.248449906,1272.9
avgbs_cluster_33876.1.64,Mrg12,56.7,1.097370933,1272.9
avgbs_cluster_34797.1.26,Mrg12,56.7,0,1272.9
avgbs_cluster_37046.1.23,Mrg12,56.7,1.819229577,1272.9
avgbs_cluster_4680.1.42,Mrg12,56.7,0.097864446,1272.9
avgbs_18560.1.37,Mrg12,57.8,0.294158937,1274
avgbs_18695.1.25,Mrg12,57.8,1.47086032,1274
avgbs_78641.1.7,Mrg12,57.8,0,1274
avgbs_99832.1.18,Mrg12,57.8,0.68480617,1274
avgbs_cluster_26039.1.15,Mrg12,57.8,0,1274
avgbs_27490.1.64,Mrg12,58.5,0.547894997,1274.7
avgbs_cluster_3072.1.47,Mrg12,58.5,0,1274.7
avgbs_11416.1.38,Mrg12,63.5,0.136485566,1279.7
avgbs_120693.1.45,Mrg12,63.5,0.417797511,1279.7
avgbs_66465.1.18,Mrg12,63.5,0.842349133,1279.7
avgbs_77952.1.30,Mrg12,63.5,0.296416575,1279.7
avgbs_84971.1.26,Mrg12,63.5,0.050658764,1279.7
avgbs_86291.1.40,Mrg12,63.5,0,1279.7
avgbs_89013.1.17,Mrg12,63.5,0.294343059,1279.7
avgbs_91688.1.26,Mrg12,63.5,0.136485566,1279.7
avgbs_91792.1.60,Mrg12,63.5,0,1279.7
avgbs_cluster_1081.1.11,Mrg12,63.5,0.152674424,1279.7
avgbs_cluster_13959.1.27,Mrg12,63.5,0,1279.7
avgbs_cluster_19199.1.44,Mrg12,63.5,0.243786601,1279.7
avgbs_cluster_19199.1.58,Mrg12,63.5,0.243786601,1279.7
avgbs_cluster_30245.2.38,Mrg12,63.5,0.49557682,1279.7
avgbs_cluster_35174.1.14,Mrg12,63.5,0.426740209,1279.7
avgbs_cluster_35174.1.43,Mrg12,63.5,0.152759295,1279.7
avgbs_cluster_35174.1.49,Mrg12,63.5,0.426740209,1279.7
avgbs_cluster_36176.1.10,Mrg12,63.5,0,1279.7
avgbs_cluster_36176.1.37,Mrg12,63.5,0,1279.7
avgbs_cluster_36815.1.8,Mrg12,63.5,0.199133558,1279.7
avgbs_cluster_27931.1.40,Mrg12,66,0,1282.2
avgbs_96243.1.38,Mrg12,67.8,0.040304713,1284
avgbs_96887.1.17,Mrg12,67.8,0.083758,1284
avgbs_cluster_18143.1.11,Mrg12,67.8,0.82029352,1284
avgbs_cluster_16919.1.12,Mrg12,68.1,0,1284.3
avgbs_cluster_16919.1.36,Mrg12,68.1,0,1284.3
avgbs_cluster_40874.1.33,Mrg12,71,0,1287.2
avgbs_cluster_67921.1.23,Mrg12,71.8,0.180316525,1288
avgbs_cluster_67921.1.38,Mrg12,71.8,0.180316525,1288
avgbs_cluster_67921.1.6,Mrg12,71.8,0.180316525,1288
avgbs_14933.1.43,Mrg12,78.5,0.04985159,1294.7
avgbs_cluster_14670.1.22,Mrg12,84.5,0.784677209,1300.7
avgbs_cluster_14670.1.27,Mrg12,84.5,0.784677209,1300.7
avgbs_cluster_14670.1.31,Mrg12,84.5,0.784677209,1300.7
avgbs_cluster_6899.1.20,Mrg12,84.7,0.951448595,1300.9
avgbs_120401.1.32,Mrg12,86,0.592202975,1302.2
avgbs_cluster_7196.1.6,Mrg12,102.6,0.248659908,1318.8
avgbs_118666.1.41,Mrg12,104.4,0.307582576,1320.6
avgbs_84996.1.62,Mrg12,104.7,0.077437259,1320.9
avgbs_6K_92246.1.58,Mrg12,107.9,0.872148922,1324.1
avgbs_52033.1.50,Mrg12,109.3,0.192939014,1325.5
avgbs_cluster_3848.1.53,Mrg12,117.5,0,1333.7
avgbs_cluster_3848.1.63,Mrg12,117.5,0,1333.7
avgbs_cluster_19880.1.12,Mrg12,119.4,0.009005808,1335.6
avgbs_25339.1.21,Mrg13,6.2,0.433739121,1341.8
avgbs_38361.1.16,Mrg13,6.2,0.217438997,1341.8
avgbs_5065.1.28,Mrg13,6.2,0.256209295,1341.8
avgbs_63849.1.27,Mrg13,6.2,0.058711575,1341.8
avgbs_8308.1.37,Mrg13,6.2,0.25207593,1341.8
avgbs_9480.1.50,Mrg13,6.2,0.035176925,1341.8
avgbs_cluster_16203.1.64,Mrg13,6.2,0.560408457,1341.8
avgbs_cluster_7251.1.15,Mrg13,7.8,0.452007156,1343.4
avgbs_cluster_7251.1.34,Mrg13,7.8,0.452007156,1343.4
avgbs_cluster_7251.1.55,Mrg13,7.8,0.149889082,1343.4
avgbs_119576.1.9,Mrg13,8.6,0.389550393,1344.2
avgbs_4262.1.15,Mrg13,16.2,0.708910523,1351.8
avgbs_19742.1.14,Mrg13,16.9,0.595192822,1352.5
avgbs_17202.1.57,Mrg13,18.2,0.222766354,1353.8
avgbs_87226.1.31,Mrg13,18.2,0,1353.8
avgbs_cluster_32801.1.29,Mrg13,18.2,0,1353.8
avgbs_cluster_32801.1.59,Mrg13,18.2,0,1353.8
avgbs_16827.1.57,Mrg13,18.5,1.184992761,1354.1
avgbs_56187.1.39,Mrg13,26.2,0.047917314,1361.8
avgbs_cluster_20815.1.15,Mrg13,29,0,1364.6
avgbs_cluster_20815.1.23,Mrg13,29,1.458462243,1364.6
avgbs_1921.1.51,Mrg13,29.7,0.230484978,1365.3
avgbs_35495.1.59,Mrg13,29.7,0.332676062,1365.3
avgbs_cluster_11206.1.8,Mrg13,29.7,0.567970905,1365.3
avgbs_11478.1.57,Mrg13,31,0.929953876,1366.6
avgbs_118072.1.19,Mrg13,31,0.06390422,1366.6
avgbs_14660.1.27,Mrg13,31,0.383845265,1366.6
avgbs_51305.1.20,Mrg13,31,0.590876385,1366.6
avgbs_84942.1.34,Mrg13,31,1.226597143,1366.6
avgbs_cluster_30488.1.6,Mrg13,31,1.545767609,1366.6
avgbs_11575.1.25,Mrg13,32.8,0,1368.4
avgbs_111008.1.15,Mrg13,35.9,0.516829656,1371.5
avgbs_111778.1.34,Mrg13,35.9,0.495401521,1371.5
avgbs_118428.1.20,Mrg13,35.9,0,1371.5
avgbs_16839.1.28,Mrg13,35.9,0.353472172,1371.5
avgbs_20926.1.16,Mrg13,35.9,0.273543332,1371.5
avgbs_26723.1.29,Mrg13,35.9,0.196634273,1371.5
avgbs_35747.1.6,Mrg13,35.9,0.520153624,1371.5
avgbs_46182.1.38,Mrg13,35.9,1.753864351,1371.5
avgbs_53370.1.19,Mrg13,35.9,0.590876385,1371.5
avgbs_80845.1.23,Mrg13,35.9,0.625006959,1371.5
avgbs_82220.1.16,Mrg13,35.9,0.329831277,1371.5
avgbs_91957.1.55,Mrg13,35.9,0.586496497,1371.5
avgbs_94095.1.23,Mrg13,35.9,0.654306707,1371.5
avgbs_96769.1.27,Mrg13,35.9,0.535352257,1371.5
avgbs_cluster_13517.1.12,Mrg13,35.9,0.751956358,1371.5
avgbs_cluster_13517.1.20,Mrg13,35.9,0.751956358,1371.5
avgbs_cluster_21110.1.6,Mrg13,35.9,0.563460615,1371.5
avgbs_cluster_2822.1.53,Mrg13,35.9,0.535352257,1371.5
avgbs_cluster_2822.1.63,Mrg13,35.9,0.535352257,1371.5
avgbs_cluster_35390.1.60,Mrg13,35.9,0.252486827,1371.5
avgbs_cluster_41063.1.18,Mrg13,35.9,0,1371.5
avgbs_cluster_8375.1.10,Mrg13,35.9,0.122920457,1371.5
avgbs_111450.1.50,Mrg13,36.7,0.370265146,1372.3
avgbs_25328.1.58,Mrg13,36.7,0.503362927,1372.3
avgbs_cluster_21695.1.14,Mrg13,36.7,0.488395135,1372.3
avgbs_cluster_35268.1.12,Mrg13,36.7,0.022195885,1372.3
avgbs_cluster_35381.1.25,Mrg13,36.7,0.345776955,1372.3
avgbs_cluster_37037.1.49,Mrg13,36.7,0.436706069,1372.3
avgbs_cluster_38167.1.64,Mrg13,36.7,0.625006959,1372.3
avgbs_cluster_41005.1.48,Mrg13,36.7,0.150117149,1372.3
avgbs_cluster_3578.1.57,Mrg13,37.9,0.263753864,1373.5
avgbs_110326.1.28,Mrg13,39.4,0.625006959,1375
avgbs_124127.1.31,Mrg13,39.4,0.261229666,1375
avgbs_125646.1.33,Mrg13,39.4,0.545293135,1375
avgbs_217956.1.9,Mrg13,39.4,0.648908011,1375
avgbs_28429.1.53,Mrg13,39.4,0.535352257,1375
avgbs_35568.1.60,Mrg13,39.4,0,1375
avgbs_53177.1.43,Mrg13,39.4,0.583856876,1375
avgbs_6141.1.31,Mrg13,39.4,0,1375
avgbs_97143.1.43,Mrg13,39.4,0.62210111,1375
avgbs_cluster_21454.1.51,Mrg13,39.4,0.477922083,1375
avgbs_cluster_23231.1.38,Mrg13,39.4,0,1375
avgbs_cluster_23231.1.46,Mrg13,39.4,0.564958947,1375
avgbs_cluster_37140.1.50,Mrg13,39.4,0.699139176,1375
avgbs_cluster_37140.1.57,Mrg13,39.4,0.625006959,1375
avgbs_cluster_40726.1.12,Mrg13,39.4,0.285462966,1375
avgbs_cluster_40726.1.22,Mrg13,39.4,0.285462966,1375
avgbs_125072.1.39,Mrg13,39.5,1.753864351,1375.1
avgbs_124157.1.45,Mrg13,40.3,0.279938215,1375.9
avgbs_cluster_257.1.6,Mrg13,40.3,0.684663624,1375.9
avgbs_cluster_257.1.7,Mrg13,40.3,0.925964709,1375.9
avgbs_cluster_35432.1.49,Mrg13,40.3,0.078548263,1375.9
avgbs_202296.1.50,Mrg13,40.8,0.508770125,1376.4
avgbs_71612.1.57,Mrg13,40.8,0.215919857,1376.4
avgbs_9069.1.20,Mrg13,40.8,0.263723712,1376.4
avgbs_cluster_22249.1.59,Mrg13,40.8,0.001442904,1376.4
avgbs_cluster_37169.1.11,Mrg13,40.8,0.313956061,1376.4
avgbs_13956.1.59,Mrg13,41.2,0.066440892,1376.8
avgbs_35442.1.56,Mrg13,41.2,0.169015322,1376.8
avgbs_66996.1.51,Mrg13,41.2,0.301446747,1376.8
avgbs_7031.1.18,Mrg13,41.2,0.122886204,1376.8
avgbs_cluster_12779.1.44,Mrg13,41.2,0.005185891,1376.8
avgbs_cluster_12779.1.46,Mrg13,41.2,0.005185891,1376.8
avgbs_cluster_37368.1.56,Mrg13,41.2,0.008775774,1376.8
avgbs_10572.1.18,Mrg13,41.6,0.010213383,1377.2
avgbs_117942.1.44,Mrg13,41.6,0.04318942,1377.2
avgbs_cluster_298.1.54,Mrg13,41.6,0,1377.2
avgbs_cluster_298.1.64,Mrg13,41.6,0,1377.2
avgbs_cluster_3457.1.20,Mrg13,41.6,0.010213383,1377.2
avgbs_cluster_3457.1.54,Mrg13,41.6,0.010213383,1377.2
avgbs_cluster_3457.1.61,Mrg13,41.6,0.010213383,1377.2
avgbs_115202.1.60,Mrg13,42.1,0.135841552,1377.7
avgbs_1153.1.63,Mrg13,42.1,0.146598023,1377.7
avgbs_119258.1.20,Mrg13,42.1,0.019417504,1377.7
avgbs_124282.1.64,Mrg13,42.1,0.027439707,1377.7
avgbs_124585.1.38,Mrg13,42.1,0.279251313,1377.7
avgbs_124641.1.11,Mrg13,42.1,0.005351144,1377.7
avgbs_126322.1.26,Mrg13,42.1,0.099994948,1377.7
avgbs_207563.1.64,Mrg13,42.1,0.347041875,1377.7
avgbs_208123.1.40,Mrg13,42.1,0.028295038,1377.7
avgbs_71702.1.42,Mrg13,42.1,0.150450465,1377.7
avgbs_85582.1.39,Mrg13,42.1,0.293166156,1377.7
avgbs_86555.1.7,Mrg13,42.1,0.248674859,1377.7
avgbs_88448.1.46,Mrg13,42.1,0.336097705,1377.7
avgbs_99900.1.15,Mrg13,42.1,0.135841552,1377.7
avgbs_cluster_22114.1.28,Mrg13,42.1,0.074744239,1377.7
avgbs_cluster_95.1.64,Mrg13,42.6,0.417175799,1378.2
avgbs_109799.1.19,Mrg13,44.6,0.421374121,1380.2
avgbs_120174.1.18,Mrg13,44.6,0.816516187,1380.2
avgbs_cluster_25883.1.44,Mrg13,44.6,0.644231405,1380.2
avgbs_cluster_26923.1.7,Mrg13,44.6,0.328637184,1380.2
avgbs_cluster_26923.1.8,Mrg13,44.6,0.328637184,1380.2
avgbs_67973.1.49,Mrg13,45.3,1.105094346,1380.9
avgbs_cluster_27386.1.62,Mrg13,45.3,0.966386941,1380.9
avgbs_6K_99943.1.54,Mrg13,45.8,1.036179556,1381.4
avgbs_113658.1.31,Mrg13,46.4,1.430285157,1382
avgbs_113735.1.59,Mrg13,46.4,0.545586186,1382
avgbs_116335.1.28,Mrg13,49.8,0.418478832,1385.4
avgbs_121492.1.63,Mrg13,49.8,0.767074441,1385.4
avgbs_120754.1.46,Mrg13,49.9,0.093635706,1385.5
avgbs_124694.1.9,Mrg13,49.9,0.605205347,1385.5
avgbs_cluster_36244.1.60,Mrg13,49.9,1.506772412,1385.5
avgbs_cluster_7522.1.63,Mrg13,49.9,1.431494338,1385.5
avgbs_cluster_9500.1.6,Mrg13,49.9,1.48682429,1385.5
avgbs_30453.1.62,Mrg13,58,0.151618339,1393.6
avgbs_cluster_26212.1.41,Mrg13,58,0.115660165,1393.6
avgbs_cluster_26212.1.61,Mrg13,58,0.115660165,1393.6
avgbs_23112.1.9,Mrg13,59.4,0.129102963,1395
avgbs_17230.1.64,Mrg13,59.5,0.033193419,1395.1
avgbs_102363.1.17,Mrg13,60,0.168440884,1395.6
avgbs_10496.1.40,Mrg13,60,0.090876821,1395.6
avgbs_105848.1.51,Mrg13,60,0.071134769,1395.6
avgbs_109004.1.7,Mrg13,60,0.288366926,1395.6
avgbs_24657.1.14,Mrg13,60,0.191173898,1395.6
avgbs_24890.1.61,Mrg13,60,0.262005017,1395.6
avgbs_28895.1.49,Mrg13,60,0.089879455,1395.6
avgbs_42342.1.52,Mrg13,60,0.362710405,1395.6
avgbs_6465.1.14,Mrg13,60,0.087693113,1395.6
avgbs_65952.1.10,Mrg13,60,0.492580217,1395.6
avgbs_67611.1.64,Mrg13,60,0.585897186,1395.6
avgbs_6K_73221.1.7,Mrg13,60,0.393071213,1395.6
avgbs_6K_92268.1.62,Mrg13,60,0.328038422,1395.6
avgbs_70250.1.50,Mrg13,60,0.272110061,1395.6
avgbs_80864.1.41,Mrg13,60,0.399190588,1395.6
avgbs_cluster_10087.1.34,Mrg13,60,0.288366926,1395.6
avgbs_cluster_14393.1.61,Mrg13,60,0.284383308,1395.6
avgbs_cluster_1970.1.17,Mrg13,60,0.195480235,1395.6
avgbs_cluster_27791.1.48,Mrg13,60,0.205406619,1395.6
avgbs_cluster_31882.1.17,Mrg13,60,0.325808762,1395.6
avgbs_cluster_3501.1.54,Mrg13,60,0.220102014,1395.6
avgbs_cluster_3501.1.6,Mrg13,60,0.192991281,1395.6
avgbs_110790.1.44,Mrg13,61.3,0.517950555,1396.9
avgbs_39170.1.33,Mrg13,62,0.961767966,1397.6
avgbs_118483.1.54,Mrg13,62.4,0.21873294,1398
avgbs_110072.1.60,Mrg13,62.6,0.27953938,1398.2
avgbs_116690.1.35,Mrg13,65.6,0.209278087,1401.2
avgbs_43411.1.64,Mrg13,65.6,0.040429783,1401.2
avgbs_59790.1.41,Mrg13,65.6,0.658112769,1401.2
avgbs_106529.1.15,Mrg13,66,1.327423647,1401.6
avgbs_124224.1.16,Mrg13,66.4,0.869819401,1402
avgbs_33075.1.15,Mrg13,66.4,0.869819401,1402
avgbs_59780.1.50,Mrg13,66.4,0.208115884,1402
avgbs_cluster_15538.1.52,Mrg13,66.4,0.464544473,1402
avgbs_cluster_33092.1.10,Mrg13,66.4,0.102645122,1402
avgbs_cluster_33092.1.9,Mrg13,66.4,0.102645122,1402
avgbs_116329.1.39,Mrg13,67.8,0.189567477,1403.4
avgbs_cluster_34750.1.23,Mrg13,68.7,0.970811391,1404.3
avgbs_cluster_34750.1.48,Mrg13,68.7,0.970811391,1404.3
avgbs_7983.1.17,Mrg13,69.5,0.149636991,1405.1
avgbs_cluster_15466.1.27,Mrg13,69.9,0.346717124,1405.5
avgbs_107460.1.48,Mrg13,71.4,0.179666277,1407
avgbs_108878.1.63,Mrg13,71.4,0.335243099,1407
avgbs_14134.1.22,Mrg13,71.4,0.427783809,1407
avgbs_32134.1.22,Mrg13,71.4,0.174274014,1407
avgbs_42060.1.55,Mrg13,71.4,0.051552509,1407
avgbs_cluster_16716.1.44,Mrg13,71.4,0.055301849,1407
avgbs_cluster_26219.1.59,Mrg13,71.4,0.046035273,1407
avgbs_63039.1.36,Mrg13,72.6,0.17048067,1408.2
avgbs_111466.1.63,Mrg13,73.1,1.171211037,1408.7
avgbs_7347.1.48,Mrg13,73.1,1.349718582,1408.7
avgbs_74521.1.6,Mrg13,73.1,0,1408.7
avgbs_108758.1.32,Mrg13,73.6,0.147852737,1409.2
avgbs_120053.1.42,Mrg13,73.6,0.509693056,1409.2
avgbs_125958.1.37,Mrg13,73.6,0,1409.2
avgbs_87303.1.50,Mrg13,73.6,0,1409.2
avgbs_cluster_27786.1.48,Mrg13,73.6,0.116701348,1409.2
avgbs_cluster_34505.1.27,Mrg13,73.6,0.819107838,1409.2
avgbs_cluster_5292.1.46,Mrg13,73.6,0,1409.2
avgbs_114676.1.49,Mrg13,74,0.003401186,1409.6
avgbs_cluster_4828.1.18,Mrg13,74.1,0,1409.7
avgbs_cluster_4828.1.22,Mrg13,74.1,0,1409.7
avgbs_cluster_4828.1.27,Mrg13,74.1,0,1409.7
avgbs_20962.1.42,Mrg13,76,0.003401186,1411.6
avgbs_cluster_3483.1.29,Mrg13,76,0.003016088,1411.6
avgbs_69266.1.44,Mrg13,78.5,0.808289206,1414.1
avgbs_46577.1.24,Mrg13,79.3,1.08922463,1414.9
avgbs_120446.1.64,Mrg13,79.8,0.608868264,1415.4
avgbs_34647.1.30,Mrg13,81.8,0.097895024,1417.4
avgbs_cluster_7269.1.52,Mrg13,83.8,0.357646416,1419.4
avgbs_cluster_7269.1.64,Mrg13,83.8,0.357646416,1419.4
avgbs_33592.1.40,Mrg13,86.5,0.442327719,1422.1
avgbs_9105.1.15,Mrg13,95.8,0,1431.4
avgbs_202657.1.23,Mrg13,96.7,1.15395446,1432.3
avgbs_40516.1.63,Mrg13,96.7,1.084775719,1432.3
avgbs_cluster_22881.1.30,Mrg13,96.7,0.210914193,1432.3
avgbs_cluster_22881.1.32,Mrg13,96.7,0.052025988,1432.3
avgbs_cluster_33829.1.31,Mrg13,96.7,0.557189845,1432.3
avgbs_cluster_36227.1.55,Mrg13,96.7,0,1432.3
avgbs_cluster_36227.1.61,Mrg13,96.7,0,1432.3
avgbs_cluster_4856.1.64,Mrg13,96.7,0.966830735,1432.3
avgbs_cluster_5489.1.11,Mrg13,96.7,0.82097354,1432.3
avgbs_cluster_5489.1.41,Mrg13,96.7,0.82097354,1432.3
avgbs_cluster_6299.1.25,Mrg13,96.7,0.817732002,1432.3
avgbs_cluster_6299.1.45,Mrg13,96.7,0.817732002,1432.3
avgbs_cluster_17883.1.59,Mrg13,102.6,0,1438.2
avgbs_19846.1.13,Mrg13,103.1,0.981241936,1438.7
avgbs_27532.1.50,Mrg13,105.2,1.059145419,1440.8
avgbs_cluster_5829.1.37,Mrg13,105.2,0.94702667,1440.8
avgbs_cluster_5829.1.62,Mrg13,105.2,0.94702667,1440.8
avgbs_cluster_33979.1.34,Mrg13,105.5,0.487530854,1441.1
avgbs_cluster_27709.1.61,Mrg13,106,0.050499001,1441.6
avgbs_204946.1.18,Mrg13,106.3,0.177346897,1441.9
avgbs_102716.1.56,Mrg13,106.5,0.45662202,1442.1
avgbs_110914.1.27,Mrg13,106.5,0.231668169,1442.1
avgbs_1708.1.27,Mrg13,106.5,0,1442.1
avgbs_34750.1.52,Mrg13,106.5,0.98327174,1442.1
avgbs_61215.1.42,Mrg13,106.5,0,1442.1
avgbs_80590.1.47,Mrg13,106.5,0.688307793,1442.1
avgbs_cluster_13234.1.39,Mrg13,106.5,0.081182424,1442.1
avgbs_cluster_13234.1.60,Mrg13,106.5,0,1442.1
avgbs_cluster_20733.1.59,Mrg13,106.5,0,1442.1
avgbs_14269.1.15,Mrg13,107.3,0.112159036,1442.9
avgbs_53008.1.53,Mrg13,107.3,0.029047174,1442.9
avgbs_18019.1.22,Mrg13,108.5,0.017488863,1444.1
avgbs_37613.1.36,Mrg13,108.5,0.265633281,1444.1
avgbs_8053.1.64,Mrg13,108.5,0,1444.1
avgbs_92666.1.30,Mrg13,108.5,0,1444.1
avgbs_cluster_22085.1.55,Mrg13,108.5,0.7730906,1444.1
avgbs_cluster_23248.1.24,Mrg13,108.5,0.054159945,1444.1
avgbs_cluster_23248.1.39,Mrg13,108.5,0.054159945,1444.1
avgbs_cluster_23248.1.60,Mrg13,108.5,0.054159945,1444.1
avgbs_cluster_27709.1.39,Mrg13,108.5,0.956817842,1444.1
avgbs_cluster_32540.1.31,Mrg13,108.5,0,1444.1
avgbs_cluster_39240.1.30,Mrg13,108.5,1.808400176,1444.1
avgbs_cluster_39240.1.32,Mrg13,108.5,1.808400176,1444.1
avgbs_cluster_39240.1.47,Mrg13,108.5,1.808400176,1444.1
avgbs_cluster_5213.1.48,Mrg13,108.5,0.13847698,1444.1
avgbs_cluster_5213.1.53,Mrg13,108.5,0.13847698,1444.1
avgbs_cluster_5213.1.60,Mrg13,108.5,0.13847698,1444.1
avgbs_213929.1.44,Mrg13,111.7,0.586742012,1447.3
avgbs_7370.1.15,Mrg13,111.7,0,1447.3
avgbs_cluster_20097.1.23,Mrg13,111.7,0.328792037,1447.3
avgbs_cluster_21153.1.37,Mrg13,111.7,0.527535282,1447.3
avgbs_cluster_21153.1.56,Mrg13,111.7,0.527535282,1447.3
avgbs_12091.1.49,Mrg13,114.6,0,1450.2
avgbs_21100.1.51,Mrg13,114.6,0,1450.2
avgbs_221928.1.27,Mrg13,114.6,1.242048632,1450.2
avgbs_94638.1.46,Mrg13,114.6,0,1450.2
avgbs_cluster_38015.1.36,Mrg13,114.6,0,1450.2
avgbs_cluster_41479.1.57,Mrg13,114.6,0.02165371,1450.2
avgbs_cluster_22640.1.12,Mrg13,115.4,0.155089687,1451
avgbs_18478.1.43,Mrg15,0,0.963402362,1451
avgbs_124283.1.62,Mrg15,2.9,1.045625618,1453.9
avgbs_cluster_28340.1.50,Mrg15,3.8,0.274912494,1454.8
avgbs_7862.1.20,Mrg15,5.1,0.053072797,1456.1
avgbs_cluster_7184.1.64,Mrg15,6.7,0.607069644,1457.7
avgbs_70945.1.43,Mrg15,7.3,1.107268938,1458.3
avgbs_212480.1.62,Mrg15,7.5,0,1458.5
avgbs_cluster_2551.1.12,Mrg15,7.5,0.277970645,1458.5
avgbs_cluster_14442.1.41,Mrg15,8.1,0,1459.1
avgbs_124299.1.42,Mrg15,8.2,0.234939593,1459.2
avgbs_cluster_37678.1.56,Mrg15,10,1.167169275,1461
avgbs_cluster_37678.1.64,Mrg15,10,1.167169275,1461
avgbs_119002.1.56,Mrg15,10.3,0,1461.3
avgbs_91680.1.59,Mrg15,10.3,0.281310643,1461.3
avgbs_26770.1.20,Mrg15,11.6,0,1462.6
avgbs_6K_70341.1.61,Mrg15,11.6,0.166792346,1462.6
avgbs_8073.1.40,Mrg15,11.6,0.063706229,1462.6
avgbs_40705.1.21,Mrg15,13.9,0,1464.9
avgbs_6820.1.42,Mrg15,13.9,0.042911916,1464.9
avgbs_cluster_8133.1.8,Mrg15,14.4,0,1465.4
avgbs_10862.1.14,Mrg15,15,0.26882086,1466
avgbs_4805.1.44,Mrg15,15,0.027045611,1466
avgbs_92091.1.28,Mrg15,15,0.015120689,1466
avgbs_cluster_30185.1.27,Mrg15,15,0.545848708,1466
avgbs_cluster_8133.1.26,Mrg15,15,0,1466
avgbs_105759.1.49,Mrg15,16.4,0,1467.4
avgbs_cluster_11382.1.39,Mrg15,16.4,0.421905415,1467.4
avgbs_cluster_11382.1.59,Mrg15,16.4,0.421905415,1467.4
avgbs_17101.1.49,Mrg15,16.5,0.619892645,1467.5
avgbs_63587.1.27,Mrg15,17.3,0.026548819,1468.3
avgbs_107017.1.27,Mrg15,18,0,1469
avgbs_cluster_540.1.51,Mrg15,19.4,0.040417745,1470.4
avgbs_cluster_540.1.54,Mrg15,19.4,0.040417745,1470.4
avgbs_cluster_5142.1.24,Mrg15,20.6,0.010971482,1471.6
avgbs_112514.1.36,Mrg15,21.4,0.026633013,1472.4
avgbs_125426.1.49,Mrg15,21.4,0,1472.4
avgbs_34812.1.54,Mrg15,21.4,0.227295698,1472.4
avgbs_51158.1.52,Mrg15,21.4,0.094313811,1472.4
avgbs_51344.1.17,Mrg15,21.4,0.006413069,1472.4
avgbs_86684.1.28,Mrg15,21.4,0,1472.4
avgbs_cluster_10603.1.27,Mrg15,21.4,0,1472.4
avgbs_cluster_40817.1.18,Mrg15,21.4,0.116030112,1472.4
avgbs_cluster_40817.1.40,Mrg15,21.4,0.116030112,1472.4
avgbs_cluster_41332.1.57,Mrg15,21.4,0,1472.4
avgbs_cluster_5925.1.21,Mrg15,21.4,0,1472.4
avgbs_cluster_8897.1.19,Mrg15,21.4,0,1472.4
avgbs_106272.1.21,Mrg15,22,0.841133689,1473
avgbs_108895.1.20,Mrg15,22,0.343126355,1473
avgbs_122522.1.31,Mrg15,22,0.219201898,1473
avgbs_1861.1.7,Mrg15,22,0.293840593,1473
avgbs_204783.1.53,Mrg15,22,0.43594903,1473
avgbs_22159.1.43,Mrg15,22,0.26547705,1473
avgbs_76515.1.64,Mrg15,22,0.131375488,1473
avgbs_cluster_12534.1.34,Mrg15,22.1,0,1473.1
avgbs_112947.1.31,Mrg15,23.6,0,1474.6
avgbs_18812.1.60,Mrg15,23.6,0.375663574,1474.6
avgbs_63606.1.44,Mrg15,23.6,0.532842156,1474.6
avgbs_cluster_12109.1.16,Mrg15,23.6,0.306166302,1474.6
avgbs_cluster_12513.1.63,Mrg15,23.6,0.059172,1474.6
avgbs_cluster_34971.1.27,Mrg15,23.6,0.186682187,1474.6
avgbs_cluster_34971.1.42,Mrg15,23.6,0.186682187,1474.6
avgbs_cluster_34971.1.64,Mrg15,23.6,0.186682187,1474.6
avgbs_cluster_26588.1.64,Mrg15,24.2,0,1475.2
avgbs_12791.1.48,Mrg15,24.6,0.09830896,1475.6
avgbs_40892.1.31,Mrg15,25.5,0,1476.5
avgbs_72139.1.30,Mrg15,25.5,0.459187188,1476.5
avgbs_77177.1.37,Mrg15,25.5,0,1476.5
avgbs_114369.1.56,Mrg15,25.9,0,1476.9
avgbs_109002.1.11,Mrg15,26.4,0.023966904,1477.4
avgbs_115193.1.42,Mrg15,26.4,0.121886537,1477.4
avgbs_cluster_24247.1.55,Mrg15,26.4,0.026389031,1477.4
avgbs_cluster_24247.1.62,Mrg15,26.4,0.026389031,1477.4
avgbs_cluster_35368.1.48,Mrg15,26.4,0.802238135,1477.4
avgbs_cluster_40873.1.48,Mrg15,26.4,0.208520423,1477.4
avgbs_10668.1.63,Mrg15,27.2,0.159434129,1478.2
avgbs_117101.1.43,Mrg15,27.2,0.327538807,1478.2
avgbs_117163.1.53,Mrg15,27.2,0.236122527,1478.2
avgbs_118540.1.10,Mrg15,27.2,0.176505631,1478.2
avgbs_119649.1.52,Mrg15,27.2,0.263846552,1478.2
avgbs_51170.1.48,Mrg15,27.2,0.176505631,1478.2
avgbs_53992.1.34,Mrg15,27.2,0.192628011,1478.2
avgbs_6K_64994.1.51,Mrg15,27.2,0.126326267,1478.2
avgbs_87466.1.39,Mrg15,27.2,0.271559813,1478.2
avgbs_cluster_16344.1.10,Mrg15,27.2,0.519223038,1478.2
avgbs_cluster_16344.1.37,Mrg15,27.2,0.519223038,1478.2
avgbs_13466.1.53,Mrg15,28,0.304171178,1479
avgbs_118448.1.22,Mrg15,29.4,0.292757862,1480.4
avgbs_10004.1.9,Mrg15,31.3,0.015382485,1482.3
avgbs_109.1.42,Mrg15,31.3,0,1482.3
avgbs_114722.1.49,Mrg15,31.3,0.14805694,1482.3
avgbs_125802.1.44,Mrg15,31.3,0.047259475,1482.3
avgbs_200545.1.62,Mrg15,31.3,0.380754658,1482.3
avgbs_cluster_38684.1.44,Mrg15,31.3,0.676017815,1482.3
avgbs_103966.1.16,Mrg15,32.7,0.018310256,1483.7
avgbs_121589.1.63,Mrg15,32.7,0.715522038,1483.7
avgbs_121609.1.19,Mrg15,32.7,0.771008832,1483.7
avgbs_124991.1.19,Mrg15,32.7,0.078990664,1483.7
avgbs_25824.1.60,Mrg15,32.7,0.670686758,1483.7
avgbs_2894.1.18,Mrg15,32.7,0.288205434,1483.7
avgbs_55931.1.13,Mrg15,32.7,0,1483.7
avgbs_61378.1.10,Mrg15,32.7,0.621388997,1483.7
avgbs_6K_73795.1.63,Mrg15,32.7,0.289315156,1483.7
avgbs_700.1.18,Mrg15,32.7,0,1483.7
avgbs_7381.1.10,Mrg15,32.7,0.757483797,1483.7
avgbs_75576.1.40,Mrg15,32.7,0.770916047,1483.7
avgbs_8194.1.56,Mrg15,32.7,0.222810081,1483.7
avgbs_85054.1.9,Mrg15,32.7,0,1483.7
avgbs_88269.1.13,Mrg15,32.7,0,1483.7
avgbs_cluster_32438.1.29,Mrg15,32.7,0.081205799,1483.7
avgbs_cluster_39717.1.55,Mrg15,32.7,0.540352227,1483.7
avgbs_cluster_40685.1.30,Mrg15,32.7,0.727101392,1483.7
avgbs_cluster_40685.1.56,Mrg15,32.7,0.727101392,1483.7
avgbs_cluster_4138.1.6,Mrg15,32.7,0.58576483,1483.7
avgbs_cluster_7011.1.64,Mrg15,32.7,0.572245072,1483.7
avgbs_cluster_41106.1.52,Mrg15,33,0,1484
avgbs_123691.1.20,Mrg15,33.5,0,1484.5
avgbs_30052.1.34,Mrg15,33.5,0,1484.5
avgbs_31722.1.31,Mrg15,33.5,0,1484.5
avgbs_42681.1.63,Mrg15,33.5,0.760460664,1484.5
avgbs_cluster_209.1.61,Mrg15,33.5,0,1484.5
avgbs_cluster_40880.1.47,Mrg15,33.5,0,1484.5
avgbs_cluster_9835.1.19,Mrg15,33.5,0,1484.5
avgbs_cluster_9835.1.41,Mrg15,33.5,0,1484.5
avgbs_69747.1.44,Mrg15,33.6,0,1484.6
avgbs_9128.1.42,Mrg15,33.6,0,1484.6
avgbs_cluster_16219.1.62,Mrg15,33.6,0,1484.6
avgbs_cluster_42865.1.44,Mrg15,33.6,0,1484.6
avgbs_100518.1.10,Mrg15,35.1,0,1486.1
avgbs_106964.1.9,Mrg15,35.1,0,1486.1
avgbs_107497.1.42,Mrg15,35.1,0,1486.1
avgbs_109756.1.39,Mrg15,35.1,0,1486.1
avgbs_114187.1.21,Mrg15,35.1,0,1486.1
avgbs_114491.1.40,Mrg15,35.1,0,1486.1
avgbs_114636.1.44,Mrg15,35.1,0,1486.1
avgbs_116165.1.55,Mrg15,35.1,0,1486.1
avgbs_122366.1.43,Mrg15,35.1,0,1486.1
avgbs_122447.1.41,Mrg15,35.1,0,1486.1
avgbs_125180.1.35,Mrg15,35.1,1.133659196,1486.1
avgbs_15395.1.37,Mrg15,35.1,0,1486.1
avgbs_26686.1.8,Mrg15,35.1,0,1486.1
avgbs_28829.1.57,Mrg15,35.1,0,1486.1
avgbs_3111.1.49,Mrg15,35.1,0,1486.1
avgbs_38737.1.46,Mrg15,35.1,0,1486.1
avgbs_38766.1.64,Mrg15,35.1,0,1486.1
avgbs_44012.1.13,Mrg15,35.1,0,1486.1
avgbs_46836.1.34,Mrg15,35.1,0,1486.1
avgbs_51724.1.42,Mrg15,35.1,0.140600138,1486.1
avgbs_56317.1.17,Mrg15,35.1,0,1486.1
avgbs_57243.1.6,Mrg15,35.1,0,1486.1
avgbs_65615.1.54,Mrg15,35.1,0,1486.1
avgbs_67661.1.12,Mrg15,35.1,0,1486.1
avgbs_6K_70684.1.11,Mrg15,35.1,0,1486.1
avgbs_7397.1.23,Mrg15,35.1,0,1486.1
avgbs_91541.1.36,Mrg15,35.1,0,1486.1
avgbs_91809.1.15,Mrg15,35.1,0.227300151,1486.1
avgbs_97982.1.36,Mrg15,35.1,0,1486.1
avgbs_cluster_20847.1.44,Mrg15,35.1,0,1486.1
avgbs_cluster_26355.1.56,Mrg15,35.1,0,1486.1
avgbs_cluster_28280.1.44,Mrg15,35.1,0,1486.1
avgbs_cluster_28280.1.48,Mrg15,35.1,0,1486.1
avgbs_cluster_28280.1.52,Mrg15,35.1,0,1486.1
avgbs_cluster_31415.1.15,Mrg15,35.1,0.343938797,1486.1
avgbs_cluster_32432.1.61,Mrg15,35.1,0,1486.1
avgbs_cluster_33254.1.33,Mrg15,35.1,0,1486.1
avgbs_cluster_35446.1.24,Mrg15,35.1,1.118630752,1486.1
avgbs_cluster_35446.1.62,Mrg15,35.1,1.118630752,1486.1
avgbs_cluster_37152.1.36,Mrg15,35.1,0,1486.1
avgbs_cluster_40566.1.53,Mrg15,35.1,0,1486.1
avgbs_cluster_6498.1.24,Mrg15,35.1,0,1486.1
avgbs_22277.1.26,Mrg15,44.6,0.088522979,1495.6
avgbs_204910.1.45,Mrg15,49.5,1.037508364,1500.5
avgbs_52592.1.19,Mrg15,49.5,0.095708058,1500.5
avgbs_92365.1.32,Mrg15,49.5,0.92041511,1500.5
avgbs_99651.1.12,Mrg15,49.5,0.194182059,1500.5
avgbs_cluster_4868.1.55,Mrg15,49.5,0.584991951,1500.5
avgbs_112178.1.33,Mrg15,50.3,0.126367132,1501.3
avgbs_21656.1.16,Mrg15,50.3,0,1501.3
avgbs_cluster_16846.1.28,Mrg15,50.3,0,1501.3
avgbs_cluster_17921.1.25,Mrg15,50.3,0.111789687,1501.3
avgbs_cluster_17921.1.26,Mrg15,50.3,0.111789687,1501.3
avgbs_cluster_17921.1.35,Mrg15,50.3,0.111789687,1501.3
avgbs_cluster_34522.1.17,Mrg15,50.3,0.114563311,1501.3
avgbs_cluster_34522.1.40,Mrg15,50.3,0.114563311,1501.3
avgbs_cluster_4161.1.64,Mrg15,50.3,0.124523392,1501.3
avgbs_cluster_4478.1.31,Mrg15,50.3,1.184427506,1501.3
avgbs_cluster_4478.1.59,Mrg15,50.3,1.184427506,1501.3
avgbs_cluster_9300.1.17,Mrg15,50.3,0.080030557,1501.3
avgbs_83489.1.51,Mrg15,51.5,0,1502.5
avgbs_119248.1.39,Mrg15,52,0.126903887,1503
avgbs_103793.1.24,Mrg15,52.7,0.331694911,1503.7
avgbs_107357.1.48,Mrg15,52.7,0.275129375,1503.7
avgbs_107386.1.22,Mrg15,52.7,0.657692939,1503.7
avgbs_17685.1.63,Mrg15,52.7,0.277729978,1503.7
avgbs_65413.1.52,Mrg15,52.7,0.300846646,1503.7
avgbs_76050.1.16,Mrg15,52.7,0.360006656,1503.7
avgbs_cluster_28328.1.29,Mrg15,52.7,0.282784375,1503.7
avgbs_cluster_28328.1.31,Mrg15,52.7,0.282784375,1503.7
avgbs_cluster_28328.1.64,Mrg15,52.7,0.282784375,1503.7
avgbs_cluster_39210.1.21,Mrg15,52.7,0.407358682,1503.7
avgbs_cluster_39612.1.36,Mrg15,52.7,0.445448433,1503.7
avgbs_cluster_19777.1.42,Mrg15,53.2,0.861310594,1504.2
avgbs_18409.1.51,Mrg15,53.7,0.501452774,1504.7
avgbs_cluster_39505.1.41,Mrg15,53.7,1.752577049,1504.7
avgbs_cluster_39505.1.58,Mrg15,53.7,1.752577049,1504.7
avgbs_115950.1.42,Mrg15,58.2,0,1509.2
avgbs_122956.1.19,Mrg15,58.2,0.157022746,1509.2
avgbs_12340.1.32,Mrg15,58.2,0,1509.2
avgbs_125430.1.60,Mrg15,58.2,0.144635287,1509.2
avgbs_cluster_2483.1.7,Mrg15,58.2,0.108356922,1509.2
avgbs_cluster_26805.1.36,Mrg15,58.2,0,1509.2
avgbs_cluster_29844.1.16,Mrg15,58.2,0.157022746,1509.2
avgbs_cluster_29844.1.35,Mrg15,58.2,0.157022746,1509.2
avgbs_cluster_37346.1.41,Mrg15,58.2,0.115607592,1509.2
avgbs_cluster_37346.1.57,Mrg15,58.2,0.115607592,1509.2
avgbs_cluster_29545.1.49,Mrg15,60,0.232125072,1511
avgbs_cluster_39697.1.29,Mrg15,60,0,1511
avgbs_cluster_39697.1.30,Mrg15,60,0,1511
avgbs_cluster_26416.1.40,Mrg15,67.6,0.865800016,1518.6
avgbs_cluster_26416.1.53,Mrg15,67.6,0.252665552,1518.6
avgbs_cluster_32484.1.63,Mrg15,67.6,0.056995269,1518.6
avgbs_90956.1.27,Mrg15,68.7,0.143109119,1519.7
avgbs_74410.1.42,Mrg15,70.2,1.172189587,1521.2
avgbs_cluster_24174.1.59,Mrg15,70.2,0.029498435,1521.2
avgbs_cluster_3829.1.51,Mrg15,70.4,0.198053318,1521.4
avgbs_cluster_3829.1.52,Mrg15,70.4,0.198053318,1521.4
avgbs_108419.1.64,Mrg15,72.6,0.027631841,1523.6
avgbs_109631.1.42,Mrg15,72.9,0.487694223,1523.9
avgbs_112278.1.44,Mrg15,72.9,0.255393927,1523.9
avgbs_113329.1.7,Mrg15,72.9,0,1523.9
avgbs_115512.1.17,Mrg15,72.9,0.210215646,1523.9
avgbs_12343.1.18,Mrg15,72.9,0.261333803,1523.9
avgbs_19669.1.28,Mrg15,72.9,0.089318376,1523.9
avgbs_6K_103854.1.11,Mrg15,72.9,0.468790159,1523.9
avgbs_6K_107664.1.57,Mrg15,72.9,0.013620727,1523.9
avgbs_9243.1.12,Mrg15,72.9,0.35086505,1523.9
avgbs_99122.1.22,Mrg15,72.9,0.028468748,1523.9
avgbs_cluster_2034.1.10,Mrg15,72.9,0.185268294,1523.9
avgbs_cluster_2034.1.7,Mrg15,72.9,0.185268294,1523.9
avgbs_cluster_34626.1.60,Mrg15,72.9,0.224187564,1523.9
avgbs_cluster_40564.1.53,Mrg15,72.9,0,1523.9
avgbs_116891.1.44,Mrg15,77.5,0.124031284,1528.5
avgbs_188.1.42,Mrg15,77.5,0.27775512,1528.5
avgbs_19715.1.18,Mrg15,77.5,0,1528.5
avgbs_28224.1.27,Mrg15,77.6,0.694060437,1528.6
avgbs_cluster_23657.1.46,Mrg15,77.6,1.223639344,1528.6
avgbs_cluster_35220.1.10,Mrg15,77.6,0.114730644,1528.6
avgbs_cluster_24081.1.59,Mrg15,79.2,0.070179547,1530.2
avgbs_cluster_40053.1.54,Mrg15,80.7,0.106139796,1531.7
avgbs_cluster_41917.1.12,Mrg15,82,0.664256107,1533
avgbs_cluster_4979.1.54,Mrg15,82.3,0.011870275,1533.3
avgbs_cluster_32332.1.23,Mrg15,84,0.350915372,1535
avgbs_cluster_32332.1.25,Mrg15,84,0.350915372,1535
avgbs_16053.1.40,Mrg15,85.8,0.297701527,1536.8
avgbs_cluster_35220.1.16,Mrg15,85.8,0,1536.8
avgbs_cluster_35220.1.44,Mrg15,85.8,0.073679009,1536.8
avgbs_cluster_39300.1.46,Mrg15,85.8,0.073679009,1536.8
avgbs_cluster_39300.1.62,Mrg15,85.8,0.029634037,1536.8
avgbs_cluster_7124.1.47,Mrg15,85.8,0.030060364,1536.8
avgbs_cluster_7124.1.53,Mrg15,85.8,0.030060364,1536.8
avgbs_cluster_7124.1.59,Mrg15,85.8,0.030060364,1536.8
avgbs_cluster_25398.1.25,Mrg15,87,0,1538
avgbs_115362.1.10,Mrg15,87.2,0.129361246,1538.2
avgbs_21857.1.37,Mrg15,87.2,0.242289409,1538.2
avgbs_cluster_13997.1.34,Mrg15,88.2,0,1539.2
avgbs_cluster_40711.1.26,Mrg15,88.2,0.209090023,1539.2
avgbs_cluster_40711.1.29,Mrg15,88.2,0.209090023,1539.2
avgbs_cluster_5952.1.18,Mrg15,88.2,0.254563555,1539.2
avgbs_cluster_5952.1.29,Mrg15,88.2,0.254563555,1539.2
avgbs_cluster_39689.1.27,Mrg15,91.9,0,1542.9
avgbs_75373.1.18,Mrg15,92.4,0.490245397,1543.4
avgbs_cluster_31181.1.55,Mrg17,2.4,0.08045076,1545.8
avgbs_cluster_3322.1.38,Mrg17,7.3,0.18946193,1550.7
avgbs_cluster_3322.1.46,Mrg17,7.3,0.18946193,1550.7
avgbs_35390.1.28,Mrg17,7.6,0.221331365,1551
avgbs_10912.1.16,Mrg17,10.5,0.950269458,1553.9
avgbs_cluster_37333.1.8,Mrg17,10.5,0.387163997,1553.9
avgbs_2995.1.52,Mrg17,12.8,0.304443549,1556.2
avgbs_cluster_38113.1.8,Mrg17,13.3,0.112236665,1556.7
avgbs_126111.1.49,Mrg17,13.7,0.10924771,1557.1
avgbs_6K_26325.1.59,Mrg17,14,0.717655795,1557.4
avgbs_7345.1.11,Mrg17,14.7,0.2011811,1558.1
avgbs_cluster_33010.1.58,Mrg17,15.3,0.098712942,1558.7
avgbs_cluster_328.1.12,Mrg17,17.7,0.357452045,1561.1
avgbs_cluster_328.1.40,Mrg17,17.7,0.357452045,1561.1
avgbs_3677.1.61,Mrg17,19.4,0.46116358,1562.8
avgbs_cluster_18458.1.10,Mrg17,19.4,0.619690511,1562.8
avgbs_cluster_18458.1.46,Mrg17,19.4,0.619690511,1562.8
avgbs_123016.1.40,Mrg17,19.5,0.055726676,1562.9
avgbs_10682.1.47,Mrg17,24.5,0.976722322,1567.9
avgbs_537.1.31,Mrg17,24.5,0,1567.9
avgbs_80505.1.13,Mrg17,24.5,0,1567.9
avgbs_9437.1.17,Mrg17,24.5,0,1567.9
avgbs_5920.1.17,Mrg17,24.6,0.707711607,1568
avgbs_cluster_96.1.63,Mrg17,24.7,1.077011756,1568.1
avgbs_9931.1.42,Mrg17,24.9,0.593433202,1568.3
avgbs_99962.1.22,Mrg17,25.8,0,1569.2
avgbs_82635.1.20,Mrg17,26.1,1.075398239,1569.5
avgbs_cluster_27274.1.38,Mrg17,26.2,0.003698156,1569.6
avgbs_79.1.35,Mrg17,27.9,1.003342545,1571.3
avgbs_45822.1.54,Mrg17,28.4,0,1571.8
avgbs_cluster_25955.1.53,Mrg17,29.1,1.183917412,1572.5
avgbs_40282.1.26,Mrg17,30.2,0.015536287,1573.6
avgbs_cluster_27714.1.7,Mrg17,30.2,0.960320568,1573.6
avgbs_52590.1.28,Mrg17,30.3,0.863002106,1573.7
avgbs_56302.1.6,Mrg17,30.3,0.581318907,1573.7
avgbs_cluster_25955.1.21,Mrg17,30.9,1.278551618,1574.3
avgbs_112940.1.56,Mrg17,31.2,0.598647236,1574.6
avgbs_cluster_20867.1.21,Mrg17,31.5,0,1574.9
avgbs_100830.1.37,Mrg17,31.8,0.580184311,1575.2
avgbs_104397.1.51,Mrg17,32.2,0.098395547,1575.6
avgbs_109532.1.25,Mrg17,32.2,0.083308426,1575.6
avgbs_125803.1.26,Mrg17,32.2,0.118210273,1575.6
avgbs_14208.1.45,Mrg17,32.2,0.279683287,1575.6
avgbs_21350.1.23,Mrg17,32.2,0.443730226,1575.6
avgbs_32200.1.23,Mrg17,32.2,0.230615935,1575.6
avgbs_6360.1.36,Mrg17,32.2,0.378033692,1575.6
avgbs_65313.1.6,Mrg17,32.2,0.26558624,1575.6
avgbs_6K_1427.1.6,Mrg17,32.2,0.099476198,1575.6
avgbs_74532.1.23,Mrg17,32.2,0.116289229,1575.6
avgbs_87098.1.32,Mrg17,32.2,0.129878664,1575.6
avgbs_88861.1.34,Mrg17,32.2,0.129878664,1575.6
avgbs_cluster_36150.1.12,Mrg17,32.2,0.21229621,1575.6
avgbs_cluster_41070.1.18,Mrg17,32.2,0.253084346,1575.6
avgbs_cluster_41070.1.22,Mrg17,32.2,0.501683149,1575.6
avgbs_cluster_8530.1.43,Mrg17,32.2,0.129878664,1575.6
avgbs_116791.1.33,Mrg17,32.8,0.292475229,1576.2
avgbs_120766.1.10,Mrg17,32.8,0.478228837,1576.2
avgbs_38882.1.16,Mrg17,32.8,0.191953271,1576.2
avgbs_77096.1.29,Mrg17,32.8,0,1576.2
avgbs_cluster_32761.1.25,Mrg17,32.8,0.15590735,1576.2
avgbs_cluster_41145.1.60,Mrg17,32.8,0,1576.2
avgbs_cluster_7712.1.64,Mrg17,32.8,0.549753434,1576.2
avgbs_cluster_21460.1.19,Mrg17,32.9,0.023920714,1576.3
avgbs_102221.1.53,Mrg17,33.2,0,1576.6
avgbs_123763.1.24,Mrg17,33.2,0.074836113,1576.6
avgbs_17662.1.44,Mrg17,33.2,0.05674736,1576.6
avgbs_2151.1.47,Mrg17,33.2,0.303722516,1576.6
avgbs_26961.1.7,Mrg17,33.2,0,1576.6
avgbs_27877.1.21,Mrg17,33.2,0,1576.6
avgbs_39026.1.57,Mrg17,33.2,0.185641596,1576.6
avgbs_99551.1.50,Mrg17,33.2,0.137010136,1576.6
avgbs_cluster_30120.1.28,Mrg17,33.2,0,1576.6
avgbs_cluster_31782.1.64,Mrg17,33.2,0.109983461,1576.6
avgbs_cluster_33086.1.26,Mrg17,33.2,0.344254207,1576.6
avgbs_cluster_897.1.22,Mrg17,33.2,0.150966486,1576.6
avgbs_cluster_18427.1.62,Mrg17,33.4,0.183261271,1576.8
avgbs_26532.1.64,Mrg17,33.5,0.161055735,1576.9
avgbs_21946.1.64,Mrg17,33.6,0.130857221,1577
avgbs_53889.1.21,Mrg17,33.6,0.105727651,1577
avgbs_1015.1.63,Mrg17,34,0,1577.4
avgbs_110323.1.13,Mrg17,34,0.093887156,1577.4
avgbs_114653.1.19,Mrg17,34,0.148601709,1577.4
avgbs_123224.1.12,Mrg17,34,0,1577.4
avgbs_41395.1.22,Mrg17,34,0.146074142,1577.4
avgbs_61.1.58,Mrg17,34,0,1577.4
avgbs_61650.1.39,Mrg17,34,0,1577.4
avgbs_86308.1.35,Mrg17,34,0,1577.4
avgbs_cluster_18495.1.9,Mrg17,34,0,1577.4
avgbs_cluster_30463.1.18,Mrg17,34,0,1577.4
avgbs_107605.1.22,Mrg17,36.6,0.170091329,1580
avgbs_111717.1.24,Mrg17,36.6,0.226158793,1580
avgbs_7430.1.28,Mrg17,36.6,0.042382092,1580
avgbs_cluster_16789.1.36,Mrg17,36.6,0.076787841,1580
avgbs_100922.1.13,Mrg17,37.3,0.15061889,1580.7
avgbs_113760.1.28,Mrg17,37.3,0.343457468,1580.7
avgbs_124347.1.51,Mrg17,37.3,0.407796163,1580.7
avgbs_125066.1.19,Mrg17,37.3,0.767466052,1580.7
avgbs_17834.1.11,Mrg17,37.3,0.49367806,1580.7
avgbs_20932.1.64,Mrg17,37.3,1.013802622,1580.7
avgbs_3175.1.38,Mrg17,37.3,0.2385056,1580.7
avgbs_35341.1.57,Mrg17,37.3,0.038710274,1580.7
avgbs_52843.1.35,Mrg17,37.3,0.316214672,1580.7
avgbs_6886.1.58,Mrg17,37.3,1.285912028,1580.7
avgbs_6K_113531.1.62,Mrg17,37.3,0.249420079,1580.7
avgbs_6K_78834.1.11,Mrg17,37.3,0.326703391,1580.7
avgbs_77406.1.48,Mrg17,37.3,0.361368303,1580.7
avgbs_936.1.20,Mrg17,37.3,0.54345624,1580.7
avgbs_9566.1.58,Mrg17,37.3,0.389565444,1580.7
avgbs_9995.1.62,Mrg17,37.3,0.169929939,1580.7
avgbs_cluster_11726.1.20,Mrg17,37.3,0.648971474,1580.7
avgbs_cluster_11726.1.21,Mrg17,37.3,0.648971474,1580.7
avgbs_cluster_12808.1.61,Mrg17,37.3,0.319920013,1580.7
avgbs_cluster_1504.1.26,Mrg17,37.3,0.009160981,1580.7
avgbs_cluster_2723.1.50,Mrg17,37.3,0.092310941,1580.7
avgbs_cluster_35640.1.58,Mrg17,37.3,0.15061889,1580.7
avgbs_cluster_36165.1.13,Mrg17,37.3,0.092534889,1580.7
avgbs_cluster_36165.1.29,Mrg17,37.3,0.332175122,1580.7
avgbs_cluster_39131.1.11,Mrg17,37.3,0.114126731,1580.7
avgbs_cluster_39131.1.26,Mrg17,37.3,0.38538952,1580.7
avgbs_cluster_39131.1.41,Mrg17,37.3,0.656016338,1580.7
avgbs_cluster_40606.1.12,Mrg17,37.3,0.367542607,1580.7
avgbs_cluster_5461.1.58,Mrg17,37.3,0.05283442,1580.7
avgbs_cluster_5461.1.61,Mrg17,37.3,0.05283442,1580.7
avgbs_cluster_4802.1.21,Mrg17,39.7,0.266249912,1583.1
avgbs_cluster_4802.1.40,Mrg17,39.7,0.266249912,1583.1
avgbs_114206.1.59,Mrg17,39.8,0.001804177,1583.2
avgbs_14004.1.51,Mrg17,40.1,0.060862501,1583.5
avgbs_86619.1.57,Mrg17,47.3,0,1590.7
avgbs_13947.1.45,Mrg17,47.9,0.031565948,1591.3
avgbs_32853.1.11,Mrg17,48.7,1.016971735,1592.1
avgbs_104996.1.40,Mrg17,49.4,0.051071078,1592.8
avgbs_111219.1.61,Mrg17,49.4,0.338129036,1592.8
avgbs_86473.1.40,Mrg17,49.5,0.154496798,1592.9
avgbs_14190.1.32,Mrg17,49.8,1.029558328,1593.2
avgbs_102354.1.46,Mrg17,49.9,0,1593.3
avgbs_83544.1.59,Mrg17,49.9,0.719707625,1593.3
avgbs_106374.1.44,Mrg17,50.8,1.187636489,1594.2
avgbs_86695.1.45,Mrg17,50.8,0.017871958,1594.2
avgbs_40308.1.11,Mrg17,51,0.23723133,1594.4
avgbs_48778.1.11,Mrg17,51,0,1594.4
avgbs_200333.1.49,Mrg17,51.3,0.283183209,1594.7
avgbs_cluster_20994.1.23,Mrg17,51.3,0,1594.7
avgbs_120630.1.26,Mrg17,51.6,0.08723656,1595
avgbs_cluster_38771.1.47,Mrg17,56.1,0.045412508,1599.5
avgbs_118413.1.53,Mrg17,56.5,0.075198532,1599.9
avgbs_86973.1.35,Mrg17,56.5,0.215418419,1599.9
avgbs_cluster_17763.1.46,Mrg17,56.5,0.121876391,1599.9
avgbs_cluster_17763.1.57,Mrg17,56.5,0.121876391,1599.9
avgbs_cluster_17763.1.8,Mrg17,56.5,0.121876391,1599.9
avgbs_cluster_28477.1.62,Mrg17,56.5,0.000557054,1599.9
avgbs_cluster_28477.1.63,Mrg17,56.5,0.000557054,1599.9
avgbs_cluster_6626.1.33,Mrg17,56.5,0,1599.9
avgbs_7961.1.56,Mrg17,57.3,0,1600.7
avgbs_cluster_20124.1.24,Mrg17,57.4,0.242117628,1600.8
avgbs_cluster_20124.1.45,Mrg17,57.4,0.242117628,1600.8
avgbs_cluster_20124.1.47,Mrg17,57.4,0.242117628,1600.8
avgbs_81242.1.24,Mrg17,61.5,0.046835624,1604.9
avgbs_cluster_29761.1.38,Mrg17,61.5,0,1604.9
avgbs_cluster_29761.1.47,Mrg17,61.5,0,1604.9
avgbs_cluster_39630.1.30,Mrg17,61.5,0,1604.9
avgbs_cluster_39828.1.10,Mrg17,61.5,0.043928593,1604.9
avgbs_cluster_43289.1.57,Mrg17,62.2,0,1605.6
avgbs_109843.1.63,Mrg17,62.4,0.270428331,1605.8
avgbs_79469.1.58,Mrg17,62.9,0.220609636,1606.3
avgbs_cluster_34864.1.12,Mrg17,62.9,0.047701817,1606.3
avgbs_cluster_34864.1.13,Mrg17,62.9,0.047701817,1606.3
avgbs_cluster_36242.1.19,Mrg17,62.9,0.071004711,1606.3
avgbs_cluster_38419.1.54,Mrg17,62.9,0,1606.3
avgbs_cluster_38771.1.30,Mrg17,63,0,1606.4
avgbs_113724.1.8,Mrg17,63.1,0.098730615,1606.5
avgbs_cluster_1526.1.51,Mrg17,63.1,0.884517136,1606.5
avgbs_cluster_43278.1.29,Mrg17,63.1,0,1606.5
avgbs_110374.1.40,Mrg17,63.2,0.285119906,1606.6
avgbs_114097.1.9,Mrg17,63.3,0,1606.7
avgbs_119436.1.31,Mrg17,63.3,0,1606.7
avgbs_26647.1.56,Mrg17,63.3,0.240361245,1606.7
avgbs_cluster_25479.1.12,Mrg17,63.3,0.628423197,1606.7
avgbs_cluster_25479.1.15,Mrg17,63.3,0.825745394,1606.7
avgbs_cluster_25479.1.28,Mrg17,63.3,0.628423197,1606.7
avgbs_568.1.42,Mrg17,65.7,0.219904384,1609.1
avgbs_64773.1.26,Mrg17,66.1,0.252264446,1609.5
avgbs_cluster_21346.1.12,Mrg17,66.1,0.671958589,1609.5
avgbs_cluster_21346.1.38,Mrg17,66.1,0.671958589,1609.5
avgbs_cluster_21346.1.57,Mrg17,66.1,0.659013592,1609.5
avgbs_cluster_39123.1.51,Mrg17,66.1,0,1609.5
avgbs_cluster_4457.1.11,Mrg17,66.1,0.321439775,1609.5
avgbs_cluster_4457.1.20,Mrg17,66.1,0.321439775,1609.5
avgbs_38213.1.14,Mrg17,68.2,0.190587993,1611.6
avgbs_cluster_149.1.7,Mrg17,68.2,0.127027905,1611.6
avgbs_cluster_28420.1.27,Mrg17,68.2,0.319646328,1611.6
avgbs_cluster_28420.1.33,Mrg17,68.2,0.319646328,1611.6
avgbs_cluster_36242.1.24,Mrg17,68.2,0.211473157,1611.6
avgbs_cluster_6081.1.60,Mrg17,68.3,0.430840179,1611.7
avgbs_99796.1.40,Mrg17,68.4,0.196119772,1611.8
avgbs_cluster_40321.1.20,Mrg17,68.4,0.063866636,1611.8
avgbs_105744.1.48,Mrg17,68.5,0.20171075,1611.9
avgbs_122942.1.35,Mrg17,68.5,0.164701753,1611.9
avgbs_62154.1.18,Mrg17,68.5,0.055186293,1611.9
avgbs_77763.1.19,Mrg17,68.5,0.212753644,1611.9
avgbs_cluster_36303.1.50,Mrg17,68.5,0.660100482,1611.9
avgbs_cluster_36303.1.52,Mrg17,68.5,0.660100482,1611.9
avgbs_cluster_36303.1.9,Mrg17,68.5,0.660100482,1611.9
avgbs_6K_6872.1.6,Mrg17,69.3,0.343308641,1612.7
avgbs_97815.1.55,Mrg17,70.2,0.007420795,1613.6
avgbs_200686.1.25,Mrg17,70.5,0.06018739,1613.9
avgbs_40307.1.12,Mrg17,70.5,0.137358691,1613.9
avgbs_44312.1.23,Mrg17,70.5,0.214527676,1613.9
avgbs_71104.1.47,Mrg17,70.5,1.114706896,1613.9
avgbs_7464.1.63,Mrg17,70.5,0.427778542,1613.9
avgbs_83226.1.31,Mrg17,70.5,0,1613.9
avgbs_cluster_15688.1.45,Mrg17,70.5,0.038919022,1613.9
avgbs_cluster_36640.1.49,Mrg17,70.5,0.151506945,1613.9
avgbs_104679.1.37,Mrg17,75.6,0,1619
avgbs_110539.1.42,Mrg17,75.6,0.933612666,1619
avgbs_114691.1.64,Mrg17,75.6,0,1619
avgbs_206981.1.44,Mrg17,75.6,2.298399061,1619
avgbs_68227.1.12,Mrg17,75.6,0.884130344,1619
avgbs_7508.1.54,Mrg17,75.6,0,1619
avgbs_81244.1.18,Mrg17,75.6,0.094831805,1619
avgbs_9992.1.36,Mrg17,75.6,0.523907098,1619
avgbs_cluster_35404.1.17,Mrg17,75.6,0.857896626,1619
avgbs_cluster_35404.1.8,Mrg17,75.6,0.857896626,1619
avgbs_cluster_42683.1.64,Mrg17,75.6,1.37684201,1619
avgbs_cluster_34317.1.57,Mrg17,77.6,0,1621
avgbs_cluster_39299.1.60,Mrg17,78,0.29817214,1621.4
avgbs_29928.1.7,Mrg17,78.8,0.185169547,1622.2
avgbs_78035.1.26,Mrg17,78.8,0,1622.2
avgbs_88481.1.34,Mrg17,78.8,0,1622.2
avgbs_99677.1.15,Mrg17,78.8,0,1622.2
avgbs_cluster_34317.1.46,Mrg17,78.8,0,1622.2
avgbs_cluster_34998.1.26,Mrg17,78.8,0,1622.2
avgbs_10565.1.54,Mrg17,78.9,0.162178716,1622.3
avgbs_111743.1.21,Mrg17,78.9,0,1622.3
avgbs_120481.1.50,Mrg17,78.9,0.358318533,1622.3
avgbs_21130.1.60,Mrg17,78.9,0,1622.3
avgbs_28193.1.54,Mrg17,78.9,0.328805541,1622.3
avgbs_29270.1.35,Mrg17,78.9,0,1622.3
avgbs_34251.1.62,Mrg17,78.9,0,1622.3
avgbs_49522.1.31,Mrg17,78.9,0.247555791,1622.3
avgbs_cluster_18888.1.12,Mrg17,78.9,0,1622.3
avgbs_cluster_18888.1.31,Mrg17,78.9,0,1622.3
avgbs_cluster_18888.1.37,Mrg17,78.9,0,1622.3
avgbs_cluster_231.1.42,Mrg17,78.9,0,1622.3
avgbs_cluster_231.1.43,Mrg17,78.9,0,1622.3
avgbs_cluster_231.1.44,Mrg17,78.9,0,1622.3
avgbs_cluster_3296.1.41,Mrg17,78.9,0,1622.3
avgbs_cluster_3296.1.48,Mrg17,78.9,0.066719251,1622.3
avgbs_cluster_3296.1.58,Mrg17,78.9,0.066719251,1622.3
avgbs_cluster_39296.1.31,Mrg17,78.9,0,1622.3
avgbs_cluster_39964.1.39,Mrg17,78.9,0,1622.3
avgbs_cluster_40627.1.51,Mrg17,78.9,0.26904165,1622.3
avgbs_cluster_453.1.20,Mrg17,78.9,0,1622.3
avgbs_cluster_453.1.53,Mrg17,78.9,0,1622.3
avgbs_cluster_5934.1.41,Mrg17,78.9,0,1622.3
avgbs_73225.1.24,Mrg17,79.8,0.108677269,1623.2
avgbs_9145.1.19,Mrg17,80,0,1623.4
avgbs_cluster_38875.1.12,Mrg17,80,0,1623.4
avgbs_cluster_38875.1.27,Mrg17,80,0,1623.4
avgbs_125219.1.39,Mrg17,80.1,0,1623.5
avgbs_cluster_36329.1.27,Mrg17,80.2,0,1623.6
avgbs_cluster_36329.1.49,Mrg17,80.2,0,1623.6
avgbs_cluster_27088.1.36,Mrg17,82.3,0,1625.7
avgbs_68546.1.58,Mrg17,83.6,0.028903803,1627
avgbs_cluster_36463.1.26,Mrg17,83.6,0,1627
avgbs_cluster_36463.1.46,Mrg17,83.6,0.08629949,1627
avgbs_cluster_36463.1.53,Mrg17,83.6,0,1627
avgbs_cluster_8814.1.32,Mrg17,83.6,0.333435584,1627
avgbs_cluster_9083.1.20,Mrg17,83.6,0,1627
avgbs_cluster_9083.1.21,Mrg17,83.6,0,1627
avgbs_17631.1.39,Mrg17,83.8,0,1627.2
avgbs_cluster_36329.1.59,Mrg17,83.8,0,1627.2
avgbs_10969.1.46,Mrg17,83.9,0,1627.3
avgbs_116164.1.52,Mrg17,83.9,0.03369001,1627.3
avgbs_1664.1.32,Mrg17,83.9,0.922323361,1627.3
avgbs_19758.1.41,Mrg17,83.9,0.072415797,1627.3
avgbs_76497.1.36,Mrg17,83.9,0.109639487,1627.3
avgbs_cluster_27088.1.33,Mrg17,83.9,0.022350364,1627.3
avgbs_cluster_29851.1.14,Mrg17,83.9,0.330451474,1627.3
avgbs_115302.1.12,Mrg17,84.3,0.129784868,1627.7
avgbs_119168.1.40,Mrg17,84.3,0.215242544,1627.7
avgbs_26617.1.53,Mrg17,84.3,0.084114675,1627.7
avgbs_90212.1.19,Mrg17,84.3,0,1627.7
avgbs_cluster_17195.1.41,Mrg17,84.3,0.312933573,1627.7
avgbs_2425.1.6,Mrg17,84.4,0.278932608,1627.8
avgbs_cluster_329.1.23,Mrg17,84.4,0.331439197,1627.8
avgbs_cluster_329.1.38,Mrg17,84.4,0.331439197,1627.8
avgbs_101583.1.41,Mrg17,85.3,0.017535505,1628.7
avgbs_120807.1.29,Mrg17,85.3,0.13710891,1628.7
avgbs_cluster_21548.1.39,Mrg17,85.3,0.847293919,1628.7
avgbs_cluster_40900.1.58,Mrg17,85.3,0.124408341,1628.7
avgbs_cluster_22452.1.34,Mrg17,85.7,0.049417435,1629.1
avgbs_cluster_22452.1.36,Mrg17,85.7,0.049417435,1629.1
avgbs_3000.1.55,Mrg17,86.8,0.252136191,1630.2
avgbs_cluster_48375.1.8,Mrg17,87,0,1630.4
avgbs_118202.1.52,Mrg17,87.8,0.085838561,1631.2
avgbs_29775.1.18,Mrg17,87.8,1.238856679,1631.2
avgbs_cluster_24815.1.26,Mrg17,87.8,0.536397813,1631.2
avgbs_cluster_24815.1.6,Mrg17,87.8,0.536397813,1631.2
avgbs_cluster_2797.1.64,Mrg17,87.8,1.065975186,1631.2
avgbs_cluster_6753.1.62,Mrg17,87.8,0,1631.2
avgbs_cluster_36984.1.29,Mrg17,88,0.208934487,1631.4
avgbs_109439.1.17,Mrg17,88.8,0.280469359,1632.2
avgbs_125332.1.13,Mrg17,88.8,0,1632.2
avgbs_10904.1.12,Mrg17,89.4,0,1632.8
avgbs_117348.1.56,Mrg17,89.4,0,1632.8
avgbs_77317.1.24,Mrg17,89.4,0.013681106,1632.8
avgbs_77955.1.63,Mrg17,89.4,0.14640788,1632.8
avgbs_cluster_2384.1.38,Mrg17,89.4,0.054907092,1632.8
avgbs_cluster_30055.1.26,Mrg17,89.4,0,1632.8
avgbs_cluster_3296.1.60,Mrg17,89.4,0.1360251,1632.8
avgbs_cluster_36884.1.39,Mrg17,89.4,0.125189446,1632.8
avgbs_cluster_38629.1.32,Mrg17,89.4,0,1632.8
avgbs_cluster_38629.1.49,Mrg17,89.4,0,1632.8
avgbs_cluster_39559.1.55,Mrg17,89.4,0.534348035,1632.8
avgbs_cluster_9083.1.45,Mrg17,89.4,0.271968838,1632.8
avgbs_cluster_15267.1.42,Mrg17,90,0.244982453,1633.4
avgbs_cluster_24659.1.41,Mrg17,91.2,0,1634.6
avgbs_cluster_29535.1.31,Mrg17,92.1,0.348531198,1635.5
avgbs_cluster_29535.1.56,Mrg17,92.1,0.348531198,1635.5
avgbs_10437.1.35,Mrg17,92.5,0,1635.9
avgbs_124566.1.16,Mrg17,92.5,0,1635.9
avgbs_124567.1.12,Mrg17,92.5,0.399911906,1635.9
avgbs_15768.1.39,Mrg17,92.5,0,1635.9
avgbs_68530.1.10,Mrg17,92.5,0.355513668,1635.9
avgbs_92588.1.32,Mrg17,92.5,1.535357237,1635.9
avgbs_cluster_2467.1.10,Mrg17,92.5,0.676219586,1635.9
avgbs_cluster_2615.1.53,Mrg17,92.5,0.120956468,1635.9
avgbs_cluster_2615.1.63,Mrg17,92.5,0.120956468,1635.9
avgbs_cluster_39699.1.16,Mrg17,92.5,0.558731697,1635.9
avgbs_cluster_39862.1.14,Mrg17,92.5,0,1635.9
avgbs_cluster_39862.1.36,Mrg17,92.5,0,1635.9
avgbs_35484.1.34,Mrg17,94.7,0,1638.1
avgbs_cluster_26190.1.50,Mrg17,94.7,0,1638.1
avgbs_cluster_26190.1.58,Mrg17,94.7,0,1638.1
avgbs_cluster_34316.1.51,Mrg17,94.7,0.149347893,1638.1
avgbs_cluster_34316.1.54,Mrg17,94.7,0.149347893,1638.1
avgbs_cluster_35290.1.41,Mrg17,94.7,0.397342011,1638.1
avgbs_cluster_40023.1.48,Mrg17,94.7,0,1638.1
avgbs_70717.1.64,Mrg17,95,0.167671155,1638.4
avgbs_94808.1.39,Mrg17,95.4,0.022761599,1638.8
avgbs_cluster_31743.1.51,Mrg17,95.4,0,1638.8
avgbs_cluster_6548.1.30,Mrg17,95.4,0.417244096,1638.8
avgbs_cluster_6548.1.33,Mrg17,95.4,0.417244096,1638.8
avgbs_cluster_24808.1.17,Mrg17,97.4,0.011297443,1640.8
avgbs_101243.1.45,Mrg17,97.7,0.316194962,1641.1
avgbs_9151.1.47,Mrg17,98.1,0.042945317,1641.5
avgbs_cluster_35217.1.59,Mrg17,98.3,0.417938417,1641.7
avgbs_cluster_35217.1.9,Mrg17,98.3,0.417938417,1641.7
avgbs_119891.1.13,Mrg17,100.3,0.373394922,1643.7
avgbs_109852.1.30,Mrg17,100.7,0.500537044,1644.1
avgbs_18626.1.10,Mrg17,100.7,0.445416891,1644.1
avgbs_cluster_32075.1.34,Mrg17,100.7,0.19772317,1644.1
avgbs_cluster_4495.1.17,Mrg17,100.7,0.500537044,1644.1
avgbs_cluster_4495.1.40,Mrg17,100.7,0.500537044,1644.1
avgbs_cluster_6246.1.36,Mrg17,100.7,0.402505024,1644.1
avgbs_cluster_7064.1.17,Mrg17,100.7,0.058803569,1644.1
avgbs_cluster_7064.1.22,Mrg17,100.7,0.058803569,1644.1
avgbs_cluster_7064.1.6,Mrg17,100.7,0.058803569,1644.1
avgbs_cluster_8565.1.51,Mrg17,102.3,0.224989107,1645.7
avgbs_cluster_22813.1.58,Mrg17,104.8,0,1648.2
avgbs_52894.1.31,Mrg17,108.2,0,1651.6
avgbs_20525.1.48,Mrg17,108.8,0.988351724,1652.2
avgbs_cluster_7851.1.29,Mrg17,108.9,0.517104348,1652.3
avgbs_cluster_7851.1.55,Mrg17,108.9,0.517104348,1652.3
avgbs_cluster_1187.1.32,Mrg17,109.9,0.553745356,1653.3
avgbs_cluster_1187.1.56,Mrg17,109.9,0.553745356,1653.3
avgbs_105463.1.20,Mrg17,110.4,0.110009438,1653.8
avgbs_124720.1.43,Mrg17,110.4,0.060152554,1653.8
avgbs_67302.1.12,Mrg17,110.4,0,1653.8
avgbs_cluster_23345.1.19,Mrg17,110.4,0.105732478,1653.8
avgbs_cluster_23345.1.27,Mrg17,110.4,0,1653.8
avgbs_cluster_23345.1.29,Mrg17,110.4,0.105732478,1653.8
avgbs_cluster_30724.1.10,Mrg17,110.4,0,1653.8
avgbs_102449.1.34,Mrg17,112.4,0.893014613,1655.8
avgbs_cluster_33539.1.21,Mrg17,112.4,0.193406298,1655.8
avgbs_cluster_33539.1.49,Mrg17,112.4,0.193406298,1655.8
avgbs_34774.1.12,Mrg18,-1.1,0,1654.7
avgbs_cluster_2508.1.10,Mrg18,-0.8,0.15301399,1655
avgbs_cluster_2508.1.7,Mrg18,-0.8,0.15301399,1655
avgbs_28703.1.27,Mrg18,0,0.20242347,1655.8
avgbs_52007.1.54,Mrg18,0,0.903763629,1655.8
avgbs_cluster_28089.1.54,Mrg18,1.2,0.367662673,1657
avgbs_cluster_36540.1.50,Mrg18,1.5,1.670028542,1657.3
avgbs_cluster_28077.1.61,Mrg18,1.7,0,1657.5
avgbs_203746.1.32,Mrg18,4.3,0.254297389,1660.1
avgbs_cluster_39952.1.56,Mrg18,4.3,0.113912805,1660.1
avgbs_cluster_10890.1.15,Mrg18,7.3,0.155173833,1663.1
avgbs_cluster_10890.1.53,Mrg18,7.3,0.155173833,1663.1
avgbs_cluster_35151.1.54,Mrg18,7.3,0.005456422,1663.1
avgbs_cluster_35151.1.55,Mrg18,7.3,0.005456422,1663.1
avgbs_cluster_9912.1.62,Mrg18,7.4,1.302519654,1663.2
avgbs_cluster_9912.1.63,Mrg18,7.4,1.302519654,1663.2
avgbs_cluster_9912.1.64,Mrg18,7.4,1.302519654,1663.2
avgbs_200259.1.51,Mrg18,7.5,0.907131697,1663.3
avgbs_cluster_36540.1.38,Mrg18,7.5,1.006481784,1663.3
avgbs_cluster_16802.1.58,Mrg18,7.9,0.85186535,1663.7
avgbs_cluster_16802.1.63,Mrg18,7.9,0.85186535,1663.7
avgbs_cluster_16802.1.64,Mrg18,7.9,0.85186535,1663.7
avgbs_cluster_35594.1.26,Mrg18,7.9,0.739806678,1663.7
avgbs_cluster_35594.1.34,Mrg18,7.9,0.739806678,1663.7
avgbs_cluster_41129.1.57,Mrg18,7.9,0.272890034,1663.7
avgbs_83913.1.12,Mrg18,9,0.127236469,1664.8
avgbs_cluster_11441.1.53,Mrg18,9.5,0.540547147,1665.3
avgbs_29974.1.22,Mrg18,10.9,0.379675568,1666.7
avgbs_cluster_34668.1.23,Mrg18,10.9,0,1666.7
avgbs_cluster_5272.1.62,Mrg18,10.9,0.286725634,1666.7
avgbs_38970.1.7,Mrg18,11.1,0,1666.9
avgbs_39046.1.48,Mrg18,11.1,0.41689496,1666.9
avgbs_6942.1.30,Mrg18,11.6,0.01305243,1667.4
avgbs_108818.1.34,Mrg18,14.3,0.424630705,1670.1
avgbs_cluster_91.1.51,Mrg18,14.7,0.710622569,1670.5
avgbs_cluster_19117.1.15,Mrg18,15.9,1.132483184,1671.7
avgbs_5781.1.12,Mrg18,16,0.200167183,1671.8
avgbs_101665.1.38,Mrg18,16.5,0.521307767,1672.3
avgbs_122252.1.32,Mrg18,16.5,0.25168567,1672.3
avgbs_124046.1.22,Mrg18,16.5,0.04209786,1672.3
avgbs_43051.1.28,Mrg18,16.5,0.105328963,1672.3
avgbs_74420.1.20,Mrg18,16.5,0,1672.3
avgbs_cluster_39521.1.55,Mrg18,16.5,0,1672.3
avgbs_cluster_488.1.27,Mrg18,16.5,0,1672.3
avgbs_cluster_488.1.42,Mrg18,16.5,0,1672.3
avgbs_119474.1.59,Mrg18,18.1,0,1673.9
avgbs_123241.1.20,Mrg18,18.1,0,1673.9
avgbs_6K_52130.1.13,Mrg18,18.1,0,1673.9
avgbs_6K_75415.1.11,Mrg18,18.1,0,1673.9
avgbs_8471.1.44,Mrg18,18.1,1.576631264,1673.9
avgbs_cluster_10244.1.6,Mrg18,18.1,0,1673.9
avgbs_cluster_1591.1.40,Mrg18,18.1,0,1673.9
avgbs_cluster_2769.1.38,Mrg18,18.1,0.511974126,1673.9
avgbs_cluster_2769.1.51,Mrg18,18.1,0,1673.9
avgbs_cluster_38881.1.37,Mrg18,18.1,0,1673.9
avgbs_cluster_43944.1.47,Mrg18,18.1,0.99215123,1673.9
avgbs_cluster_7668.1.35,Mrg18,18.1,0,1673.9
avgbs_cluster_7668.1.45,Mrg18,18.1,0.403442803,1673.9
avgbs_cluster_1591.1.7,Mrg18,20.2,0.365585864,1676
avgbs_cluster_1955.1.59,Mrg18,20.2,0.410397776,1676
avgbs_23848.1.37,Mrg18,20.4,0.158360497,1676.2
avgbs_cluster_6248.1.55,Mrg18,20.5,0.338001755,1676.3
avgbs_21420.1.41,Mrg18,20.6,1.556494575,1676.4
avgbs_cluster_15200.1.12,Mrg18,20.6,0,1676.4
avgbs_cluster_1955.1.17,Mrg18,20.6,0,1676.4
avgbs_cluster_8737.1.43,Mrg18,20.6,0.473308925,1676.4
avgbs_cluster_8737.1.48,Mrg18,20.6,0.473308925,1676.4
avgbs_cluster_38484.1.59,Mrg18,20.7,1.589878825,1676.5
avgbs_33061.1.20,Mrg18,21.1,0.302578701,1676.9
avgbs_cluster_15200.1.20,Mrg18,21.1,0.53100585,1676.9
avgbs_cluster_16178.1.58,Mrg18,21.1,0,1676.9
avgbs_cluster_16178.1.9,Mrg18,21.1,0,1676.9
avgbs_cluster_23290.1.51,Mrg18,21.1,1.778142335,1676.9
avgbs_cluster_23290.1.52,Mrg18,21.1,1.778142335,1676.9
avgbs_cluster_24806.1.52,Mrg18,21.1,0,1676.9
avgbs_cluster_30206.1.58,Mrg18,21.1,0.411064101,1676.9
avgbs_cluster_30206.1.60,Mrg18,21.1,0.411064101,1676.9
avgbs_cluster_8737.1.53,Mrg18,21.4,0,1677.2
avgbs_cluster_37660.1.24,Mrg18,22.7,1.477980757,1678.5
avgbs_cluster_37660.1.55,Mrg18,22.7,1.477980757,1678.5
avgbs_cluster_37660.1.61,Mrg18,22.7,1.477980757,1678.5
avgbs_cluster_16196.1.13,Mrg18,22.8,1.258610315,1678.6
avgbs_cluster_16196.1.29,Mrg18,22.8,1.258610315,1678.6
avgbs_cluster_16196.1.32,Mrg18,22.8,1.258610315,1678.6
avgbs_125929.1.27,Mrg18,27.7,0.190186891,1683.5
avgbs_50219.1.9,Mrg18,27.7,0.130473323,1683.5
avgbs_51729.1.57,Mrg18,27.7,0.05128526,1683.5
avgbs_52527.1.26,Mrg18,27.7,0.35853047,1683.5
avgbs_cluster_26239.1.60,Mrg18,27.7,0.981335558,1683.5
avgbs_cluster_27780.1.32,Mrg18,27.7,0.213498227,1683.5
avgbs_cluster_27780.1.39,Mrg18,27.7,0.213498227,1683.5
avgbs_cluster_27780.1.53,Mrg18,27.7,0.213498227,1683.5
avgbs_cluster_39996.1.20,Mrg18,27.7,0.170731717,1683.5
avgbs_cluster_40516.1.42,Mrg18,27.7,0.118483733,1683.5
avgbs_cluster_40516.1.43,Mrg18,27.7,0.154808985,1683.5
avgbs_cluster_21785.1.15,Mrg18,28.6,0.055454593,1684.4
avgbs_79452.1.24,Mrg18,30.9,0,1686.7
avgbs_104801.1.38,Mrg18,32.5,0.197732061,1688.3
avgbs_13658.1.46,Mrg18,32.5,0.330930091,1688.3
avgbs_35455.1.7,Mrg18,32.5,0.17379687,1688.3
avgbs_46626.1.27,Mrg18,32.5,0.378311621,1688.3
avgbs_55611.1.35,Mrg18,32.5,0.584505955,1688.3
avgbs_5724.1.51,Mrg18,32.5,0.303005042,1688.3
avgbs_70347.1.46,Mrg18,32.5,0.488833663,1688.3
avgbs_75039.1.34,Mrg18,32.5,0.016944841,1688.3
avgbs_cluster_37092.1.19,Mrg18,32.5,0.318167456,1688.3
avgbs_cluster_37092.1.36,Mrg18,32.5,0.318167456,1688.3
avgbs_19471.1.23,Mrg18,33.1,0.685149323,1688.9
avgbs_18994.1.64,Mrg18,34.4,0.548065426,1690.2
avgbs_82761.1.27,Mrg18,34.4,0.486694783,1690.2
avgbs_cluster_11504.1.38,Mrg18,34.4,0.250696815,1690.2
avgbs_cluster_11504.1.41,Mrg18,34.4,0.250696815,1690.2
avgbs_cluster_11504.1.58,Mrg18,34.4,0.250696815,1690.2
avgbs_cluster_19812.1.32,Mrg18,34.4,0.084163929,1690.2
avgbs_cluster_6292.1.41,Mrg18,34.4,0.204204109,1690.2
avgbs_124511.1.11,Mrg18,35.2,0.256426645,1691
avgbs_20179.1.64,Mrg18,35.2,0.617127224,1691
avgbs_7965.1.30,Mrg18,35.2,0.15347349,1691
avgbs_90977.1.48,Mrg18,35.2,0.157710226,1691
avgbs_103101.1.27,Mrg18,36.2,0.087563343,1692
avgbs_114776.1.56,Mrg18,36.2,0,1692
avgbs_121130.1.62,Mrg18,36.2,0.749542591,1692
avgbs_124397.1.55,Mrg18,36.2,1.146477587,1692
avgbs_12718.1.12,Mrg18,36.2,0.584992301,1692
avgbs_17821.1.27,Mrg18,36.2,0.195187203,1692
avgbs_cluster_2288.1.61,Mrg18,36.2,0.403094594,1692
avgbs_cluster_33848.1.36,Mrg18,37.9,0.581131048,1693.7
avgbs_cluster_33848.1.37,Mrg18,37.9,0.581131048,1693.7
avgbs_83807.1.26,Mrg18,39.6,0.216921092,1695.4
avgbs_105878.1.11,Mrg18,40,0.092382071,1695.8
avgbs_212875.1.40,Mrg18,40,0.350775963,1695.8
avgbs_37502.1.33,Mrg18,40,0.002997636,1695.8
avgbs_70970.1.35,Mrg18,40,0.426734304,1695.8
avgbs_74306.1.34,Mrg18,40,0,1695.8
avgbs_99951.1.44,Mrg18,40,0,1695.8
avgbs_cluster_11475.1.35,Mrg18,40,0.022082181,1695.8
avgbs_cluster_31991.1.20,Mrg18,40,0,1695.8
avgbs_cluster_5366.1.14,Mrg18,40,0.427815393,1695.8
avgbs_cluster_5366.1.55,Mrg18,40,0.427815393,1695.8
avgbs_cluster_862.1.54,Mrg18,40,0,1695.8
avgbs_cluster_862.1.57,Mrg18,40,0,1695.8
avgbs_6K_103591.1.7,Mrg18,40.3,0,1696.1
avgbs_26340.1.45,Mrg18,41.8,0.056419331,1697.6
avgbs_1018.1.47,Mrg18,42,0.860083283,1697.8
avgbs_100334.1.14,Mrg18,42.1,0,1697.9
avgbs_123327.1.40,Mrg18,42.1,0.134590686,1697.9
avgbs_4932.1.24,Mrg18,42.1,0.17760867,1697.9
avgbs_cluster_1596.1.7,Mrg18,42.1,0.208794239,1697.9
avgbs_47896.1.46,Mrg18,42.2,0.256780692,1698
avgbs_cluster_14874.1.28,Mrg18,42.3,0,1698.1
avgbs_cluster_22647.1.40,Mrg18,42.5,0.149111353,1698.3
avgbs_46563.1.38,Mrg18,43.2,0,1699
avgbs_cluster_14178.1.58,Mrg18,43.2,0,1699
avgbs_cluster_40647.1.36,Mrg18,43.2,0,1699
avgbs_cluster_4522.1.29,Mrg18,43.9,0,1699.7
avgbs_cluster_39255.1.44,Mrg18,44,0,1699.8
avgbs_85206.1.21,Mrg18,56,0.036513441,1711.8
avgbs_cluster_30279.1.24,Mrg18,57.6,0,1713.4
avgbs_87193.1.34,Mrg18,60.1,0.46100656,1715.9
avgbs_cluster_7643.1.8,Mrg18,60.3,0,1716.1
avgbs_cluster_35417.1.30,Mrg18,60.9,0,1716.7
avgbs_6K_9578.1.51,Mrg18,61.8,0.428844845,1717.6
avgbs_cluster_15864.1.57,Mrg18,62.7,0,1718.5
avgbs_cluster_32186.1.14,Mrg18,62.7,0,1718.5
avgbs_cluster_36829.1.38,Mrg18,64.5,0.243040224,1720.3
avgbs_cluster_36829.1.52,Mrg18,64.5,0.243040224,1720.3
avgbs_cluster_36829.1.62,Mrg18,64.5,0.243040224,1720.3
avgbs_124115.1.16,Mrg18,64.6,0.054585796,1720.4
avgbs_124496.1.35,Mrg18,67.7,0,1723.5
avgbs_cluster_24626.1.19,Mrg18,67.7,0,1723.5
avgbs_cluster_40895.1.43,Mrg18,67.7,0.715439518,1723.5
avgbs_cluster_44584.1.49,Mrg18,68.2,0,1724
avgbs_cluster_44584.1.52,Mrg18,68.2,0,1724
avgbs_cluster_44584.1.64,Mrg18,68.2,0,1724
avgbs_97875.1.34,Mrg18,68.3,0,1724.1
avgbs_cluster_18704.1.23,Mrg18,68.3,0.162854511,1724.1
avgbs_cluster_23712.1.10,Mrg18,68.3,0,1724.1
avgbs_cluster_23712.1.64,Mrg18,68.3,0,1724.1
avgbs_cluster_30279.1.37,Mrg18,68.3,0.593107831,1724.1
avgbs_cluster_4216.1.62,Mrg18,68.4,0.215450319,1724.2
avgbs_cluster_34168.1.49,Mrg18,68.6,0.094375912,1724.4
avgbs_cluster_34168.1.54,Mrg18,68.6,0.094375912,1724.4
avgbs_cluster_34168.1.58,Mrg18,68.6,0.094375912,1724.4
avgbs_cluster_32784.1.14,Mrg18,69,0.293522409,1724.8
avgbs_cluster_32784.1.61,Mrg18,69,0.293522409,1724.8
avgbs_cluster_35611.1.37,Mrg18,69,0.224234321,1724.8
avgbs_cluster_66722.1.38,Mrg18,69,0,1724.8
avgbs_cluster_99.1.36,Mrg18,69.1,0,1724.9
avgbs_cluster_99.1.49,Mrg18,69.1,0,1724.9
avgbs_19836.1.36,Mrg18,69.6,0,1725.4
avgbs_cluster_32519.1.64,Mrg18,69.6,0.167006982,1725.4
avgbs_84738.1.64,Mrg18,69.8,0.087773887,1725.6
avgbs_cluster_22463.1.18,Mrg18,69.9,0,1725.7
avgbs_cluster_22463.1.31,Mrg18,69.9,0,1725.7
avgbs_cluster_22463.1.38,Mrg18,69.9,0,1725.7
avgbs_cluster_22463.1.56,Mrg18,69.9,0,1725.7
avgbs_cluster_17430.1.21,Mrg18,74.9,0,1730.7
avgbs_cluster_17430.1.24,Mrg18,74.9,0,1730.7
avgbs_cluster_17430.1.48,Mrg18,74.9,0,1730.7
avgbs_216923.1.33,Mrg18,75.3,0.053836863,1731.1
avgbs_86754.1.56,Mrg18,83.6,0.001549705,1739.4
avgbs_cluster_14495.1.12,Mrg18,86.3,0.058952208,1742.1
avgbs_cluster_14495.1.52,Mrg18,86.3,0.085146727,1742.1
avgbs_cluster_14495.1.6,Mrg18,86.3,0.085146727,1742.1
avgbs_cluster_6710.1.14,Mrg19,-3.3,0,1738.8
avgbs_cluster_6710.1.15,Mrg19,-3.3,0,1738.8
avgbs_105234.1.24,Mrg19,4,0,1746.1
avgbs_35088.1.47,Mrg19,4,0,1746.1
avgbs_cluster_66637.1.26,Mrg19,7.7,0,1749.8
avgbs_cluster_66637.1.38,Mrg19,7.7,0,1749.8
avgbs_98689.1.39,Mrg19,10.2,0,1752.3
avgbs_6865.1.14,Mrg19,10.4,0.118685193,1752.5
avgbs_217106.1.43,Mrg19,19.7,2.150671485,1761.8
avgbs_19302.1.32,Mrg19,19.9,0.795672132,1762
avgbs_cluster_14450.1.21,Mrg19,23.7,0.138067071,1765.8
avgbs_cluster_1619.1.41,Mrg19,23.7,0.150410746,1765.8
avgbs_cluster_28190.1.21,Mrg19,23.7,0.279550352,1765.8
avgbs_22287.1.30,Mrg19,23.9,0.396224788,1766
avgbs_64232.1.26,Mrg19,28.7,0.628389111,1770.8
avgbs_cluster_37387.1.13,Mrg19,28.8,0.602991039,1770.9
avgbs_cluster_37387.1.50,Mrg19,28.8,0.602991039,1770.9
avgbs_cluster_21242.1.38,Mrg19,29,0.078644255,1771.1
avgbs_122309.1.14,Mrg19,31.3,0.715304997,1773.4
avgbs_36902.1.7,Mrg19,31.3,0.01304244,1773.4
avgbs_cluster_33564.1.47,Mrg19,31.3,0,1773.4
avgbs_cluster_33564.1.61,Mrg19,31.3,0,1773.4
avgbs_cluster_34325.1.23,Mrg19,31.3,0,1773.4
avgbs_cluster_34325.1.25,Mrg19,31.3,0,1773.4
avgbs_cluster_37930.1.58,Mrg19,31.3,0.006297195,1773.4
avgbs_cluster_37930.1.7,Mrg19,31.3,0.006297195,1773.4
avgbs_208.1.40,Mrg19,34,0.185614804,1776.1
avgbs_94188.1.13,Mrg19,40.7,0.749081176,1782.8
avgbs_85571.1.14,Mrg19,45.3,0.625812346,1787.4
avgbs_cluster_26080.1.7,Mrg19,45.3,0.045038948,1787.4
avgbs_112364.1.25,Mrg19,45.4,0.44107298,1787.5
avgbs_12225.1.17,Mrg19,45.4,0.536339778,1787.5
avgbs_73073.1.22,Mrg19,45.4,0.435864682,1787.5
avgbs_8135.1.14,Mrg19,45.4,0.463715403,1787.5
avgbs_99630.1.19,Mrg19,45.4,0.34624332,1787.5
avgbs_cluster_7106.1.11,Mrg19,47.2,0.315409939,1789.3
avgbs_100920.1.60,Mrg19,49.8,0.31036611,1791.9
avgbs_105103.1.34,Mrg19,49.8,0.397260493,1791.9
avgbs_106604.1.7,Mrg19,49.8,0.421835694,1791.9
avgbs_107698.1.30,Mrg19,49.8,0.663084989,1791.9
avgbs_111000.1.25,Mrg19,49.8,0.331844862,1791.9
avgbs_111630.1.26,Mrg19,49.8,0.691904766,1791.9
avgbs_112369.1.30,Mrg19,49.8,0.418029984,1791.9
avgbs_118301.1.16,Mrg19,49.8,0.013672484,1791.9
avgbs_125095.1.58,Mrg19,49.8,0.34761636,1791.9
avgbs_19783.1.35,Mrg19,49.8,0.322778083,1791.9
avgbs_207751.1.38,Mrg19,49.8,0.742114338,1791.9
avgbs_216354.1.57,Mrg19,49.8,1.542149128,1791.9
avgbs_21743.1.58,Mrg19,49.8,0.497303294,1791.9
avgbs_37014.1.9,Mrg19,49.8,0.373486838,1791.9
avgbs_38278.1.11,Mrg19,49.8,0.809095763,1791.9
avgbs_44680.1.43,Mrg19,49.8,0.460103436,1791.9
avgbs_5056.1.25,Mrg19,49.8,0,1791.9
avgbs_90024.1.8,Mrg19,49.8,0.340579413,1791.9
avgbs_cluster_16632.1.27,Mrg19,49.8,1.097292724,1791.9
avgbs_cluster_16632.1.28,Mrg19,49.8,1.097292724,1791.9
avgbs_cluster_16632.1.29,Mrg19,49.8,1.097292724,1791.9
avgbs_cluster_27320.1.25,Mrg19,49.8,0.242388766,1791.9
avgbs_cluster_34867.1.33,Mrg19,49.8,0.608026453,1791.9
avgbs_cluster_36700.1.49,Mrg19,49.8,0.270270651,1791.9
avgbs_cluster_6980.1.11,Mrg19,49.8,0.930872919,1791.9
avgbs_cluster_7106.1.19,Mrg19,49.8,0.353646317,1791.9
avgbs_cluster_9856.1.59,Mrg19,49.8,0.339569734,1791.9
avgbs_118437.1.45,Mrg19,50,0.388760685,1792.1
avgbs_6K_70597.1.11,Mrg19,50.9,0,1793
avgbs_cluster_2552.1.44,Mrg19,50.9,0.01539236,1793
avgbs_cluster_34780.1.30,Mrg19,52.1,0.908290866,1794.2
avgbs_107976.1.33,Mrg19,54.8,0,1796.9
avgbs_18526.1.22,Mrg19,54.8,0.120094429,1796.9
avgbs_107453.1.62,Mrg19,55.4,0,1797.5
avgbs_19661.1.60,Mrg19,55.4,0.681505484,1797.5
avgbs_36269.1.50,Mrg19,55.4,0.487179777,1797.5
avgbs_cluster_24662.1.43,Mrg19,55.4,0,1797.5
avgbs_cluster_24662.1.44,Mrg19,55.4,0,1797.5
avgbs_cluster_26185.1.14,Mrg19,55.4,0.175688169,1797.5
avgbs_cluster_37342.1.63,Mrg19,55.4,0,1797.5
avgbs_43181.1.28,Mrg19,57.2,0.046073847,1799.3
avgbs_25192.1.34,Mrg19,58.1,0,1800.2
avgbs_55977.1.34,Mrg19,58.1,0,1800.2
avgbs_cluster_35620.1.38,Mrg19,58.1,0.178933035,1800.2
avgbs_cluster_39301.1.62,Mrg19,58.1,0,1800.2
avgbs_cluster_215.1.13,Mrg19,59.2,0.687201294,1801.3
avgbs_cluster_215.1.37,Mrg19,59.2,0.687201294,1801.3
avgbs_cluster_39301.1.37,Mrg19,59.2,0.643836261,1801.3
avgbs_99948.1.55,Mrg19,60,0.013173989,1802.1
avgbs_cluster_30007.1.7,Mrg19,60.2,0.348745587,1802.3
avgbs_66846.1.45,Mrg19,64.2,0.308001296,1806.3
avgbs_cluster_9804.1.19,Mrg19,64.2,0,1806.3
avgbs_cluster_9804.1.64,Mrg19,64.2,0,1806.3
avgbs_10121.1.24,Mrg19,64.7,0.064919656,1806.8
avgbs_cluster_36473.1.52,Mrg19,64.7,1.080209842,1806.8
avgbs_200647.1.26,Mrg19,65.2,1.586650183,1807.3
avgbs_121374.1.18,Mrg19,65.3,0.307671813,1807.4
avgbs_43289.1.33,Mrg19,65.3,0.609833198,1807.4
avgbs_cluster_12950.1.31,Mrg19,65.4,0,1807.5
avgbs_cluster_12950.1.33,Mrg19,65.4,0,1807.5
avgbs_14975.1.40,Mrg19,65.5,0.276861697,1807.6
avgbs_cluster_11734.1.37,Mrg19,65.6,0.422746138,1807.7
avgbs_cluster_11734.1.50,Mrg19,65.6,0.422746138,1807.7
avgbs_94017.1.23,Mrg19,66,0,1808.1
avgbs_cluster_31120.1.45,Mrg19,66,0.430374219,1808.1
avgbs_cluster_31120.1.52,Mrg19,66,0.430374219,1808.1
avgbs_cluster_31120.1.8,Mrg19,66,0.430374219,1808.1
avgbs_109948.1.33,Mrg19,66.1,0.383427064,1808.2
avgbs_cluster_32091.1.12,Mrg19,66.5,0.051441797,1808.6
avgbs_cluster_16815.1.31,Mrg19,66.6,0,1808.7
avgbs_cluster_111.1.6,Mrg19,66.8,0,1808.9
avgbs_cluster_41159.1.35,Mrg19,66.8,0,1808.9
avgbs_cluster_4790.1.11,Mrg19,66.8,0.246484584,1808.9
avgbs_cluster_9358.1.8,Mrg19,66.8,0,1808.9
avgbs_cluster_35252.1.40,Mrg19,67.4,0.103934554,1809.5
avgbs_cluster_3086.1.37,Mrg19,67.6,0.79533092,1809.7
avgbs_cluster_3086.1.59,Mrg19,67.7,0,1809.8
avgbs_5175.1.10,Mrg19,67.8,0.069742619,1809.9
avgbs_cluster_40190.1.25,Mrg19,68,0.739734344,1810.1
avgbs_cluster_36473.1.26,Mrg19,68.1,0,1810.2
avgbs_cluster_24428.1.15,Mrg19,68.3,0.032449875,1810.4
avgbs_cluster_24428.1.20,Mrg19,68.3,0.032449875,1810.4
avgbs_cluster_3927.1.10,Mrg19,68.3,0,1810.4
avgbs_cluster_20943.1.12,Mrg19,68.7,0,1810.8
avgbs_104366.1.22,Mrg19,70.1,0,1812.2
avgbs_123902.1.56,Mrg19,70.1,0.128748416,1812.2
avgbs_61309.1.63,Mrg19,70.1,0.589673498,1812.2
avgbs_cluster_111.1.55,Mrg19,70.1,0,1812.2
avgbs_cluster_25485.1.6,Mrg19,70.1,0.259672174,1812.2
avgbs_cluster_25485.1.8,Mrg19,70.1,0.259672174,1812.2
avgbs_cluster_4373.1.20,Mrg19,70.1,0.27023961,1812.2
avgbs_cluster_6058.1.64,Mrg19,70.1,0.360178031,1812.2
avgbs_77681.1.6,Mrg19,75.2,0.02034211,1817.3
avgbs_cluster_40301.1.23,Mrg19,75.2,0.167801944,1817.3
avgbs_cluster_6554.1.10,Mrg19,75.2,0.308415703,1817.3
avgbs_cluster_22812.1.56,Mrg19,75.3,0.015138674,1817.4
avgbs_cluster_22812.1.59,Mrg19,75.3,0.015138674,1817.4
avgbs_cluster_32091.1.21,Mrg19,76.3,0.098404492,1818.4
avgbs_cluster_32091.1.36,Mrg19,76.3,0.098404492,1818.4
avgbs_896.1.26,Mrg19,77.7,1.449119087,1819.8
avgbs_77927.1.14,Mrg19,78.5,1.279630665,1820.6
avgbs_cluster_3356.1.26,Mrg19,92.2,0.613129466,1834.3
avgbs_cluster_24308.1.32,Mrg20,15.8,0,1850.1
avgbs_cluster_40701.1.9,Mrg20,16.2,0.125558615,1850.5
avgbs_14991.1.29,Mrg20,16.6,0.091555998,1850.9
avgbs_8966.1.26,Mrg20,16.6,0.524226792,1850.9
avgbs_cluster_15174.1.33,Mrg20,16.6,0.01160478,1850.9
avgbs_cluster_15174.1.34,Mrg20,16.6,0.01160478,1850.9
avgbs_cluster_15174.1.38,Mrg20,16.6,0.01160478,1850.9
avgbs_cluster_598.1.35,Mrg20,16.6,0.077395038,1850.9
avgbs_cluster_598.1.61,Mrg20,16.6,0.077395038,1850.9
avgbs_18725.1.20,Mrg20,18,0.029749354,1852.3
avgbs_27441.1.50,Mrg20,18,0,1852.3
avgbs_69258.1.23,Mrg20,18,0,1852.3
avgbs_77649.1.31,Mrg20,18,1.059506438,1852.3
avgbs_cluster_10281.1.47,Mrg20,18,0.352617286,1852.3
avgbs_cluster_18490.1.46,Mrg20,18,0.693716932,1852.3
avgbs_cluster_40167.1.27,Mrg20,18,0,1852.3
avgbs_cluster_6719.1.19,Mrg20,18,0.043773054,1852.3
avgbs_35150.1.53,Mrg20,18.7,0.256421969,1853
avgbs_38830.1.24,Mrg20,18.7,0.096194769,1853
avgbs_cluster_24796.1.18,Mrg20,18.8,0,1853.1
avgbs_cluster_24796.1.35,Mrg20,19.2,0,1853.5
avgbs_cluster_2816.1.6,Mrg20,19.2,0.124021763,1853.5
avgbs_21015.1.61,Mrg20,19.3,0,1853.6
avgbs_107878.1.7,Mrg20,19.6,0,1853.9
avgbs_cluster_116.1.51,Mrg20,19.8,0.374682413,1854.1
avgbs_38429.1.53,Mrg20,20,0,1854.3
avgbs_cluster_26997.1.44,Mrg20,20.1,0,1854.4
avgbs_cluster_803.1.26,Mrg20,20.4,0,1854.7
avgbs_119712.1.45,Mrg20,21.5,0,1855.8
avgbs_38997.1.30,Mrg20,21.5,0.084730321,1855.8
avgbs_8477.1.60,Mrg20,21.5,0,1855.8
avgbs_cluster_40233.1.24,Mrg20,21.5,0,1855.8
avgbs_235.1.26,Mrg20,26.6,0.011023755,1860.9
avgbs_73840.1.39,Mrg20,26.6,0.433760053,1860.9
avgbs_cluster_4160.1.30,Mrg20,26.6,0.349132075,1860.9
avgbs_7498.1.47,Mrg20,41.6,0,1875.9
avgbs_7707.1.60,Mrg20,41.6,0.425957645,1875.9
avgbs_87549.1.18,Mrg20,41.6,0.645184933,1875.9
avgbs_cluster_37364.1.52,Mrg20,41.6,0.369445094,1875.9
avgbs_cluster_37364.1.57,Mrg20,41.6,0.369445094,1875.9
avgbs_18585.1.48,Mrg20,42.3,0.333197293,1876.6
avgbs_cluster_27150.1.30,Mrg20,44.9,0.154401013,1879.2
avgbs_4800.1.52,Mrg20,59.3,0.420194084,1893.6
avgbs_cluster_29934.1.56,Mrg20,59.3,0,1893.6
avgbs_51923.1.27,Mrg20,63.4,0.103935702,1897.7
avgbs_97398.1.50,Mrg20,70.8,0.168744657,1905.1
avgbs_cluster_37383.1.50,Mrg20,74.3,0.065710392,1908.6
avgbs_cluster_37383.1.59,Mrg20,74.3,0.065710392,1908.6
avgbs_120857.1.15,Mrg20,79.7,0,1914
avgbs_6K_40752.1.8,Mrg20,84.2,0.05951166,1918.5
avgbs_46448.1.26,Mrg20,87.2,0.413617247,1921.5
avgbs_cluster_40422.1.63,Mrg20,90.9,0.546198324,1925.2
avgbs_cluster_40422.1.64,Mrg20,90.9,0.546198324,1925.2
avgbs_cluster_22094.1.43,Mrg20,91.5,0.013955495,1925.8
avgbs_90896.1.64,Mrg20,93.8,0.433532293,1928.1
avgbs_23787.1.34,Mrg20,97.1,0.145532762,1931.4
avgbs_71321.1.18,Mrg20,97.1,0.112201904,1931.4
avgbs_cluster_10398.1.41,Mrg20,97.1,0.102736163,1931.4
avgbs_cluster_29974.1.51,Mrg20,97.1,1.056683808,1931.4
avgbs_cluster_3027.1.22,Mrg20,97.1,0,1931.4
avgbs_cluster_3027.1.33,Mrg20,97.1,0,1931.4
avgbs_221969.1.55,Mrg20,98.8,0.105208472,1933.1
avgbs_cluster_31789.1.35,Mrg20,99.8,0.208062741,1934.1
avgbs_cluster_4784.1.44,Mrg20,99.8,0.011424258,1934.1
avgbs_cluster_4784.1.58,Mrg20,99.8,0.011424258,1934.1
avgbs_10481.1.35,Mrg20,120.1,0.168595383,1954.4
avgbs_106265.1.19,Mrg20,120.1,0.01189134,1954.4
avgbs_1097.1.24,Mrg20,120.1,0,1954.4
avgbs_119526.1.45,Mrg20,120.1,0,1954.4
avgbs_122705.1.35,Mrg20,120.1,0.278839594,1954.4
avgbs_208343.1.35,Mrg20,120.1,0.43468632,1954.4
avgbs_cluster_21979.1.50,Mrg20,120.1,0.195475164,1954.4
avgbs_cluster_33813.1.48,Mrg20,120.1,0.367137931,1954.4
avgbs_cluster_33813.1.9,Mrg20,120.1,0.367137931,1954.4
avgbs_cluster_38597.1.32,Mrg20,120.1,0.328868749,1954.4
avgbs_cluster_40712.1.47,Mrg20,120.1,0.137729559,1954.4
avgbs_cluster_40712.1.52,Mrg20,120.1,0.137729559,1954.4
avgbs_cluster_40712.1.57,Mrg20,120.1,0.137729559,1954.4
avgbs_cluster_45501.1.30,Mrg20,120.1,0.435049502,1954.4
avgbs_cluster_45501.1.40,Mrg20,120.1,0.435049502,1954.4
avgbs_6152.1.20,Mrg20,122.8,0.255737561,1957.1
avgbs_80343.1.17,Mrg20,122.8,0.660574629,1957.1
avgbs_85038.1.29,Mrg20,122.8,0.787823737,1957.1
avgbs_85891.1.24,Mrg20,122.8,0.148850256,1957.1
avgbs_cluster_11142.1.39,Mrg20,122.8,0.506798431,1957.1
avgbs_cluster_11142.1.48,Mrg20,122.8,0.506798431,1957.1
avgbs_cluster_19052.1.34,Mrg20,122.8,0,1957.1
avgbs_cluster_19052.1.9,Mrg20,122.8,0,1957.1
avgbs_cluster_20934.1.26,Mrg20,122.8,0,1957.1
avgbs_cluster_20934.1.6,Mrg20,122.8,0,1957.1
avgbs_cluster_36138.1.37,Mrg20,122.8,0.497305183,1957.1
avgbs_cluster_37933.1.15,Mrg20,122.8,0.203794504,1957.1
avgbs_cluster_37933.1.62,Mrg20,122.8,0.203794504,1957.1
avgbs_21110.1.44,Mrg20,135.8,0,1970.1
avgbs_6K_92025.1.13,Mrg20,135.8,0,1970.1
avgbs_cluster_38163.1.58,Mrg20,135.8,0.285020319,1970.1
avgbs_cluster_40264.1.16,Mrg20,135.8,0.342103416,1970.1
avgbs_cluster_40264.1.64,Mrg20,135.8,0.342103416,1970.1
avgbs_cluster_6126.1.12,Mrg20,135.8,0.152063993,1970.1
avgbs_cluster_6126.1.47,Mrg20,135.8,0.152063993,1970.1
avgbs_103831.1.16,Mrg20,138.5,0.353609041,1972.8
avgbs_65443.1.30,Mrg20,138.5,0,1972.8
avgbs_73627.1.26,Mrg20,138.5,0.168595383,1972.8
avgbs_cluster_2104.1.50,Mrg20,138.5,0,1972.8
avgbs_cluster_2104.1.56,Mrg20,138.5,0,1972.8
avgbs_cluster_8417.1.44,Mrg20,138.5,0,1972.8
avgbs_cluster_8417.1.56,Mrg20,138.5,0,1972.8
avgbs_6K_80511.1.64,Mrg20,143.6,0.491454989,1977.9
avgbs_100079.1.51,Mrg20,147.3,0.723134608,1981.6
avgbs_108658.1.21,Mrg20,147.3,0.096993564,1981.6
avgbs_111156.1.20,Mrg20,147.3,0.044761866,1981.6
avgbs_21268.1.63,Mrg20,147.3,0,1981.6
avgbs_24870.1.32,Mrg20,147.3,0.594162263,1981.6
avgbs_2997.1.53,Mrg20,147.3,0.340890358,1981.6
avgbs_6K_2960.1.55,Mrg20,147.3,0.59000493,1981.6
avgbs_77446.1.41,Mrg20,147.3,0.080366495,1981.6
avgbs_cluster_11386.1.18,Mrg20,147.3,0.349291839,1981.6
avgbs_cluster_11386.1.19,Mrg20,147.3,0.349291839,1981.6
avgbs_cluster_11386.1.32,Mrg20,147.3,0.349291839,1981.6
avgbs_cluster_12579.1.39,Mrg20,147.3,0.493503082,1981.6
avgbs_cluster_12579.1.49,Mrg20,147.3,0.493503082,1981.6
avgbs_cluster_12579.1.53,Mrg20,147.3,0.493503082,1981.6
avgbs_cluster_13946.1.60,Mrg20,147.3,0.120613677,1981.6
avgbs_cluster_13946.1.62,Mrg20,147.3,0.178207775,1981.6
avgbs_cluster_13946.1.63,Mrg20,147.3,0.178207775,1981.6
avgbs_cluster_13946.1.64,Mrg20,147.3,0.178207775,1981.6
avgbs_cluster_21529.1.11,Mrg20,147.3,0.44591879,1981.6
avgbs_cluster_21529.1.36,Mrg20,147.3,0.44591879,1981.6
avgbs_cluster_23503.1.54,Mrg20,147.3,0.120954553,1981.6
avgbs_cluster_23503.1.61,Mrg20,147.3,0.120954553,1981.6
avgbs_cluster_26720.1.44,Mrg20,147.3,0.773635263,1981.6
avgbs_cluster_2684.1.16,Mrg20,147.3,0.228229914,1981.6
avgbs_cluster_2684.1.25,Mrg20,147.3,0.228229914,1981.6
avgbs_cluster_3073.1.17,Mrg20,147.3,0.075987159,1981.6
avgbs_cluster_33543.1.19,Mrg20,147.3,0.233994253,1981.6
avgbs_cluster_35292.1.41,Mrg20,147.3,0.113050478,1981.6
avgbs_cluster_35292.1.50,Mrg20,147.3,0.113050478,1981.6
avgbs_cluster_35292.1.51,Mrg20,147.3,0.113050478,1981.6
avgbs_cluster_39124.1.19,Mrg20,147.3,0.245277446,1981.6
avgbs_cluster_39124.1.28,Mrg20,147.3,0.245277446,1981.6
avgbs_cluster_39124.1.34,Mrg20,147.3,0.245277446,1981.6
avgbs_cluster_3924.1.6,Mrg20,147.3,0.124210603,1981.6
avgbs_cluster_40894.1.33,Mrg20,147.3,0.289196761,1981.6
avgbs_93020.1.34,Mrg20,149.3,0.138061409,1983.6
avgbs_39819.1.42,Mrg20,151.7,1.442576677,1986
avgbs_cluster_41093.1.21,Mrg20,152.8,0.597749876,1987.1
avgbs_cluster_41093.1.36,Mrg20,152.8,0.597749876,1987.1
avgbs_213380.1.19,Mrg20,156.7,0.325826594,1991
avgbs_cluster_27581.1.15,Mrg20,156.7,0.08960878,1991
avgbs_cluster_27581.1.38,Mrg20,156.7,0.08960878,1991
avgbs_cluster_34830.1.21,Mrg20,156.7,0.317515485,1991
avgbs_cluster_37491.1.31,Mrg20,156.7,0.128080471,1991
avgbs_121695.1.29,Mrg20,177.8,0.368200603,2012.1
avgbs_cluster_34292.1.22,Mrg20,181.2,0.088602372,2015.5
avgbs_cluster_34292.1.43,Mrg20,181.2,0.088602372,2015.5
avgbs_120738.1.64,Mrg20,181.6,0,2015.9
avgbs_124635.1.36,Mrg20,183.8,0.023217605,2018.1
avgbs_109068.1.49,Mrg20,184.2,0.01017123,2018.5
avgbs_cluster_17646.1.46,Mrg20,184.2,0.114048957,2018.5
avgbs_113853.1.15,Mrg20,185.4,0.225995791,2019.7
avgbs_12900.1.64,Mrg20,185.4,0.14527047,2019.7
avgbs_6253.1.60,Mrg20,185.4,0.145039066,2019.7
avgbs_89617.1.26,Mrg20,185.4,0.297997902,2019.7
avgbs_cluster_10630.2.9,Mrg20,185.4,0,2019.7
avgbs_cluster_12738.1.43,Mrg20,185.4,0.032985209,2019.7
avgbs_cluster_12738.1.61,Mrg20,185.4,0.032985209,2019.7
avgbs_cluster_12738.1.63,Mrg20,185.4,0.032985209,2019.7
avgbs_cluster_4023.1.23,Mrg20,185.4,0.274156176,2019.7
avgbs_cluster_4023.1.63,Mrg20,185.4,0.274156176,2019.7
avgbs_cluster_4128.1.9,Mrg20,185.4,0,2019.7
avgbs_cluster_47115.1.23,Mrg20,185.4,0.540285937,2019.7
avgbs_cluster_47115.1.47,Mrg20,185.4,0.540285937,2019.7
avgbs_cluster_11311.1.39,Mrg20,191.7,0.200699321,2026
avgbs_cluster_11311.1.64,Mrg20,191.7,0.200699321,2026
avgbs_85225.1.56,Mrg20,193,0.374853019,2027.3
avgbs_301.1.23,Mrg20,193.1,0,2027.4
avgbs_cluster_40934.1.44,Mrg20,193.1,0,2027.4
avgbs_7158.1.51,Mrg20,193.6,0.322775439,2027.9
avgbs_77509.1.57,Mrg20,193.6,0.671903255,2027.9
avgbs_cluster_1969.1.40,Mrg20,193.6,0,2027.9
avgbs_cluster_1969.1.61,Mrg20,193.6,0,2027.9
avgbs_32144.1.34,Mrg20,194.6,0.222640621,2028.9
avgbs_107834.1.46,Mrg20,195.3,1.472298333,2029.6
avgbs_cluster_3731.1.24,Mrg20,196.1,0.463053869,2030.4
avgbs_cluster_25093.1.58,Mrg20,196.2,0.301277408,2030.5
avgbs_65871.1.45,Mrg20,196.3,0.183404849,2030.6
avgbs_120353.1.64,Mrg20,196.8,0.931533532,2031.1
avgbs_cluster_10695.1.30,Mrg20,197.8,0.463855225,2032.1
avgbs_101340.1.33,Mrg20,198.1,0.329940575,2032.4
avgbs_cluster_12215.1.6,Mrg20,198.1,0.821897767,2032.4
avgbs_26347.1.54,Mrg20,198.2,0.117714159,2032.5
avgbs_40212.1.64,Mrg20,198.4,0,2032.7
avgbs_10863.1.47,Mrg20,198.5,0,2032.8
avgbs_85990.1.58,Mrg20,202.6,0,2036.9
avgbs_99055.1.19,Mrg20,202.6,0.406560034,2036.9
avgbs_75179.1.45,Mrg20,202.7,0.107430685,2037
avgbs_96754.1.26,Mrg20,203.2,0.191936169,2037.5
avgbs_cluster_32321.1.50,Mrg20,204.6,0,2038.9
avgbs_cluster_32321.1.62,Mrg20,204.6,0,2038.9
avgbs_96922.1.35,Mrg20,204.8,0.802829463,2039.1
avgbs_cluster_12189.1.29,Mrg20,204.8,0,2039.1
avgbs_cluster_12189.1.38,Mrg20,204.8,0,2039.1
avgbs_cluster_21532.1.30,Mrg20,204.8,0.436435321,2039.1
avgbs_cluster_29748.2.25,Mrg20,204.8,0.145496835,2039.1
avgbs_cluster_6764.1.38,Mrg20,204.9,0.079097083,2039.2
avgbs_cluster_6764.1.56,Mrg20,204.9,0.079097083,2039.2
avgbs_cluster_6764.1.59,Mrg20,204.9,0.079097083,2039.2
avgbs_cluster_23910.1.29,Mrg20,205.4,0.574695599,2039.7
avgbs_cluster_23910.1.39,Mrg20,205.4,0.574695599,2039.7
avgbs_cluster_4199.1.22,Mrg20,205.4,0.013344786,2039.7
avgbs_107744.1.8,Mrg20,208.9,0.003062395,2043.2
avgbs_200847.1.26,Mrg20,209.4,0.393213613,2043.7
avgbs_cluster_28338.1.48,Mrg20,209.4,0,2043.7
avgbs_cluster_38455.1.46,Mrg20,209.4,0.010570806,2043.7
avgbs_cluster_23922.1.28,Mrg20,214.4,2.482015092,2048.7
avgbs_10092.1.57,Mrg20,214.5,0.912484792,2048.8
avgbs_1432.1.19,Mrg20,216.2,0.308104137,2050.5
avgbs_97916.1.43,Mrg20,216.2,0.986953722,2050.5
avgbs_cluster_6203.1.51,Mrg20,216.6,0.524525412,2050.9
avgbs_cluster_6203.1.60,Mrg20,216.6,0.524525412,2050.9
avgbs_120629.1.47,Mrg20,216.9,0.94824953,2051.2
avgbs_cluster_37186.1.21,Mrg20,217.3,0.180106662,2051.6
avgbs_cluster_37186.1.59,Mrg20,217.3,0.180106662,2051.6
avgbs_cluster_37186.1.7,Mrg20,217.3,0.180106662,2051.6
avgbs_107217.1.30,Mrg20,218.3,0.48670118,2052.6
avgbs_73081.1.31,Mrg20,218.3,0.51782914,2052.6
avgbs_cluster_36009.1.7,Mrg20,218.3,1.087178444,2052.6
avgbs_91772.1.56,Mrg20,219.3,0.266212126,2053.6
avgbs_cluster_18853.1.15,Mrg20,222.5,1.998973584,2056.8
avgbs_cluster_18853.1.34,Mrg20,222.5,1.998973584,2056.8
avgbs_103146.1.14,Mrg20,226.6,0.594763538,2060.9
avgbs_114784.1.9,Mrg20,226.6,0.429551575,2060.9
avgbs_126286.1.31,Mrg20,226.6,0.660681426,2060.9
avgbs_2479.1.47,Mrg20,226.6,1.510363468,2060.9
avgbs_6K_1994.1.51,Mrg20,226.6,0.151202203,2060.9
avgbs_74239.1.23,Mrg20,226.6,0.504099896,2060.9
avgbs_cluster_1014.1.13,Mrg20,226.6,1.803805194,2060.9
avgbs_cluster_1014.1.18,Mrg20,226.6,1.803805194,2060.9
avgbs_cluster_1014.1.8,Mrg20,226.6,1.803805194,2060.9
avgbs_cluster_28341.1.28,Mrg20,226.6,0.634111055,2060.9
avgbs_cluster_28341.1.60,Mrg20,226.6,0.634111055,2060.9
avgbs_cluster_30703.1.41,Mrg20,226.6,1.58282132,2060.9
avgbs_cluster_30703.1.54,Mrg20,226.6,1.58282132,2060.9
avgbs_cluster_32678.1.38,Mrg20,226.6,1.296168492,2060.9
avgbs_cluster_33538.1.13,Mrg20,226.6,0.726648276,2060.9
avgbs_cluster_33538.1.50,Mrg20,226.6,0.62367829,2060.9
avgbs_cluster_37384.1.27,Mrg20,226.6,1.175349111,2060.9
avgbs_cluster_40886.1.22,Mrg20,226.6,0.721212095,2060.9
avgbs_cluster_43845.1.13,Mrg20,226.6,0.547517993,2060.9
avgbs_cluster_47855.1.14,Mrg20,226.6,0.852662044,2060.9
avgbs_cluster_47855.1.35,Mrg20,226.6,0.852662044,2060.9
avgbs_cluster_7777.1.55,Mrg20,226.6,0.603402005,2060.9
avgbs_cluster_7777.1.62,Mrg20,226.6,0.603402005,2060.9
avgbs_cluster_7777.1.63,Mrg20,226.6,0.603402005,2060.9
avgbs_cluster_27314.1.12,Mrg20,230.1,1.506716801,2064.4
avgbs_cluster_27314.1.33,Mrg20,230.1,1.506716801,2064.4
avgbs_cluster_27314.1.54,Mrg20,230.1,1.506716801,2064.4
avgbs_cluster_3981.1.37,Mrg20,230.1,1.631179881,2064.4
avgbs_cluster_3981.1.40,Mrg20,230.1,1.631179881,2064.4
avgbs_cluster_3981.1.50,Mrg20,230.1,1.631179881,2064.4
avgbs_cluster_492.1.30,Mrg20,230.1,1.400240548,2064.4
avgbs_cluster_492.1.59,Mrg20,230.1,1.400240548,2064.4
avgbs_cluster_9753.1.42,Mrg20,230.1,1.647666346,2064.4
avgbs_109124.1.19,Mrg20,231.4,0.672804549,2065.7
avgbs_98892.1.56,Mrg20,231.4,1.166647325,2065.7
avgbs_cluster_7121.1.20,Mrg20,231.4,0,2065.7
avgbs_cluster_7121.1.63,Mrg20,231.4,0,2065.7
avgbs_16156.1.17,Mrg20,232.1,0.85502369,2066.4
avgbs_cluster_22341.1.22,Mrg20,232.1,1.696066237,2066.4
avgbs_cluster_35149.1.25,Mrg20,232.1,0.892640896,2066.4
avgbs_cluster_36943.1.49,Mrg20,232.1,1.113546166,2066.4
avgbs_cluster_36943.1.63,Mrg20,232.1,1.113546166,2066.4
avgbs_125673.1.10,Mrg20,234.2,1.342409808,2068.5
avgbs_cluster_3921.1.21,Mrg20,234.2,0.526185629,2068.5
avgbs_cluster_3921.1.45,Mrg20,234.2,0.526185629,2068.5
avgbs_cluster_6732.1.14,Mrg20,238.2,0.143492724,2072.5
avgbs_cluster_6732.1.56,Mrg20,238.2,0.143492724,2072.5
avgbs_119897.1.26,Mrg20,239.2,0.427252864,2073.5
avgbs_114763.1.43,Mrg20,243.9,0.840628877,2078.2
avgbs_cluster_10228.1.52,Mrg20,243.9,0.660417759,2078.2
avgbs_6K_76591.1.11,Mrg20,244.9,0.882027902,2079.2
avgbs_cluster_86.1.25,Mrg20,245.2,0.413177316,2079.5
avgbs_13373.1.15,Mrg20,248.6,0.559909219,2082.9
avgbs_113590.1.16,Mrg20,249.7,0.362157256,2084
avgbs_6K_28982.1.51,Mrg20,249.7,0.50673227,2084
avgbs_cluster_15590.1.41,Mrg20,249.7,0.093692263,2084
avgbs_cluster_15590.1.7,Mrg20,249.7,0.093692263,2084
avgbs_cluster_16670.1.36,Mrg20,249.7,0.326646161,2084
avgbs_cluster_27592.1.40,Mrg20,249.7,0.374143914,2084
avgbs_cluster_27592.1.42,Mrg20,249.7,0.374143914,2084
avgbs_cluster_3827.1.52,Mrg20,249.7,0.226128528,2084
avgbs_cluster_35672.1.13,Mrg20,251,0.757543933,2085.3
avgbs_cluster_35672.1.44,Mrg20,251,0.757543933,2085.3
avgbs_201865.1.64,Mrg20,253.7,0.334686704,2088
avgbs_cluster_2480.1.43,Mrg20,261,0.919166562,2095.3
avgbs_cluster_2480.1.63,Mrg20,261,0.919166562,2095.3
avgbs_cluster_10366.1.47,Mrg21,-3,0,2092.3
avgbs_cluster_25144.1.46,Mrg21,0.6,0,2095.9
avgbs_86543.1.25,Mrg21,2.1,0,2097.4
avgbs_121027.1.47,Mrg21,3.2,0.384643337,2098.5
avgbs_124817.1.38,Mrg21,3.2,0.603531068,2098.5
avgbs_13693.1.41,Mrg21,24.2,0.459853367,2119.5
avgbs_121395.1.18,Mrg21,25.5,0.204701317,2120.8
avgbs_66677.1.49,Mrg21,25.5,0.190443668,2120.8
avgbs_95054.1.61,Mrg21,25.8,0.225567419,2121.1
avgbs_100544.1.29,Mrg21,27.3,1.035261814,2122.6
avgbs_107010.1.10,Mrg21,27.3,0.500687798,2122.6
avgbs_110567.1.56,Mrg21,27.3,0.09964476,2122.6
avgbs_115108.1.40,Mrg21,27.3,0.330664206,2122.6
avgbs_118279.1.38,Mrg21,27.3,0.534303876,2122.6
avgbs_122978.1.63,Mrg21,27.3,0.458534379,2122.6
avgbs_18311.1.58,Mrg21,27.3,0.164126468,2122.6
avgbs_217356.1.26,Mrg21,27.3,0.268447008,2122.6
avgbs_23492.1.41,Mrg21,27.3,0.493219189,2122.6
avgbs_3444.1.13,Mrg21,27.3,0.364851967,2122.6
avgbs_35086.1.19,Mrg21,27.3,0.126140057,2122.6
avgbs_44482.1.23,Mrg21,27.3,0.391134078,2122.6
avgbs_66854.1.50,Mrg21,27.3,0.096232593,2122.6
avgbs_79972.1.29,Mrg21,27.3,0.301772872,2122.6
avgbs_80388.1.64,Mrg21,27.3,0.134753694,2122.6
avgbs_89279.1.28,Mrg21,27.3,0.079790528,2122.6
avgbs_90197.1.20,Mrg21,27.3,0.688705286,2122.6
avgbs_cluster_15103.1.30,Mrg21,27.3,0.698925185,2122.6
avgbs_cluster_1978.1.13,Mrg21,27.3,0.494945062,2122.6
avgbs_cluster_1978.1.43,Mrg21,27.3,0.12722447,2122.6
avgbs_cluster_2058.1.35,Mrg21,27.3,0.325231542,2122.6
avgbs_cluster_2058.1.51,Mrg21,27.3,0.325231542,2122.6
avgbs_cluster_22635.1.19,Mrg21,27.3,0.319052452,2122.6
avgbs_cluster_27394.1.40,Mrg21,27.3,0.840204546,2122.6
avgbs_cluster_27394.1.53,Mrg21,27.3,0.840204546,2122.6
avgbs_cluster_34677.1.39,Mrg21,27.3,0.12722447,2122.6
avgbs_cluster_38306.1.34,Mrg21,27.3,0.40575682,2122.6
avgbs_cluster_38809.1.26,Mrg21,27.3,0.190746638,2122.6
avgbs_cluster_38809.1.64,Mrg21,27.3,0.190746638,2122.6
avgbs_cluster_8844.1.24,Mrg21,27.3,0,2122.6
avgbs_cluster_8844.1.44,Mrg21,27.3,0,2122.6
avgbs_103975.1.39,Mrg21,28.3,0.157045148,2123.6
avgbs_108180.1.43,Mrg21,28.3,0.249497586,2123.6
avgbs_108659.1.44,Mrg21,28.3,0.514091372,2123.6
avgbs_15623.1.62,Mrg21,28.3,0.409777529,2123.6
avgbs_220788.1.18,Mrg21,28.3,0.690894119,2123.6
avgbs_42930.1.41,Mrg21,28.3,0.937875463,2123.6
avgbs_86455.1.31,Mrg21,28.3,1.297073607,2123.6
avgbs_8938.1.43,Mrg21,28.3,0.154555462,2123.6
avgbs_91789.1.24,Mrg21,28.3,0.356405055,2123.6
avgbs_cluster_15103.1.37,Mrg21,28.3,0.530319089,2123.6
avgbs_cluster_16179.1.25,Mrg21,28.3,0.42131017,2123.6
avgbs_cluster_16179.1.27,Mrg21,28.3,0.42131017,2123.6
avgbs_cluster_25825.1.7,Mrg21,28.3,0.955875121,2123.6
avgbs_cluster_34117.1.29,Mrg21,28.3,0.049954974,2123.6
avgbs_cluster_34117.1.41,Mrg21,28.3,0.049954974,2123.6
avgbs_cluster_36116.1.13,Mrg21,28.3,0.809483142,2123.6
avgbs_cluster_36539.1.37,Mrg21,28.3,0.406958065,2123.6
avgbs_cluster_36539.1.54,Mrg21,28.3,0.406958065,2123.6
avgbs_cluster_39452.1.57,Mrg21,28.3,0.02974542,2123.6
avgbs_cluster_39452.1.8,Mrg21,28.3,1.72142553,2123.6
avgbs_cluster_40022.1.13,Mrg21,28.3,0.50717991,2123.6
avgbs_cluster_40390.1.12,Mrg21,28.3,0.034398275,2123.6
avgbs_cluster_47988.1.14,Mrg21,28.3,0.571252529,2123.6
avgbs_cluster_47988.1.21,Mrg21,28.3,0.571252529,2123.6
avgbs_cluster_23828.1.31,Mrg21,31.3,0.157050716,2126.6
avgbs_121542.1.26,Mrg21,32.1,0.303833085,2127.4
avgbs_91917.1.30,Mrg21,32.1,0.054511954,2127.4
avgbs_cluster_36019.1.61,Mrg21,32.1,0.114246041,2127.4
avgbs_cluster_36019.1.63,Mrg21,32.1,0.114246041,2127.4
avgbs_79583.1.57,Mrg21,37.8,0.329659117,2133.1
avgbs_cluster_22277.1.45,Mrg21,39.5,1.028527225,2134.8
avgbs_cluster_22277.1.54,Mrg21,39.5,1.028527225,2134.8
avgbs_cluster_30396.1.28,Mrg21,39.5,1.274953204,2134.8
avgbs_cluster_31453.1.10,Mrg21,69.8,0,2165.1
avgbs_cluster_31453.1.34,Mrg21,69.8,0,2165.1
avgbs_cluster_39792.1.35,Mrg21,69.8,0,2165.1
avgbs_51526.1.30,Mrg21,78.7,1.39508688,2174
avgbs_cluster_39297.1.59,Mrg21,78.7,0.75385381,2174
avgbs_cluster_39297.1.61,Mrg21,78.7,0.75385381,2174
avgbs_47631.1.32,Mrg21,81.6,0.317605366,2176.9
avgbs_77667.1.21,Mrg21,81.6,0.106518094,2176.9
avgbs_cluster_23950.1.46,Mrg21,81.6,0.476040492,2176.9
avgbs_cluster_23950.1.49,Mrg21,81.6,0.476040492,2176.9
avgbs_51483.1.60,Mrg21,82,0.366257687,2177.3
avgbs_cluster_1276.1.54,Mrg21,82,0,2177.3
avgbs_cluster_1276.1.58,Mrg21,82,0,2177.3
avgbs_cluster_1575.1.29,Mrg21,82.1,0,2177.4
avgbs_cluster_1575.1.37,Mrg21,82.1,0,2177.4
avgbs_cluster_39318.1.49,Mrg21,82.1,0.182142715,2177.4
avgbs_cluster_1721.1.12,Mrg21,84.9,1.105165993,2180.2
avgbs_82944.1.16,Mrg21,111.3,0,2206.6
avgbs_1891.1.28,Mrg21,113.2,0,2208.5
avgbs_6K_111208.1.58,Mrg21,113.2,0.70666263,2208.5
avgbs_cluster_26995.1.44,Mrg21,113.2,1.000714665,2208.5
avgbs_cluster_32790.1.20,Mrg21,113.2,0.392115655,2208.5
avgbs_cluster_32790.1.23,Mrg21,113.2,0.392115655,2208.5
avgbs_cluster_32790.1.25,Mrg21,113.2,0.392115655,2208.5
avgbs_cluster_32312.1.29,Mrg21,114.7,0.461082524,2210
avgbs_cluster_16595.1.11,Mrg21,119.3,0.041834466,2214.6
avgbs_cluster_16595.1.20,Mrg21,119.3,0.041834466,2214.6
avgbs_cluster_3944.1.38,Mrg21,119.7,0.108419841,2215
avgbs_cluster_43433.1.13,Mrg21,119.7,0.15920747,2215
avgbs_cluster_27655.1.27,Mrg21,122.6,0.003517569,2217.9
avgbs_cluster_42082.1.23,Mrg21,122.6,0.193624746,2217.9
avgbs_11723.1.59,Mrg21,122.8,0.082828262,2218.1
avgbs_119304.1.27,Mrg21,122.8,0.505280678,2218.1
avgbs_55214.1.19,Mrg21,122.8,0,2218.1
avgbs_93789.1.22,Mrg21,122.8,0.608763523,2218.1
avgbs_cluster_15878.1.46,Mrg21,122.8,0,2218.1
avgbs_cluster_39944.1.51,Mrg21,122.8,0,2218.1
avgbs_cluster_42948.1.56,Mrg21,122.8,0.104991365,2218.1
avgbs_cluster_8856.1.57,Mrg21,122.8,0.092276796,2218.1
avgbs_cluster_8856.1.7,Mrg21,122.8,0.092276796,2218.1
avgbs_cluster_5157.1.48,Mrg21,123.5,0,2218.8
avgbs_cluster_34561.2.23,Mrg21,124,0.100172837,2219.3
avgbs_cluster_34561.2.32,Mrg21,124,0.100172837,2219.3
avgbs_126295.1.37,Mrg21,124.1,0.263829547,2219.4
avgbs_20544.1.29,Mrg21,124.1,0.072292788,2219.4
avgbs_cluster_35548.1.50,Mrg21,124.1,0,2219.4
avgbs_cluster_35548.1.64,Mrg21,124.1,0.3578718,2219.4
avgbs_cluster_36034.1.57,Mrg21,124.1,0,2219.4
avgbs_222114.1.54,Mrg21,124.3,0.107924668,2219.6
avgbs_cluster_30116.1.50,Mrg21,124.3,0.13628742,2219.6
avgbs_102228.1.59,Mrg21,125.8,0.20350308,2221.1
avgbs_116468.1.8,Mrg21,125.8,1.497499177,2221.1
avgbs_22090.1.40,Mrg21,125.8,0,2221.1
avgbs_38917.1.35,Mrg21,125.8,0.637292291,2221.1
avgbs_39820.1.25,Mrg21,125.8,0.530652644,2221.1
avgbs_42260.1.19,Mrg21,125.8,0.647994057,2221.1
avgbs_76841.1.12,Mrg21,125.8,0.257610721,2221.1
avgbs_84218.1.20,Mrg21,125.8,0.3578718,2221.1
avgbs_93310.1.20,Mrg21,125.8,0.173543653,2221.1
avgbs_cluster_13491.1.11,Mrg21,125.8,0,2221.1
avgbs_cluster_1537.1.14,Mrg21,125.8,0.429722687,2221.1
avgbs_cluster_1537.1.20,Mrg21,125.8,0.429722687,2221.1
avgbs_cluster_31399.1.36,Mrg21,125.8,1.204171638,2221.1
avgbs_cluster_3156.1.50,Mrg21,125.8,0.323906049,2221.1
avgbs_cluster_3156.1.53,Mrg21,125.8,0.323906049,2221.1
avgbs_cluster_3540.1.42,Mrg21,125.8,0.192629624,2221.1
avgbs_cluster_36892.1.54,Mrg21,125.8,0.880498764,2221.1
avgbs_cluster_38648.1.56,Mrg21,125.8,0,2221.1
avgbs_cluster_38648.1.64,Mrg21,125.8,0.096064776,2221.1
avgbs_cluster_506.1.10,Mrg21,125.8,0,2221.1
avgbs_cluster_506.1.64,Mrg21,125.8,0,2221.1
avgbs_cluster_506.1.8,Mrg21,125.8,0,2221.1
avgbs_cluster_39164.1.38,Mrg21,126.2,0.201122002,2221.5
avgbs_cluster_39164.1.62,Mrg21,126.2,0.201122002,2221.5
avgbs_cluster_37682.1.21,Mrg21,126.4,0,2221.7
avgbs_cluster_37682.1.63,Mrg21,126.4,0,2221.7
avgbs_cluster_37682.1.64,Mrg21,126.4,0,2221.7
avgbs_113757.1.52,Mrg21,128.4,0.157082058,2223.7
avgbs_120076.1.53,Mrg21,130.4,0.0963976,2225.7
avgbs_90063.1.57,Mrg21,130.8,0,2226.1
avgbs_68758.1.46,Mrg21,140.1,0.21092285,2235.4
avgbs_cluster_21400.1.51,Mrg21,140.1,0.289060491,2235.4
avgbs_cluster_21400.1.52,Mrg21,140.1,0.289060491,2235.4
avgbs_cluster_2514.1.41,Mrg21,140.1,0.040749842,2235.4
avgbs_cluster_26953.1.53,Mrg21,140.1,0,2235.4
avgbs_cluster_26953.1.54,Mrg21,140.1,0,2235.4
avgbs_cluster_30632.1.13,Mrg21,140.1,0,2235.4
avgbs_cluster_30632.1.60,Mrg21,140.1,0,2235.4
avgbs_cluster_31714.1.42,Mrg21,140.1,0,2235.4
avgbs_cluster_31714.1.49,Mrg21,140.1,0.36292467,2235.4
avgbs_cluster_33548.1.14,Mrg21,140.1,0,2235.4
avgbs_cluster_33548.1.30,Mrg21,140.1,0,2235.4
avgbs_cluster_40123.1.45,Mrg21,140.1,1.188043218,2235.4
avgbs_cluster_5509.1.17,Mrg21,140.1,0.192629624,2235.4
avgbs_cluster_66.1.51,Mrg21,140.1,0,2235.4
avgbs_10849.1.39,Mrg21,142,0.032039648,2237.3
avgbs_117484.1.34,Mrg21,142,0.018820646,2237.3
avgbs_12818.1.9,Mrg21,142,0,2237.3
avgbs_cluster_16653.1.33,Mrg21,142,0,2237.3
avgbs_cluster_16653.1.50,Mrg21,142,0,2237.3
avgbs_cluster_23227.1.52,Mrg21,142,0.010853565,2237.3
avgbs_cluster_28126.1.35,Mrg21,143.1,0.103894767,2238.4
avgbs_cluster_28126.1.38,Mrg21,143.1,0.103894767,2238.4
avgbs_cluster_30211.1.45,Mrg21,143.6,0.830917437,2238.9
avgbs_18950.1.29,Mrg21,145.3,0,2240.6
avgbs_204773.1.38,Mrg21,145.3,0.000796449,2240.6
avgbs_20910.1.60,Mrg21,145.3,0.353365053,2240.6
avgbs_cluster_25116.1.64,Mrg21,145.3,0.120319219,2240.6
avgbs_cluster_40592.1.14,Mrg21,146,0.234665519,2241.3
avgbs_cluster_40592.1.17,Mrg21,146,0.234665519,2241.3
avgbs_cluster_40592.1.64,Mrg21,146,0.234665519,2241.3
avgbs_118451.1.23,Mrg21,148.2,0.220796394,2243.5
avgbs_42103.1.51,Mrg21,148.2,0.09680168,2243.5
avgbs_58338.1.60,Mrg21,148.2,0.369625496,2243.5
avgbs_64259.1.11,Mrg21,148.2,0.871341818,2243.5
avgbs_cluster_15668.1.34,Mrg21,148.2,0.30691984,2243.5
avgbs_cluster_19988.1.56,Mrg21,148.2,0.84583358,2243.5
avgbs_cluster_21358.1.29,Mrg21,148.2,0.076632671,2243.5
avgbs_cluster_2643.1.44,Mrg21,148.2,0.260612931,2243.5
avgbs_19947.1.49,Mrg21,155.7,0,2251
avgbs_86398.1.37,Mrg21,155.7,0,2251
avgbs_cluster_37690.1.17,Mrg21,155.7,0,2251
avgbs_cluster_37690.1.19,Mrg21,155.7,0,2251
avgbs_cluster_37704.1.22,Mrg21,155.7,0,2251
avgbs_cluster_568.1.24,Mrg21,156,0,2251.3
avgbs_cluster_568.1.6,Mrg21,156,0,2251.3
avgbs_125451.1.14,Mrg21,158.4,0,2253.7
avgbs_cluster_35092.1.7,Mrg21,158.4,0.991903877,2253.7
avgbs_cluster_5728.1.64,Mrg21,162.2,0,2257.5
avgbs_cluster_26922.1.46,Mrg21,164.7,0.670129818,2260
avgbs_cluster_26922.1.62,Mrg21,164.7,0.670129818,2260
avgbs_cluster_67802.1.31,Mrg21,164.7,0.653433958,2260
avgbs_cluster_67802.1.38,Mrg21,164.7,0.653433958,2260
avgbs_93267.1.35,Mrg21,167.7,0.418273092,2263
avgbs_cluster_40891.1.60,Mrg21,167.7,0.399504396,2263
avgbs_cluster_59336.1.21,Mrg21,167.7,0.39079097,2263
avgbs_cluster_59336.1.37,Mrg21,167.7,0.39079097,2263
avgbs_cluster_59336.1.43,Mrg21,167.7,0.39079097,2263
avgbs_10789.1.59,Mrg21,172,0.779374826,2267.3
avgbs_23379.1.13,Mrg21,172,1.070903089,2267.3
avgbs_41785.1.44,Mrg21,172,1.063726442,2267.3
avgbs_71350.1.18,Mrg21,172,0.149784002,2267.3
avgbs_cluster_10513.1.10,Mrg21,172,0,2267.3
avgbs_cluster_10513.1.22,Mrg21,172,0,2267.3
avgbs_cluster_10513.1.38,Mrg21,172,0,2267.3
avgbs_cluster_38211.1.17,Mrg21,172,0,2267.3
avgbs_cluster_40596.1.53,Mrg21,172,0.679782958,2267.3
avgbs_cluster_53908.1.18,Mrg21,172,1.126991655,2267.3
avgbs_cluster_53908.1.36,Mrg21,172,1.126991655,2267.3
avgbs_cluster_53908.1.42,Mrg21,172,1.126991655,2267.3
avgbs_cluster_3359.1.29,Mrg21,175.1,0.384322875,2270.4
avgbs_cluster_54094.1.31,Mrg21,176.2,0.399772456,2271.5
avgbs_64000.1.55,Mrg21,178.3,0.28948643,2273.6
avgbs_cluster_8951.1.59,Mrg21,178.3,0.191114177,2273.6
avgbs_11240.1.47,Mrg21,180.4,0.414232101,2275.7
avgbs_108692.1.38,Mrg21,181.1,0.473118946,2276.4
avgbs_110603.1.46,Mrg21,181.1,0.312055095,2276.4
avgbs_21101.1.38,Mrg21,181.1,0.268092907,2276.4
avgbs_27211.1.8,Mrg21,181.1,0.460293305,2276.4
avgbs_36276.1.50,Mrg21,181.1,0.134016062,2276.4
avgbs_36277.1.50,Mrg21,181.1,0.089633367,2276.4
avgbs_37293.1.61,Mrg21,181.1,0.01696729,2276.4
avgbs_49917.1.18,Mrg21,181.1,0.300108876,2276.4
avgbs_72419.1.56,Mrg21,181.1,0.006576017,2276.4
avgbs_cluster_2501.1.22,Mrg21,181.1,0.800853869,2276.4
avgbs_cluster_3225.1.37,Mrg21,181.1,0,2276.4
avgbs_cluster_35951.1.37,Mrg21,181.1,0.208469615,2276.4
avgbs_cluster_35951.1.53,Mrg21,181.1,0.036013907,2276.4
avgbs_cluster_39691.1.58,Mrg21,181.1,0.06205764,2276.4
avgbs_80330.1.18,Mrg21,183.3,1.01435454,2278.6
avgbs_65813.1.19,Mrg21,186.9,0.139081881,2282.2
avgbs_81026.1.8,Mrg21,186.9,0.333961959,2282.2
avgbs_cluster_10157.1.15,Mrg21,187.6,0.129872856,2282.9
avgbs_cluster_10157.1.48,Mrg21,187.6,0.129872856,2282.9
avgbs_cluster_2046.1.16,Mrg21,187.6,0.621236675,2282.9
avgbs_cluster_22418.1.11,Mrg21,187.6,0.625073085,2282.9
avgbs_cluster_22418.1.22,Mrg21,187.6,0.625073085,2282.9
avgbs_cluster_29682.1.29,Mrg21,187.6,0.441124596,2282.9
avgbs_cluster_29682.1.58,Mrg21,187.6,0.441124596,2282.9
avgbs_5138.1.50,Mrg21,188.8,0.467495284,2284.1
avgbs_87534.1.61,Mrg21,190.3,0.638372444,2285.6
avgbs_cluster_2295.1.26,Mrg21,190.4,0.004003238,2285.7
avgbs_cluster_2295.1.33,Mrg21,190.4,0.004003238,2285.7
avgbs_cluster_39746.1.59,Mrg21,190.4,0.518217514,2285.7
avgbs_99396.1.15,Mrg21,190.9,0,2286.2
avgbs_cluster_20257.1.57,Mrg21,193.1,0.511971145,2288.4
avgbs_6K_84661.1.59,Mrg21,195.7,0.131742887,2291
avgbs_70573.1.41,Mrg21,195.7,0.244944542,2291
avgbs_83283.1.35,Mrg21,195.7,1.668391892,2291
avgbs_cluster_8535.1.25,Mrg21,197.1,0,2292.4
avgbs_cluster_8535.1.47,Mrg21,197.1,0,2292.4
avgbs_cluster_8535.1.48,Mrg21,197.1,0,2292.4
avgbs_92648.1.36,Mrg21,197.6,0.528850213,2292.9
avgbs_cluster_37809.1.57,Mrg21,198.4,0.455894833,2293.7
avgbs_cluster_37809.1.60,Mrg21,198.4,0.455894833,2293.7
avgbs_cluster_33170.1.58,Mrg21,198.5,0.456575522,2293.8
avgbs_6K_86198.1.64,Mrg21,198.6,0.428748594,2293.9
avgbs_cluster_18011.1.52,Mrg21,198.7,0.824071131,2294
avgbs_cluster_22740.1.15,Mrg21,198.9,0,2294.2
avgbs_cluster_22740.1.43,Mrg21,198.9,0,2294.2
avgbs_cluster_22740.1.59,Mrg21,198.9,0,2294.2
avgbs_cluster_6219.1.34,Mrg21,199.1,0.061308397,2294.4
avgbs_cluster_6219.1.57,Mrg21,199.1,0.061308397,2294.4
avgbs_cluster_6219.1.62,Mrg21,199.1,0.061308397,2294.4
avgbs_114777.1.26,Mrg21,199.4,0.335360305,2294.7
avgbs_cluster_23584.1.28,Mrg21,199.4,0.419309654,2294.7
avgbs_cluster_23584.1.41,Mrg21,199.4,0.419309654,2294.7
avgbs_cluster_23584.1.62,Mrg21,199.4,0.419309654,2294.7
avgbs_203615.1.61,Mrg21,199.6,0.183655366,2294.9
avgbs_21256.1.57,Mrg21,199.7,0.37525584,2295
avgbs_cluster_35273.1.11,Mrg21,200.6,0,2295.9
avgbs_cluster_35273.1.12,Mrg21,200.6,0,2295.9
avgbs_cluster_35273.1.13,Mrg21,200.6,0,2295.9
avgbs_cluster_35424.1.15,Mrg21,200.9,0.625450865,2296.2
avgbs_cluster_35424.1.22,Mrg21,200.9,0.245963371,2296.2
avgbs_cluster_35424.1.43,Mrg21,200.9,0.625450865,2296.2
avgbs_cluster_41031.1.11,Mrg21,203.4,0.169763547,2298.7
avgbs_100660.1.50,Mrg21,203.9,0,2299.2
avgbs_14761.1.47,Mrg21,203.9,0,2299.2
avgbs_cluster_7095.1.60,Mrg21,205.3,0.033612154,2300.6
avgbs_cluster_7095.1.61,Mrg21,205.3,0.033612154,2300.6
avgbs_cluster_7095.1.63,Mrg21,205.3,0.033612154,2300.6
avgbs_cluster_7614.1.16,Mrg21,205.3,0.202285443,2300.6
avgbs_cluster_7614.1.17,Mrg21,205.3,0.202285443,2300.6
avgbs_100.1.64,Mrg21,205.7,0.181165901,2301
avgbs_104588.1.19,Mrg21,205.7,0.298407036,2301
avgbs_105272.1.46,Mrg21,205.7,0,2301
avgbs_36941.1.15,Mrg21,205.7,0,2301
avgbs_87451.1.64,Mrg21,205.7,0,2301
avgbs_cluster_2253.1.20,Mrg21,205.7,0.485514171,2301
avgbs_cluster_2253.1.28,Mrg21,205.7,0.485514171,2301
avgbs_cluster_2253.1.64,Mrg21,205.7,0.292005243,2301
avgbs_cluster_37053.1.53,Mrg21,206.1,1.046253033,2301.4
avgbs_cluster_4261.1.43,Mrg21,207.6,0,2302.9
avgbs_cluster_4261.1.45,Mrg21,207.6,0,2302.9
avgbs_cluster_40185.1.26,Mrg21,207.8,0,2303.1
avgbs_cluster_34308.1.34,Mrg21,209.8,0,2305.1
avgbs_16218.1.59,Mrg21,209.9,0.327972447,2305.2
avgbs_cluster_55.1.59,Mrg21,210.5,0,2305.8
avgbs_cluster_40185.1.22,Mrg21,211.9,0.450257365,2307.2
avgbs_23837.1.59,Mrg21,212,0,2307.3
avgbs_cluster_7805.1.47,Mrg21,212.1,0,2307.4
avgbs_cluster_7805.1.59,Mrg21,212.1,0,2307.4
avgbs_cluster_7805.1.9,Mrg21,212.1,0,2307.4
avgbs_cluster_3799.1.18,Mrg21,213.3,0.105329411,2308.6
avgbs_cluster_3799.1.40,Mrg21,213.3,0.105329411,2308.6
avgbs_cluster_3799.1.45,Mrg21,213.3,0.064330466,2308.6
avgbs_115857.1.52,Mrg21,213.7,0.02870791,2309
avgbs_cluster_34057.1.38,Mrg23,8.7,0.055404938,2317.7
avgbs_cluster_2316.1.26,Mrg23,12,0.060345813,2321
avgbs_cluster_2316.1.53,Mrg23,12,0.060345813,2321
avgbs_cluster_9315.1.25,Mrg23,12,0.133216103,2321
avgbs_cluster_28349.1.36,Mrg23,15.5,0,2324.5
avgbs_cluster_28349.1.43,Mrg23,15.5,0,2324.5
avgbs_cluster_25065.1.13,Mrg23,19,0.046592325,2328
avgbs_cluster_35070.1.29,Mrg23,19,0.028069582,2328
avgbs_cluster_38858.1.44,Mrg23,19,0.103314653,2328
avgbs_cluster_17483.1.31,Mrg23,20.4,0.044607901,2329.4
avgbs_cluster_17483.1.51,Mrg23,20.4,0.044607901,2329.4
avgbs_cluster_40054.1.23,Mrg23,22.2,0.351859337,2331.2
avgbs_cluster_26717.1.24,Mrg23,23.2,0,2332.2
avgbs_cluster_39140.1.41,Mrg23,23.2,0,2332.2
avgbs_cluster_6447.1.14,Mrg23,23.2,0,2332.2
avgbs_cluster_6447.1.37,Mrg23,23.2,0.24697848,2332.2
avgbs_cluster_5356.1.41,Mrg23,25.3,0,2334.3
avgbs_cluster_6654.1.13,Mrg23,28.5,0.134144019,2337.5
avgbs_111695.1.18,Mrg23,30.2,0,2339.2
avgbs_123352.1.56,Mrg23,30.2,0,2339.2
avgbs_53336.1.23,Mrg23,30.2,0,2339.2
avgbs_65538.1.56,Mrg23,30.2,0,2339.2
avgbs_6K_8948.1.12,Mrg23,30.2,0,2339.2
avgbs_cluster_12.1.62,Mrg23,30.2,0,2339.2
avgbs_cluster_18321.1.49,Mrg23,30.2,0.788430186,2339.2
avgbs_cluster_26315.1.43,Mrg23,30.2,2.067027805,2339.2
avgbs_cluster_26315.1.54,Mrg23,30.2,1.141255827,2339.2
avgbs_cluster_39412.1.64,Mrg23,36.6,0.363769659,2345.6
avgbs_cluster_37786.1.12,Mrg23,38,0,2347
avgbs_cluster_37786.1.55,Mrg23,38,0,2347
avgbs_107910.1.32,Mrg23,39.2,0,2348.2
avgbs_cluster_31142.1.31,Mrg23,40.5,0.724626827,2349.5
avgbs_35460.1.60,Mrg23,40.7,0.084608686,2349.7
avgbs_cluster_848.1.17,Mrg23,40.7,0,2349.7
avgbs_cluster_848.1.64,Mrg23,40.7,0,2349.7
avgbs_112365.1.22,Mrg23,46.3,0.018631651,2355.3
avgbs_71007.1.62,Mrg23,46.3,0.130221112,2355.3
avgbs_cluster_12017.1.18,Mrg23,46.3,0,2355.3
avgbs_cluster_12017.1.43,Mrg23,46.3,0,2355.3
avgbs_cluster_26206.1.50,Mrg23,46.3,0.109864613,2355.3
avgbs_102256.1.61,Mrg23,48.3,0.221762728,2357.3
avgbs_38663.1.56,Mrg23,48.3,1.94961635,2357.3
avgbs_53463.1.53,Mrg23,48.3,0,2357.3
avgbs_cluster_17412.1.44,Mrg23,48.3,0.214207276,2357.3
avgbs_116786.1.33,Mrg23,49.5,0.126768623,2358.5
avgbs_86103.1.37,Mrg23,49.5,0.008347937,2358.5
avgbs_cluster_8576.1.32,Mrg23,49.5,0.692629479,2358.5
avgbs_cluster_8576.1.42,Mrg23,49.5,0.692629479,2358.5
avgbs_119183.1.14,Mrg23,53.7,0.21659285,2362.7
avgbs_28484.1.50,Mrg23,53.7,0.026196094,2362.7
avgbs_81885.1.38,Mrg23,53.7,0,2362.7
avgbs_cluster_23890.1.54,Mrg23,53.7,0.01910221,2362.7
avgbs_cluster_25230.1.24,Mrg23,53.7,0,2362.7
avgbs_119421.1.42,Mrg23,53.8,0,2362.8
avgbs_78971.1.25,Mrg23,53.8,0.036879309,2362.8
avgbs_81602.1.41,Mrg23,53.8,0,2362.8
avgbs_cluster_24169.1.25,Mrg23,53.8,0,2362.8
avgbs_77179.1.20,Mrg23,55.2,1.792941245,2364.2
avgbs_7556.1.48,Mrg23,56.1,0.516675151,2365.1
avgbs_cluster_38606.1.38,Mrg23,57,0,2366
avgbs_101742.1.28,Mrg23,57.8,1.55183413,2366.8
avgbs_105847.1.14,Mrg23,57.8,2.093696912,2366.8
avgbs_106941.1.33,Mrg23,57.8,1.547944531,2366.8
avgbs_107197.1.9,Mrg23,57.8,1.411840879,2366.8
avgbs_110633.1.44,Mrg23,57.8,1.77793986,2366.8
avgbs_117021.1.57,Mrg23,57.8,0.968513142,2366.8
avgbs_121607.1.61,Mrg23,57.8,1.136947476,2366.8
avgbs_121809.1.61,Mrg23,57.8,2.235851663,2366.8
avgbs_125809.1.54,Mrg23,57.8,1.573240494,2366.8
avgbs_125865.1.35,Mrg23,57.8,1.298303058,2366.8
avgbs_214846.1.60,Mrg23,57.8,1.358810359,2366.8
avgbs_22429.1.24,Mrg23,57.8,1.933767872,2366.8
avgbs_25586.1.47,Mrg23,57.8,1.680926702,2366.8
avgbs_3050.1.54,Mrg23,57.8,1.606783992,2366.8
avgbs_35431.1.12,Mrg23,57.8,1.714523459,2366.8
avgbs_49786.1.38,Mrg23,57.8,1.415263629,2366.8
avgbs_51922.1.28,Mrg23,57.8,1.590726851,2366.8
avgbs_69904.1.10,Mrg23,57.8,1.382730322,2366.8
avgbs_6K_115938.1.59,Mrg23,57.8,1.80430191,2366.8
avgbs_6K_1598.1.12,Mrg23,57.8,1.548596608,2366.8
avgbs_6K_47031.1.6,Mrg23,57.8,1.382620017,2366.8
avgbs_77606.1.16,Mrg23,57.8,0.984093904,2366.8
avgbs_cluster_1543.1.27,Mrg23,57.8,1.773610589,2366.8
avgbs_cluster_22255.1.43,Mrg23,57.8,1.641297801,2366.8
avgbs_cluster_40105.1.46,Mrg23,57.8,1.59535709,2366.8
avgbs_cluster_608.1.45,Mrg23,57.8,0.236321375,2366.8
avgbs_cluster_9968.1.26,Mrg23,57.8,0.210784447,2366.8
avgbs_124911.1.38,Mrg23,59.1,1.481756534,2368.1
avgbs_40344.1.35,Mrg23,59.1,2.024788251,2368.1
avgbs_44900.1.47,Mrg23,59.1,1.714743908,2368.1
avgbs_90678.1.27,Mrg23,59.1,1.836587463,2368.1
avgbs_114982.1.64,Mrg23,60.4,0.635940784,2369.4
avgbs_119958.1.41,Mrg23,60.4,0.769411259,2369.4
avgbs_34277.1.20,Mrg23,60.4,0,2369.4
avgbs_70802.1.32,Mrg23,60.4,0.768494023,2369.4
avgbs_cluster_12296.1.23,Mrg23,60.4,0,2369.4
avgbs_cluster_25887.1.41,Mrg23,60.4,1.218920349,2369.4
avgbs_cluster_25887.1.47,Mrg23,60.4,1.218920349,2369.4
avgbs_cluster_35201.1.26,Mrg23,60.4,1.139225044,2369.4
avgbs_215520.1.35,Mrg23,62,0,2371
avgbs_cluster_41133.1.57,Mrg23,62,0.862707332,2371
avgbs_101302.1.39,Mrg23,62.1,1.594293419,2371.1
avgbs_15874.1.55,Mrg23,62.1,0,2371.1
avgbs_44317.1.46,Mrg23,62.1,0.953635095,2371.1
avgbs_6351.1.63,Mrg23,62.1,2.40948447,2371.1
avgbs_99664.1.31,Mrg23,62.1,0.358466617,2371.1
avgbs_cluster_16269.1.46,Mrg23,62.1,1.635999946,2371.1
avgbs_cluster_20094.1.32,Mrg23,62.1,1.473423323,2371.1
avgbs_cluster_21349.1.64,Mrg23,62.1,0.044796011,2371.1
avgbs_cluster_3738.1.13,Mrg23,62.1,0,2371.1
avgbs_cluster_3738.1.54,Mrg23,62.1,0,2371.1
avgbs_cluster_40198.1.45,Mrg23,62.1,0.542623264,2371.1
avgbs_cluster_40520.1.11,Mrg23,62.8,0.214715302,2371.8
avgbs_22721.1.64,Mrg23,62.9,0.803903002,2371.9
avgbs_cluster_29217.1.50,Mrg23,63.7,0,2372.7
avgbs_cluster_29217.1.53,Mrg23,63.7,0,2372.7
avgbs_105921.1.39,Mrg23,64.6,0,2373.6
avgbs_1412.1.14,Mrg23,64.6,0.921464821,2373.6
avgbs_27248.1.12,Mrg23,64.6,0.847986719,2373.6
avgbs_4263.1.32,Mrg23,64.6,0.576538602,2373.6
avgbs_93252.1.62,Mrg23,64.6,0.35172798,2373.6
avgbs_78521.1.34,Mrg23,65.3,0,2374.3
avgbs_15136.1.14,Mrg23,65.9,0.67297744,2374.9
avgbs_19038.1.63,Mrg23,68.3,1.924219466,2377.3
avgbs_cluster_35984.1.7,Mrg23,68.3,3.03892917,2377.3
avgbs_109814.1.32,Mrg23,69.1,0.807502889,2378.1
avgbs_73565.1.9,Mrg23,69.2,2.24423339,2378.2
avgbs_cluster_15.1.14,Mrg23,69.2,2.09853125,2378.2
avgbs_54512.1.62,Mrg23,69.3,0.57984166,2378.3
avgbs_121450.1.24,Mrg23,71.4,0,2380.4
avgbs_4681.1.28,Mrg23,71.6,0,2380.6
avgbs_39089.1.53,Mrg23,71.8,0.086151264,2380.8
avgbs_20120.1.62,Mrg23,73.3,0,2382.3
avgbs_17695.1.43,Mrg23,73.4,0.343983873,2382.4
avgbs_cluster_41133.1.45,Mrg23,73.4,0.25266195,2382.4
avgbs_11137.1.28,Mrg23,74.4,0.680602095,2383.4
avgbs_cluster_19469.1.34,Mrg23,74.5,0.707572843,2383.5
avgbs_cluster_28002.1.34,Mrg23,79.1,0.05463734,2388.1
avgbs_cluster_39127.1.21,Mrg23,81.5,0.40468876,2390.5
avgbs_cluster_39127.1.27,Mrg23,81.5,0.40468876,2390.5
avgbs_cluster_39127.1.31,Mrg23,81.5,0.40468876,2390.5
avgbs_9234.1.60,Mrg23,92.8,0,2401.8
avgbs_28795.1.43,Mrg23,110.6,0.482861421,2419.6
avgbs_cluster_4114.1.48,Mrg23,110.6,0,2419.6
avgbs_cluster_4114.1.55,Mrg23,110.6,0,2419.6
avgbs_47539.1.29,Mrg24,2.7,0.815379797,2422.3
avgbs_9037.1.34,Mrg24,2.7,0.186718541,2422.3
avgbs_115721.1.46,Mrg24,5.4,0,2425
avgbs_48212.1.56,Mrg24,5.4,0.254912191,2425
avgbs_82201.1.50,Mrg24,5.4,0.49475006,2425
avgbs_82822.1.36,Mrg24,5.4,0,2425
avgbs_96101.1.8,Mrg24,5.4,0,2425
avgbs_cluster_2045.1.28,Mrg24,5.4,0,2425
avgbs_cluster_36011.1.38,Mrg24,5.4,0.970342589,2425
avgbs_cluster_39144.1.26,Mrg24,5.4,0,2425
avgbs_cluster_39144.1.48,Mrg24,5.4,0,2425
avgbs_cluster_4340.1.24,Mrg24,5.4,0.19656162,2425
avgbs_cluster_4340.1.56,Mrg24,5.4,0.19656162,2425
avgbs_cluster_18547.1.40,Mrg24,10.1,0.342535245,2429.7
avgbs_cluster_18547.1.52,Mrg24,10.1,0.342535245,2429.7
avgbs_cluster_35464.1.12,Mrg24,10.1,0.023684046,2429.7
avgbs_cluster_35464.1.32,Mrg24,10.1,0.023684046,2429.7
avgbs_cluster_15027.1.28,Mrg24,10.7,1.543361534,2430.3
avgbs_cluster_38110.1.41,Mrg24,10.7,0,2430.3
avgbs_cluster_38110.1.47,Mrg24,10.7,0,2430.3
avgbs_6K_9676.1.6,Mrg24,19.4,0,2439
avgbs_cluster_21860.1.39,Mrg24,19.4,0.157200925,2439
avgbs_cluster_21860.1.44,Mrg24,19.4,0,2439
avgbs_cluster_37564.1.63,Mrg24,19.4,0.670301408,2439
avgbs_7994.1.20,Mrg24,19.9,0.225735172,2439.5
avgbs_216978.1.31,Mrg24,20.6,0.082790915,2440.2
avgbs_32347.1.43,Mrg24,21.2,0.500559625,2440.8
avgbs_cluster_3533.1.62,Mrg24,21.2,0.174446877,2440.8
avgbs_cluster_3533.1.38,Mrg24,21.5,0,2441.1
avgbs_cluster_20683.1.12,Mrg24,21.6,0.022218563,2441.2
avgbs_cluster_40656.1.12,Mrg24,22.9,0.392596991,2442.5
avgbs_cluster_40656.1.23,Mrg24,22.9,0.392596991,2442.5
avgbs_cluster_40656.1.44,Mrg24,22.9,0.392596991,2442.5
avgbs_112697.1.38,Mrg24,23.1,0,2442.7
avgbs_115199.1.21,Mrg24,23.1,0.519867799,2442.7
avgbs_122908.1.31,Mrg24,23.1,0,2442.7
avgbs_316.1.22,Mrg24,23.1,0,2442.7
avgbs_51040.1.19,Mrg24,23.1,1.836164189,2442.7
avgbs_75803.1.17,Mrg24,23.1,0,2442.7
avgbs_8080.1.36,Mrg24,23.1,0.24007916,2442.7
avgbs_82071.1.49,Mrg24,23.1,0,2442.7
avgbs_cluster_15758.1.55,Mrg24,23.1,0,2442.7
avgbs_cluster_17103.1.6,Mrg24,23.1,0.078555641,2442.7
avgbs_cluster_38467.1.14,Mrg24,23.1,0.049924999,2442.7
avgbs_cluster_6973.1.24,Mrg24,23.1,0,2442.7
avgbs_cluster_6973.1.57,Mrg24,23.1,0,2442.7
avgbs_cluster_8711.1.50,Mrg24,23.1,0.092279877,2442.7
avgbs_90097.1.23,Mrg24,23.3,0.504836152,2442.9
avgbs_45894.1.53,Mrg24,24.4,0.133110262,2444
avgbs_cluster_5721.1.59,Mrg24,24.7,0.661631104,2444.3
avgbs_cluster_5721.1.62,Mrg24,24.7,0.661631104,2444.3
avgbs_cluster_5721.1.63,Mrg24,24.7,0.661631104,2444.3
avgbs_21719.1.63,Mrg24,26.6,0.714478509,2446.2
avgbs_cluster_47911.1.41,Mrg24,26.6,1.309971422,2446.2
avgbs_cluster_47911.1.47,Mrg24,26.6,1.309971422,2446.2
avgbs_cluster_47911.1.61,Mrg24,26.6,1.309971422,2446.2
avgbs_2868.1.19,Mrg24,30.8,0.270932553,2450.4
avgbs_cluster_36132.1.50,Mrg24,31.6,0.115398377,2451.2
avgbs_cluster_36132.1.59,Mrg24,31.6,0.115398377,2451.2
avgbs_200816.1.27,Mrg24,36.1,0.475596478,2455.7
avgbs_61738.1.63,Mrg24,36.1,0.409260836,2455.7
avgbs_cluster_7743.1.44,Mrg24,36.1,0.468337309,2455.7
avgbs_20842.1.12,Mrg24,36.3,0.479024499,2455.9
avgbs_cluster_25208.1.20,Mrg24,36.3,0.522633544,2455.9
avgbs_cluster_25208.1.47,Mrg24,36.3,0.522633544,2455.9
avgbs_cluster_4893.1.11,Mrg24,36.3,0.078197147,2455.9
avgbs_cluster_4893.1.37,Mrg24,36.3,0.078197147,2455.9
avgbs_cluster_4893.1.38,Mrg24,36.3,0.078197147,2455.9
avgbs_19684.1.60,Mrg24,36.8,0.007137124,2456.4
avgbs_7608.1.60,Mrg24,36.8,0.320882718,2456.4
avgbs_116951.1.14,Mrg24,36.9,0.365463832,2456.5
avgbs_55491.1.39,Mrg24,37,0.341866923,2456.6
avgbs_200486.1.64,Mrg24,37.1,0.065302062,2456.7
avgbs_42379.1.63,Mrg24,37.1,0.128428324,2456.7
avgbs_19291.1.20,Mrg24,37.3,0.257313201,2456.9
avgbs_19900.1.49,Mrg24,37.3,0.569186859,2456.9
avgbs_29039.1.25,Mrg24,37.3,0.385103105,2456.9
avgbs_64397.1.35,Mrg24,37.3,0.06129794,2456.9
avgbs_cluster_4896.1.14,Mrg24,37.3,0.121694865,2456.9
avgbs_cluster_4896.1.61,Mrg24,37.3,0.121694865,2456.9
avgbs_cluster_5381.1.62,Mrg24,37.6,0.14472766,2457.2
avgbs_cluster_5381.1.64,Mrg24,37.6,0.14472766,2457.2
avgbs_cluster_643.1.17,Mrg24,38.7,0.43189337,2458.3
avgbs_cluster_643.1.22,Mrg24,38.7,0.43189337,2458.3
avgbs_106815.1.53,Mrg24,41,0.352942758,2460.6
avgbs_14102.1.21,Mrg24,41,0.074274098,2460.6
avgbs_31434.1.52,Mrg24,41,0.318127247,2460.6
avgbs_cluster_13990.1.34,Mrg24,41,0.224690344,2460.6
avgbs_cluster_13990.1.61,Mrg24,41,0.224690344,2460.6
avgbs_cluster_18879.1.32,Mrg24,41,0.178753932,2460.6
avgbs_cluster_23226.1.52,Mrg24,41,0.288821676,2460.6
avgbs_cluster_39360.1.45,Mrg24,41,0.159074789,2460.6
avgbs_cluster_33060.1.13,Mrg24,41.2,0.157961991,2460.8
avgbs_40252.1.48,Mrg24,41.7,0.310620946,2461.3
avgbs_100875.1.33,Mrg24,41.8,0.275677984,2461.4
avgbs_106243.1.63,Mrg24,41.8,0,2461.4
avgbs_109553.1.40,Mrg24,41.8,0.412007592,2461.4
avgbs_110071.1.23,Mrg24,41.8,0.495910661,2461.4
avgbs_116021.1.47,Mrg24,41.8,0.659918013,2461.4
avgbs_120739.1.46,Mrg24,41.8,0,2461.4
avgbs_124659.1.49,Mrg24,41.8,1.090499437,2461.4
avgbs_125076.1.15,Mrg24,41.8,0.954569667,2461.4
avgbs_13394.1.17,Mrg24,41.8,0.162082953,2461.4
avgbs_15314.1.16,Mrg24,41.8,0.537823556,2461.4
avgbs_18173.1.30,Mrg24,41.8,0.35334562,2461.4
avgbs_18944.1.40,Mrg24,41.8,0.022493541,2461.4
avgbs_2085.1.20,Mrg24,41.8,0.365463832,2461.4
avgbs_5915.1.63,Mrg24,41.8,0.129422083,2461.4
avgbs_65539.1.55,Mrg24,41.8,1.127409863,2461.4
avgbs_6K_33528.1.58,Mrg24,41.8,0.853185251,2461.4
avgbs_85001.1.21,Mrg24,41.8,1.02533674,2461.4
avgbs_8627.1.15,Mrg24,41.8,0.442122124,2461.4
avgbs_9554.1.15,Mrg24,41.8,0.314877854,2461.4
avgbs_cluster_11451.1.17,Mrg24,41.8,1.13977203,2461.4
avgbs_cluster_16942.1.25,Mrg24,41.8,0.031471854,2461.4
avgbs_cluster_16942.1.49,Mrg24,41.8,0.031471854,2461.4
avgbs_cluster_2628.1.26,Mrg24,41.8,1.127409863,2461.4
avgbs_cluster_2628.1.63,Mrg24,41.8,1.127409863,2461.4
avgbs_cluster_29437.1.20,Mrg24,41.8,1.763090882,2461.4
avgbs_cluster_29437.1.37,Mrg24,41.8,1.763090882,2461.4
avgbs_cluster_3137.1.16,Mrg24,41.8,1.096758469,2461.4
avgbs_cluster_33215.1.27,Mrg24,41.8,1.160179225,2461.4
avgbs_cluster_34467.1.16,Mrg24,41.8,0,2461.4
avgbs_cluster_34467.1.61,Mrg24,41.8,0,2461.4
avgbs_cluster_34949.1.41,Mrg24,41.8,0.244672518,2461.4
avgbs_cluster_35863.1.30,Mrg24,41.8,0,2461.4
avgbs_cluster_36611.1.58,Mrg24,41.8,0,2461.4
avgbs_cluster_39915.2.48,Mrg24,41.8,0.529605876,2461.4
avgbs_cluster_40583.1.48,Mrg24,41.8,0.215872269,2461.4
avgbs_cluster_5191.1.13,Mrg24,41.8,0.771210768,2461.4
avgbs_cluster_21030.1.11,Mrg24,42.2,0.701626268,2461.8
avgbs_cluster_39082.1.11,Mrg24,42.2,0.356706504,2461.8
avgbs_cluster_24939.1.57,Mrg24,42.5,0.535778044,2462.1
avgbs_cluster_24939.1.58,Mrg24,42.5,0.535778044,2462.1
avgbs_cluster_24939.1.59,Mrg24,42.5,0.535778044,2462.1
avgbs_cluster_40839.1.21,Mrg24,44,0.139142913,2463.6
avgbs_cluster_40839.1.27,Mrg24,44,0.139142913,2463.6
avgbs_111053.1.44,Mrg24,45,2.539820955,2464.6
avgbs_36359.1.34,Mrg24,45,0.133392001,2464.6
avgbs_42243.1.15,Mrg24,45,0.397325596,2464.6
avgbs_68000.1.21,Mrg24,45,0.027094673,2464.6
avgbs_75389.1.31,Mrg24,45,0,2464.6
avgbs_cluster_1253.1.12,Mrg24,45,0.071685439,2464.6
avgbs_cluster_32777.1.62,Mrg24,45,0.099683045,2464.6
avgbs_211629.1.50,Mrg24,46.6,0.384611427,2466.2
avgbs_40403.1.20,Mrg24,47.5,0.774982689,2467.1
avgbs_120371.1.16,Mrg24,49,0,2468.6
avgbs_cluster_32402.1.19,Mrg24,50.5,1.314622277,2470.1
avgbs_cluster_32402.1.33,Mrg24,50.5,1.314622277,2470.1
avgbs_cluster_13188.1.57,Mrg24,54,0.287428239,2473.6
avgbs_80185.1.22,Mrg24,56.1,0.152081512,2475.7
avgbs_cluster_34031.1.31,Mrg24,56.1,0.37359765,2475.7
avgbs_cluster_34031.1.57,Mrg24,56.1,0.37359765,2475.7
avgbs_cluster_43668.1.44,Mrg24,57.4,0.653430639,2477
avgbs_119392.1.50,Mrg24,60.2,0.280824815,2479.8
avgbs_55106.1.6,Mrg24,60.2,1.513308213,2479.8
avgbs_67344.1.11,Mrg24,60.2,0.028082617,2479.8
avgbs_67530.1.43,Mrg24,60.2,0.089725895,2479.8
avgbs_cluster_13726.1.18,Mrg24,60.2,0.140847772,2479.8
avgbs_cluster_13726.1.39,Mrg24,60.2,0.140847772,2479.8
avgbs_cluster_1925.1.11,Mrg24,60.2,0.058580332,2479.8
avgbs_cluster_1925.1.27,Mrg24,60.2,0.058580332,2479.8
avgbs_cluster_2181.1.19,Mrg24,60.2,0.074795735,2479.8
avgbs_cluster_2181.1.34,Mrg24,60.2,0.074795735,2479.8
avgbs_cluster_2181.1.38,Mrg24,60.2,0.074795735,2479.8
avgbs_cluster_2586.1.31,Mrg24,60.2,0.627362218,2479.8
avgbs_cluster_26040.1.8,Mrg24,60.2,0.561595456,2479.8
avgbs_cluster_28129.1.24,Mrg24,60.2,0.007671657,2479.8
avgbs_cluster_28353.1.7,Mrg24,60.2,1.216575027,2479.8
avgbs_cluster_32683.1.27,Mrg24,60.2,0.272399084,2479.8
avgbs_cluster_32683.1.49,Mrg24,60.2,0.272399084,2479.8
avgbs_cluster_383.1.33,Mrg24,60.2,0.40568699,2479.8
avgbs_cluster_40514.1.61,Mrg24,60.2,0.044112532,2479.8
avgbs_cluster_40514.1.62,Mrg24,60.2,0.044112532,2479.8
avgbs_cluster_4164.1.45,Mrg24,60.2,0.533633505,2479.8
avgbs_cluster_6756.1.6,Mrg24,60.2,0.292140749,2479.8
avgbs_cluster_769.1.31,Mrg24,60.2,0.231819567,2479.8
avgbs_cluster_2358.1.63,Mrg24,60.7,0,2480.3
avgbs_cluster_2358.1.64,Mrg24,60.7,0,2480.3
avgbs_cluster_16441.1.26,Mrg24,60.9,0.225917303,2480.5
avgbs_cluster_25009.1.46,Mrg24,61.1,0.055003962,2480.7
avgbs_cluster_25009.1.62,Mrg24,61.1,0.055003962,2480.7
avgbs_cluster_39005.1.23,Mrg24,61.1,0,2480.7
avgbs_cluster_39005.1.42,Mrg24,61.1,0,2480.7
avgbs_cluster_6795.1.43,Mrg24,61.1,0,2480.7
avgbs_cluster_6795.1.56,Mrg24,61.1,0,2480.7
avgbs_cluster_52720.1.64,Mrg24,62.3,0.151282725,2481.9
avgbs_cluster_52720.1.8,Mrg24,62.3,0.151282725,2481.9
avgbs_110930.1.58,Mrg24,69.6,0.965744256,2489.2
avgbs_18868.1.9,Mrg24,69.6,1.025898273,2489.2
avgbs_120648.1.62,Mrg24,74.8,0.028906797,2494.4
avgbs_17691.1.10,Mrg24,74.8,0.173483432,2494.4
avgbs_78538.1.54,Mrg24,74.8,0.062932438,2494.4
avgbs_cluster_18122.1.22,Mrg24,74.8,0.068987442,2494.4
avgbs_cluster_18122.1.57,Mrg24,74.8,0.068987442,2494.4
avgbs_cluster_18122.1.64,Mrg24,74.8,0.068987442,2494.4
avgbs_cluster_31885.1.53,Mrg24,74.8,0.198494186,2494.4
avgbs_104628.1.46,Mrg24,78.6,0.49224856,2498.2
avgbs_11860.1.52,Mrg24,78.6,0.27262794,2498.2
avgbs_48611.1.34,Mrg24,78.6,0.44123945,2498.2
avgbs_86640.1.26,Mrg24,78.6,0.245651593,2498.2
avgbs_cluster_10939.1.32,Mrg24,78.6,0.079174596,2498.2
avgbs_cluster_10939.1.47,Mrg24,78.6,0.079174596,2498.2
avgbs_cluster_36475.1.11,Mrg24,78.6,0.331063165,2498.2
avgbs_cluster_40420.1.14,Mrg24,78.6,0.714681746,2498.2
avgbs_cluster_62564.1.34,Mrg24,78.6,0.113060009,2498.2
avgbs_cluster_48068.1.15,Mrg24,80.4,0.066911217,2500
avgbs_cluster_48068.1.24,Mrg24,80.4,0.066911217,2500
avgbs_631.1.59,Mrg24,85.6,0,2505.2
avgbs_cluster_26934.1.21,Mrg24,85.6,0,2505.2
avgbs_cluster_4180.1.57,Mrg24,85.6,0.478399484,2505.2
avgbs_13620.1.32,Mrg24,89.4,0.721568331,2509
avgbs_cluster_24208.1.40,Mrg24,89.4,0.391008533,2509
avgbs_cluster_24208.1.58,Mrg24,89.4,0.391008533,2509
avgbs_cluster_39075.1.20,Mrg24,89.4,0.332987988,2509
avgbs_79449.1.33,Mrg24,94.1,0.546619564,2513.7
avgbs_18284.1.40,Mrg24,95.3,1.484698864,2514.9
avgbs_65377.1.17,Mrg24,95.3,0.471320421,2514.9
avgbs_67183.1.55,Mrg24,95.3,0.02902247,2514.9
avgbs_74065.1.25,Mrg24,95.3,0,2514.9
avgbs_98339.1.39,Mrg24,95.3,0.114299085,2514.9
avgbs_cluster_1077.1.59,Mrg24,95.3,0.159087703,2514.9
avgbs_cluster_12768.1.41,Mrg24,95.3,0.316454031,2514.9
avgbs_cluster_16397.1.34,Mrg24,95.3,0.34050794,2514.9
avgbs_cluster_16397.1.46,Mrg24,95.3,0.34050794,2514.9
avgbs_cluster_16397.1.62,Mrg24,95.3,0.34050794,2514.9
avgbs_cluster_33993.1.36,Mrg24,95.3,0.968582161,2514.9
avgbs_cluster_40679.1.13,Mrg24,95.3,0.287440799,2514.9
avgbs_cluster_40679.1.42,Mrg24,95.3,0.287440799,2514.9
avgbs_cluster_40679.1.47,Mrg24,95.3,0.287440799,2514.9
avgbs_cluster_41917.2.11,Mrg24,95.3,0,2514.9
avgbs_124853.1.29,Mrg28,11,0.144707686,2525.9
avgbs_49249.1.47,Mrg28,15,0,2529.9
avgbs_99554.1.17,Mrg28,15.4,0.547200644,2530.3
avgbs_18990.1.58,Mrg28,20,0.427129026,2534.9
avgbs_cluster_18202.1.34,Mrg28,20,0.012545887,2534.9
avgbs_cluster_3580.1.48,Mrg28,20,1.052964734,2534.9
avgbs_102808.1.28,Mrg28,20.3,0,2535.2
avgbs_10420.1.53,Mrg28,20.3,0,2535.2
avgbs_112898.1.18,Mrg28,20.3,0,2535.2
avgbs_14880.1.22,Mrg28,20.3,0,2535.2
avgbs_cluster_11338.1.11,Mrg28,20.3,0,2535.2
avgbs_cluster_11338.1.26,Mrg28,20.3,0,2535.2
avgbs_cluster_7523.1.55,Mrg28,20.3,0,2535.2
avgbs_cluster_15388.1.12,Mrg28,23.1,0.128515997,2538
avgbs_1658.1.21,Mrg28,23.6,0.34021319,2538.5
avgbs_101573.1.48,Mrg28,28,0.30247573,2542.9
avgbs_40189.1.25,Mrg28,29.8,0.246768244,2544.7
avgbs_cluster_5009.1.25,Mrg28,30.1,0.190295888,2545
avgbs_cluster_5009.1.55,Mrg28,30.1,0.190295888,2545
avgbs_102674.1.21,Mrg28,31.8,0.021209195,2546.7
avgbs_105954.1.32,Mrg28,31.8,0.099429518,2546.7
avgbs_35705.1.14,Mrg28,31.8,0.08620923,2546.7
avgbs_cluster_10953.1.64,Mrg28,31.8,0.035633573,2546.7
avgbs_cluster_35822.1.53,Mrg28,32.2,0.011573705,2547.1
avgbs_119732.1.52,Mrg28,32.6,0.049206215,2547.5
avgbs_19699.1.42,Mrg28,32.6,0.08951511,2547.5
avgbs_27407.1.59,Mrg28,32.6,0.455550802,2547.5
avgbs_cluster_25493.1.47,Mrg28,32.6,0.184636147,2547.5
avgbs_cluster_28029.1.59,Mrg28,32.6,0.246516626,2547.5
avgbs_cluster_36517.1.23,Mrg28,32.6,0,2547.5
avgbs_cluster_36517.1.60,Mrg28,32.6,0,2547.5
avgbs_6312.1.13,Mrg28,35.9,0.493096329,2550.8
avgbs_cluster_17613.1.28,Mrg28,35.9,0.383481327,2550.8
avgbs_cluster_31280.1.57,Mrg28,35.9,0.005224853,2550.8
avgbs_cluster_35793.1.23,Mrg28,35.9,0.257786438,2550.8
avgbs_cluster_3620.1.40,Mrg28,35.9,0.266933659,2550.8
avgbs_cluster_67354.1.29,Mrg28,35.9,0,2550.8
avgbs_76789.1.27,Mrg28,36.7,0.03221904,2551.6
avgbs_110614.1.49,Mrg28,36.8,0.159228367,2551.7
avgbs_110679.1.50,Mrg28,36.8,0.510693344,2551.7
avgbs_205123.1.22,Mrg28,36.8,0.024296121,2551.7
avgbs_35598.1.19,Mrg28,36.8,0.355237893,2551.7
avgbs_79987.1.36,Mrg28,36.8,0.219893293,2551.7
avgbs_cluster_13912.1.24,Mrg28,36.8,0.52022064,2551.7
avgbs_cluster_25802.1.28,Mrg28,36.8,0.626568084,2551.7
avgbs_cluster_34905.1.20,Mrg28,36.8,0.478104075,2551.7
avgbs_cluster_39665.1.37,Mrg28,36.8,0.12443204,2551.7
avgbs_cluster_39899.1.36,Mrg28,36.8,0.149605852,2551.7
avgbs_102612.1.40,Mrg28,43.8,0.143923689,2558.7
avgbs_106735.1.11,Mrg28,43.8,0.799250829,2558.7
avgbs_11250.1.54,Mrg28,43.8,0.007298542,2558.7
avgbs_119411.1.28,Mrg28,43.8,0.039699785,2558.7
avgbs_125682.1.54,Mrg28,43.8,0.151474333,2558.7
avgbs_14525.1.24,Mrg28,43.8,0.050428996,2558.7
avgbs_16715.1.9,Mrg28,43.8,0.060313594,2558.7
avgbs_202641.1.61,Mrg28,43.8,0.280321426,2558.7
avgbs_202642.1.40,Mrg28,43.8,0.185445858,2558.7
avgbs_22331.1.59,Mrg28,43.8,0.409963644,2558.7
avgbs_29209.1.25,Mrg28,43.8,0.55840424,2558.7
avgbs_3543.1.50,Mrg28,43.8,0.18063309,2558.7
avgbs_44638.1.36,Mrg28,43.8,0.855435923,2558.7
avgbs_6206.1.25,Mrg28,43.8,0.331065736,2558.7
avgbs_cluster_10892.1.51,Mrg28,43.8,0.434042107,2558.7
avgbs_cluster_11768.1.58,Mrg28,43.8,0.163734254,2558.7
avgbs_cluster_12214.1.62,Mrg28,43.8,0.342705048,2558.7
avgbs_cluster_12621.1.7,Mrg28,43.8,0.171619609,2558.7
avgbs_cluster_15602.1.39,Mrg28,43.8,0.009273825,2558.7
avgbs_cluster_18283.1.23,Mrg28,43.8,0.082501198,2558.7
avgbs_cluster_20478.1.19,Mrg28,43.8,0.017960087,2558.7
avgbs_cluster_23299.1.46,Mrg28,43.8,0.002311604,2558.7
avgbs_cluster_29624.1.33,Mrg28,43.8,0.057492749,2558.7
avgbs_cluster_30286.1.45,Mrg28,43.8,0.155239507,2558.7
avgbs_cluster_31411.1.54,Mrg28,43.8,0.005097782,2558.7
avgbs_cluster_32737.1.25,Mrg28,43.8,0.262074007,2558.7
avgbs_cluster_35141.1.43,Mrg28,43.8,0.007298542,2558.7
avgbs_cluster_3526.1.53,Mrg28,43.8,0,2558.7
avgbs_cluster_35279.1.35,Mrg28,43.8,0.289873265,2558.7
avgbs_cluster_36521.1.30,Mrg28,43.8,0.691434287,2558.7
avgbs_cluster_36630.1.28,Mrg28,43.8,0.277727352,2558.7
avgbs_cluster_37059.1.22,Mrg28,43.8,0.170147247,2558.7
avgbs_cluster_38245.1.19,Mrg28,43.8,0.032637366,2558.7
avgbs_cluster_39654.1.45,Mrg28,43.8,0.114201746,2558.7
avgbs_cluster_39863.1.23,Mrg28,43.8,0.579525388,2558.7
avgbs_cluster_39943.1.49,Mrg28,43.8,0.889515073,2558.7
avgbs_cluster_41118.2.54,Mrg28,43.8,0.31633593,2558.7
avgbs_cluster_51705.1.51,Mrg28,43.8,0.14951937,2558.7
avgbs_cluster_8011.1.44,Mrg28,43.8,0.122103594,2558.7
avgbs_120065.1.32,Mrg28,44.4,0.201627776,2559.3
avgbs_2686.1.48,Mrg28,44.4,0.007298542,2559.3
avgbs_35771.1.59,Mrg28,44.4,0.265754746,2559.3
avgbs_39778.1.14,Mrg28,44.4,0.215340405,2559.3
avgbs_64114.1.26,Mrg28,44.4,0.093494426,2559.3
avgbs_655.1.9,Mrg28,44.4,0.073612978,2559.3
avgbs_7906.1.22,Mrg28,44.4,0.03528879,2559.3
avgbs_8699.1.21,Mrg28,44.4,0.010420867,2559.3
avgbs_cluster_20142.1.46,Mrg28,44.4,0.607069833,2559.3
avgbs_cluster_20142.1.50,Mrg28,44.4,0.218126467,2559.3
avgbs_cluster_39478.1.9,Mrg28,44.4,0.337003928,2559.3
avgbs_cluster_39926.1.41,Mrg28,44.4,0.294455582,2559.3
avgbs_cluster_39926.1.51,Mrg28,44.4,0.294455582,2559.3
avgbs_cluster_5841.1.63,Mrg28,44.4,0.575970642,2559.3
avgbs_cluster_5841.1.64,Mrg28,44.4,0.575970642,2559.3
avgbs_cluster_34792.1.11,Mrg28,51.5,0.156780358,2566.4
avgbs_120549.1.11,Mrg28,52,0.275826732,2566.9
avgbs_7432.1.16,Mrg28,52,0.018593825,2566.9
avgbs_122207.1.52,Mrg28,54.2,0.141854294,2569.1
avgbs_38943.1.33,Mrg28,54.2,0.029120532,2569.1
avgbs_cluster_37707.1.17,Mrg28,54.2,0.091693652,2569.1
avgbs_cluster_37707.1.53,Mrg28,54.2,0.091693652,2569.1
avgbs_202776.1.57,Mrg28,56.7,0.403884417,2571.6
avgbs_8709.1.40,Mrg28,56.7,0.199003004,2571.6
avgbs_88010.1.34,Mrg28,56.7,0.268815667,2571.6
avgbs_94173.1.30,Mrg28,56.7,0.17181462,2571.6
avgbs_cluster_25607.1.28,Mrg28,56.7,0.534850275,2571.6
avgbs_cluster_2718.1.48,Mrg28,56.7,0.392697911,2571.6
avgbs_cluster_2718.1.49,Mrg28,56.7,0.392697911,2571.6
avgbs_cluster_4396.1.42,Mrg28,56.7,0.040656348,2571.6
avgbs_cluster_4396.1.56,Mrg28,56.7,0.040656348,2571.6
avgbs_cluster_9494.1.47,Mrg28,56.7,0.431798286,2571.6
avgbs_cluster_4623.1.17,Mrg28,57.1,0.141969809,2572
avgbs_cluster_4623.1.53,Mrg28,57.1,0.141969809,2572
avgbs_85035.1.6,Mrg28,57.7,0.335459205,2572.6
avgbs_cluster_13792.1.20,Mrg28,58.1,0,2573
avgbs_cluster_13792.1.23,Mrg28,58.1,0,2573
avgbs_cluster_13792.1.53,Mrg28,58.3,0.371145301,2573.2
avgbs_cluster_33880.1.11,Mrg28,58.3,1.035055915,2573.2
avgbs_cluster_33880.1.56,Mrg28,58.3,1.035055915,2573.2
avgbs_4561.1.56,Mrg28,58.8,0.016310444,2573.7
avgbs_cluster_31185.1.33,Mrg28,58.8,0,2573.7
avgbs_cluster_25607.1.18,Mrg28,59,0.383337481,2573.9
avgbs_116123.1.8,Mrg28,59.2,0.959683204,2574.1
avgbs_cluster_3916.1.22,Mrg28,59.2,0.706874177,2574.1
avgbs_cluster_3916.1.25,Mrg28,59.2,0.706874177,2574.1
avgbs_cluster_40278.1.47,Mrg28,59.2,1.104631502,2574.1
avgbs_cluster_18686.1.38,Mrg28,59.7,0.089537314,2574.6
avgbs_cluster_23205.1.8,Mrg28,60.1,0.009831441,2575
avgbs_123178.1.29,Mrg28,61.4,0.217904679,2576.3
avgbs_cluster_4926.1.15,Mrg28,61.4,0.175016771,2576.3
avgbs_cluster_4926.1.37,Mrg28,61.4,0.175016771,2576.3
avgbs_cluster_4926.1.51,Mrg28,61.4,0.175016771,2576.3
avgbs_cluster_7613.1.11,Mrg28,61.4,0.152434734,2576.3
avgbs_cluster_7613.1.41,Mrg28,61.4,0.123496191,2576.3
avgbs_cluster_37741.1.30,Mrg28,65.4,0,2580.3
avgbs_14388.1.41,Mrg28,73.6,0.647565954,2588.5
avgbs_116623.1.15,Mrg28,75.4,0.199645288,2590.3
avgbs_107426.1.9,Mrg28,79.1,0.132150042,2594
avgbs_20851.1.15,Mrg28,79.1,0.389866672,2594
avgbs_103432.1.10,Mrg28,79.8,0.033307267,2594.7
avgbs_2876.1.22,Mrg28,79.8,0.027713885,2594.7
avgbs_cluster_13103.1.36,Mrg28,79.8,0.494470806,2594.7
avgbs_cluster_1600.1.13,Mrg28,81.4,0.052326193,2596.3
avgbs_cluster_1600.1.46,Mrg28,81.4,0.052326193,2596.3
avgbs_cluster_40785.1.32,Mrg28,81.4,0.162394891,2596.3
avgbs_cluster_40270.1.42,Mrg28,81.7,0.139273124,2596.6
avgbs_82168.1.18,Mrg28,96.2,0.155450397,2611.1
avgbs_47.1.52,Mrg28,98.3,0,2613.2
avgbs_cluster_455.1.35,Mrg28,103.7,0.391146238,2618.6
avgbs_cluster_9623.1.25,Mrg33,-7.9,0.509785577,2610.7
avgbs_cluster_9623.1.35,Mrg33,-7.9,0.509785577,2610.7
avgbs_3869.1.13,Mrg33,2.7,0.382267038,2621.3
avgbs_45685.1.29,Mrg33,13,0.015968147,2631.6
avgbs_cluster_2373.1.11,Mrg33,23.1,1.095695908,2641.7
avgbs_cluster_2373.1.50,Mrg33,23.1,1.095695908,2641.7
avgbs_121114.1.53,Mrg33,24.1,0.295232315,2642.7
avgbs_cluster_26878.1.15,Mrg33,24.1,0.097269541,2642.7
avgbs_cluster_26878.1.8,Mrg33,24.1,0.097269541,2642.7
avgbs_cluster_41101.1.29,Mrg33,24.1,0.347351488,2642.7
avgbs_113620.1.43,Mrg33,26.3,0,2644.9
avgbs_29521.1.55,Mrg33,26.3,0,2644.9
avgbs_cluster_1090.1.57,Mrg33,26.3,0,2644.9
avgbs_112130.1.15,Mrg33,27.1,0.396807751,2645.7
avgbs_cluster_2347.1.47,Mrg33,27.1,0.240575258,2645.7
avgbs_cluster_51961.1.17,Mrg33,27.1,0.442514087,2645.7
avgbs_cluster_51961.1.31,Mrg33,27.1,0.442514087,2645.7
avgbs_11034.1.51,Mrg33,28.3,0,2646.9
avgbs_46114.1.55,Mrg33,32.3,0.114144645,2650.9
avgbs_cluster_8827.1.6,Mrg33,32.3,0.425205151,2650.9
avgbs_cluster_7015.1.27,Mrg33,34,0.007175196,2652.6
avgbs_cluster_22598.1.28,Mrg33,36.8,0.160734779,2655.4
avgbs_108753.1.23,Mrg33,37.3,0.686953262,2655.9
avgbs_23341.1.15,Mrg33,37.5,0.200823344,2656.1
avgbs_105639.1.12,Mrg33,37.6,0,2656.2
avgbs_66937.1.19,Mrg33,37.6,0,2656.2
avgbs_121120.1.11,Mrg33,38.4,0,2657
avgbs_cluster_32578.1.51,Mrg33,38.4,0.025423579,2657
avgbs_cluster_34110.1.61,Mrg33,38.8,0,2657.4
avgbs_cluster_18512.1.15,Mrg33,40.2,0,2658.8
avgbs_26591.1.17,Mrg33,40.7,0.1087501,2659.3
avgbs_8366.1.34,Mrg33,40.9,0.545718914,2659.5
avgbs_58440.1.8,Mrg33,41.4,0.108612998,2660
avgbs_cluster_7015.1.57,Mrg33,41.8,0.221352144,2660.4
avgbs_cluster_26470.1.12,Mrg33,42.8,0,2661.4
avgbs_cluster_26470.1.32,Mrg33,42.8,0,2661.4
avgbs_119096.1.54,Mrg33,42.9,0.32916153,2661.5
avgbs_96489.1.25,Mrg33,42.9,0.278848352,2661.5
avgbs_cluster_38815.1.23,Mrg33,42.9,0.352398496,2661.5
avgbs_120946.1.64,Mrg33,43.5,0.434310512,2662.1
avgbs_109611.1.16,Mrg33,44.2,0.483766058,2662.8
avgbs_cluster_16675.1.32,Mrg33,44.4,0,2663
avgbs_cluster_16675.1.43,Mrg33,44.4,0,2663
avgbs_cluster_16675.1.57,Mrg33,44.4,0,2663
avgbs_cluster_38171.1.9,Mrg33,44.4,0.337873414,2663
avgbs_cluster_23300.1.37,Mrg33,45.8,0.0614876,2664.4
avgbs_cluster_32810.1.19,Mrg33,47.3,0.126407165,2665.9
avgbs_cluster_32810.1.20,Mrg33,47.3,0.126407165,2665.9
avgbs_200593.1.40,Mrg33,48.4,0,2667
avgbs_cluster_40100.1.22,Mrg33,51.9,0.429747753,2670.5
avgbs_cluster_40100.1.63,Mrg33,51.9,0.429747753,2670.5
avgbs_cluster_17952.2.58,Mrg33,56.2,0.17459135,2674.8
avgbs_9934.1.31,Mrg33,56.5,0.259614027,2675.1
avgbs_cluster_17952.2.52,Mrg33,56.7,0.303574891,2675.3
avgbs_cluster_9246.1.12,Mrg33,57.8,0.531348284,2676.4
avgbs_117341.1.53,Mrg33,58.2,1.574145881,2676.8
avgbs_14977.1.45,Mrg33,58.2,1.615245322,2676.8
avgbs_34784.1.62,Mrg33,58.2,1.211712936,2676.8
avgbs_cluster_1261.1.12,Mrg33,58.2,1.142839042,2676.8
avgbs_cluster_1261.1.6,Mrg33,58.2,1.142839042,2676.8
avgbs_cluster_6357.1.38,Mrg33,58.2,1.211712936,2676.8
avgbs_120322.1.60,Mrg33,59,0.243598458,2677.6
avgbs_cluster_44941.1.41,Mrg33,59,0.428078138,2677.6
avgbs_cluster_10112.1.62,Mrg33,59.2,0.258303793,2677.8
avgbs_cluster_50181.1.47,Mrg33,59.4,0.494305701,2678
avgbs_cluster_50181.1.64,Mrg33,59.4,0.494305701,2678
avgbs_cluster_9528.1.25,Mrg33,60.1,0,2678.7
avgbs_cluster_9528.1.7,Mrg33,60.1,0,2678.7
avgbs_10827.1.46,Mrg33,64,0.020240012,2682.6
avgbs_18502.1.60,Mrg33,64,0.083255992,2682.6
avgbs_35246.1.24,Mrg33,64,0.447855224,2682.6
avgbs_61855.1.63,Mrg33,64,0.177825252,2682.6
avgbs_cluster_40554.1.27,Mrg33,64,0.083255992,2682.6
avgbs_cluster_40554.1.33,Mrg33,64,0.083255992,2682.6
avgbs_cluster_40554.1.36,Mrg33,64,0.083255992,2682.6
avgbs_cluster_5247.1.17,Mrg33,64,0.083255992,2682.6
avgbs_cluster_5247.1.25,Mrg33,64,0.083255992,2682.6
avgbs_19493.1.13,Mrg33,65,0.184285216,2683.6
avgbs_71829.1.20,Mrg33,65,0.051356111,2683.6
avgbs_cluster_40459.2.53,Mrg33,65,0.069618819,2683.6
avgbs_cluster_7031.1.37,Mrg33,65,0.127631077,2683.6
avgbs_110287.1.25,Mrg33,65.9,0.064465531,2684.5
avgbs_113770.1.24,Mrg33,65.9,0.021221047,2684.5
avgbs_125424.1.40,Mrg33,65.9,0.045406456,2684.5
avgbs_203564.1.53,Mrg33,65.9,0.159433806,2684.5
avgbs_35582.1.35,Mrg33,65.9,0.084062623,2684.5
avgbs_36394.1.52,Mrg33,65.9,0.032425952,2684.5
avgbs_63087.1.14,Mrg33,65.9,0.945700294,2684.5
avgbs_cluster_2762.1.34,Mrg33,65.9,0.050146194,2684.5
avgbs_cluster_2762.1.47,Mrg33,65.9,0.050146194,2684.5
avgbs_cluster_18227.1.22,Mrg33,68.7,1.22396443,2687.3
avgbs_122948.1.60,Mrg33,69,0,2687.6
avgbs_68808.1.45,Mrg33,73,1.030442611,2691.6
avgbs_96503.1.40,Mrg33,73,0.405776537,2691.6
avgbs_cluster_1265.1.10,Mrg33,73,0,2691.6
avgbs_cluster_1265.1.6,Mrg33,73,0,2691.6
avgbs_cluster_2024.1.37,Mrg33,73,1.2993201,2691.6
avgbs_cluster_2024.1.39,Mrg33,73,1.2993201,2691.6
avgbs_cluster_23213.1.12,Mrg33,73,0,2691.6
avgbs_cluster_23213.1.47,Mrg33,73,0,2691.6
avgbs_cluster_28886.1.51,Mrg33,73,0,2691.6
avgbs_79463.1.64,Mrg33,73.4,1.295043204,2692
avgbs_99141.1.27,Mrg33,73.4,0.153544018,2692
avgbs_cluster_25200.1.46,Mrg33,73.4,0.839788264,2692
avgbs_cluster_47784.1.45,Mrg33,73.4,0.95744398,2692
avgbs_cluster_52324.1.21,Mrg33,73.4,1.230161475,2692
avgbs_cluster_52324.1.24,Mrg33,73.4,1.230161475,2692
avgbs_cluster_39872.1.51,Mrg33,75.4,2.270581583,2694
avgbs_cluster_40188.1.64,Mrg33,75.4,1.15845883,2694
avgbs_10618.1.19,Mrg33,82,0.168016102,2700.6
avgbs_cluster_34714.1.63,Mrg33,82,0.857702764,2700.6
avgbs_cluster_34714.1.64,Mrg33,82,0.857702764,2700.6
avgbs_519.1.6,Mrg33,91.5,0,2710.1
avgbs_65522.1.49,Mrg33,91.5,0.001736355,2710.1
avgbs_8117.1.18,Mrg33,91.5,0.311691996,2710.1
avgbs_cluster_33462.1.10,Mrg33,91.5,0.106852983,2710.1
avgbs_cluster_6122.1.61,Mrg33,91.5,0,2710.1
avgbs_cluster_4302.1.25,Mrg33,95.8,0,2714.4
avgbs_cluster_4302.1.55,Mrg33,95.8,0,2714.4
avgbs_cluster_34228.1.31,Mrg33,97.1,0,2715.7
avgbs_cluster_34228.1.42,Mrg33,97.1,0,2715.7
avgbs_cluster_36856.1.59,Mrg33,97.7,0,2716.3
avgbs_cluster_36856.1.61,Mrg33,97.7,0,2716.3
avgbs_cluster_36856.1.63,Mrg33,97.7,0,2716.3
avgbs_cluster_35006.1.10,Mrg33,102.6,0,2721.2
avgbs_cluster_18051.1.54,Mrg33,105.5,0,2724.1
avgbs_5039.1.37,Mrg33,108.3,0,2726.9