SNP,CHR,BP,log10pvalues,BPcum
avgbs_cluster_4407.1.25,Mrg01,6.1,0,6.1
avgbs_cluster_4407.1.27,Mrg01,6.1,0,6.1
avgbs_220054.1.63,Mrg01,12.9,0.04776062,12.9
avgbs_cluster_2419.1.25,Mrg01,12.9,0.078437963,12.9
avgbs_cluster_14412.1.55,Mrg01,15.7,0.010257299,15.7
avgbs_117667.1.18,Mrg01,21.7,0.382057094,21.7
avgbs_121169.1.24,Mrg01,21.7,0.420642204,21.7
avgbs_69900.1.31,Mrg01,22.8,0.215913018,22.8
avgbs_109074.1.53,Mrg01,23.8,0.216660303,23.8
avgbs_15951.1.34,Mrg01,23.8,0.018721821,23.8
avgbs_214958.1.64,Mrg01,23.8,0.034539888,23.8
avgbs_4798.1.24,Mrg01,23.8,1.111411201,23.8
avgbs_79034.1.44,Mrg01,23.8,0.690173436,23.8
avgbs_98416.1.26,Mrg01,23.8,0.40720284,23.8
avgbs_cluster_13148.1.30,Mrg01,23.8,0.121257384,23.8
avgbs_cluster_16433.1.60,Mrg01,23.8,0.213120547,23.8
avgbs_cluster_28109.1.20,Mrg01,23.8,0.129814897,23.8
avgbs_cluster_37526.1.42,Mrg01,23.8,1.344573146,23.8
avgbs_cluster_7944.1.54,Mrg01,23.8,0,23.8
avgbs_cluster_7944.1.64,Mrg01,23.8,0,23.8
avgbs_cluster_30981.1.51,Mrg01,25.1,0.014433189,25.1
avgbs_50746.1.30,Mrg01,27.9,0,27.9
avgbs_cluster_6762.1.39,Mrg01,27.9,0.310917122,27.9
avgbs_cluster_6762.1.42,Mrg01,27.9,0.310917122,27.9
avgbs_cluster_25685.1.11,Mrg01,31.6,0.170979985,31.6
avgbs_cluster_25685.1.21,Mrg01,31.6,0.170979985,31.6
avgbs_97250.1.25,Mrg01,31.7,0.215913018,31.7
avgbs_cluster_34267.1.25,Mrg01,31.7,0,31.7
avgbs_cluster_34267.1.58,Mrg01,31.7,0,31.7
avgbs_115650.1.30,Mrg01,32.9,0.621238881,32.9
avgbs_76592.1.21,Mrg01,34.6,0.077687831,34.6
avgbs_7808.1.42,Mrg01,34.9,0.162529164,34.9
avgbs_118197.1.50,Mrg01,36.4,0,36.4
avgbs_108681.1.60,Mrg01,39.3,0.058205026,39.3
avgbs_125885.1.60,Mrg01,39.3,0.067034927,39.3
avgbs_69537.1.37,Mrg01,39.3,0.025350732,39.3
avgbs_cluster_29242.1.64,Mrg01,39.3,0.075248334,39.3
avgbs_cluster_35531.1.33,Mrg01,39.3,0.209587997,39.3
avgbs_cluster_38209.1.37,Mrg01,39.3,0.228899756,39.3
avgbs_cluster_7176.1.43,Mrg01,39.3,0.113568098,39.3
avgbs_cluster_40643.1.23,Mrg01,41.2,0.219898002,41.2
avgbs_91787.1.63,Mrg01,41.6,0.339400425,41.6
avgbs_104666.1.47,Mrg01,45,0.859145782,45
avgbs_115010.1.20,Mrg01,45,0,45
avgbs_1874.1.57,Mrg01,45,0.344847096,45
avgbs_2411.1.6,Mrg01,45,0,45
avgbs_4488.1.14,Mrg01,45,0.633128295,45
avgbs_cluster_11623.1.9,Mrg01,45,1.309612347,45
avgbs_cluster_1774.1.10,Mrg01,45,0.469167673,45
avgbs_cluster_1774.1.32,Mrg01,45,0.469167673,45
avgbs_cluster_1774.1.63,Mrg01,45,0.469167673,45
avgbs_cluster_19251.1.15,Mrg01,45,0,45
avgbs_cluster_19251.1.27,Mrg01,45,0,45
avgbs_cluster_19251.1.42,Mrg01,45,0,45
avgbs_cluster_23353.1.8,Mrg01,45,2.411838399,45
avgbs_124482.1.56,Mrg01,45.1,0,45.1
avgbs_96467.1.43,Mrg01,45.1,0,45.1
avgbs_cluster_25618.1.19,Mrg01,46.9,0.109975495,46.9
avgbs_cluster_26640.1.27,Mrg01,47.2,0.207331055,47.2
avgbs_31855.1.15,Mrg01,48.1,0,48.1
avgbs_cluster_21456.1.28,Mrg01,49.7,0.647770727,49.7
avgbs_98194.1.6,Mrg01,50.1,0.079997372,50.1
avgbs_cluster_4789.1.60,Mrg01,50.1,1.819034919,50.1
avgbs_cluster_19632.1.17,Mrg01,50.2,1.389046697,50.2
avgbs_cluster_10096.1.33,Mrg01,50.4,0.528037114,50.4
avgbs_cluster_8247.1.57,Mrg01,50.5,0.81005102,50.5
avgbs_cluster_8247.1.59,Mrg01,50.5,0.81005102,50.5
avgbs_cluster_747.1.28,Mrg01,50.6,2.461388055,50.6
avgbs_3211.1.63,Mrg01,50.7,0.552232804,50.7
avgbs_40825.1.54,Mrg01,50.7,0.549097266,50.7
avgbs_78208.1.20,Mrg01,50.7,0.382905686,50.7
avgbs_87606.1.28,Mrg01,50.7,1.293898464,50.7
avgbs_cluster_21149.1.59,Mrg01,50.7,1.770148648,50.7
avgbs_cluster_22649.1.41,Mrg01,50.7,2.150605807,50.7
avgbs_cluster_22649.1.50,Mrg01,50.7,2.150605807,50.7
avgbs_cluster_28275.1.43,Mrg01,50.7,1.384336094,50.7
avgbs_cluster_30750.1.29,Mrg01,50.7,0.482823772,50.7
avgbs_cluster_30750.1.42,Mrg01,50.7,0.482823772,50.7
avgbs_cluster_34455.1.28,Mrg01,50.7,0.012125837,50.7
avgbs_cluster_37918.1.44,Mrg01,50.7,1.385101951,50.7
avgbs_cluster_37918.1.64,Mrg01,50.7,1.385101951,50.7
avgbs_cluster_40848.1.24,Mrg01,50.7,1.575432825,50.7
avgbs_cluster_40848.1.28,Mrg01,50.7,1.575432825,50.7
avgbs_cluster_52480.1.22,Mrg01,50.7,0.912162294,50.7
avgbs_cluster_52480.1.8,Mrg01,50.7,0.912162294,50.7
avgbs_cluster_3522.1.17,Mrg01,51.7,0.570947787,51.7
avgbs_cluster_3522.1.36,Mrg01,51.7,0.640617339,51.7
avgbs_cluster_3522.1.43,Mrg01,51.7,0.570947787,51.7
avgbs_cluster_40412.2.49,Mrg01,51.9,0.20138539,51.9
avgbs_201762.1.27,Mrg01,52.4,0,52.4
avgbs_cluster_5100.1.45,Mrg01,52.4,0,52.4
avgbs_100130.1.43,Mrg01,52.6,0.689151049,52.6
avgbs_29138.1.51,Mrg01,52.6,0.592329595,52.6
avgbs_86510.1.44,Mrg01,52.6,0,52.6
avgbs_67981.1.43,Mrg01,52.7,1.083263136,52.7
avgbs_cluster_35931.1.56,Mrg01,53.1,0.066438955,53.1
avgbs_110630.1.24,Mrg01,56.5,0.405969151,56.5
avgbs_112377.1.50,Mrg01,57.2,0.390418607,57.2
avgbs_121552.1.41,Mrg01,57.2,0.077494008,57.2
avgbs_18732.1.26,Mrg01,57.2,0.655687218,57.2
avgbs_22292.1.58,Mrg01,57.2,0.552605992,57.2
avgbs_47533.1.46,Mrg01,57.2,0.739735972,57.2
avgbs_72729.1.15,Mrg01,57.2,0.185272345,57.2
avgbs_76528.1.34,Mrg01,57.2,0,57.2
avgbs_7933.1.9,Mrg01,57.2,0.420235844,57.2
avgbs_98893.1.27,Mrg01,57.2,0,57.2
avgbs_cluster_13919.1.36,Mrg01,57.2,0,57.2
avgbs_cluster_13919.1.7,Mrg01,57.2,0,57.2
avgbs_cluster_40715.1.22,Mrg01,57.2,0,57.2
avgbs_cluster_6467.1.57,Mrg01,57.2,0,57.2
avgbs_cluster_8420.1.41,Mrg01,57.2,0,57.2
avgbs_cluster_37703.1.12,Mrg01,58.1,0.211725927,58.1
avgbs_28165.1.13,Mrg01,59,0.068191716,59
avgbs_cluster_11810.1.32,Mrg01,60.8,0,60.8
avgbs_cluster_11810.1.59,Mrg01,60.8,0,60.8
avgbs_114277.1.43,Mrg01,64.8,1.249393864,64.8
avgbs_121555.1.58,Mrg01,64.8,0.039508969,64.8
avgbs_23070.1.20,Mrg01,64.8,0.257050795,64.8
avgbs_55182.1.20,Mrg01,64.8,0.187791922,64.8
avgbs_76785.1.54,Mrg01,64.8,0.238517263,64.8
avgbs_87498.1.14,Mrg01,64.8,0.273882487,64.8
avgbs_cluster_19106.1.50,Mrg01,64.8,0.257431988,64.8
avgbs_cluster_7163.1.18,Mrg01,64.8,0.70457295,64.8
avgbs_cluster_7163.1.47,Mrg01,64.8,0.70457295,64.8
avgbs_cluster_727.1.21,Mrg01,64.8,1.485834315,64.8
avgbs_cluster_727.1.31,Mrg01,64.8,1.485834315,64.8
avgbs_cluster_8581.1.9,Mrg01,64.8,0.685817548,64.8
avgbs_cluster_28022.1.37,Mrg01,66.7,0.470587066,66.7
avgbs_cluster_114.1.54,Mrg01,67.6,0.193421941,67.6
avgbs_28568.1.57,Mrg01,68.7,0.424952706,68.7
avgbs_cluster_6755.1.59,Mrg01,68.8,1.239708863,68.8
avgbs_cluster_4153.1.39,Mrg01,70.8,0.459566261,70.8
avgbs_cluster_7293.1.8,Mrg01,70.8,0.776828579,70.8
avgbs_cluster_26197.1.42,Mrg01,71.2,0.174681334,71.2
avgbs_cluster_26197.1.8,Mrg01,71.2,0.174681334,71.2
avgbs_106646.1.26,Mrg01,71.9,0.336396536,71.9
avgbs_cluster_6448.1.49,Mrg01,71.9,0,71.9
avgbs_cluster_1998.1.40,Mrg01,73.5,0.291411155,73.5
avgbs_cluster_1998.1.48,Mrg01,73.5,0.291411155,73.5
avgbs_cluster_5508.1.15,Mrg01,73.5,0,73.5
avgbs_cluster_36604.1.23,Mrg01,73.7,0.129210599,73.7
avgbs_cluster_39992.1.37,Mrg01,73.7,0.217284722,73.7
avgbs_cluster_39992.1.46,Mrg01,73.7,0.217284722,73.7
avgbs_cluster_39992.1.57,Mrg01,73.7,0.217284722,73.7
avgbs_119323.1.43,Mrg01,74.4,0.189895527,74.4
avgbs_15363.1.40,Mrg01,74.8,0,74.8
avgbs_56313.1.7,Mrg01,74.8,0.829810821,74.8
avgbs_cluster_5508.1.29,Mrg01,74.8,0.309859853,74.8
avgbs_126264.1.62,Mrg01,75.3,0.038001741,75.3
avgbs_122437.1.44,Mrg01,76.6,0.034004778,76.6
avgbs_99953.1.23,Mrg01,76.6,0.049832944,76.6
avgbs_cluster_12706.1.62,Mrg01,76.6,0.428168417,76.6
avgbs_cluster_4589.1.11,Mrg01,76.6,0,76.6
avgbs_cluster_4589.1.53,Mrg01,76.6,0,76.6
avgbs_46005.1.62,Mrg01,79.7,0.179179342,79.7
avgbs_cluster_35998.1.59,Mrg01,79.7,0.174315522,79.7
avgbs_cluster_35998.1.62,Mrg01,79.7,0.174315522,79.7
avgbs_cluster_35998.1.64,Mrg01,79.7,0.174315522,79.7
avgbs_106242.1.10,Mrg01,80.9,0.459073842,80.9
avgbs_cluster_40637.1.58,Mrg01,80.9,0,80.9
avgbs_cluster_40637.1.59,Mrg01,80.9,0,80.9
avgbs_cluster_5031.1.46,Mrg01,80.9,0.014712552,80.9
avgbs_cluster_5031.1.47,Mrg01,80.9,0.014712552,80.9
avgbs_cluster_10949.1.40,Mrg01,81.4,0.645732286,81.4
avgbs_cluster_10949.1.44,Mrg01,81.4,0.645732286,81.4
avgbs_cluster_23390.1.62,Mrg01,82.7,0.07704671,82.7
avgbs_118634.1.12,Mrg01,82.8,0.031272634,82.8
avgbs_10419.1.26,Mrg01,83.9,0.291181281,83.9
avgbs_110493.1.15,Mrg01,83.9,0.542860022,83.9
avgbs_110783.1.25,Mrg01,83.9,1.317420644,83.9
avgbs_17689.1.52,Mrg01,83.9,0.05223249,83.9
avgbs_18882.1.12,Mrg01,83.9,0.561694747,83.9
avgbs_21615.1.24,Mrg01,83.9,0.076774142,83.9
avgbs_34513.1.41,Mrg01,83.9,1.020970267,83.9
avgbs_8939.1.11,Mrg01,83.9,0.444558548,83.9
avgbs_cluster_13478.1.6,Mrg01,83.9,0.385721242,83.9
avgbs_cluster_29067.1.21,Mrg01,83.9,0.086306181,83.9
avgbs_cluster_29067.1.38,Mrg01,83.9,0.328825097,83.9
avgbs_cluster_40347.1.25,Mrg01,83.9,0.272978441,83.9
avgbs_cluster_40347.1.32,Mrg01,83.9,0.272978441,83.9
avgbs_cluster_40347.1.36,Mrg01,83.9,0.272978441,83.9
avgbs_cluster_49901.1.43,Mrg01,83.9,0.267445911,83.9
avgbs_cluster_49901.1.59,Mrg01,83.9,0.267445911,83.9
avgbs_cluster_6563.1.17,Mrg01,83.9,0.272978441,83.9
avgbs_cluster_6563.1.26,Mrg01,83.9,0.272978441,83.9
avgbs_22438.1.17,Mrg01,84.2,0.301529688,84.2
avgbs_cluster_43324.1.36,Mrg01,84.2,0.134020843,84.2
avgbs_cluster_22.1.59,Mrg01,84.4,0,84.4
avgbs_90768.1.37,Mrg01,85.7,0,85.7
avgbs_cluster_12706.2.50,Mrg01,86.3,0.503550359,86.3
avgbs_24340.1.26,Mrg01,87.4,0.006301697,87.4
avgbs_cluster_13464.1.52,Mrg01,87.4,0.770240037,87.4
avgbs_cluster_36292.1.51,Mrg01,87.4,0.024076808,87.4
avgbs_cluster_11679.1.46,Mrg01,89.8,0.36313513,89.8
avgbs_cluster_11679.1.9,Mrg01,89.8,0.36313513,89.8
avgbs_cluster_36113.1.24,Mrg01,90.4,0.326593832,90.4
avgbs_111870.1.38,Mrg01,92,0.092239893,92
avgbs_114773.1.47,Mrg01,92.3,0.308731582,92.3
avgbs_86506.1.9,Mrg01,92.5,0.179411402,92.5
avgbs_cluster_21012.1.31,Mrg01,92.6,0.576718251,92.6
avgbs_cluster_7493.1.44,Mrg01,93.5,0.337914725,93.5
avgbs_cluster_7765.1.34,Mrg01,94.5,0,94.5
avgbs_cluster_9941.1.34,Mrg01,94.6,0.137560285,94.6
avgbs_cluster_2163.1.39,Mrg01,98.8,0.075997059,98.8
avgbs_cluster_1329.1.15,Mrg01,101.7,0.137669353,101.7
avgbs_cluster_7663.1.25,Mrg01,101.7,0.054077005,101.7
avgbs_cluster_54.1.58,Mrg01,101.9,0.391298367,101.9
avgbs_124273.1.43,Mrg01,102.8,0.162798625,102.8
avgbs_cluster_13344.1.17,Mrg01,102.8,0.222453533,102.8
avgbs_cluster_9199.1.30,Mrg01,102.9,0.0187056,102.9
avgbs_10638.1.46,Mrg01,103.1,0.442604077,103.1
avgbs_cluster_32873.1.40,Mrg01,103.1,0,103.1
avgbs_cluster_32873.1.62,Mrg01,103.1,0,103.1
avgbs_cluster_37857.1.60,Mrg01,103.1,0.475191,103.1
avgbs_cluster_37857.1.61,Mrg01,103.1,0.475191,103.1
avgbs_cluster_37857.1.63,Mrg01,103.1,0.475191,103.1
avgbs_119997.1.64,Mrg01,104,0.367832495,104
avgbs_101443.1.41,Mrg01,105.9,0.033237828,105.9
avgbs_115756.1.11,Mrg01,105.9,0.219441682,105.9
avgbs_12109.1.61,Mrg01,105.9,0.212441669,105.9
avgbs_122791.1.47,Mrg01,105.9,0.270188287,105.9
avgbs_201759.1.38,Mrg01,105.9,0.145736239,105.9
avgbs_cluster_15962.2.44,Mrg01,105.9,0.096939237,105.9
avgbs_cluster_17360.1.40,Mrg01,105.9,0.061660823,105.9
avgbs_cluster_21518.1.53,Mrg01,105.9,0.317530487,105.9
avgbs_55961.1.31,Mrg01,106.6,0.026955865,106.6
avgbs_cluster_18998.1.44,Mrg01,106.7,0.14913803,106.7
avgbs_cluster_396.1.30,Mrg01,107.5,0.019090101,107.5
avgbs_12044.1.35,Mrg01,108.2,0.391495149,108.2
avgbs_102627.1.16,Mrg01,108.4,0,108.4
avgbs_112938.1.46,Mrg01,108.4,0,108.4
avgbs_120017.1.28,Mrg01,108.4,0.092073081,108.4
avgbs_121475.1.18,Mrg01,108.4,0,108.4
avgbs_17824.1.12,Mrg01,108.4,0,108.4
avgbs_47877.1.10,Mrg01,108.4,0.652469034,108.4
avgbs_cluster_12571.1.32,Mrg01,108.4,0,108.4
avgbs_cluster_20681.1.16,Mrg01,108.4,0.184032507,108.4
avgbs_cluster_20681.1.38,Mrg01,108.4,0.184032507,108.4
avgbs_cluster_22293.1.61,Mrg01,108.4,0.709895742,108.4
avgbs_cluster_24860.1.22,Mrg01,108.4,0.80896687,108.4
avgbs_cluster_30025.1.63,Mrg01,108.4,0,108.4
avgbs_cluster_30142.1.64,Mrg01,108.4,0,108.4
avgbs_cluster_41102.1.44,Mrg01,108.4,0.288149007,108.4
avgbs_cluster_6197.1.28,Mrg01,108.4,0.51844102,108.4
avgbs_cluster_6677.1.31,Mrg01,108.4,0,108.4
avgbs_cluster_6677.1.6,Mrg01,108.4,0,108.4
avgbs_112401.1.40,Mrg01,109,0,109
avgbs_21345.1.6,Mrg01,109,0,109
avgbs_46496.1.44,Mrg01,109,0,109
avgbs_84800.1.26,Mrg01,109,0.961194869,109
avgbs_92926.1.22,Mrg01,109,0,109
avgbs_cluster_11599.1.23,Mrg01,109,0,109
avgbs_cluster_24084.1.22,Mrg01,109,0.136172299,109
avgbs_cluster_2422.1.62,Mrg01,109,0,109
avgbs_cluster_26079.1.41,Mrg01,109,0.258724866,109
avgbs_cluster_26218.1.51,Mrg01,109,0.058707922,109
avgbs_cluster_3267.1.14,Mrg01,109,0.45238779,109
avgbs_cluster_3267.1.46,Mrg01,109,0.45238779,109
avgbs_cluster_3715.1.43,Mrg01,109,0.108232242,109
avgbs_cluster_49047.1.10,Mrg01,109,0.341687832,109
avgbs_cluster_49047.1.31,Mrg01,109,0.341687832,109
avgbs_cluster_8123.1.11,Mrg01,109,0.394618513,109
avgbs_20927.1.22,Mrg01,109.7,0,109.7
avgbs_cluster_39230.1.39,Mrg01,110.2,1.501198054,110.2
avgbs_cluster_41618.1.54,Mrg01,110.2,0.241413194,110.2
avgbs_20309.1.17,Mrg01,110.4,0.22929895,110.4
avgbs_112390.1.46,Mrg01,110.8,0.035801604,110.8
avgbs_cluster_11587.1.58,Mrg01,110.8,0.055173121,110.8
avgbs_cluster_24837.1.34,Mrg01,110.8,0,110.8
avgbs_cluster_24837.1.41,Mrg01,110.8,0,110.8
avgbs_cluster_40964.1.25,Mrg01,110.8,0.263197212,110.8
avgbs_cluster_7158.1.40,Mrg01,110.8,0,110.8
avgbs_68395.1.37,Mrg01,111.7,0.009710356,111.7
avgbs_18591.1.52,Mrg01,111.8,0.087606086,111.8
avgbs_85912.1.24,Mrg01,112.7,0.315523572,112.7
avgbs_cluster_38223.1.17,Mrg01,112.7,0.101982553,112.7
avgbs_cluster_38223.1.61,Mrg01,112.7,0.101982553,112.7
avgbs_31024.1.7,Mrg01,113.9,0,113.9
avgbs_9374.1.16,Mrg01,114.4,0.298354105,114.4
avgbs_cluster_34835.1.28,Mrg01,114.4,0.496933969,114.4
avgbs_cluster_34835.1.58,Mrg01,114.4,0.496933969,114.4
avgbs_cluster_45709.1.12,Mrg01,114.4,0.40799319,114.4
avgbs_cluster_45709.1.15,Mrg01,114.4,0.40799319,114.4
avgbs_cluster_6513.1.48,Mrg01,114.4,0.539644303,114.4
avgbs_115256.1.32,Mrg01,114.5,0,114.5
avgbs_103601.1.46,Mrg01,117.4,0.327106238,117.4
avgbs_122845.1.63,Mrg01,117.4,0,117.4
avgbs_1233.1.45,Mrg01,117.4,0.614688228,117.4
avgbs_124274.1.57,Mrg01,117.4,0.391734297,117.4
avgbs_200815.1.28,Mrg01,117.4,0.926988531,117.4
avgbs_2095.1.40,Mrg01,117.4,0.838063273,117.4
avgbs_34400.1.20,Mrg01,117.4,0.231774928,117.4
avgbs_35281.1.31,Mrg01,117.4,0.242193364,117.4
avgbs_48075.1.47,Mrg01,117.4,0.165880956,117.4
avgbs_73887.1.60,Mrg01,117.4,0.273958895,117.4
avgbs_86872.1.8,Mrg01,117.4,0.738487821,117.4
avgbs_89724.1.29,Mrg01,117.4,0.509886644,117.4
avgbs_cluster_11615.1.54,Mrg01,117.4,0,117.4
avgbs_cluster_16100.1.7,Mrg01,117.4,0.569048221,117.4
avgbs_cluster_16827.1.64,Mrg01,117.4,0.373313933,117.4
avgbs_cluster_33510.1.30,Mrg01,117.4,0.911479319,117.4
avgbs_cluster_33510.1.33,Mrg01,117.4,0.911479319,117.4
avgbs_cluster_33510.1.54,Mrg01,117.4,0.65529567,117.4
avgbs_cluster_39492.1.40,Mrg01,117.4,0.541543163,117.4
avgbs_cluster_39492.1.41,Mrg01,117.4,0.541543163,117.4
avgbs_13421.1.6,Mrg01,126.2,0.35669915,126.2
avgbs_cluster_34459.1.21,Mrg01,128.5,0.247316154,128.5
avgbs_cluster_34459.1.22,Mrg01,128.5,0.247316154,128.5
avgbs_25337.1.19,Mrg01,132.5,0.189066104,132.5
avgbs_cluster_27680.1.59,Mrg01,133.1,0.238660079,133.1
avgbs_108887.1.19,Mrg01,136.5,0.549241688,136.5
avgbs_cluster_43574.1.49,Mrg02,8.6,1.349511902,145.1
avgbs_cluster_39353.1.29,Mrg02,10.3,0.298916093,146.8
avgbs_123135.1.15,Mrg02,10.8,0.625559063,147.3
avgbs_cluster_25911.1.12,Mrg02,10.8,0.14988806,147.3
avgbs_cluster_30349.1.20,Mrg02,10.8,0.263817364,147.3
avgbs_cluster_30349.1.38,Mrg02,10.8,0.263817364,147.3
avgbs_cluster_36808.1.29,Mrg02,10.8,0.043896676,147.3
avgbs_cluster_36808.1.52,Mrg02,10.8,0.043896676,147.3
avgbs_49652.1.25,Mrg02,14.7,0.269187507,151.2
avgbs_cluster_40766.1.54,Mrg02,16.6,0.420051954,153.1
avgbs_cluster_1977.1.20,Mrg02,17,0.67134873,153.5
avgbs_cluster_1977.1.42,Mrg02,17,0.67134873,153.5
avgbs_cluster_1977.1.62,Mrg02,17,0.67134873,153.5
avgbs_20213.1.51,Mrg02,21.5,0.718860886,158
avgbs_39140.1.29,Mrg02,21.5,0.106614736,158
avgbs_121703.1.64,Mrg02,23.2,0.747879027,159.7
avgbs_42249.1.14,Mrg02,23.2,0,159.7
avgbs_76581.1.57,Mrg02,23.2,1.631236553,159.7
avgbs_85537.1.10,Mrg02,23.2,0.829463788,159.7
avgbs_cluster_19259.1.49,Mrg02,23.2,0.71598669,159.7
avgbs_cluster_25195.1.31,Mrg02,23.2,1.491373627,159.7
avgbs_cluster_2873.1.34,Mrg02,23.2,0.78745556,159.7
avgbs_cluster_30232.1.39,Mrg02,23.2,0,159.7
avgbs_cluster_30232.1.55,Mrg02,23.2,0.612578738,159.7
avgbs_cluster_3656.1.31,Mrg02,23.2,0.78745556,159.7
avgbs_cluster_36789.1.57,Mrg02,23.2,0.787535236,159.7
avgbs_cluster_40387.1.38,Mrg02,23.2,0,159.7
avgbs_cluster_4088.1.64,Mrg02,23.2,0.34027931,159.7
avgbs_6831.1.32,Mrg02,26.8,0,163.3
avgbs_9580.1.24,Mrg02,27.1,0.459521936,163.6
avgbs_cluster_23202.1.60,Mrg02,27.2,0.270823286,163.7
avgbs_cluster_50109.1.43,Mrg02,27.2,0.395570772,163.7
avgbs_cluster_50109.1.45,Mrg02,27.2,0.395570772,163.7
avgbs_6K_22030.1.8,Mrg02,27.4,0.605964604,163.9
avgbs_cluster_17730.1.21,Mrg02,27.4,0.344303442,163.9
avgbs_cluster_24611.1.41,Mrg02,29.2,0.131681904,165.7
avgbs_cluster_24611.1.8,Mrg02,29.2,0.131681904,165.7
avgbs_cluster_6720.1.37,Mrg02,30,0,166.5
avgbs_cluster_6720.1.64,Mrg02,30,0,166.5
avgbs_95303.1.18,Mrg02,33.6,0,170.1
avgbs_cluster_35230.1.57,Mrg02,33.7,0.075602646,170.2
avgbs_7548.1.60,Mrg02,34.1,0.340235486,170.6
avgbs_cluster_67454.2.12,Mrg02,34.1,0.333592581,170.6
avgbs_cluster_67454.2.48,Mrg02,34.1,0.333592581,170.6
avgbs_cluster_67454.2.6,Mrg02,34.1,0.333592581,170.6
avgbs_cluster_9426.1.11,Mrg02,34.1,0.254343857,170.6
avgbs_12792.1.31,Mrg02,42,0,178.5
avgbs_cluster_178.1.64,Mrg02,60.4,1.091122171,196.9
avgbs_101134.1.33,Mrg02,67.4,0,203.9
avgbs_21691.1.14,Mrg02,67.4,0.952308635,203.9
avgbs_4702.1.15,Mrg02,67.4,0.492290267,203.9
avgbs_cluster_30568.1.44,Mrg02,67.4,0.275492463,203.9
avgbs_cluster_34442.1.15,Mrg02,67.4,0.89795126,203.9
avgbs_cluster_34442.1.21,Mrg02,67.4,0.89795126,203.9
avgbs_cluster_34442.1.27,Mrg02,67.4,0.89795126,203.9
avgbs_22604.1.53,Mrg02,70.6,0,207.1
avgbs_cluster_15438.1.58,Mrg02,70.8,0.831133915,207.3
avgbs_7775.1.24,Mrg02,71.2,0,207.7
avgbs_cluster_21657.1.48,Mrg02,71.3,0.214940921,207.8
avgbs_30619.1.57,Mrg02,72.1,0.403096708,208.6
avgbs_44965.1.39,Mrg02,72.1,0,208.6
avgbs_52110.1.43,Mrg02,72.1,0,208.6
avgbs_72141.1.25,Mrg02,72.1,0.137704729,208.6
avgbs_cluster_35469.1.57,Mrg02,72.1,0.091517361,208.6
avgbs_cluster_8461.1.38,Mrg02,72.1,0,208.6
avgbs_125750.1.52,Mrg02,72.7,0,209.2
avgbs_cluster_26139.1.50,Mrg02,72.7,0.018023939,209.2
avgbs_110262.1.14,Mrg02,73.3,0.241831356,209.8
avgbs_61358.1.23,Mrg02,73.3,0,209.8
avgbs_78164.1.6,Mrg02,73.3,0.45599741,209.8
avgbs_91192.1.7,Mrg02,73.3,0.687857173,209.8
avgbs_cluster_14111.1.62,Mrg02,73.3,0.524418922,209.8
avgbs_cluster_36966.1.11,Mrg02,73.3,0.444584193,209.8
avgbs_cluster_36966.1.21,Mrg02,73.3,0.444584193,209.8
avgbs_cluster_39275.1.58,Mrg02,73.3,0.224288188,209.8
avgbs_61164.1.46,Mrg02,74.4,0,210.9
avgbs_cluster_2578.1.17,Mrg02,75.3,0,211.8
avgbs_cluster_26203.1.49,Mrg02,77,0,213.5
avgbs_83534.1.38,Mrg02,79.7,0.720120456,216.2
avgbs_116290.1.26,Mrg02,81.5,0.692044131,218
avgbs_13.1.41,Mrg02,81.5,0.268675578,218
avgbs_23340.1.27,Mrg02,81.5,1.583157541,218
avgbs_3139.1.20,Mrg02,81.8,0.158521594,218.3
avgbs_cluster_21657.1.20,Mrg02,82.4,0.128364705,218.9
avgbs_cluster_21657.1.38,Mrg02,82.4,0.128364705,218.9
avgbs_111687.1.16,Mrg02,85,0.32133754,221.5
avgbs_106841.1.50,Mrg02,85.2,0,221.7
avgbs_119941.1.12,Mrg02,85.2,0.010778205,221.7
avgbs_123238.1.57,Mrg02,85.2,0,221.7
avgbs_200099.1.60,Mrg02,85.2,0.266629975,221.7
avgbs_28468.1.48,Mrg02,85.2,0.482378475,221.7
avgbs_2899.1.13,Mrg02,85.2,0.088390471,221.7
avgbs_31854.1.60,Mrg02,85.2,0.768985743,221.7
avgbs_43836.1.8,Mrg02,85.2,0.693462001,221.7
avgbs_67562.1.37,Mrg02,85.2,0.616524375,221.7
avgbs_82826.1.19,Mrg02,85.2,0.271457662,221.7
avgbs_83414.1.11,Mrg02,85.2,0,221.7
avgbs_cluster_16227.1.36,Mrg02,85.2,0,221.7
avgbs_cluster_16392.1.40,Mrg02,85.2,0.913501598,221.7
avgbs_cluster_33550.1.43,Mrg02,85.2,0.859499616,221.7
avgbs_cluster_33550.1.60,Mrg02,85.2,0.859499616,221.7
avgbs_cluster_36585.1.56,Mrg02,85.2,0.579407819,221.7
avgbs_cluster_39191.1.57,Mrg02,85.2,0,221.7
avgbs_cluster_40668.1.46,Mrg02,85.4,0.577411672,221.9
avgbs_cluster_17536.1.11,Mrg02,87.1,0.651194911,223.6
avgbs_cluster_17536.1.20,Mrg02,87.1,0.651194911,223.6
avgbs_106371.1.16,Mrg02,87.3,0,223.8
avgbs_107070.1.27,Mrg02,87.3,0.209256457,223.8
avgbs_108975.1.35,Mrg02,87.3,0,223.8
avgbs_109193.1.21,Mrg02,87.3,0.327682739,223.8
avgbs_110306.1.10,Mrg02,87.3,0,223.8
avgbs_110624.1.41,Mrg02,87.3,0.278687158,223.8
avgbs_110942.1.25,Mrg02,87.3,0.307237669,223.8
avgbs_113050.1.12,Mrg02,87.3,1.050820677,223.8
avgbs_113824.1.61,Mrg02,87.3,0.180731737,223.8
avgbs_114976.1.16,Mrg02,87.3,0.402369766,223.8
avgbs_119157.1.24,Mrg02,87.3,0,223.8
avgbs_121737.1.40,Mrg02,87.3,0.22382044,223.8
avgbs_125483.1.23,Mrg02,87.3,0.162551726,223.8
avgbs_126197.1.44,Mrg02,87.3,0.653230318,223.8
avgbs_12678.1.18,Mrg02,87.3,0.629517981,223.8
avgbs_14546.1.6,Mrg02,87.3,0.344327108,223.8
avgbs_14619.1.49,Mrg02,87.3,0.569605678,223.8
avgbs_15657.1.35,Mrg02,87.3,0,223.8
avgbs_15921.1.22,Mrg02,87.3,0.236055344,223.8
avgbs_17595.1.20,Mrg02,87.3,0,223.8
avgbs_200722.1.60,Mrg02,87.3,0,223.8
avgbs_35440.1.17,Mrg02,87.3,0.437413429,223.8
avgbs_44280.1.50,Mrg02,87.3,0.50994898,223.8
avgbs_52812.1.8,Mrg02,87.3,0.402369766,223.8
avgbs_66529.1.8,Mrg02,87.3,0.377475217,223.8
avgbs_6709.1.53,Mrg02,87.3,0,223.8
avgbs_69265.1.22,Mrg02,87.3,0.377475217,223.8
avgbs_71654.1.48,Mrg02,87.3,0,223.8
avgbs_7483.1.44,Mrg02,87.3,0,223.8
avgbs_8018.1.39,Mrg02,87.3,1.084294043,223.8
avgbs_cluster_13727.1.47,Mrg02,87.3,0.353068807,223.8
avgbs_cluster_13781.1.49,Mrg02,87.3,0,223.8
avgbs_cluster_14129.1.20,Mrg02,87.3,0.402369766,223.8
avgbs_cluster_14129.1.25,Mrg02,87.3,0.402369766,223.8
avgbs_cluster_14423.1.10,Mrg02,87.3,0.136596678,223.8
avgbs_cluster_14444.1.20,Mrg02,87.3,0.153543296,223.8
avgbs_cluster_16139.1.31,Mrg02,87.3,0.020873951,223.8
avgbs_cluster_16139.1.36,Mrg02,87.3,0.020873951,223.8
avgbs_cluster_18767.1.28,Mrg02,87.3,0,223.8
avgbs_cluster_18767.1.6,Mrg02,87.3,0,223.8
avgbs_cluster_18767.1.9,Mrg02,87.3,0,223.8
avgbs_cluster_20556.1.43,Mrg02,87.3,0.455050043,223.8
avgbs_cluster_24696.1.20,Mrg02,87.3,0.047033924,223.8
avgbs_cluster_3498.1.6,Mrg02,87.3,0,223.8
avgbs_cluster_3562.1.12,Mrg02,87.3,0.292306876,223.8
avgbs_cluster_35739.1.38,Mrg02,87.3,0.451289635,223.8
avgbs_cluster_36167.1.43,Mrg02,87.3,0,223.8
avgbs_cluster_38415.1.59,Mrg02,87.3,0.77851165,223.8
avgbs_cluster_38415.1.60,Mrg02,87.3,0.77851165,223.8
avgbs_cluster_38415.1.61,Mrg02,87.3,0.77851165,223.8
avgbs_cluster_39112.1.49,Mrg02,87.3,0,223.8
avgbs_cluster_39410.1.13,Mrg02,87.3,0.593273873,223.8
avgbs_cluster_39410.1.52,Mrg02,87.3,0.593273873,223.8
avgbs_cluster_39447.1.32,Mrg02,87.3,0.467542065,223.8
avgbs_cluster_39447.1.33,Mrg02,87.3,0.467542065,223.8
avgbs_cluster_39648.1.35,Mrg02,87.3,0.555678596,223.8
avgbs_cluster_4026.1.55,Mrg02,87.3,0.185732175,223.8
avgbs_cluster_4026.1.63,Mrg02,87.3,0.071946178,223.8
avgbs_cluster_40421.1.40,Mrg02,87.3,0,223.8
avgbs_cluster_466.1.62,Mrg02,87.3,0.265286396,223.8
avgbs_cluster_466.1.63,Mrg02,87.3,0.265286396,223.8
avgbs_cluster_4792.1.57,Mrg02,87.3,0.482186563,223.8
avgbs_cluster_5029.1.52,Mrg02,87.3,0.233037475,223.8
avgbs_cluster_60301.1.38,Mrg02,87.3,0.496660738,223.8
avgbs_cluster_60301.1.56,Mrg02,87.3,0.496660738,223.8
avgbs_cluster_8037.1.50,Mrg02,87.3,0.720796973,223.8
avgbs_cluster_9866.1.31,Mrg02,87.3,0.402369766,223.8
avgbs_cluster_12321.1.62,Mrg02,87.4,0.207223329,223.9
avgbs_cluster_30405.1.63,Mrg02,87.4,0,223.9
avgbs_122056.1.8,Mrg02,87.6,0,224.1
avgbs_17997.1.61,Mrg02,88.7,0.010440246,225.2
avgbs_cluster_9292.1.49,Mrg02,88.7,0.434023031,225.2
avgbs_cluster_11371.1.45,Mrg02,107.5,0.317059714,244
avgbs_111921.1.24,Mrg02,118.5,0,255
avgbs_cluster_27416.1.19,Mrg03,3.3,0,258.3
avgbs_cluster_35107.1.17,Mrg03,3.3,0.280756468,258.3
avgbs_121531.1.25,Mrg03,3.5,0.504089162,258.5
avgbs_200574.1.31,Mrg03,4.9,0,259.9
avgbs_cluster_9143.1.9,Mrg03,6.3,0.238573345,261.3
avgbs_cluster_8007.1.17,Mrg03,6.4,0.26147065,261.4
avgbs_6887.1.43,Mrg03,6.5,0.12139646,261.5
avgbs_cluster_4907.1.64,Mrg03,6.8,0.055834702,261.8
avgbs_120080.1.42,Mrg03,7.7,0.418605976,262.7
avgbs_108395.1.49,Mrg03,9,0.010468287,264
avgbs_120404.1.21,Mrg03,9,1.056730827,264
avgbs_126133.1.36,Mrg03,9,0,264
avgbs_cluster_28385.1.15,Mrg03,9,0.201598139,264
avgbs_cluster_28385.1.26,Mrg03,9,0.201598139,264
avgbs_cluster_38496.1.33,Mrg03,9,0.547210366,264
avgbs_cluster_38496.1.56,Mrg03,9,0.547210366,264
avgbs_cluster_9143.1.15,Mrg03,9.7,0,264.7
avgbs_cluster_11141.1.35,Mrg03,9.8,0.368130239,264.8
avgbs_cluster_11141.1.7,Mrg03,9.8,0.368130239,264.8
avgbs_29809.1.46,Mrg03,11.9,0.634806109,266.9
avgbs_6K_7563.1.11,Mrg03,11.9,0.09951359,266.9
avgbs_cluster_4878.1.32,Mrg03,11.9,0,266.9
avgbs_20706.1.11,Mrg03,14.7,0.397585022,269.7
avgbs_37412.1.7,Mrg03,14.7,1.705178734,269.7
avgbs_cluster_26538.1.63,Mrg03,14.7,0.095152419,269.7
avgbs_cluster_33624.1.44,Mrg03,14.7,0.12947354,269.7
avgbs_cluster_7055.1.23,Mrg03,16.3,0.302065391,271.3
avgbs_110647.1.50,Mrg03,18.6,0.556405418,273.6
avgbs_123856.1.42,Mrg03,18.6,0.261409233,273.6
avgbs_26711.1.43,Mrg03,18.6,0.275821644,273.6
avgbs_cluster_28465.1.12,Mrg03,18.6,0.279576706,273.6
avgbs_81972.1.53,Mrg03,19.3,0,274.3
avgbs_cluster_10602.1.20,Mrg03,19.5,0,274.5
avgbs_cluster_34301.1.53,Mrg03,19.5,0,274.5
avgbs_46607.1.37,Mrg03,20,0.703116753,275
avgbs_50948.1.23,Mrg03,20,0.140902171,275
avgbs_cluster_25711.1.48,Mrg03,20,0.279653763,275
avgbs_cluster_4852.1.47,Mrg03,20,0,275
avgbs_11074.1.43,Mrg03,20.3,0.790445835,275.3
avgbs_cluster_4229.1.58,Mrg03,20.3,0,275.3
avgbs_109777.1.13,Mrg03,25,0.389905899,280
avgbs_15480.1.35,Mrg03,25,0,280
avgbs_85939.1.37,Mrg03,25,0.124198608,280
avgbs_cluster_1221.1.28,Mrg03,25,0.122710447,280
avgbs_cluster_1221.1.42,Mrg03,25,0.040721818,280
avgbs_cluster_23900.1.14,Mrg03,25,0.043546447,280
avgbs_cluster_23900.1.15,Mrg03,25,0.043546447,280
avgbs_cluster_24002.1.25,Mrg03,25,0.214304936,280
avgbs_cluster_26060.1.46,Mrg03,25,0.459871598,280
avgbs_cluster_26060.1.47,Mrg03,25,0.459871598,280
avgbs_cluster_26060.1.48,Mrg03,25,0.459871598,280
avgbs_cluster_5443.1.20,Mrg03,25,0.0083971,280
avgbs_cluster_5443.1.55,Mrg03,25,0.095209111,280
avgbs_cluster_831.1.23,Mrg03,25,0,280
avgbs_cluster_831.1.34,Mrg03,25,0,280
avgbs_cluster_831.1.38,Mrg03,25,0,280
avgbs_cluster_8713.1.18,Mrg03,25,0.016292376,280
avgbs_cluster_8713.1.38,Mrg03,25,0.016292376,280
avgbs_cluster_8713.1.6,Mrg03,25,0.016292376,280
avgbs_cluster_9427.1.26,Mrg03,25,0.711758137,280
avgbs_cluster_9427.1.38,Mrg03,25,0.711758137,280
avgbs_cluster_9427.1.8,Mrg03,25,0.711758137,280
avgbs_cluster_9692.1.53,Mrg03,25,0.193119557,280
avgbs_cluster_33704.1.29,Mrg03,25.3,0,280.3
avgbs_cluster_33704.1.41,Mrg03,25.3,0,280.3
avgbs_107394.1.14,Mrg03,25.4,0.152923101,280.4
avgbs_109455.1.38,Mrg03,25.4,0.060165974,280.4
avgbs_122911.1.17,Mrg03,25.4,0.068520928,280.4
avgbs_6K_74019.1.8,Mrg03,25.4,0.056026847,280.4
avgbs_80981.1.44,Mrg03,25.4,0.006492651,280.4
avgbs_90532.1.45,Mrg03,25.4,0.059499426,280.4
avgbs_cluster_16838.1.14,Mrg03,25.4,0.091776391,280.4
avgbs_cluster_16838.1.39,Mrg03,25.4,0.091776391,280.4
avgbs_cluster_19837.1.27,Mrg03,25.4,0.04784793,280.4
avgbs_cluster_19837.1.39,Mrg03,25.4,0.07525541,280.4
avgbs_cluster_29550.1.40,Mrg03,25.4,0.007975118,280.4
avgbs_cluster_33704.1.50,Mrg03,25.4,0.213709452,280.4
avgbs_cluster_34301.1.12,Mrg03,25.4,1.350079989,280.4
avgbs_cluster_34301.1.29,Mrg03,25.4,1.350079989,280.4
avgbs_cluster_37659.1.43,Mrg03,25.4,0.067081727,280.4
avgbs_cluster_37659.1.51,Mrg03,25.4,0.067081727,280.4
avgbs_75747.1.38,Mrg03,27.7,0,282.7
avgbs_31798.1.56,Mrg03,27.8,0.282049495,282.8
avgbs_cluster_336.1.13,Mrg03,28.5,0.39343484,283.5
avgbs_cluster_336.1.50,Mrg03,28.5,0.39343484,283.5
avgbs_cluster_27035.1.10,Mrg03,28.8,0.032380772,283.8
avgbs_cluster_5870.1.25,Mrg03,28.8,0,283.8
avgbs_cluster_18355.1.11,Mrg03,35.4,0.32072792,290.4
avgbs_cluster_18355.1.50,Mrg03,35.4,0.32072792,290.4
avgbs_20647.1.48,Mrg03,36.2,0.091030014,291.2
avgbs_120996.1.37,Mrg03,36.4,0.155752606,291.4
avgbs_10012.1.33,Mrg03,37.1,0.136355799,292.1
avgbs_110504.1.31,Mrg03,37.1,0,292.1
avgbs_122179.1.41,Mrg03,37.1,0.211172792,292.1
avgbs_124109.1.18,Mrg03,37.1,0.112705561,292.1
avgbs_124388.1.63,Mrg03,37.1,0,292.1
avgbs_124474.1.18,Mrg03,37.1,0.006783608,292.1
avgbs_21236.1.29,Mrg03,37.1,0.053081098,292.1
avgbs_38973.1.21,Mrg03,37.1,0,292.1
avgbs_41413.1.12,Mrg03,37.1,0,292.1
avgbs_45965.1.57,Mrg03,37.1,0.489379219,292.1
avgbs_462.1.52,Mrg03,37.1,0.019617195,292.1
avgbs_5441.1.58,Mrg03,37.1,0.240805091,292.1
avgbs_665.1.36,Mrg03,37.1,0.26950189,292.1
avgbs_82845.1.42,Mrg03,37.1,0.440242517,292.1
avgbs_86730.1.50,Mrg03,37.1,0.090427076,292.1
avgbs_cluster_27663.1.24,Mrg03,37.1,0.035440991,292.1
avgbs_cluster_27663.1.38,Mrg03,37.1,0.035440991,292.1
avgbs_cluster_27663.1.41,Mrg03,37.1,0.035440991,292.1
avgbs_cluster_40490.1.63,Mrg03,37.1,0.082641755,292.1
avgbs_123579.1.33,Mrg03,40.3,0,295.3
avgbs_200368.1.55,Mrg03,40.3,0.66920746,295.3
avgbs_20115.1.31,Mrg03,40.3,0,295.3
avgbs_cluster_19837.1.19,Mrg03,40.3,0.048569503,295.3
avgbs_cluster_39571.1.25,Mrg03,40.3,0,295.3
avgbs_cluster_39571.1.56,Mrg03,40.3,0,295.3
avgbs_cluster_4841.1.50,Mrg03,40.3,0.364573106,295.3
avgbs_cluster_5056.1.37,Mrg03,40.3,0.365542074,295.3
avgbs_cluster_5056.1.8,Mrg03,40.3,0.365542074,295.3
avgbs_110939.1.48,Mrg03,40.7,0.411201851,295.7
avgbs_205722.1.53,Mrg03,40.7,0,295.7
avgbs_cluster_25945.1.35,Mrg03,40.8,0,295.8
avgbs_cluster_25945.1.58,Mrg03,40.8,0,295.8
avgbs_cluster_40667.1.46,Mrg03,40.9,0,295.9
avgbs_200729.1.20,Mrg03,42.7,1.256684056,297.7
avgbs_cluster_37233.1.29,Mrg03,42.7,0,297.7
avgbs_cluster_37233.1.34,Mrg03,42.7,0,297.7
avgbs_cluster_37233.1.43,Mrg03,42.7,0,297.7
avgbs_cluster_39107.1.55,Mrg03,42.7,1.631716423,297.7
avgbs_cluster_33883.1.12,Mrg03,44.2,0.000918436,299.2
avgbs_32922.1.51,Mrg03,44.5,0.0619745,299.5
avgbs_cluster_40525.1.54,Mrg03,44.5,0.277822448,299.5
avgbs_cluster_40525.1.61,Mrg03,44.5,0.277822448,299.5
avgbs_118082.1.26,Mrg03,44.6,0.086531148,299.6
avgbs_15388.1.33,Mrg03,44.6,0.485740761,299.6
avgbs_6121.1.27,Mrg03,44.6,0.410045786,299.6
avgbs_cluster_4299.1.43,Mrg03,44.6,0.3505647,299.6
avgbs_cluster_4299.1.46,Mrg03,44.6,0.3505647,299.6
avgbs_120947.1.55,Mrg03,45,0.150488159,300
avgbs_cluster_1714.1.63,Mrg03,45.1,0.577898228,300.1
avgbs_cluster_1714.1.9,Mrg03,45.1,0.577898228,300.1
avgbs_14475.1.30,Mrg03,45.5,0.059143645,300.5
avgbs_123845.1.40,Mrg03,45.7,0.089250566,300.7
avgbs_cluster_10545.1.64,Mrg03,45.7,0.053114658,300.7
avgbs_cluster_3914.1.8,Mrg03,45.7,0.112555471,300.7
avgbs_116834.1.53,Mrg03,46.3,2.152985249,301.3
avgbs_1442.1.27,Mrg03,46.3,0,301.3
avgbs_99390.1.48,Mrg03,46.3,0.278433873,301.3
avgbs_cluster_24654.1.50,Mrg03,46.3,0.250910623,301.3
avgbs_cluster_538.1.44,Mrg03,46.3,0.221930502,301.3
avgbs_cluster_7714.1.6,Mrg03,46.3,0.827987089,301.3
avgbs_117254.1.22,Mrg03,47.7,0.052859538,302.7
avgbs_18554.1.38,Mrg03,47.7,0,302.7
avgbs_22030.1.30,Mrg03,47.7,0,302.7
avgbs_cluster_5693.1.54,Mrg03,47.7,0.059143645,302.7
avgbs_cluster_139.1.53,Mrg03,48.1,0.244487155,303.1
avgbs_cluster_32518.1.63,Mrg03,48.1,1.245132879,303.1
avgbs_cluster_32518.1.64,Mrg03,48.1,1.245132879,303.1
avgbs_cluster_36780.1.18,Mrg03,48.1,0.022106033,303.1
avgbs_111545.1.55,Mrg03,50.1,0.887849053,305.1
avgbs_115135.1.9,Mrg03,50.5,0.502105506,305.5
avgbs_117800.1.59,Mrg03,50.5,0.739222293,305.5
avgbs_cluster_4367.1.15,Mrg03,50.5,0.953275388,305.5
avgbs_102016.1.10,Mrg03,50.9,1.0031419,305.9
avgbs_9486.1.40,Mrg03,51.5,1.155913156,306.5
avgbs_cluster_35519.1.12,Mrg03,51.5,1.510380014,306.5
avgbs_cluster_35519.1.51,Mrg03,51.5,1.510380014,306.5
avgbs_cluster_35519.1.64,Mrg03,51.5,1.510380014,306.5
avgbs_77377.1.33,Mrg03,53.4,0.165367903,308.4
avgbs_cluster_40179.1.54,Mrg03,53.4,0,308.4
avgbs_112972.1.28,Mrg03,53.9,0.186749285,308.9
avgbs_116254.1.62,Mrg03,53.9,1.012618388,308.9
avgbs_117003.1.17,Mrg03,53.9,1.741633057,308.9
avgbs_35645.1.26,Mrg03,53.9,1.701511631,308.9
avgbs_54503.1.8,Mrg03,53.9,1.837861768,308.9
avgbs_6277.1.48,Mrg03,53.9,1.48197977,308.9
avgbs_62784.1.46,Mrg03,53.9,0.695700609,308.9
avgbs_cluster_28765.1.55,Mrg03,53.9,0.77726747,308.9
avgbs_cluster_36103.1.56,Mrg03,53.9,2.97745786,308.9
avgbs_cluster_36103.1.58,Mrg03,53.9,2.97745786,308.9
avgbs_59950.1.35,Mrg03,55.5,0,310.5
avgbs_cluster_38112.1.47,Mrg03,55.8,0.003095499,310.8
avgbs_cluster_15186.1.27,Mrg03,56,0.10445022,311
avgbs_6K_86251.1.13,Mrg03,56.1,0.263449089,311.1
avgbs_cluster_2397.1.17,Mrg03,56.2,0.419975592,311.2
avgbs_cluster_2397.1.48,Mrg03,56.2,0.419975592,311.2
avgbs_cluster_27103.1.44,Mrg03,56.2,0.560672091,311.2
avgbs_cluster_6674.1.20,Mrg03,56.2,0.395560276,311.2
avgbs_cluster_743.1.60,Mrg03,56.3,0.031066886,311.3
avgbs_cluster_39519.1.38,Mrg03,56.4,0.63093165,311.4
avgbs_cluster_743.1.10,Mrg03,56.4,0.333691908,311.4
avgbs_214029.1.56,Mrg03,56.9,1.198668824,311.9
avgbs_84974.1.19,Mrg03,56.9,1.254840032,311.9
avgbs_cluster_3251.1.23,Mrg03,56.9,1.098222814,311.9
avgbs_cluster_35284.1.20,Mrg03,56.9,0.348573287,311.9
avgbs_cluster_10198.1.38,Mrg03,58.3,0.242334247,313.3
avgbs_cluster_10198.1.51,Mrg03,58.3,0.242334247,313.3
avgbs_cluster_6674.1.19,Mrg03,58.3,0.010890572,313.3
avgbs_cluster_35284.1.24,Mrg03,58.4,0.044479729,313.4
avgbs_cluster_40619.1.50,Mrg03,61.8,0.647488537,316.8
avgbs_459.1.39,Mrg03,62.4,0.186981129,317.4
avgbs_116510.1.34,Mrg03,62.7,0.108068066,317.7
avgbs_200893.1.61,Mrg03,62.7,0.033099856,317.7
avgbs_cluster_13852.1.49,Mrg03,62.7,0.041159491,317.7
avgbs_58322.1.23,Mrg03,63,1.046149322,318
avgbs_cluster_1181.1.7,Mrg03,63.5,0.595910777,318.5
avgbs_114294.1.13,Mrg03,63.6,0.705725677,318.6
avgbs_69754.1.31,Mrg03,63.6,0.214294795,318.6
avgbs_cluster_26251.1.32,Mrg03,63.6,0.257886681,318.6
avgbs_30996.1.44,Mrg03,63.8,0.017975565,318.8
avgbs_cluster_9272.1.35,Mrg03,63.8,0,318.8
avgbs_cluster_9272.1.44,Mrg03,63.8,0,318.8
avgbs_cluster_16396.1.42,Mrg03,63.9,0.963652783,318.9
avgbs_cluster_16396.1.47,Mrg03,63.9,0.963652783,318.9
avgbs_97069.1.7,Mrg03,64.3,0.195856912,319.3
avgbs_107597.1.31,Mrg03,65,0.13759193,320
avgbs_117009.1.56,Mrg03,65,0.113950119,320
avgbs_66362.1.25,Mrg03,65,0.426159043,320
avgbs_8134.1.18,Mrg03,65,0.54057227,320
avgbs_8155.1.56,Mrg03,65,0.278233927,320
avgbs_cluster_13012.1.24,Mrg03,65,0.072699481,320
avgbs_cluster_13012.1.38,Mrg03,65,0.072699481,320
avgbs_cluster_13012.1.53,Mrg03,65,0.072699481,320
avgbs_cluster_18290.1.16,Mrg03,65,0.034013797,320
avgbs_cluster_22271.1.17,Mrg03,65,0.063970508,320
avgbs_cluster_22271.1.35,Mrg03,65,0.187645327,320
avgbs_cluster_27899.1.60,Mrg03,65,0.213402809,320
avgbs_cluster_27899.1.63,Mrg03,65,0.213402809,320
avgbs_cluster_962.1.6,Mrg03,65,0.67627591,320
avgbs_cluster_35023.1.52,Mrg03,68.1,0.161856866,323.1
avgbs_cluster_3637.1.37,Mrg03,68.7,0.466939586,323.7
avgbs_21354.1.62,Mrg03,68.8,0.357707743,323.8
avgbs_200573.1.52,Mrg03,70.1,0.055727643,325.1
avgbs_77487.1.18,Mrg03,70.1,0.366159835,325.1
avgbs_cluster_19559.1.40,Mrg03,70.1,0,325.1
avgbs_99999.1.55,Mrg03,71.5,0,326.5
avgbs_124680.1.35,Mrg03,72.7,0.536333028,327.7
avgbs_cluster_37542.1.7,Mrg03,72.7,1.536124694,327.7
avgbs_118589.1.26,Mrg03,73.1,0.107710382,328.1
avgbs_121073.1.10,Mrg03,73.1,0,328.1
avgbs_124047.1.25,Mrg03,73.1,0,328.1
avgbs_13835.1.20,Mrg03,73.1,0,328.1
avgbs_20900.1.58,Mrg03,73.1,0,328.1
avgbs_2269.1.6,Mrg03,73.1,0,328.1
avgbs_57321.1.54,Mrg03,73.1,0.110717203,328.1
avgbs_87768.1.52,Mrg03,73.1,0,328.1
avgbs_cluster_1553.1.25,Mrg03,73.1,0.468055137,328.1
avgbs_cluster_18266.1.12,Mrg03,73.1,0,328.1
avgbs_cluster_32785.1.50,Mrg03,73.1,1.069970651,328.1
avgbs_cluster_3324.1.14,Mrg03,73.1,0.077291779,328.1
avgbs_cluster_3324.1.60,Mrg03,73.1,0.077291779,328.1
avgbs_13009.1.64,Mrg03,73.6,0,328.6
avgbs_52714.1.20,Mrg03,73.8,0.286812501,328.8
avgbs_21346.1.21,Mrg03,75.4,1.115324736,330.4
avgbs_116683.1.36,Mrg03,75.8,0.905051629,330.8
avgbs_119403.1.57,Mrg03,75.8,0.138484699,330.8
avgbs_123688.1.20,Mrg03,75.8,1.098154747,330.8
avgbs_14059.1.34,Mrg03,75.8,0.455402501,330.8
avgbs_21789.1.16,Mrg03,75.8,0.002177639,330.8
avgbs_57030.1.13,Mrg03,75.8,0,330.8
avgbs_67543.1.25,Mrg03,75.8,0.229075771,330.8
avgbs_80745.1.29,Mrg03,75.8,0,330.8
avgbs_89539.1.16,Mrg03,75.8,0.205437668,330.8
avgbs_93350.1.45,Mrg03,75.8,0.112188179,330.8
avgbs_cluster_31716.1.30,Mrg03,75.8,0.03995573,330.8
avgbs_cluster_31716.1.41,Mrg03,75.8,0.135841422,330.8
avgbs_cluster_31716.1.61,Mrg03,75.8,0.135841422,330.8
avgbs_cluster_4096.1.21,Mrg03,75.8,0.020465025,330.8
avgbs_11077.1.9,Mrg03,77.8,1.183048705,332.8
avgbs_221314.1.48,Mrg03,77.8,0,332.8
avgbs_80792.1.36,Mrg03,77.8,0.456139237,332.8
avgbs_84568.1.18,Mrg03,77.8,0,332.8
avgbs_86092.1.54,Mrg03,77.8,0.993875708,332.8
avgbs_96111.1.48,Mrg03,77.8,0,332.8
avgbs_cluster_26010.1.55,Mrg03,77.8,0.367658663,332.8
avgbs_cluster_934.1.19,Mrg03,77.8,1.021159976,332.8
avgbs_124331.1.16,Mrg03,80.2,0,335.2
avgbs_114170.1.11,Mrg03,80.3,0,335.3
avgbs_20129.1.6,Mrg03,80.3,0,335.3
avgbs_26010.1.57,Mrg03,80.3,0.419653477,335.3
avgbs_38923.1.64,Mrg03,80.3,0.78745556,335.3
avgbs_6K_102362.1.11,Mrg03,80.3,0.568125712,335.3
avgbs_85023.1.7,Mrg03,80.3,0.199058239,335.3
avgbs_87467.1.16,Mrg03,80.3,1.536124694,335.3
avgbs_cluster_16285.1.45,Mrg03,80.3,0.305821376,335.3
avgbs_cluster_28673.1.59,Mrg03,80.3,0.385737197,335.3
avgbs_cluster_35980.1.55,Mrg03,80.3,0.806439777,335.3
avgbs_cluster_34464.1.20,Mrg03,81.5,0,336.5
avgbs_111455.1.48,Mrg03,82.8,0.535025402,337.8
avgbs_48423.1.64,Mrg03,82.8,0,337.8
avgbs_61658.1.34,Mrg03,82.8,0.275992689,337.8
avgbs_cluster_1084.1.25,Mrg03,82.8,0.273365981,337.8
avgbs_cluster_1084.1.26,Mrg03,82.8,0.273365981,337.8
avgbs_cluster_10863.1.21,Mrg03,82.8,0.139526285,337.8
avgbs_cluster_11942.1.63,Mrg03,82.8,0.713189224,337.8
avgbs_cluster_27057.1.21,Mrg03,82.8,0.603884431,337.8
avgbs_cluster_36998.1.39,Mrg03,82.8,0.359323541,337.8
avgbs_cluster_36998.1.40,Mrg03,82.8,0.359323541,337.8
avgbs_cluster_5304.1.25,Mrg03,82.8,0,337.8
avgbs_cluster_5753.1.39,Mrg03,82.8,0.294347939,337.8
avgbs_cluster_5753.1.44,Mrg03,82.8,0.294347939,337.8
avgbs_19217.1.47,Mrg03,83.8,0,338.8
avgbs_38416.1.10,Mrg03,83.8,0,338.8
avgbs_4760.1.55,Mrg03,83.8,0.623431514,338.8
avgbs_51309.1.23,Mrg03,83.8,0.502060486,338.8
avgbs_6K_30360.1.61,Mrg03,83.8,1.264242804,338.8
avgbs_6K_73993.1.52,Mrg03,83.8,0.231963861,338.8
avgbs_7655.1.24,Mrg03,83.8,0,338.8
avgbs_cluster_8579.1.21,Mrg03,83.8,0,338.8
avgbs_cluster_21417.1.20,Mrg03,90.5,0,345.5
avgbs_15527.1.6,Mrg03,91.1,0,346.1
avgbs_94565.1.32,Mrg03,91.8,0.047196311,346.8
avgbs_cluster_17374.1.53,Mrg03,91.8,0,346.8
avgbs_cluster_31711.1.59,Mrg03,91.8,1.885611631,346.8
avgbs_cluster_5740.1.60,Mrg03,91.8,0.222553639,346.8
avgbs_107340.1.38,Mrg03,101.6,0.348692616,356.6
avgbs_15185.1.51,Mrg03,101.6,0.022014185,356.6
avgbs_15499.1.33,Mrg03,101.6,0.163923689,356.6
avgbs_cluster_11695.1.10,Mrg03,101.6,0.130618811,356.6
avgbs_cluster_2402.1.22,Mrg03,101.6,0,356.6
avgbs_cluster_2402.1.41,Mrg03,101.6,0,356.6
avgbs_cluster_36278.1.24,Mrg03,101.6,0.075652148,356.6
avgbs_117382.1.30,Mrg03,103.3,0.022979946,358.3
avgbs_17503.1.62,Mrg03,103.3,0,358.3
avgbs_60871.1.34,Mrg03,103.3,0.592354505,358.3
avgbs_cluster_11.1.10,Mrg03,103.3,0.068860727,358.3
avgbs_11205.1.29,Mrg03,104.3,0.21491173,359.3
avgbs_43170.1.18,Mrg03,109.8,0,364.8
avgbs_64980.1.54,Mrg03,109.8,0.284734762,364.8
avgbs_cluster_32230.1.12,Mrg03,109.8,0,364.8
avgbs_cluster_32230.1.16,Mrg03,109.8,0,364.8
avgbs_38796.1.30,Mrg03,112.3,0.484650058,367.3
avgbs_cluster_1084.1.58,Mrg03,114.2,0.760645355,369.2
avgbs_115789.1.23,Mrg03,120.1,0,375.1
avgbs_cluster_19385.1.41,Mrg03,120.4,0.167307022,375.4
avgbs_19491.1.63,Mrg03,122.9,0,377.9
avgbs_cluster_17435.1.25,Mrg03,123.5,0.237336544,378.5
avgbs_111522.1.58,Mrg03,124.3,0.257687841,379.3
avgbs_98908.1.31,Mrg03,125,0.079209661,380
avgbs_110277.1.7,Mrg03,128.6,0.245924375,383.6
avgbs_123123.1.28,Mrg03,128.6,0.143845422,383.6
avgbs_cluster_35718.1.16,Mrg03,128.6,0,383.6
avgbs_cluster_35718.1.40,Mrg03,128.6,0,383.6
avgbs_46839.1.60,Mrg03,129.2,0.949947313,384.2
avgbs_107847.1.31,Mrg03,129.9,0.136337001,384.9
avgbs_113023.1.58,Mrg03,129.9,0.249961989,384.9
avgbs_35313.1.40,Mrg03,129.9,0,384.9
avgbs_63439.1.17,Mrg03,129.9,0.216298724,384.9
avgbs_68557.1.46,Mrg03,129.9,0.408199624,384.9
avgbs_cluster_2367.1.16,Mrg03,129.9,0.611654042,384.9
avgbs_cluster_2367.1.30,Mrg03,129.9,0.611654042,384.9
avgbs_cluster_4167.1.6,Mrg03,129.9,0.371758396,384.9
avgbs_cluster_28230.1.24,Mrg03,134.2,0,389.2
avgbs_cluster_28230.1.33,Mrg03,134.2,0,389.2
avgbs_37253.1.40,Mrg03,137.7,0.272610332,392.7
avgbs_cluster_15971.1.28,Mrg03,162,0,417
avgbs_cluster_43025.1.51,Mrg04,3.1,0.381508271,420.1
avgbs_82133.1.8,Mrg04,4.9,0.776825667,421.9
avgbs_cluster_22014.1.39,Mrg04,10.1,0.365212939,427.1
avgbs_cluster_22014.1.50,Mrg04,10.1,0.365212939,427.1
avgbs_cluster_22014.1.60,Mrg04,10.1,0.365212939,427.1
avgbs_cluster_22014.1.63,Mrg04,10.1,0.565545512,427.1
avgbs_cluster_27878.1.10,Mrg04,16.2,0.12530005,433.2
avgbs_cluster_30892.1.32,Mrg04,16.2,0.44272937,433.2
avgbs_117863.1.31,Mrg04,17.5,0.029586158,434.5
avgbs_cluster_1173.1.62,Mrg04,17.5,0.047394331,434.5
avgbs_cluster_1173.1.64,Mrg04,17.5,0.047394331,434.5
avgbs_77024.1.36,Mrg04,17.6,0,434.6
avgbs_84004.1.43,Mrg04,17.6,0.315418127,434.6
avgbs_cluster_23423.1.46,Mrg04,17.6,0,434.6
avgbs_cluster_26544.1.63,Mrg04,17.6,0,434.6
avgbs_cluster_36969.1.31,Mrg04,20.2,0.060084043,437.2
avgbs_cluster_37734.1.19,Mrg04,20.2,0.266238456,437.2
avgbs_cluster_37734.1.50,Mrg04,20.2,0.345669108,437.2
avgbs_cluster_1205.2.17,Mrg04,20.9,0.317337634,437.9
avgbs_cluster_40504.1.32,Mrg04,20.9,0,437.9
avgbs_cluster_36528.1.54,Mrg04,23.8,0.247346722,440.8
avgbs_cluster_9110.1.30,Mrg04,23.8,0,440.8
avgbs_cluster_9110.1.45,Mrg04,23.8,0,440.8
avgbs_cluster_103.1.57,Mrg04,24.6,0.157102146,441.6
avgbs_cluster_35540.1.9,Mrg04,24.6,0,441.6
avgbs_120378.1.14,Mrg04,29.7,0.772459494,446.7
avgbs_209243.1.25,Mrg04,29.7,0.18054884,446.7
avgbs_99988.1.8,Mrg04,29.7,0.089850509,446.7
avgbs_10627.1.18,Mrg04,32.7,0.063041882,449.7
avgbs_cluster_30050.1.10,Mrg04,32.7,1.007994116,449.7
avgbs_cluster_30050.1.28,Mrg04,32.7,1.007994116,449.7
avgbs_cluster_30050.1.57,Mrg04,32.7,0.646790764,449.7
avgbs_cluster_4560.1.63,Mrg04,32.7,0.216789026,449.7
avgbs_cluster_64331.1.60,Mrg04,32.7,0,449.7
avgbs_cluster_26586.2.29,Mrg04,35.5,0.483516883,452.5
avgbs_cluster_26586.2.49,Mrg04,35.5,0.483516883,452.5
avgbs_cluster_27239.1.54,Mrg04,35.5,0,452.5
avgbs_cluster_35267.1.61,Mrg04,36.7,0,453.7
avgbs_cluster_35267.1.8,Mrg04,36.7,0,453.7
avgbs_114541.1.39,Mrg04,37.9,0.040889065,454.9
avgbs_151.1.56,Mrg04,37.9,0.452850864,454.9
avgbs_208382.1.53,Mrg04,37.9,1.29429288,454.9
avgbs_26918.1.60,Mrg04,37.9,0.31110414,454.9
avgbs_6K_3471.1.7,Mrg04,37.9,0,454.9
avgbs_72609.1.29,Mrg04,37.9,0,454.9
avgbs_cluster_1498.1.50,Mrg04,37.9,0.325411245,454.9
avgbs_cluster_21528.1.30,Mrg04,37.9,0.567400581,454.9
avgbs_cluster_21528.1.45,Mrg04,37.9,0.567400581,454.9
avgbs_cluster_21603.1.12,Mrg04,37.9,0.247026964,454.9
avgbs_cluster_2624.1.42,Mrg04,37.9,0.096843593,454.9
avgbs_cluster_2624.1.57,Mrg04,37.9,0.096843593,454.9
avgbs_cluster_2624.1.64,Mrg04,37.9,0.096843593,454.9
avgbs_cluster_31496.1.35,Mrg04,37.9,0.534126063,454.9
avgbs_cluster_32585.1.38,Mrg04,37.9,0.060528786,454.9
avgbs_cluster_32695.1.18,Mrg04,37.9,0.204444248,454.9
avgbs_cluster_48092.1.22,Mrg04,37.9,0.035863388,454.9
avgbs_cluster_48092.1.61,Mrg04,37.9,0.035863388,454.9
avgbs_203907.1.36,Mrg04,38.1,0.026178638,455.1
avgbs_cluster_36864.1.32,Mrg04,38.1,0,455.1
avgbs_27469.1.34,Mrg04,38.7,0,455.7
avgbs_cluster_28453.1.33,Mrg04,39.4,0,456.4
avgbs_cluster_28453.1.46,Mrg04,39.4,0,456.4
avgbs_cluster_11427.1.26,Mrg04,40.1,0.77289047,457.1
avgbs_cluster_11427.1.37,Mrg04,41,0.119900437,458
avgbs_cluster_36887.1.27,Mrg04,41.8,0.303206582,458.8
avgbs_cluster_36887.1.47,Mrg04,41.8,0.303206582,458.8
avgbs_2791.1.10,Mrg04,43.1,0.469428497,460.1
avgbs_cluster_39225.1.13,Mrg04,43.1,0,460.1
avgbs_207966.1.25,Mrg04,43.5,0.719900432,460.5
avgbs_6K_73329.1.8,Mrg04,43.5,0.712494765,460.5
avgbs_cluster_21492.1.8,Mrg04,43.8,0.36657502,460.8
avgbs_cluster_27963.1.23,Mrg04,43.9,0.298866913,460.9
avgbs_cluster_34775.1.61,Mrg04,43.9,0.629832866,460.9
avgbs_11239.1.52,Mrg04,44.7,0.571326948,461.7
avgbs_113786.1.26,Mrg04,44.7,1.324952615,461.7
avgbs_119966.1.32,Mrg04,44.7,0.901877387,461.7
avgbs_121286.1.55,Mrg04,44.7,0.784766841,461.7
avgbs_123116.1.38,Mrg04,44.7,0.227812723,461.7
avgbs_125333.1.37,Mrg04,44.7,0.387231881,461.7
avgbs_1274.1.48,Mrg04,44.7,1.119433905,461.7
avgbs_16820.1.44,Mrg04,44.7,1.619929791,461.7
avgbs_18009.1.57,Mrg04,44.7,0.316181995,461.7
avgbs_201898.1.40,Mrg04,44.7,0.997347352,461.7
avgbs_49577.1.30,Mrg04,44.7,0.54551714,461.7
avgbs_53297.1.51,Mrg04,44.7,0.291811875,461.7
avgbs_56365.1.22,Mrg04,44.7,1.027898566,461.7
avgbs_6599.1.57,Mrg04,44.7,0.270757658,461.7
avgbs_6K_84842.1.62,Mrg04,44.7,0.012459242,461.7
avgbs_74452.1.40,Mrg04,44.7,0.649613304,461.7
avgbs_83434.1.15,Mrg04,44.7,0.084555794,461.7
avgbs_9910.1.41,Mrg04,44.7,0.648358412,461.7
avgbs_cluster_180.1.52,Mrg04,44.7,0.126056733,461.7
avgbs_cluster_21819.1.34,Mrg04,44.7,0.306826205,461.7
avgbs_cluster_21819.1.48,Mrg04,44.7,0.306826205,461.7
avgbs_cluster_23838.1.14,Mrg04,44.7,0.624814758,461.7
avgbs_cluster_26452.1.60,Mrg04,44.7,0.368176613,461.7
avgbs_cluster_28904.1.20,Mrg04,44.7,0.092400086,461.7
avgbs_cluster_39397.1.54,Mrg04,44.7,0.837367011,461.7
avgbs_cluster_39825.1.40,Mrg04,44.7,0,461.7
avgbs_cluster_39825.1.44,Mrg04,44.7,0.204889644,461.7
avgbs_cluster_40111.1.48,Mrg04,44.7,0.997570213,461.7
avgbs_cluster_6307.1.32,Mrg04,44.7,0.230478782,461.7
avgbs_cluster_137.1.52,Mrg04,45.6,0.597665305,462.6
avgbs_cluster_17062.1.59,Mrg04,45.6,0.610789909,462.6
avgbs_cluster_937.1.23,Mrg04,45.9,0.18403361,462.9
avgbs_cluster_28191.1.25,Mrg04,48.2,1.330330228,465.2
avgbs_cluster_28191.1.49,Mrg04,48.2,0.767187224,465.2
avgbs_cluster_9107.1.39,Mrg04,48.8,0.072430179,465.8
avgbs_120830.1.50,Mrg04,49.2,0.991824073,466.2
avgbs_123320.1.54,Mrg04,50,0.57193408,467
avgbs_cluster_28978.1.13,Mrg04,50.3,0.115940454,467.3
avgbs_117650.1.49,Mrg04,51,0.397719476,468
avgbs_97755.1.14,Mrg04,51.7,0.832927702,468.7
avgbs_cluster_3866.1.21,Mrg04,51.7,0.18816578,468.7
avgbs_cluster_3866.1.26,Mrg04,51.7,0.18816578,468.7
avgbs_cluster_3866.1.45,Mrg04,51.7,0.18816578,468.7
avgbs_73830.1.9,Mrg04,54.9,0.030676,471.9
avgbs_cluster_12940.1.19,Mrg04,54.9,0.100127897,471.9
avgbs_cluster_12940.1.57,Mrg04,54.9,0.634704203,471.9
avgbs_cluster_30657.1.25,Mrg04,55.1,0.226481055,472.1
avgbs_113838.1.48,Mrg04,55.8,0.557040283,472.8
avgbs_cluster_33421.1.16,Mrg04,57.5,0.006702374,474.5
avgbs_19279.1.11,Mrg04,60.3,0.177676531,477.3
avgbs_436.1.34,Mrg04,60.3,0.364361016,477.3
avgbs_84537.1.38,Mrg05,6.5,0,483.8
avgbs_110890.1.62,Mrg05,8.8,0.032826795,486.1
avgbs_116613.1.10,Mrg05,9.7,0.477022845,487
avgbs_120698.1.15,Mrg05,10.6,1.015463411,487.9
avgbs_206474.1.47,Mrg05,18.4,0.110286374,495.7
avgbs_8290.1.64,Mrg05,22.1,0.049871348,499.4
avgbs_16036.1.38,Mrg05,26.8,0.615651586,504.1
avgbs_cluster_143.1.61,Mrg05,27.1,0.048095898,504.4
avgbs_104621.1.63,Mrg05,27.4,0.413487684,504.7
avgbs_65776.1.41,Mrg05,27.4,0.429638359,504.7
avgbs_cluster_26064.1.15,Mrg05,27.4,0.294417821,504.7
avgbs_cluster_35516.1.15,Mrg05,27.4,0.319229978,504.7
avgbs_cluster_35516.1.29,Mrg05,27.4,0.319229978,504.7
avgbs_cluster_35516.1.48,Mrg05,27.4,0.319229978,504.7
avgbs_cluster_2530.1.25,Mrg05,29.8,0.363946661,507.1
avgbs_cluster_2530.1.42,Mrg05,29.8,0.363946661,507.1
avgbs_cluster_2530.1.7,Mrg05,29.8,0.363946661,507.1
avgbs_902.1.34,Mrg05,33.2,0.117216565,510.5
avgbs_cluster_3772.1.18,Mrg05,40.3,0.136861472,517.6
avgbs_107992.1.37,Mrg05,41.5,0.607919906,518.8
avgbs_122525.1.18,Mrg05,41.6,2.425855876,518.9
avgbs_cluster_21169.1.40,Mrg05,42,2.206379471,519.3
avgbs_109986.1.23,Mrg05,42.9,0.553519188,520.2
avgbs_118461.1.53,Mrg05,44.2,0.783528132,521.5
avgbs_9184.1.7,Mrg05,44.2,2.149896602,521.5
avgbs_202118.1.40,Mrg05,45.3,0.281823145,522.6
avgbs_106021.1.48,Mrg05,48.2,1.101814458,525.5
avgbs_99653.1.51,Mrg05,48.2,2.351627718,525.5
avgbs_103284.1.60,Mrg05,50.5,0.239911412,527.8
avgbs_11326.1.18,Mrg05,50.5,2.53584308,527.8
avgbs_30620.1.12,Mrg05,50.5,0.142387167,527.8
avgbs_41292.1.6,Mrg05,50.5,2.491388377,527.8
avgbs_cluster_35067.1.19,Mrg05,50.5,0.267273006,527.8
avgbs_205661.1.33,Mrg05,54.4,0.178222449,531.7
avgbs_103822.1.30,Mrg05,56.5,0.380571685,533.8
avgbs_110804.1.56,Mrg05,56.5,0,533.8
avgbs_118117.1.64,Mrg05,56.5,0.350920937,533.8
avgbs_121103.1.57,Mrg05,56.5,0,533.8
avgbs_22753.1.11,Mrg05,56.5,0.959131648,533.8
avgbs_31444.1.20,Mrg05,56.5,0.345935942,533.8
avgbs_46840.1.22,Mrg05,56.5,0.428374127,533.8
avgbs_57657.1.62,Mrg05,56.5,2.259972904,533.8
avgbs_62521.1.21,Mrg05,56.5,0.781793144,533.8
avgbs_6788.1.53,Mrg05,56.5,0.256815498,533.8
avgbs_71273.1.24,Mrg05,56.5,0.445026127,533.8
avgbs_79488.1.27,Mrg05,56.5,0.093824963,533.8
avgbs_92856.1.33,Mrg05,56.5,0.439182295,533.8
avgbs_99000.1.42,Mrg05,56.5,0.492562582,533.8
avgbs_cluster_12562.1.16,Mrg05,56.5,0.216236466,533.8
avgbs_cluster_12737.1.24,Mrg05,56.5,0.966166724,533.8
avgbs_cluster_29483.1.46,Mrg05,56.5,0.102466728,533.8
avgbs_cluster_30631.1.8,Mrg05,56.5,0.423453162,533.8
avgbs_cluster_32768.1.24,Mrg05,56.5,0.341221618,533.8
avgbs_cluster_34510.1.33,Mrg05,56.5,0,533.8
avgbs_cluster_34510.1.54,Mrg05,56.5,0,533.8
avgbs_cluster_34510.1.57,Mrg05,56.5,0,533.8
avgbs_cluster_34806.1.53,Mrg05,56.5,0.28179508,533.8
avgbs_cluster_37065.1.59,Mrg05,56.5,0,533.8
avgbs_cluster_41054.1.35,Mrg05,56.5,0,533.8
avgbs_cluster_41054.1.41,Mrg05,56.5,0.056351847,533.8
avgbs_cluster_6179.1.50,Mrg05,56.5,0,533.8
avgbs_cluster_6307.2.16,Mrg05,56.5,0.503926123,533.8
avgbs_cluster_8612.1.13,Mrg05,56.5,0.113193787,533.8
avgbs_cluster_34449.1.33,Mrg05,56.9,0.17500827,534.2
avgbs_cluster_34449.1.9,Mrg05,56.9,0.17500827,534.2
avgbs_123933.1.12,Mrg05,57.2,0,534.5
avgbs_cluster_31756.1.52,Mrg05,57.2,0.249229494,534.5
avgbs_cluster_31756.1.53,Mrg05,57.2,0.249229494,534.5
avgbs_116906.1.55,Mrg05,57.3,0.09446729,534.6
avgbs_200517.1.62,Mrg05,57.3,0.197602547,534.6
avgbs_81958.1.26,Mrg05,57.3,0.480341276,534.6
avgbs_cluster_49655.1.33,Mrg05,57.3,0,534.6
avgbs_cluster_49655.1.60,Mrg05,57.3,0,534.6
avgbs_cluster_5785.1.48,Mrg05,57.3,0.367642619,534.6
avgbs_cluster_8924.1.7,Mrg05,57.3,0,534.6
avgbs_31655.1.8,Mrg05,57.5,0.222658516,534.8
avgbs_cluster_24507.1.49,Mrg05,57.6,0,534.9
avgbs_29381.1.60,Mrg05,57.8,0.333265058,535.1
avgbs_42118.1.64,Mrg05,57.8,0,535.1
avgbs_53492.1.28,Mrg05,57.8,0.309443567,535.1
avgbs_cluster_35027.1.39,Mrg05,57.8,0.133364446,535.1
avgbs_cluster_35392.1.24,Mrg05,57.8,0,535.1
avgbs_1307.1.49,Mrg05,57.9,0.557454239,535.2
avgbs_3471.1.38,Mrg05,57.9,0,535.2
avgbs_cluster_40904.1.50,Mrg05,57.9,0.324538433,535.2
avgbs_cluster_5088.1.33,Mrg05,57.9,0.284549339,535.2
avgbs_86933.1.32,Mrg05,58,0,535.3
avgbs_95067.1.38,Mrg05,58.6,0.27839585,535.9
avgbs_17457.1.10,Mrg05,58.7,0.268417349,536
avgbs_57658.1.26,Mrg05,58.7,2.412644398,536
avgbs_cluster_38614.1.34,Mrg05,58.7,0.149616561,536
avgbs_cluster_23995.1.58,Mrg05,58.9,0.815545326,536.2
avgbs_cluster_16303.1.28,Mrg05,59,1.761319521,536.3
avgbs_43145.1.38,Mrg05,60,0.410085273,537.3
avgbs_6445.1.10,Mrg05,80.2,0.561258996,557.5
avgbs_77316.1.25,Mrg05,80.8,0.02024533,558.1
avgbs_cluster_23077.1.11,Mrg05,80.8,0,558.1
avgbs_cluster_23077.1.29,Mrg05,80.8,0,558.1
avgbs_cluster_23077.1.55,Mrg05,80.8,0,558.1
avgbs_cluster_2630.1.31,Mrg05,80.8,0.727407048,558.1
avgbs_cluster_14164.1.15,Mrg05,80.9,0.214774716,558.2
avgbs_cluster_14164.1.16,Mrg05,80.9,0.214774716,558.2
avgbs_cluster_14164.1.17,Mrg05,80.9,0.214774716,558.2
avgbs_13657.1.28,Mrg05,81.4,0,558.7
avgbs_cluster_26586.1.29,Mrg05,81.6,1.857015053,558.9
avgbs_71012.1.39,Mrg05,81.7,1.890885889,559
avgbs_cluster_38058.1.18,Mrg05,81.8,0.598382065,559.1
avgbs_cluster_38058.1.29,Mrg05,81.8,0.598382065,559.1
avgbs_cluster_32914.1.40,Mrg05,81.9,0.638691454,559.2
avgbs_cluster_32914.1.44,Mrg05,81.9,0.638691454,559.2
avgbs_cluster_32914.1.9,Mrg05,81.9,0.638691454,559.2
avgbs_cluster_35392.1.30,Mrg05,81.9,0.298303368,559.2
avgbs_10882.1.36,Mrg05,82,0.608387538,559.3
avgbs_cluster_37638.1.15,Mrg05,82,0,559.3
avgbs_cluster_37638.1.42,Mrg05,82,0,559.3
avgbs_21425.1.39,Mrg05,82.1,0.787037846,559.4
avgbs_28205.1.63,Mrg05,82.1,0.8574981,559.4
avgbs_cluster_5116.1.31,Mrg05,82.1,0.971049453,559.4
avgbs_cluster_5116.1.54,Mrg05,82.1,0.971049453,559.4
avgbs_cluster_6930.1.26,Mrg05,82.4,1.268257245,559.7
avgbs_105825.1.49,Mrg05,83.2,0.434452016,560.5
avgbs_106725.1.40,Mrg05,83.2,0.354142428,560.5
avgbs_124223.1.18,Mrg05,83.2,0,560.5
avgbs_cluster_17542.1.31,Mrg05,83.2,0.563629127,560.5
avgbs_cluster_17542.1.57,Mrg05,83.2,0.563629127,560.5
avgbs_cluster_26713.2.36,Mrg05,83.2,0.601661057,560.5
avgbs_cluster_26713.2.39,Mrg05,83.2,0.601661057,560.5
avgbs_57012.1.30,Mrg05,89.4,0.266061166,566.7
avgbs_61719.1.6,Mrg05,89.4,0.177873732,566.7
avgbs_15507.1.24,Mrg05,92.1,0,569.4
avgbs_cluster_16376.1.47,Mrg05,92.1,0.01820066,569.4
avgbs_111779.1.23,Mrg05,92.9,0.970829545,570.2
avgbs_16946.1.36,Mrg05,93,0.147931853,570.3
avgbs_cluster_18293.1.60,Mrg05,93,0.044119914,570.3
avgbs_cluster_18293.1.62,Mrg05,93,0.044119914,570.3
avgbs_cluster_34717.1.27,Mrg05,93,0.164232816,570.3
avgbs_cluster_34717.1.60,Mrg05,93,0.164232816,570.3
avgbs_cluster_6015.1.27,Mrg05,93,0.346935024,570.3
avgbs_cluster_6015.1.49,Mrg05,93,0.346935024,570.3
avgbs_cluster_62809.1.62,Mrg05,96.7,0,574
avgbs_cluster_62809.1.63,Mrg05,96.7,0,574
avgbs_cluster_62809.1.64,Mrg05,96.7,0,574
avgbs_92861.1.54,Mrg05,97.9,0.542815021,575.2
avgbs_106376.1.44,Mrg05,98.3,0,575.6
avgbs_200537.1.21,Mrg05,98.7,0,576
avgbs_77095.1.28,Mrg05,98.7,0,576
avgbs_cluster_17089.1.10,Mrg05,98.7,0,576
avgbs_cluster_17089.1.32,Mrg05,98.7,0,576
avgbs_cluster_17089.1.6,Mrg05,98.7,0,576
avgbs_cluster_37607.1.30,Mrg05,98.7,0.500524476,576
avgbs_cluster_37607.1.7,Mrg05,98.7,0.500524476,576
avgbs_cluster_37607.1.8,Mrg05,98.7,0.500524476,576
avgbs_cluster_39834.1.21,Mrg05,98.7,0.036856095,576
avgbs_cluster_39834.1.46,Mrg05,98.7,0.036856095,576
avgbs_333.1.42,Mrg05,100.4,0.261748209,577.7
avgbs_cluster_51774.1.33,Mrg05,100.6,0.572067157,577.9
avgbs_cluster_51774.1.35,Mrg05,100.6,0.572067157,577.9
avgbs_cluster_40850.1.31,Mrg05,101.7,0.59887503,579
avgbs_cluster_40850.1.62,Mrg05,101.7,0.59887503,579
avgbs_13556.1.15,Mrg05,103.9,0.426404694,581.2
avgbs_38257.1.26,Mrg05,105.7,0.167757047,583
avgbs_38797.1.31,Mrg05,105.7,0,583
avgbs_36113.1.48,Mrg05,109.5,0.506563778,586.8
avgbs_73115.1.35,Mrg05,109.5,0.904579289,586.8
avgbs_cluster_2049.1.7,Mrg05,109.5,0.100780998,586.8
avgbs_cluster_26986.1.15,Mrg05,109.5,0.280285541,586.8
avgbs_cluster_26986.1.57,Mrg05,109.5,0.280285541,586.8
avgbs_cluster_27878.2.9,Mrg05,109.5,0.432304001,586.8
avgbs_120706.1.24,Mrg05,109.7,0.347341976,587
avgbs_42267.1.26,Mrg05,110.1,0.135233385,587.4
avgbs_cluster_28534.1.10,Mrg05,110.1,0.072050594,587.4
avgbs_cluster_28534.1.46,Mrg05,110.1,0.072050594,587.4
avgbs_cluster_28534.1.8,Mrg05,110.1,0.072050594,587.4
avgbs_cluster_27231.1.63,Mrg05,111.3,0.649834787,588.6
avgbs_cluster_42166.1.49,Mrg05,111.3,0,588.6
avgbs_104350.1.27,Mrg05,111.6,0.699132265,588.9
avgbs_cluster_35965.1.53,Mrg05,112.3,0.016857023,589.6
avgbs_cluster_18399.1.16,Mrg05,112.4,0.057629456,589.7
avgbs_cluster_18399.1.63,Mrg05,112.4,0.134951841,589.7
avgbs_cluster_25204.1.58,Mrg05,113.6,0.195157264,590.9
avgbs_cluster_40705.1.23,Mrg05,114.1,0.412959804,591.4
avgbs_cluster_40705.1.29,Mrg05,114.1,0.412959804,591.4
avgbs_109116.1.47,Mrg05,114.7,0.123738085,592
avgbs_112355.1.13,Mrg05,114.7,0.723660156,592
avgbs_124110.1.36,Mrg05,114.7,0.462829913,592
avgbs_2008.1.34,Mrg05,114.7,0.462829913,592
avgbs_32277.1.45,Mrg05,114.7,0.753024713,592
avgbs_4441.1.58,Mrg05,114.7,0.254759452,592
avgbs_cluster_4877.1.43,Mrg05,114.7,0.642811614,592
avgbs_cluster_9561.1.17,Mrg05,114.7,0.161197662,592
avgbs_125210.1.59,Mrg05,125.1,0.813433518,602.4
avgbs_3983.1.41,Mrg05,125.1,0.31425737,602.4
avgbs_cluster_27516.1.8,Mrg05,125.1,0.782509908,602.4
avgbs_cluster_5816.1.23,Mrg05,125.1,0.635036807,602.4
avgbs_cluster_5816.1.41,Mrg05,125.1,0.635036807,602.4
avgbs_cluster_5816.1.43,Mrg05,125.1,0.635036807,602.4
avgbs_108120.1.54,Mrg05,127.5,0.083994942,604.8
avgbs_87332.1.29,Mrg05,127.5,0.162915087,604.8
avgbs_10569.1.14,Mrg05,130.9,0.591262053,608.2
avgbs_122697.1.55,Mrg05,130.9,0.838007554,608.2
avgbs_124462.1.54,Mrg05,130.9,0.798689409,608.2
avgbs_cluster_23391.1.46,Mrg05,130.9,0.231671996,608.2
avgbs_cluster_27787.1.18,Mrg05,130.9,0,608.2
avgbs_cluster_65411.1.30,Mrg05,130.9,0.198768715,608.2
avgbs_cluster_65411.1.38,Mrg05,130.9,0.198768715,608.2
avgbs_cluster_65411.1.49,Mrg05,130.9,0.198768715,608.2
avgbs_cluster_65411.1.54,Mrg05,130.9,0.198768715,608.2
avgbs_cluster_65411.1.7,Mrg05,130.9,0.198768715,608.2
avgbs_cluster_658.1.46,Mrg05,130.9,1.367644981,608.2
avgbs_cluster_658.1.47,Mrg05,130.9,1.367644981,608.2
avgbs_cluster_25933.1.16,Mrg05,131.1,0.663731912,608.4
avgbs_13142.1.54,Mrg05,135.5,1.326713728,612.8
avgbs_28217.1.33,Mrg05,135.5,0,612.8
avgbs_97451.1.11,Mrg05,135.5,0,612.8
avgbs_cluster_35251.1.7,Mrg05,135.5,1.700448698,612.8
avgbs_cluster_37164.1.35,Mrg05,135.5,2.299946234,612.8
avgbs_cluster_37164.1.39,Mrg05,135.5,2.299946234,612.8
avgbs_cluster_37164.1.40,Mrg05,135.5,2.299946234,612.8
avgbs_cluster_38268.1.55,Mrg05,135.5,0.958625805,612.8
avgbs_cluster_38268.1.57,Mrg05,135.5,0,612.8
avgbs_cluster_38845.1.14,Mrg05,135.5,0.186066293,612.8
avgbs_cluster_6121.1.45,Mrg05,135.5,1.86081072,612.8
avgbs_cluster_62.1.60,Mrg05,135.5,0.790395298,612.8
avgbs_cluster_7079.1.12,Mrg05,135.5,0.055643903,612.8
avgbs_cluster_7079.1.24,Mrg05,135.5,0.055643903,612.8
avgbs_cluster_16666.1.21,Mrg05,147.6,0,624.9
avgbs_cluster_16666.1.22,Mrg05,147.6,0,624.9
avgbs_cluster_16666.1.6,Mrg05,147.6,0,624.9
avgbs_cluster_41272.1.16,Mrg05,147.6,0,624.9
avgbs_cluster_32525.1.33,Mrg06,-1.9,0.292678252,623
avgbs_21383.1.51,Mrg06,0,0.090158268,624.9
avgbs_80876.1.31,Mrg06,0,0.133942369,624.9
avgbs_81828.1.19,Mrg06,0,0,624.9
avgbs_23968.1.42,Mrg06,14.5,0.314454803,639.4
avgbs_90115.1.34,Mrg06,14.5,0.910279348,639.4
avgbs_cluster_40088.1.36,Mrg06,15.5,0.244826012,640.4
avgbs_100573.1.40,Mrg06,18.8,0,643.7
avgbs_11862.1.18,Mrg06,18.8,0.067774711,643.7
avgbs_29614.1.47,Mrg06,18.8,0,643.7
avgbs_cluster_3660.1.52,Mrg06,18.8,0,643.7
avgbs_cluster_6222.1.33,Mrg06,18.8,0,643.7
avgbs_48816.1.39,Mrg06,20.7,0.292306845,645.6
avgbs_20312.1.29,Mrg06,21.9,0.032822361,646.8
avgbs_10401.1.62,Mrg06,25.2,0.027956745,650.1
avgbs_32854.1.25,Mrg06,25.2,0.21436337,650.1
avgbs_49496.1.45,Mrg06,25.2,0.037329901,650.1
avgbs_83045.1.61,Mrg06,25.2,0.037329901,650.1
avgbs_85652.1.26,Mrg06,25.2,0.196412524,650.1
avgbs_cluster_33847.1.17,Mrg06,25.8,0.345106855,650.7
avgbs_29732.1.59,Mrg06,26.6,0.444070819,651.5
avgbs_cluster_26660.1.40,Mrg06,26.6,0.477468623,651.5
avgbs_31464.1.47,Mrg06,27.5,0.404478458,652.4
avgbs_7331.1.58,Mrg06,27.5,0.711713262,652.4
avgbs_10060.1.36,Mrg06,28.1,0.579057432,653
avgbs_40129.1.63,Mrg06,28.1,0.025357983,653
avgbs_cluster_22798.1.55,Mrg06,28.1,0.47003341,653
avgbs_cluster_34282.1.54,Mrg06,28.6,0.384807099,653.5
avgbs_11934.1.9,Mrg06,29.1,0.333681579,654
avgbs_60509.1.36,Mrg06,29.1,0.520856983,654
avgbs_cluster_106.1.52,Mrg06,29.1,1.75387934,654
avgbs_cluster_17769.1.34,Mrg06,29.1,0.671103021,654
avgbs_cluster_2646.1.8,Mrg06,29.1,0.327710661,654
avgbs_119264.1.37,Mrg06,29.7,0.004932461,654.6
avgbs_53963.1.64,Mrg06,29.7,0.178965544,654.6
avgbs_76243.1.49,Mrg06,29.7,0.163920651,654.6
avgbs_125443.1.35,Mrg06,29.9,0.307014222,654.8
avgbs_106057.1.19,Mrg06,33.7,0.812117743,658.6
avgbs_cluster_25236.1.37,Mrg06,35.4,1.070494762,660.3
avgbs_cluster_25236.1.38,Mrg06,35.4,1.070494762,660.3
avgbs_cluster_31895.1.64,Mrg06,35.4,0.941588333,660.3
avgbs_120362.1.37,Mrg06,37.4,0.755565526,662.3
avgbs_cluster_11500.1.55,Mrg06,37.4,0.479223505,662.3
avgbs_cluster_20744.1.53,Mrg06,37.4,0.288844246,662.3
avgbs_cluster_6600.1.27,Mrg06,37.4,0.545967723,662.3
avgbs_cluster_6600.1.6,Mrg06,37.4,0.545967723,662.3
avgbs_114122.1.54,Mrg06,38,0.314265286,662.9
avgbs_187.1.18,Mrg06,38,0.375616094,662.9
avgbs_213138.1.61,Mrg06,38,0.467205045,662.9
avgbs_40526.1.18,Mrg06,38,0.144032501,662.9
avgbs_42773.1.64,Mrg06,38,0.878112538,662.9
avgbs_6126.1.55,Mrg06,38,0.422742639,662.9
avgbs_80265.1.22,Mrg06,38,0.948739109,662.9
avgbs_cluster_15437.1.64,Mrg06,38,0.640148644,662.9
avgbs_cluster_15437.1.8,Mrg06,38,0.640148644,662.9
avgbs_cluster_15437.1.9,Mrg06,38,0.640148644,662.9
avgbs_cluster_18799.1.47,Mrg06,38,0.163920651,662.9
avgbs_cluster_21091.1.61,Mrg06,38,0.58695393,662.9
avgbs_cluster_25151.1.21,Mrg06,38,0.163136172,662.9
avgbs_cluster_25151.1.36,Mrg06,38,0.163136172,662.9
avgbs_cluster_25151.1.54,Mrg06,38,0.163136172,662.9
avgbs_cluster_26336.1.28,Mrg06,38,0.490844418,662.9
avgbs_cluster_26968.1.25,Mrg06,38,0.245956125,662.9
avgbs_cluster_26968.1.9,Mrg06,38,0.245956125,662.9
avgbs_cluster_7443.1.16,Mrg06,38,1.222405316,662.9
avgbs_cluster_7443.1.32,Mrg06,38,1.222405316,662.9
avgbs_cluster_7443.1.58,Mrg06,38,0.792596116,662.9
avgbs_91986.1.19,Mrg06,41.8,0.53971264,666.7
avgbs_cluster_3171.1.40,Mrg06,41.8,0,666.7
avgbs_87709.1.19,Mrg06,44.5,0.792496011,669.4
avgbs_cluster_12523.1.48,Mrg06,44.5,0.874340265,669.4
avgbs_cluster_12523.1.7,Mrg06,44.5,0.874340265,669.4
avgbs_11942.1.42,Mrg06,45.2,0.335924786,670.1
avgbs_220721.1.58,Mrg06,45.2,0.842877648,670.1
avgbs_49862.1.46,Mrg06,45.2,0.311981239,670.1
avgbs_cluster_2702.1.51,Mrg06,45.2,0.081384812,670.1
avgbs_cluster_40531.1.11,Mrg06,45.2,1.056396955,670.1
avgbs_cluster_40531.1.47,Mrg06,45.2,1.056396955,670.1
avgbs_cluster_19365.1.61,Mrg06,49.3,0.456079747,674.2
avgbs_cluster_19365.1.64,Mrg06,49.3,0.456079747,674.2
avgbs_109028.1.16,Mrg06,51.3,0.178217938,676.2
avgbs_cluster_4093.1.11,Mrg06,51.3,0.255942021,676.2
avgbs_cluster_4093.1.28,Mrg06,51.3,0.255942021,676.2
avgbs_77147.1.52,Mrg06,51.5,0.620260517,676.4
avgbs_cluster_24743.1.13,Mrg06,51.5,0.410378108,676.4
avgbs_cluster_29838.1.26,Mrg06,51.6,0.7058947,676.5
avgbs_cluster_29838.1.61,Mrg06,51.6,0.7058947,676.5
avgbs_12160.1.39,Mrg06,51.7,0,676.6
avgbs_97286.1.30,Mrg06,51.7,0.625108479,676.6
avgbs_cluster_13763.1.6,Mrg06,51.7,0.062234071,676.6
avgbs_cluster_37739.1.37,Mrg06,51.7,0.037120777,676.6
avgbs_cluster_39334.1.47,Mrg06,51.7,0.061030729,676.6
avgbs_cluster_39334.1.64,Mrg06,51.7,0.061030729,676.6
avgbs_cluster_40809.1.50,Mrg06,51.7,0.198981243,676.6
avgbs_cluster_4786.1.6,Mrg06,51.7,0.027495988,676.6
avgbs_cluster_52666.1.49,Mrg06,51.7,0.453665528,676.6
avgbs_cluster_52666.1.57,Mrg06,51.7,0.453665528,676.6
avgbs_cluster_6837.1.12,Mrg06,51.7,0.223505322,676.6
avgbs_cluster_6837.1.21,Mrg06,51.7,0.223505322,676.6
avgbs_89481.1.11,Mrg06,53.7,0.314497827,678.6
avgbs_110253.1.61,Mrg06,53.8,0.102298552,678.7
avgbs_112603.1.61,Mrg06,54.4,0.213518064,679.3
avgbs_cluster_10406.1.43,Mrg06,55.6,0.869066715,680.5
avgbs_cluster_31665.1.34,Mrg06,55.6,0,680.5
avgbs_84933.1.7,Mrg06,56.1,0.032924464,681
avgbs_cluster_28343.1.50,Mrg06,56.8,0.151480427,681.7
avgbs_cluster_1898.1.11,Mrg06,56.9,0.11255232,681.8
avgbs_cluster_1898.1.26,Mrg06,56.9,0.189648585,681.8
avgbs_cluster_811.1.57,Mrg06,56.9,0.24480468,681.8
avgbs_108756.1.43,Mrg06,57.2,0.175632934,682.1
avgbs_cluster_32570.1.17,Mrg06,57.2,0.192862951,682.1
avgbs_cluster_32570.1.18,Mrg06,57.2,0.192862951,682.1
avgbs_cluster_32570.1.45,Mrg06,57.2,0.192862951,682.1
avgbs_cluster_38514.1.37,Mrg06,57.2,0.153763171,682.1
avgbs_cluster_38514.1.39,Mrg06,57.2,0.153763171,682.1
avgbs_cluster_38514.1.61,Mrg06,57.2,0.153763171,682.1
avgbs_51332.1.26,Mrg06,57.3,0.158591437,682.2
avgbs_cluster_41229.1.63,Mrg06,57.6,0.388586594,682.5
avgbs_97950.1.9,Mrg06,57.7,0.23126496,682.6
avgbs_cluster_47351.1.18,Mrg06,61.9,0.184033325,686.8
avgbs_cluster_47351.1.58,Mrg06,61.9,0.184033325,686.8
avgbs_124507.1.27,Mrg06,63.2,0.604762173,688.1
avgbs_cluster_13524.1.43,Mrg06,63.2,0.095035799,688.1
avgbs_cluster_18042.1.25,Mrg06,63.2,0,688.1
avgbs_cluster_4786.1.9,Mrg06,63.2,0.605396098,688.1
avgbs_cluster_75.1.57,Mrg06,63.2,0.040387151,688.1
avgbs_65838.1.51,Mrg06,64.7,0.246086745,689.6
avgbs_124310.1.45,Mrg06,65,0.236421394,689.9
avgbs_7853.1.35,Mrg06,65.3,0.260367004,690.2
avgbs_cluster_37167.1.30,Mrg06,66.1,0,691
avgbs_cluster_37167.1.38,Mrg06,66.1,0,691
avgbs_115137.1.54,Mrg06,67.6,0.681670702,692.5
avgbs_14969.1.14,Mrg06,67.6,0.129854117,692.5
avgbs_29639.1.49,Mrg06,67.6,0.07808693,692.5
avgbs_45588.1.45,Mrg06,67.6,0.041699355,692.5
avgbs_75484.1.31,Mrg06,67.6,0.071277849,692.5
avgbs_76941.1.62,Mrg06,67.6,0.196470988,692.5
avgbs_821.1.30,Mrg06,67.6,0,692.5
avgbs_94911.1.20,Mrg06,67.6,0.217375441,692.5
avgbs_cluster_1208.1.26,Mrg06,67.6,0,692.5
avgbs_cluster_12144.1.19,Mrg06,67.6,0.143084579,692.5
avgbs_cluster_12564.1.10,Mrg06,67.6,0.187245671,692.5
avgbs_cluster_12564.1.17,Mrg06,67.6,0.187245671,692.5
avgbs_cluster_12564.1.46,Mrg06,67.6,0.187245671,692.5
avgbs_cluster_1352.1.11,Mrg06,67.6,0.182528907,692.5
avgbs_cluster_1352.1.38,Mrg06,67.6,0.182528907,692.5
avgbs_cluster_1352.1.41,Mrg06,67.6,0.182528907,692.5
avgbs_cluster_17018.1.22,Mrg06,67.6,0.459841603,692.5
avgbs_cluster_17018.1.64,Mrg06,67.6,0.382738064,692.5
avgbs_cluster_1767.1.28,Mrg06,67.6,0.129854117,692.5
avgbs_cluster_1767.1.49,Mrg06,67.6,0.129854117,692.5
avgbs_cluster_17884.1.12,Mrg06,67.6,0.129854117,692.5
avgbs_cluster_17884.1.38,Mrg06,67.6,0.129854117,692.5
avgbs_cluster_20819.1.57,Mrg06,67.6,0.334493024,692.5
avgbs_cluster_20819.1.62,Mrg06,67.6,0.334493024,692.5
avgbs_cluster_26180.1.42,Mrg06,67.6,0.027214954,692.5
avgbs_cluster_26180.1.45,Mrg06,67.6,0.027214954,692.5
avgbs_cluster_31007.1.12,Mrg06,67.6,0.032404781,692.5
avgbs_cluster_31007.1.13,Mrg06,67.6,0.032404781,692.5
avgbs_cluster_31007.1.35,Mrg06,67.6,0.032404781,692.5
avgbs_cluster_3184.1.39,Mrg06,67.6,0.384900538,692.5
avgbs_cluster_3184.1.40,Mrg06,67.6,0.384900538,692.5
avgbs_cluster_3365.1.56,Mrg06,67.6,1.012698958,692.5
avgbs_cluster_3365.1.59,Mrg06,67.6,1.012698958,692.5
avgbs_cluster_36125.1.44,Mrg06,67.6,0.129854117,692.5
avgbs_cluster_36780.2.16,Mrg06,67.6,0,692.5
avgbs_cluster_40215.1.28,Mrg06,67.6,0.260200864,692.5
avgbs_cluster_4292.1.29,Mrg06,67.6,0,692.5
avgbs_cluster_4292.1.36,Mrg06,67.6,0,692.5
avgbs_cluster_45130.1.14,Mrg06,67.6,0.145590528,692.5
avgbs_cluster_45130.1.53,Mrg06,67.6,0.145590528,692.5
avgbs_cluster_656.1.59,Mrg06,67.6,0.108705225,692.5
avgbs_cluster_656.1.8,Mrg06,67.6,0.108705225,692.5
avgbs_22024.1.32,Mrg06,68.2,0,693.1
avgbs_114090.1.20,Mrg06,70.5,0.047313803,695.4
avgbs_cluster_4331.1.25,Mrg06,70.5,0.252976232,695.4
avgbs_19475.1.35,Mrg06,72.1,0.344439777,697
avgbs_88971.1.13,Mrg06,72.1,0.131442303,697
avgbs_98067.1.62,Mrg06,72.1,0.242035103,697
avgbs_cluster_15148.1.18,Mrg06,72.1,0.389990607,697
avgbs_cluster_39451.1.21,Mrg06,82.1,0,707
avgbs_cluster_39451.1.39,Mrg06,82.1,0,707
avgbs_cluster_22882.1.61,Mrg06,83.9,0.193118424,708.8
avgbs_cluster_22882.1.62,Mrg06,83.9,0.193118424,708.8
avgbs_cluster_22882.1.63,Mrg06,83.9,0.193118424,708.8
avgbs_69343.1.22,Mrg06,87,0.606641315,711.9
avgbs_98727.1.36,Mrg06,87,0.32200829,711.9
avgbs_218643.1.36,Mrg06,87.2,0.504786784,712.1
avgbs_614.1.49,Mrg06,87.2,0.875670754,712.1
avgbs_89518.1.62,Mrg06,87.2,0.19684917,712.1
avgbs_cluster_22714.1.19,Mrg06,87.2,0.407639285,712.1
avgbs_100100.1.64,Mrg06,98.5,2.498394562,723.4
avgbs_121605.1.26,Mrg06,99.1,0,724
avgbs_16162.1.21,Mrg06,99.1,1.223552382,724
avgbs_cluster_1582.1.15,Mrg06,99.1,2.641381694,724
avgbs_cluster_23520.1.30,Mrg06,99.1,0.187812914,724
avgbs_cluster_2371.1.19,Mrg06,99.1,0.776650654,724
avgbs_cluster_4554.1.9,Mrg06,99.1,0.048562129,724
avgbs_109117.1.22,Mrg06,102.3,1.196439169,727.2
avgbs_112977.1.62,Mrg06,102.3,0.080105413,727.2
avgbs_114613.1.46,Mrg06,102.3,2.527261693,727.2
avgbs_15416.1.22,Mrg06,102.3,0.068056081,727.2
avgbs_32166.1.26,Mrg06,102.3,0,727.2
avgbs_49002.1.41,Mrg06,102.3,0,727.2
avgbs_6K_95238.1.55,Mrg06,102.3,2.715585695,727.2
avgbs_6K_78935.1.56,Mrg06,104.5,3.718361615,729.4
avgbs_109473.1.7,Mrg06,108.4,0.055398824,733.3
avgbs_114096.1.50,Mrg06,108.8,0,733.7
avgbs_cluster_32471.1.49,Mrg06,108.8,1.539794727,733.7
avgbs_cluster_2479.1.29,Mrg06,113.9,0,738.8
avgbs_101867.1.47,Mrg06,116,0.487362307,740.9
avgbs_117841.1.50,Mrg06,116,0,740.9
avgbs_122282.1.41,Mrg06,116,2.358944725,740.9
avgbs_125149.1.40,Mrg06,116,0,740.9
avgbs_13844.1.8,Mrg06,116,0.477252482,740.9
avgbs_19750.1.59,Mrg06,116,0,740.9
avgbs_31130.1.36,Mrg06,116,0,740.9
avgbs_84962.1.35,Mrg06,116,0.536848314,740.9
avgbs_cluster_11724.1.59,Mrg06,116,0.72222251,740.9
avgbs_cluster_25425.1.54,Mrg06,116,0,740.9
avgbs_cluster_25425.1.59,Mrg06,116,0,740.9
avgbs_cluster_25425.1.60,Mrg06,116,0,740.9
avgbs_cluster_38547.1.10,Mrg06,116,0,740.9
avgbs_cluster_38547.1.64,Mrg06,116,0,740.9
avgbs_cluster_43543.1.50,Mrg06,116,0,740.9
avgbs_cluster_5032.1.40,Mrg06,116,0,740.9
avgbs_cluster_5032.1.60,Mrg06,116,0,740.9
avgbs_cluster_28450.1.8,Mrg06,146.8,0.209479804,771.7
avgbs_119356.1.61,Mrg08,20.4,0.310384126,792.1
avgbs_51768.1.64,Mrg08,31.5,0.159003389,803.2
avgbs_cluster_10424.1.20,Mrg08,31.6,0.529041181,803.3
avgbs_6K_2425.1.6,Mrg08,31.7,0,803.4
avgbs_118168.1.38,Mrg08,32.1,0.830084804,803.8
avgbs_89655.1.37,Mrg08,41.5,0.248565228,813.2
avgbs_124241.1.19,Mrg08,42.7,0.329277234,814.4
avgbs_cluster_22342.1.57,Mrg08,52.5,0.520150402,824.2
avgbs_6235.1.26,Mrg08,54.7,0.437876047,826.4
avgbs_124732.1.14,Mrg08,56.5,0.284160395,828.2
avgbs_cluster_35338.1.14,Mrg08,57.7,0.470595461,829.4
avgbs_cluster_35338.1.17,Mrg08,57.7,0.470595461,829.4
avgbs_cluster_35338.1.48,Mrg08,57.7,0.470595461,829.4
avgbs_108418.1.63,Mrg08,58,0.031152708,829.7
avgbs_108575.1.42,Mrg08,58,0.255668322,829.7
avgbs_89302.1.21,Mrg08,58,0.491407896,829.7
avgbs_cluster_15924.1.18,Mrg08,58,0.038755846,829.7
avgbs_cluster_15924.1.60,Mrg08,58,0.038755846,829.7
avgbs_49690.1.22,Mrg08,58.3,0.919779486,830
avgbs_21338.1.19,Mrg08,58.5,0.410607215,830.2
avgbs_cluster_16753.1.48,Mrg08,60.3,0.741822121,832
avgbs_213444.1.40,Mrg08,61,0.540969959,832.7
avgbs_100543.1.9,Mrg08,61.2,0.206917495,832.9
avgbs_cluster_3938.1.53,Mrg08,61.3,0.28805944,833
avgbs_cluster_26772.1.7,Mrg08,61.5,0.089561311,833.2
avgbs_112738.1.56,Mrg08,62.4,0.714277252,834.1
avgbs_118285.1.52,Mrg08,62.4,0,834.1
avgbs_23326.1.53,Mrg08,62.4,0,834.1
avgbs_65804.1.16,Mrg08,62.4,0,834.1
avgbs_6K_107615.1.61,Mrg08,62.4,0,834.1
avgbs_cluster_12986.1.8,Mrg08,62.4,0,834.1
avgbs_cluster_24227.1.35,Mrg08,62.4,0,834.1
avgbs_cluster_28549.1.23,Mrg08,62.4,0,834.1
avgbs_cluster_34162.1.57,Mrg08,62.4,0,834.1
avgbs_cluster_34220.1.39,Mrg08,62.4,0,834.1
avgbs_cluster_3515.1.57,Mrg08,62.4,0,834.1
avgbs_cluster_6432.1.62,Mrg08,62.4,0,834.1
avgbs_cluster_6522.1.24,Mrg08,62.4,0,834.1
avgbs_cluster_6522.1.52,Mrg08,62.4,0,834.1
avgbs_cluster_34220.1.17,Mrg08,63.1,0.29520881,834.8
avgbs_5004.1.28,Mrg08,63.7,0.472939997,835.4
avgbs_cluster_22594.1.42,Mrg08,64.5,0.155734443,836.2
avgbs_101383.1.46,Mrg08,71.1,0.355569608,842.8
avgbs_75515.1.6,Mrg08,71.1,0.614592525,842.8
avgbs_cluster_14492.1.6,Mrg08,71.1,0.129486237,842.8
avgbs_cluster_6615.1.24,Mrg08,71.1,1.355764321,842.8
avgbs_cluster_34617.1.33,Mrg08,72,0.405415286,843.7
avgbs_cluster_9365.1.36,Mrg08,77.1,0.189760309,848.8
avgbs_cluster_23686.1.30,Mrg08,77.8,0,849.5
avgbs_113841.1.36,Mrg08,81.4,0.220406443,853.1
avgbs_cluster_13927.1.45,Mrg08,81.4,0.14147402,853.1
avgbs_cluster_40459.1.15,Mrg08,81.5,1.151842539,853.2
avgbs_36938.1.25,Mrg08,86.2,0.34427751,857.9
avgbs_cluster_20192.1.20,Mrg08,86.2,0.361457667,857.9
avgbs_cluster_2764.1.31,Mrg08,86.2,0.068352065,857.9
avgbs_cluster_53251.1.24,Mrg08,86.2,1.041663802,857.9
avgbs_cluster_19139.1.42,Mrg08,87.4,0.350184907,859.1
avgbs_cluster_19139.1.44,Mrg08,87.4,0,859.1
avgbs_cluster_16555.1.26,Mrg08,92,0.500774161,863.7
avgbs_cluster_17507.1.32,Mrg08,92.4,0.601525217,864.1
avgbs_cluster_32026.1.10,Mrg08,93.3,0,865
avgbs_cluster_3173.1.11,Mrg08,93.5,0.141349443,865.2
avgbs_cluster_3173.1.7,Mrg08,93.5,0.141349443,865.2
avgbs_6K_112993.1.59,Mrg08,96.6,0.291922494,868.3
avgbs_6K_6231.1.9,Mrg08,97.3,0.25643627,869
avgbs_cluster_40756.1.47,Mrg08,99.6,0.893878995,871.3
avgbs_213541.1.32,Mrg08,105.5,0.403468292,877.2
avgbs_89273.1.19,Mrg08,105.5,0.016671714,877.2
avgbs_cluster_10083.1.14,Mrg08,105.5,1.635063585,877.2
avgbs_cluster_38870.1.62,Mrg08,107.1,0.135312807,878.8
avgbs_cluster_6459.1.42,Mrg08,109,0,880.7
avgbs_14278.1.17,Mrg08,109.9,0.288554347,881.6
avgbs_cluster_37107.1.29,Mrg08,110.1,0.509778948,881.8
avgbs_cluster_37107.1.53,Mrg08,110.1,0.509778948,881.8
avgbs_87472.1.59,Mrg08,110.2,0,881.9
avgbs_cluster_35970.1.47,Mrg08,111.3,0.019670624,883
avgbs_124847.1.49,Mrg08,112.5,0.040179304,884.2
avgbs_17797.1.54,Mrg08,112.5,0.226106591,884.2
avgbs_25121.1.19,Mrg08,112.5,0.216465711,884.2
avgbs_6K_821.1.55,Mrg08,112.5,0.189006389,884.2
avgbs_6K_99288.1.8,Mrg08,117.5,0.220662596,889.2
avgbs_cluster_28031.1.24,Mrg08,117.5,1.818032835,889.2
avgbs_18744.1.57,Mrg08,117.9,0.574004924,889.6
avgbs_20668.1.20,Mrg08,118.8,1.305819307,890.5
avgbs_cluster_23058.1.36,Mrg08,118.8,0.89882747,890.5
avgbs_cluster_36286.1.16,Mrg08,118.8,1.162334276,890.5
avgbs_76220.1.9,Mrg08,118.9,1.665611003,890.6
avgbs_113334.1.15,Mrg08,121.2,0,892.9
avgbs_114987.1.47,Mrg08,121.2,1.275340186,892.9
avgbs_125774.1.18,Mrg08,121.2,0.007472578,892.9
avgbs_cluster_18294.1.27,Mrg08,121.2,0.418679113,892.9
avgbs_cluster_27539.1.10,Mrg08,121.2,0,892.9
avgbs_cluster_27539.1.51,Mrg08,121.2,1.948236119,892.9
avgbs_cluster_35379.1.20,Mrg08,121.2,0,892.9
avgbs_cluster_6509.1.62,Mrg08,121.2,1.106465344,892.9
avgbs_cluster_7742.1.14,Mrg08,121.2,0.640661968,892.9
avgbs_cluster_584.1.51,Mrg08,122.2,0.264466613,893.9
avgbs_124191.1.40,Mrg08,123.6,0.995888546,895.3
avgbs_126302.1.17,Mrg08,123.6,0,895.3
avgbs_50532.1.22,Mrg08,123.6,0,895.3
avgbs_99510.1.39,Mrg08,123.6,0.18300624,895.3
avgbs_cluster_2189.1.61,Mrg08,123.6,0.386970522,895.3
avgbs_cluster_2189.1.7,Mrg08,123.6,0.386970522,895.3
avgbs_cluster_25201.1.27,Mrg08,123.6,0.127017,895.3
avgbs_cluster_25201.1.51,Mrg08,123.6,0.219417265,895.3
avgbs_cluster_34698.1.24,Mrg08,123.6,0.242622775,895.3
avgbs_cluster_58448.1.45,Mrg08,123.6,0.464268859,895.3
avgbs_cluster_58448.1.53,Mrg08,123.6,0.464268859,895.3
avgbs_cluster_58448.1.57,Mrg08,123.6,0.464268859,895.3
avgbs_cluster_10508.1.24,Mrg08,125.3,0.368602534,897
avgbs_cluster_10508.1.32,Mrg08,125.3,0.368602534,897
avgbs_cluster_38966.1.57,Mrg08,125.3,0.315943761,897
avgbs_cluster_24970.1.60,Mrg08,129.3,0.597289041,901
avgbs_41368.1.61,Mrg08,129.6,0.142312558,901.3
avgbs_49672.1.20,Mrg08,129.6,0.35139184,901.3
avgbs_61773.1.54,Mrg08,129.6,0.586730421,901.3
avgbs_73320.1.37,Mrg08,129.6,0,901.3
avgbs_cluster_1597.1.17,Mrg08,129.6,0.504950661,901.3
avgbs_cluster_1901.1.43,Mrg08,129.6,0,901.3
avgbs_cluster_1901.1.57,Mrg08,129.6,0,901.3
avgbs_cluster_25190.1.23,Mrg08,129.6,0.331193419,901.3
avgbs_cluster_27156.1.35,Mrg08,129.6,0,901.3
avgbs_cluster_28031.1.49,Mrg08,129.6,2.078922944,901.3
avgbs_cluster_38565.1.31,Mrg08,129.6,0.283502893,901.3
avgbs_cluster_40327.1.22,Mrg08,129.6,0.814774096,901.3
avgbs_cluster_40327.1.64,Mrg08,129.6,0.814774096,901.3
avgbs_cluster_57940.1.11,Mrg08,129.6,0.277626411,901.3
avgbs_cluster_57940.1.41,Mrg08,129.6,0.277626411,901.3
avgbs_4207.1.57,Mrg08,131.4,0,903.1
avgbs_73334.1.45,Mrg08,132.9,0,904.6
avgbs_cluster_6313.1.19,Mrg08,133.3,0,905
avgbs_cluster_6313.1.52,Mrg08,133.3,0,905
avgbs_cluster_6313.1.59,Mrg08,133.3,0,905
avgbs_35852.1.14,Mrg08,134,0,905.7
avgbs_60047.1.41,Mrg08,134,0.205598022,905.7
avgbs_102137.1.60,Mrg08,134.1,0.05231556,905.8
avgbs_114668.1.53,Mrg08,137.4,0,909.1
avgbs_19061.1.25,Mrg08,137.4,0,909.1
avgbs_cluster_18144.1.53,Mrg08,137.4,0,909.1
avgbs_cluster_34984.1.28,Mrg08,137.4,0,909.1
avgbs_cluster_34984.1.46,Mrg08,137.4,0,909.1
avgbs_cluster_34984.1.8,Mrg08,137.4,0,909.1
avgbs_46672.1.62,Mrg08,140.5,0.111690144,912.2
avgbs_cluster_18144.2.59,Mrg08,140.8,0.267794,912.5
avgbs_126110.1.37,Mrg08,141,0.204733204,912.7
avgbs_100138.1.18,Mrg08,142,0.15886219,913.7
avgbs_10880.1.9,Mrg08,142,0.090369809,913.7
avgbs_111376.1.37,Mrg08,142,1.424793575,913.7
avgbs_cluster_2354.1.24,Mrg08,142,0,913.7
avgbs_cluster_270.1.33,Mrg08,142,0.319339974,913.7
avgbs_cluster_32680.1.13,Mrg08,142,1.276669963,913.7
avgbs_cluster_32680.1.42,Mrg08,142,1.276669963,913.7
avgbs_cluster_35738.1.42,Mrg08,142,0.937945953,913.7
avgbs_cluster_35738.1.53,Mrg08,142,0.937945953,913.7
avgbs_cluster_49790.2.11,Mrg08,142,0,913.7
avgbs_cluster_49790.2.62,Mrg08,142,0,913.7
avgbs_cluster_49790.2.64,Mrg08,142,0,913.7
avgbs_15676.1.31,Mrg08,142.3,0.148837086,914
avgbs_cluster_28096.1.16,Mrg08,142.3,1.281998556,914
avgbs_cluster_28096.1.53,Mrg08,142.3,1.281998556,914
avgbs_cluster_28544.1.28,Mrg08,142.3,0.09573597,914
avgbs_cluster_36530.1.54,Mrg08,142.8,0.491689733,914.5
avgbs_cluster_4383.1.40,Mrg08,143.7,0.619402284,915.4
avgbs_cluster_4383.1.48,Mrg08,143.7,0.619402284,915.4
avgbs_105180.1.43,Mrg08,144.6,0.295439866,916.3
avgbs_cluster_2913.1.44,Mrg08,145.2,0.202280228,916.9
avgbs_7505.1.16,Mrg08,145.7,0.968919451,917.4
avgbs_10371.1.9,Mrg08,146.1,0.728010444,917.8
avgbs_cluster_20678.1.33,Mrg08,146.1,0.890825376,917.8
avgbs_cluster_35408.1.7,Mrg08,146.1,0.411562001,917.8
avgbs_216133.1.22,Mrg08,147.3,0.19558461,919
avgbs_cluster_23994.1.31,Mrg08,147.3,1.071872021,919
avgbs_cluster_35154.1.64,Mrg08,147.3,0,919
avgbs_cluster_38899.1.25,Mrg08,147.3,0,919
avgbs_32733.1.59,Mrg08,149,0.071479759,920.7
avgbs_200659.1.49,Mrg08,149.1,0,920.8
avgbs_76639.1.64,Mrg08,149.1,0.284815621,920.8
avgbs_97832.1.57,Mrg08,149.1,0.593897691,920.8
avgbs_cluster_11170.1.34,Mrg08,149.1,0.033206951,920.8
avgbs_cluster_11170.1.54,Mrg08,149.1,0.033206951,920.8
avgbs_cluster_38966.1.12,Mrg08,149.1,0,920.8
avgbs_15359.1.47,Mrg08,149.2,0.170255949,920.9
avgbs_cluster_26051.1.15,Mrg08,149.2,0.683397902,920.9
avgbs_cluster_43901.1.23,Mrg08,149.2,0,920.9
avgbs_cluster_5522.1.29,Mrg08,149.2,1.218661348,920.9
avgbs_cluster_5522.1.36,Mrg08,149.2,1.218661348,920.9
avgbs_cluster_5522.1.49,Mrg08,149.2,1.218661348,920.9
avgbs_cluster_775.1.11,Mrg08,150.9,0.804915176,922.6
avgbs_42793.1.51,Mrg08,151.9,0.086941013,923.6
avgbs_cluster_23994.1.47,Mrg08,151.9,1.643482936,923.6
avgbs_cluster_34269.1.22,Mrg08,151.9,0.12609132,923.6
avgbs_cluster_3759.1.62,Mrg08,151.9,0.438443415,923.6
avgbs_cluster_3759.1.64,Mrg08,151.9,0.438443415,923.6
avgbs_cluster_37894.1.46,Mrg08,151.9,0.159535653,923.6
avgbs_104405.1.22,Mrg08,153.1,0.574297243,924.8
avgbs_109927.1.14,Mrg08,153.1,0.133861971,924.8
avgbs_6K_13916.1.54,Mrg08,153.1,0,924.8
avgbs_27260.1.63,Mrg08,153.4,0.072143003,925.1
avgbs_cluster_22157.1.54,Mrg08,153.6,0.541734708,925.3
avgbs_114648.1.63,Mrg08,156.8,1.697228327,928.5
avgbs_cluster_16354.1.26,Mrg08,157,1.858110585,928.7
avgbs_cluster_16354.1.50,Mrg08,157,1.858110585,928.7
avgbs_cluster_16354.1.53,Mrg08,157,1.858110585,928.7
avgbs_cluster_9713.1.26,Mrg08,176,0.691681788,947.7
avgbs_cluster_9713.1.38,Mrg08,176,0.691681788,947.7
avgbs_cluster_9713.1.61,Mrg08,176,0.691681788,947.7
avgbs_cluster_35163.1.33,Mrg08,182.3,0.065640613,954
avgbs_cluster_35163.1.37,Mrg08,182.3,0.065640613,954
avgbs_cluster_13606.1.14,Mrg08,192.8,0,964.5
avgbs_38507.1.13,Mrg08,197.1,1.879993469,968.8
avgbs_41527.1.45,Mrg09,5.1,0.021518416,973.9
avgbs_31594.1.13,Mrg09,10.4,0.217440343,979.2
avgbs_10179.1.63,Mrg09,13.8,0.541675145,982.6
avgbs_20605.1.29,Mrg09,13.8,0.247820452,982.6
avgbs_cluster_8860.1.28,Mrg09,13.8,0.216375351,982.6
avgbs_cluster_8860.1.29,Mrg09,13.8,0.216375351,982.6
avgbs_cluster_8860.1.33,Mrg09,13.8,0.216375351,982.6
avgbs_cluster_5964.1.45,Mrg09,15.5,0.195091342,984.3
avgbs_72296.1.41,Mrg09,16,0.39687959,984.8
avgbs_7172.1.11,Mrg09,16.2,0,985
avgbs_37501.1.11,Mrg09,16.3,0,985.1
avgbs_cluster_30.1.54,Mrg09,16.3,0.055189653,985.1
avgbs_cluster_6676.1.28,Mrg09,16.3,0.252014953,985.1
avgbs_cluster_7517.1.15,Mrg09,16.3,0.115460055,985.1
avgbs_cluster_51932.1.43,Mrg09,20.8,0,989.6
avgbs_cluster_51932.1.61,Mrg09,20.8,0,989.6
avgbs_86782.1.50,Mrg09,22,0.15116475,990.8
avgbs_99998.1.36,Mrg09,22,0.126585971,990.8
avgbs_71467.1.19,Mrg09,22.2,0.053591048,991
avgbs_cluster_10837.1.36,Mrg09,22.2,0.008881424,991
avgbs_cluster_10837.1.7,Mrg09,22.2,0.008881424,991
avgbs_cluster_39212.1.35,Mrg09,22.5,0,991.3
avgbs_cluster_30410.1.29,Mrg09,25.2,0,994
avgbs_cluster_27744.1.36,Mrg09,28.5,0.149562986,997.3
avgbs_64396.1.24,Mrg09,30.4,0.495714664,999.2
avgbs_69745.1.56,Mrg09,31.6,0.128248634,1000.4
avgbs_123973.1.56,Mrg09,36,0,1004.8
avgbs_cluster_7265.1.52,Mrg09,36.2,0.445082158,1005
avgbs_28348.1.39,Mrg09,38.2,0,1007
avgbs_123839.1.36,Mrg09,40.3,0.08398287,1009.1
avgbs_20311.1.15,Mrg09,40.3,0.057541608,1009.1
avgbs_44769.1.31,Mrg09,40.3,0.447294097,1009.1
avgbs_50081.1.30,Mrg09,40.3,0.375466484,1009.1
avgbs_6K_100229.1.56,Mrg09,40.3,0.144544137,1009.1
avgbs_9710.1.6,Mrg09,40.3,0.326163056,1009.1
avgbs_cluster_9020.1.37,Mrg09,40.3,1.045942366,1009.1
avgbs_103663.1.13,Mrg09,42.6,0.589998451,1011.4
avgbs_115533.1.46,Mrg09,42.6,0.130946581,1011.4
avgbs_124656.1.9,Mrg09,42.6,0.184388674,1011.4
avgbs_83393.1.31,Mrg09,42.6,0,1011.4
avgbs_cluster_16108.1.31,Mrg09,42.6,0.062458748,1011.4
avgbs_cluster_22909.1.40,Mrg09,42.6,0.110073716,1011.4
avgbs_cluster_29568.1.47,Mrg09,42.6,0.240353298,1011.4
avgbs_cluster_45.1.14,Mrg09,42.6,0.215872162,1011.4
avgbs_cluster_19531.1.7,Mrg09,42.9,0.674966493,1011.7
avgbs_110529.1.18,Mrg09,43.4,0.304931237,1012.2
avgbs_110867.1.49,Mrg09,43.4,0.350745582,1012.2
avgbs_121340.1.44,Mrg09,43.4,0.304931237,1012.2
avgbs_24507.1.28,Mrg09,43.4,0.130946581,1012.2
avgbs_2652.1.7,Mrg09,43.4,0.096992318,1012.2
avgbs_4299.1.9,Mrg09,43.4,0.210471053,1012.2
avgbs_52407.1.8,Mrg09,43.4,0.090936311,1012.2
avgbs_68094.1.34,Mrg09,43.4,0.716651815,1012.2
avgbs_79604.1.39,Mrg09,43.4,0.229692442,1012.2
avgbs_80450.1.18,Mrg09,43.4,0.106109866,1012.2
avgbs_80910.1.23,Mrg09,43.4,0.09088633,1012.2
avgbs_94419.1.28,Mrg09,43.4,0.216070078,1012.2
avgbs_cluster_20361.1.30,Mrg09,43.4,0.023733466,1012.2
avgbs_cluster_20361.1.57,Mrg09,43.4,0.023733466,1012.2
avgbs_cluster_32345.1.47,Mrg09,43.4,0.12801154,1012.2
avgbs_103330.1.8,Mrg09,44.7,0.376100024,1013.5
avgbs_11341.1.62,Mrg09,44.7,0.248398389,1013.5
avgbs_118180.1.62,Mrg09,44.7,0.304931237,1013.5
avgbs_120060.1.20,Mrg09,44.7,0.444987261,1013.5
avgbs_120130.1.47,Mrg09,44.7,0.112286219,1013.5
avgbs_124663.1.28,Mrg09,44.7,0.081419,1013.5
avgbs_125141.1.14,Mrg09,44.7,0.28304895,1013.5
avgbs_14459.1.6,Mrg09,44.7,0,1013.5
avgbs_1533.1.38,Mrg09,44.7,0,1013.5
avgbs_18454.1.16,Mrg09,44.7,0.099080432,1013.5
avgbs_23586.1.58,Mrg09,44.7,0.09088633,1013.5
avgbs_31212.1.57,Mrg09,44.7,0.40027396,1013.5
avgbs_36709.1.56,Mrg09,44.7,0.533140942,1013.5
avgbs_39058.1.63,Mrg09,44.7,0.09088633,1013.5
avgbs_50076.1.16,Mrg09,44.7,0,1013.5
avgbs_50978.1.58,Mrg09,44.7,0.270448342,1013.5
avgbs_56941.1.38,Mrg09,44.7,0.062972245,1013.5
avgbs_60965.1.13,Mrg09,44.7,0.273543348,1013.5
avgbs_7886.1.63,Mrg09,44.7,0.304931237,1013.5
avgbs_85886.1.50,Mrg09,44.7,0.115141291,1013.5
avgbs_86611.1.50,Mrg09,44.7,0.312521077,1013.5
avgbs_cluster_16856.1.25,Mrg09,44.7,0.296909716,1013.5
avgbs_cluster_21908.1.26,Mrg09,44.7,0.116721238,1013.5
avgbs_cluster_24893.1.6,Mrg09,44.7,0.391318041,1013.5
avgbs_cluster_2814.1.20,Mrg09,44.7,0.2143091,1013.5
avgbs_cluster_33230.1.48,Mrg09,44.7,0.181361338,1013.5
avgbs_cluster_38872.1.18,Mrg09,44.7,0.295762254,1013.5
avgbs_cluster_51174.1.27,Mrg09,44.7,0.002075772,1013.5
avgbs_cluster_51174.1.28,Mrg09,44.7,0.002075772,1013.5
avgbs_122617.1.28,Mrg09,45.6,0.069657195,1014.4
avgbs_cluster_5326.1.29,Mrg09,46,0.273624613,1014.8
avgbs_45430.1.7,Mrg09,47.1,0.267398632,1015.9
avgbs_91691.1.15,Mrg09,47.1,0.284799626,1015.9
avgbs_cluster_14436.1.14,Mrg09,47.1,0.012923685,1015.9
avgbs_cluster_14436.1.24,Mrg09,47.1,0.012923685,1015.9
avgbs_110564.1.25,Mrg09,48.2,0,1017
avgbs_16714.1.44,Mrg09,48.2,0.304931237,1017
avgbs_84833.1.45,Mrg09,48.2,0.417818905,1017
avgbs_cluster_6778.1.62,Mrg09,48.2,0.280149104,1017
avgbs_115432.1.19,Mrg09,49.2,0.09088633,1018
avgbs_116301.1.11,Mrg09,49.2,0.291498012,1018
avgbs_19762.1.16,Mrg09,49.2,0,1018
avgbs_37426.1.48,Mrg09,49.2,0,1018
avgbs_39782.1.64,Mrg09,49.2,0.272934886,1018
avgbs_4350.1.46,Mrg09,49.2,0.369403629,1018
avgbs_43580.1.15,Mrg09,49.2,0.251654266,1018
avgbs_65553.1.39,Mrg09,49.2,0.380427703,1018
avgbs_72307.1.45,Mrg09,49.2,0.509161201,1018
avgbs_cluster_22379.1.46,Mrg09,49.2,0,1018
avgbs_cluster_2707.1.12,Mrg09,49.2,0,1018
avgbs_cluster_2707.1.53,Mrg09,49.2,0.091901101,1018
avgbs_cluster_2707.1.56,Mrg09,49.2,0.181351786,1018
avgbs_92515.1.34,Mrg09,49.4,0.249812235,1018.2
avgbs_73229.1.58,Mrg09,50.1,0,1018.9
avgbs_115083.1.39,Mrg09,50.9,0.035128632,1019.7
avgbs_21265.1.14,Mrg09,50.9,0.211281991,1019.7
avgbs_28229.1.61,Mrg09,50.9,0.544949647,1019.7
avgbs_79119.1.34,Mrg09,50.9,0.087935948,1019.7
avgbs_80753.1.36,Mrg09,50.9,0.038928347,1019.7
avgbs_96277.1.64,Mrg09,50.9,0.189097662,1019.7
avgbs_cluster_10094.1.59,Mrg09,50.9,0.230228793,1019.7
avgbs_cluster_20332.1.17,Mrg09,50.9,0.222109578,1019.7
avgbs_cluster_36152.1.63,Mrg09,50.9,0.079360418,1019.7
avgbs_cluster_36152.1.64,Mrg09,50.9,0.079360418,1019.7
avgbs_cluster_39529.1.16,Mrg09,50.9,0.177933686,1019.7
avgbs_cluster_39529.1.38,Mrg09,50.9,0.157655649,1019.7
avgbs_cluster_39529.1.58,Mrg09,50.9,0.177933686,1019.7
avgbs_cluster_40898.1.19,Mrg09,50.9,0.03789093,1019.7
avgbs_cluster_40898.1.42,Mrg09,50.9,0.03789093,1019.7
avgbs_84274.1.48,Mrg09,53.1,0.892997364,1021.9
avgbs_cluster_11497.1.60,Mrg09,53.1,0.922295541,1021.9
avgbs_cluster_1344.1.56,Mrg09,53.1,0.940653528,1021.9
avgbs_cluster_1344.1.62,Mrg09,53.1,0.940653528,1021.9
avgbs_cluster_1874.1.9,Mrg09,53.1,0.183703408,1021.9
avgbs_cluster_34763.1.50,Mrg09,54.3,0.75899467,1023.1
avgbs_cluster_78.1.63,Mrg09,56.5,0.109398032,1025.3
avgbs_7957.1.53,Mrg09,61.8,0.059752787,1030.6
avgbs_65419.1.48,Mrg09,63.3,0.128041812,1032.1
avgbs_25574.1.11,Mrg09,63.6,0.249536107,1032.4
avgbs_72706.1.58,Mrg09,63.7,0,1032.5
avgbs_112719.1.47,Mrg09,64.7,0.354082199,1033.5
avgbs_cluster_30373.1.64,Mrg09,65.2,1.757004728,1034
avgbs_53710.1.11,Mrg09,66.4,2.024034722,1035.2
avgbs_cluster_37467.1.21,Mrg09,67.5,0.601418594,1036.3
avgbs_cluster_37467.1.22,Mrg09,67.5,0.601418594,1036.3
avgbs_cluster_25297.1.49,Mrg09,68.1,0.412474161,1036.9
avgbs_86509.1.10,Mrg09,68.3,0.057164589,1037.1
avgbs_cluster_24445.1.60,Mrg09,68.3,0.287888049,1037.1
avgbs_21547.1.30,Mrg09,71.5,1.357069562,1040.3
avgbs_cluster_38474.1.23,Mrg09,71.5,1.295340406,1040.3
avgbs_cluster_38474.1.31,Mrg09,71.5,1.295340406,1040.3
avgbs_cluster_19238.1.64,Mrg09,72.3,1.939000733,1041.1
avgbs_110054.1.50,Mrg09,73.5,0.085487024,1042.3
avgbs_115117.1.34,Mrg09,73.5,1.899652562,1042.3
avgbs_117384.1.38,Mrg09,73.5,0.879965939,1042.3
avgbs_84577.1.44,Mrg09,73.5,0.096817674,1042.3
avgbs_92056.1.28,Mrg09,73.5,0.276140768,1042.3
avgbs_cluster_10180.1.48,Mrg09,73.5,1.984652328,1042.3
avgbs_cluster_1327.1.10,Mrg09,73.5,1.262870384,1042.3
avgbs_cluster_1327.1.63,Mrg09,73.5,1.262870384,1042.3
avgbs_cluster_3723.1.45,Mrg09,73.5,1.239573761,1042.3
avgbs_32110.1.34,Mrg09,75.9,0.316125247,1044.7
avgbs_112850.1.49,Mrg09,78.3,0.164276769,1047.1
avgbs_32064.1.16,Mrg09,78.3,0.046867879,1047.1
avgbs_62515.1.53,Mrg09,78.3,2.265767325,1047.1
avgbs_77246.1.52,Mrg09,78.3,0.256422013,1047.1
avgbs_cluster_32001.1.11,Mrg09,78.3,0.217714067,1047.1
avgbs_cluster_34902.1.52,Mrg09,78.3,0.104651943,1047.1
avgbs_cluster_37548.1.25,Mrg09,78.3,0.035554304,1047.1
avgbs_cluster_22076.1.60,Mrg09,79.2,0.109891949,1048
avgbs_cluster_22076.1.61,Mrg09,79.2,0.109891949,1048
avgbs_111260.1.51,Mrg09,79.7,0.055578119,1048.5
avgbs_cluster_37967.1.53,Mrg09,80.2,0.374529664,1049
avgbs_6273.1.32,Mrg09,82.3,0.694212196,1051.1
avgbs_73970.1.13,Mrg09,82.3,1.678851225,1051.1
avgbs_78214.1.12,Mrg09,82.3,0.829259532,1051.1
avgbs_cluster_34554.1.61,Mrg09,82.3,1.106576286,1051.1
avgbs_cluster_31987.1.15,Mrg09,84.4,1.98882055,1053.2
avgbs_116088.1.13,Mrg09,84.9,0,1053.7
avgbs_121088.1.44,Mrg09,84.9,0.19137009,1053.7
avgbs_cluster_31807.1.33,Mrg09,85.6,0.300839171,1054.4
avgbs_7970.1.50,Mrg09,85.9,0.946272555,1054.7
avgbs_110773.1.7,Mrg09,86.1,0,1054.9
avgbs_6359.1.38,Mrg09,86.1,0.286972576,1054.9
avgbs_cluster_650.1.11,Mrg09,86.1,0,1054.9
avgbs_7452.1.17,Mrg09,86.3,0.582682575,1055.1
avgbs_12770.1.20,Mrg09,86.7,0.793241256,1055.5
avgbs_4829.1.6,Mrg09,86.7,0.044168472,1055.5
avgbs_cluster_18841.1.35,Mrg09,86.7,0.624622571,1055.5
avgbs_cluster_18841.1.47,Mrg09,86.7,0.624622571,1055.5
avgbs_cluster_35710.1.64,Mrg09,86.7,1.233585561,1055.5
avgbs_101226.1.46,Mrg09,86.8,0.075647199,1055.6
avgbs_215439.1.45,Mrg09,86.8,0.715321,1055.6
avgbs_32237.1.40,Mrg09,86.8,0.194470062,1055.6
avgbs_33137.1.63,Mrg09,86.8,1.013849551,1055.6
avgbs_6K_32694.1.58,Mrg09,86.8,0,1055.6
avgbs_cluster_31987.1.26,Mrg09,86.8,0.76652085,1055.6
avgbs_cluster_32485.1.57,Mrg09,86.8,0,1055.6
avgbs_cluster_32485.1.58,Mrg09,86.8,0,1055.6
avgbs_cluster_32485.1.63,Mrg09,86.8,0,1055.6
avgbs_cluster_35447.1.18,Mrg09,86.8,1.087101067,1055.6
avgbs_cluster_35447.1.35,Mrg09,86.8,0.099856731,1055.6
avgbs_cluster_39401.1.62,Mrg09,86.8,0.05949437,1055.6
avgbs_cluster_39401.1.63,Mrg09,86.8,0.05949437,1055.6
avgbs_cluster_39401.1.64,Mrg09,86.8,0.05949437,1055.6
avgbs_cluster_467.1.14,Mrg09,86.8,0.612920289,1055.6
avgbs_cluster_4879.1.11,Mrg09,86.8,0.286972576,1055.6
avgbs_cluster_4879.1.61,Mrg09,86.8,0.286972576,1055.6
avgbs_cluster_34392.1.12,Mrg09,88.5,0,1057.3
avgbs_cluster_34392.1.24,Mrg09,88.5,0,1057.3
avgbs_cluster_15413.1.26,Mrg09,89,0.33857598,1057.8
avgbs_cluster_15413.1.51,Mrg09,89,0.33857598,1057.8
avgbs_cluster_467.1.9,Mrg09,89.9,0,1058.7
avgbs_106887.1.36,Mrg09,91.9,0.108047552,1060.7
avgbs_123740.1.16,Mrg09,91.9,0.400164189,1060.7
avgbs_200312.1.62,Mrg09,91.9,0.074415122,1060.7
avgbs_99086.1.26,Mrg09,91.9,0.034940774,1060.7
avgbs_cluster_12655.1.16,Mrg09,91.9,0,1060.7
avgbs_cluster_12655.1.23,Mrg09,91.9,0,1060.7
avgbs_cluster_12655.1.61,Mrg09,91.9,0,1060.7
avgbs_cluster_2768.1.33,Mrg09,91.9,0.335372021,1060.7
avgbs_cluster_3763.1.53,Mrg09,91.9,0.056345161,1060.7
avgbs_cluster_40502.1.27,Mrg09,91.9,0.197536403,1060.7
avgbs_cluster_2937.1.23,Mrg09,92.8,0.129227718,1061.6
avgbs_114373.1.36,Mrg09,93,0.08063371,1061.8
avgbs_cluster_10588.1.18,Mrg09,94.6,0.459877092,1063.4
avgbs_cluster_10588.1.60,Mrg09,94.6,0.459877092,1063.4
avgbs_98336.1.44,Mrg09,94.9,0.043480917,1063.7
avgbs_24711.1.13,Mrg09,96.5,0,1065.3
avgbs_6847.1.32,Mrg09,96.8,0.616265487,1065.6
avgbs_8444.1.29,Mrg09,98.1,0.087653234,1066.9
avgbs_cluster_9592.1.62,Mrg09,98.1,0.6025381,1066.9
avgbs_126333.1.20,Mrg09,100,0.074687812,1068.8
avgbs_cluster_40044.1.64,Mrg09,100.1,0,1068.9
avgbs_38609.1.6,Mrg09,101.2,0,1070
avgbs_cluster_9832.1.53,Mrg09,101.5,0.061070609,1070.3
avgbs_121013.1.43,Mrg09,101.8,0,1070.6
avgbs_cluster_2502.1.26,Mrg09,101.8,0.052187457,1070.6
avgbs_118051.1.17,Mrg09,103.8,0,1072.6
avgbs_120415.1.15,Mrg09,103.8,0,1072.6
avgbs_1217.1.11,Mrg09,103.8,0,1072.6
avgbs_20545.1.56,Mrg09,103.8,0,1072.6
avgbs_70400.1.25,Mrg09,103.8,0.255337438,1072.6
avgbs_98842.1.56,Mrg09,103.8,0.426402875,1072.6
avgbs_cluster_33791.1.37,Mrg09,103.8,0.9713695,1072.6
avgbs_cluster_5018.1.50,Mrg09,103.8,0,1072.6
avgbs_cluster_9832.1.49,Mrg09,103.8,0,1072.6
avgbs_cluster_40070.1.36,Mrg09,109,0.778460015,1077.8
avgbs_99655.1.51,Mrg09,110.5,0.23363467,1079.3
avgbs_117283.1.51,Mrg09,111.3,0.173209366,1080.1
avgbs_125292.1.17,Mrg09,111.3,0.439861675,1080.1
avgbs_75366.1.20,Mrg09,111.3,0.419318903,1080.1
avgbs_cluster_783.1.59,Mrg09,111.3,0,1080.1
avgbs_cluster_5467.1.37,Mrg09,111.4,0.219864884,1080.2
avgbs_115091.1.62,Mrg09,111.7,0.317847727,1080.5
avgbs_15000.1.22,Mrg09,111.7,1.283257247,1080.5
avgbs_15807.1.37,Mrg09,111.7,1.57184038,1080.5
avgbs_98816.1.14,Mrg09,111.7,0.715481795,1080.5
avgbs_cluster_2290.1.26,Mrg09,111.7,0.317847727,1080.5
avgbs_cluster_2290.1.51,Mrg09,111.7,0.317847727,1080.5
avgbs_cluster_32721.1.44,Mrg09,111.7,0.703723439,1080.5
avgbs_cluster_32721.1.62,Mrg09,111.7,0.703723439,1080.5
avgbs_cluster_34422.1.40,Mrg09,111.7,0,1080.5
avgbs_cluster_34422.1.44,Mrg09,111.7,0,1080.5
avgbs_cluster_7383.1.6,Mrg09,111.7,0.888266139,1080.5
avgbs_cluster_7383.1.7,Mrg09,111.7,0.888266139,1080.5
avgbs_110740.1.24,Mrg09,112,0.628305019,1080.8
avgbs_cluster_25913.1.32,Mrg09,115.6,0.156849923,1084.4
avgbs_107328.1.50,Mrg09,116.2,3.116351964,1085
avgbs_64382.1.52,Mrg09,116.2,0,1085
avgbs_6K_24823.1.63,Mrg09,116.2,0,1085
avgbs_86209.1.24,Mrg09,116.2,0,1085
avgbs_cluster_7006.1.31,Mrg09,116.2,1.20881914,1085
avgbs_cluster_7006.1.53,Mrg09,116.2,0,1085
avgbs_120585.1.47,Mrg09,116.4,0.42550961,1085.2
avgbs_14244.1.55,Mrg09,116.4,0.459703966,1085.2
avgbs_93021.1.16,Mrg09,116.4,0.390758909,1085.2
avgbs_cluster_36014.1.46,Mrg09,116.4,0,1085.2
avgbs_16988.1.46,Mrg09,121.6,0,1090.4
avgbs_82920.1.60,Mrg09,121.6,0.271664069,1090.4
avgbs_cluster_3113.1.64,Mrg09,121.6,0.399381764,1090.4
avgbs_cluster_40851.1.37,Mrg09,121.6,0.220589688,1090.4
avgbs_cluster_43850.1.22,Mrg09,123.6,0.73552005,1092.4
avgbs_113001.1.25,Mrg09,125.7,0.64300606,1094.5
avgbs_116795.1.25,Mrg09,125.7,0,1094.5
avgbs_82618.1.13,Mrg09,125.7,0,1094.5
avgbs_92653.1.30,Mrg09,125.7,1.17663315,1094.5
avgbs_93209.1.8,Mrg09,125.7,1.286254479,1094.5
avgbs_cluster_1307.1.12,Mrg09,125.7,0,1094.5
avgbs_cluster_1307.1.26,Mrg09,125.7,0,1094.5
avgbs_cluster_1307.1.41,Mrg09,125.7,1.063940142,1094.5
avgbs_cluster_22090.1.49,Mrg09,125.7,0.271304532,1094.5
avgbs_cluster_38994.1.14,Mrg09,125.7,0,1094.5
avgbs_cluster_7193.1.26,Mrg09,125.7,0,1094.5
avgbs_22059.1.9,Mrg09,129,0.701315865,1097.8
avgbs_5020.1.39,Mrg09,129,1.242496952,1097.8
avgbs_cluster_39105.1.17,Mrg09,129,1.000161728,1097.8
avgbs_cluster_39105.1.46,Mrg09,129,1.000161728,1097.8
avgbs_cluster_40607.1.11,Mrg09,130.4,1.179963049,1099.2
avgbs_6K_11246.1.52,Mrg09,131.6,0.027032729,1100.4
avgbs_96746.1.61,Mrg09,131.6,1.061727371,1100.4
avgbs_cluster_27561.1.15,Mrg09,131.6,0.744543609,1100.4
avgbs_cluster_40607.1.40,Mrg09,132.2,0.695021158,1101
avgbs_122292.1.52,Mrg09,132.7,0.039064329,1101.5
avgbs_21159.1.53,Mrg09,132.7,0.047738606,1101.5
avgbs_8429.1.42,Mrg09,132.7,0,1101.5
avgbs_98142.1.36,Mrg09,132.7,1.319195262,1101.5
avgbs_cluster_20532.1.34,Mrg09,132.7,1.003137546,1101.5
avgbs_cluster_3944.2.34,Mrg09,132.7,0,1101.5
avgbs_120526.1.11,Mrg09,135.5,0.041398796,1104.3
avgbs_113703.1.16,Mrg09,138.3,0,1107.1
avgbs_59269.1.25,Mrg11,3.7,0.43177944,1110.8
avgbs_92448.1.22,Mrg11,3.7,0.053394858,1110.8
avgbs_cluster_1130.1.21,Mrg11,3.7,0.117518553,1110.8
avgbs_cluster_11885.1.13,Mrg11,3.7,0,1110.8
avgbs_cluster_11885.1.22,Mrg11,3.7,0,1110.8
avgbs_cluster_11885.1.28,Mrg11,3.7,0,1110.8
avgbs_cluster_18659.1.33,Mrg11,3.7,0.289291422,1110.8
avgbs_cluster_636.1.56,Mrg11,3.7,0.045509842,1110.8
avgbs_108663.1.20,Mrg11,4.6,0.109327032,1111.7
avgbs_cluster_7079.1.27,Mrg11,6.7,0.080770886,1113.8
avgbs_cluster_17716.1.38,Mrg11,6.8,0.025889763,1113.9
avgbs_100653.1.9,Mrg11,7.2,0.489303578,1114.3
avgbs_42869.1.46,Mrg11,7.2,0.159674221,1114.3
avgbs_cluster_6340.1.12,Mrg11,7.4,0.05423705,1114.5
avgbs_10571.1.51,Mrg11,8.8,0.005161981,1115.9
avgbs_108649.1.11,Mrg11,8.8,0,1115.9
avgbs_108794.1.8,Mrg11,8.8,0,1115.9
avgbs_108953.1.30,Mrg11,8.8,0,1115.9
avgbs_110738.1.58,Mrg11,8.8,0,1115.9
avgbs_121984.1.9,Mrg11,8.8,0,1115.9
avgbs_19636.1.44,Mrg11,8.8,0.037721503,1115.9
avgbs_22737.1.12,Mrg11,8.8,0.45444324,1115.9
avgbs_28116.1.33,Mrg11,8.8,0,1115.9
avgbs_44737.1.27,Mrg11,8.8,0.633500599,1115.9
avgbs_6K_5806.1.14,Mrg11,8.8,0.239053177,1115.9
avgbs_6K_79511.1.62,Mrg11,8.8,0.277657656,1115.9
avgbs_72120.1.27,Mrg11,8.8,0.056853365,1115.9
avgbs_7875.1.61,Mrg11,8.8,0,1115.9
avgbs_7925.1.34,Mrg11,8.8,0.307790011,1115.9
avgbs_80009.1.7,Mrg11,8.8,0,1115.9
avgbs_88984.1.61,Mrg11,8.8,0.290418391,1115.9
avgbs_cluster_1508.1.7,Mrg11,8.8,0.461508607,1115.9
avgbs_cluster_1858.1.29,Mrg11,8.8,0.290688754,1115.9
avgbs_cluster_21471.1.15,Mrg11,8.8,0.692326227,1115.9
avgbs_cluster_23834.1.26,Mrg11,8.8,0.136840313,1115.9
avgbs_cluster_23834.1.49,Mrg11,8.8,0.136840313,1115.9
avgbs_cluster_23834.1.61,Mrg11,8.8,0.136840313,1115.9
avgbs_cluster_3081.1.15,Mrg11,8.8,0,1115.9
avgbs_cluster_3081.1.52,Mrg11,8.8,0,1115.9
avgbs_cluster_31841.1.17,Mrg11,8.8,1.153174488,1115.9
avgbs_cluster_34008.1.24,Mrg11,8.8,0,1115.9
avgbs_cluster_39223.1.37,Mrg11,8.8,0.247373259,1115.9
avgbs_cluster_39223.1.8,Mrg11,8.8,0.032898372,1115.9
avgbs_cluster_21527.1.56,Mrg11,9.7,0.074199945,1116.8
avgbs_18689.1.29,Mrg11,9.8,0.08046524,1116.9
avgbs_19207.1.58,Mrg11,9.8,0.410441998,1116.9
avgbs_81987.1.50,Mrg11,9.8,0.089293799,1116.9
avgbs_cluster_13857.1.17,Mrg11,9.8,0,1116.9
avgbs_cluster_22037.1.47,Mrg11,9.8,0,1116.9
avgbs_cluster_39187.1.15,Mrg11,9.8,0.13496852,1116.9
avgbs_cluster_39187.1.31,Mrg11,9.8,0.604104344,1116.9
avgbs_cluster_39670.1.32,Mrg11,9.8,0.049725788,1116.9
avgbs_cluster_4829.1.11,Mrg11,9.8,0.103525776,1116.9
avgbs_cluster_4829.1.6,Mrg11,9.8,0.103525776,1116.9
avgbs_1107.1.19,Mrg11,12.3,0,1119.4
avgbs_70019.1.41,Mrg11,12.3,0,1119.4
avgbs_cluster_29174.1.26,Mrg11,12.3,0.80715293,1119.4
avgbs_cluster_9314.1.53,Mrg11,12.3,0,1119.4
avgbs_cluster_9314.1.54,Mrg11,12.3,0,1119.4
avgbs_cluster_9314.1.8,Mrg11,12.3,0,1119.4
avgbs_cluster_9922.1.31,Mrg11,12.3,0.116547786,1119.4
avgbs_87696.1.50,Mrg11,13.7,0.787548058,1120.8
avgbs_72130.1.24,Mrg11,14.4,0.070425756,1121.5
avgbs_cluster_5099.1.14,Mrg11,21.4,0.243632555,1128.5
avgbs_cluster_5099.1.31,Mrg11,21.4,0.243632555,1128.5
avgbs_cluster_5099.1.34,Mrg11,21.4,0.243632555,1128.5
avgbs_219191.1.21,Mrg11,21.9,0.008204143,1129
avgbs_56119.1.54,Mrg11,21.9,0.276591063,1129
avgbs_cluster_19249.1.23,Mrg11,21.9,0.248854448,1129
avgbs_cluster_394.1.56,Mrg11,21.9,0.350641431,1129
avgbs_cluster_7691.1.34,Mrg11,21.9,0.150959358,1129
avgbs_12552.1.22,Mrg11,22.3,0,1129.4
avgbs_75454.1.21,Mrg11,22.3,0,1129.4
avgbs_cluster_6528.1.57,Mrg11,22.3,0.141660447,1129.4
avgbs_cluster_39498.1.63,Mrg11,22.4,0.344158101,1129.5
avgbs_cluster_39498.1.64,Mrg11,22.4,0.344158101,1129.5
avgbs_cluster_4207.1.47,Mrg11,22.4,0.574313293,1129.5
avgbs_cluster_10630.1.36,Mrg11,23,0,1130.1
avgbs_cluster_8928.1.52,Mrg11,23,0,1130.1
avgbs_cluster_37489.1.19,Mrg11,24.9,0.38682173,1132
avgbs_cluster_67837.1.30,Mrg11,25.1,0.14014063,1132.2
avgbs_cluster_67837.1.40,Mrg11,25.1,0.14014063,1132.2
avgbs_cluster_67837.1.58,Mrg11,25.1,0.14014063,1132.2
avgbs_cluster_25124.1.46,Mrg11,25.2,0.131746282,1132.3
avgbs_1406.1.21,Mrg11,26,0.791376126,1133.1
avgbs_46776.1.58,Mrg11,26,0.075977368,1133.1
avgbs_cluster_29596.1.29,Mrg11,26,0.665316811,1133.1
avgbs_cluster_32840.1.16,Mrg11,26,1.312149235,1133.1
avgbs_cluster_32840.1.17,Mrg11,26,1.312149235,1133.1
avgbs_cluster_32840.1.20,Mrg11,26,1.312149235,1133.1
avgbs_98931.1.10,Mrg11,28.6,0.421147223,1135.7
avgbs_cluster_37648.1.13,Mrg11,28.6,0.294738431,1135.7
avgbs_cluster_37648.1.35,Mrg11,28.6,0.294738431,1135.7
avgbs_cluster_4347.1.61,Mrg11,28.6,0.458904095,1135.7
avgbs_cluster_4347.1.62,Mrg11,28.6,0.458904095,1135.7
avgbs_cluster_4347.1.64,Mrg11,28.6,0.458904095,1135.7
avgbs_10497.1.7,Mrg11,31,0.121198607,1138.1
avgbs_cluster_1088.1.13,Mrg11,31.9,0.104984797,1139
avgbs_122900.1.33,Mrg11,32,0.076996816,1139.1
avgbs_35197.1.12,Mrg11,32.1,0.126049804,1139.2
avgbs_122898.1.28,Mrg11,32.4,0.813760525,1139.5
avgbs_14330.1.19,Mrg11,32.4,0.004151288,1139.5
avgbs_19876.1.34,Mrg11,32.4,0.165885217,1139.5
avgbs_43711.1.18,Mrg11,32.4,0.205492378,1139.5
avgbs_cluster_21554.1.41,Mrg11,32.4,0.172590567,1139.5
avgbs_cluster_37771.1.24,Mrg11,32.4,1.214487136,1139.5
avgbs_cluster_40448.1.62,Mrg11,32.4,0.188920142,1139.5
avgbs_cluster_35530.1.23,Mrg11,33.7,0,1140.8
avgbs_62906.1.35,Mrg11,39.2,0.079813485,1146.3
avgbs_72745.1.36,Mrg11,39.2,0.443681759,1146.3
avgbs_86297.1.53,Mrg11,39.2,0,1146.3
avgbs_cluster_11648.1.36,Mrg11,39.2,0,1146.3
avgbs_cluster_29598.1.45,Mrg11,39.2,0,1146.3
avgbs_90649.1.53,Mrg11,40.8,0,1147.9
avgbs_cluster_30809.1.14,Mrg11,41.2,0.007443192,1148.3
avgbs_cluster_26009.1.19,Mrg11,41.3,1.271792848,1148.4
avgbs_6K_85867.1.13,Mrg11,42,0.275503092,1149.1
avgbs_114952.1.16,Mrg11,45.6,0.087291842,1152.7
avgbs_120941.1.43,Mrg11,45.6,0.681247268,1152.7
avgbs_4282.1.16,Mrg11,45.6,0.065234028,1152.7
avgbs_67597.1.56,Mrg11,45.6,0.313509118,1152.7
avgbs_8093.1.39,Mrg11,45.6,0,1152.7
avgbs_93787.1.58,Mrg11,45.6,0.166238953,1152.7
avgbs_cluster_18129.1.6,Mrg11,45.6,0.290234549,1152.7
avgbs_cluster_23392.1.12,Mrg11,45.6,0.039030387,1152.7
avgbs_cluster_23392.1.60,Mrg11,45.6,0,1152.7
avgbs_cluster_768.1.26,Mrg11,45.6,0.178014338,1152.7
avgbs_cluster_11411.1.34,Mrg11,48.6,0,1155.7
avgbs_106717.1.59,Mrg11,48.8,0,1155.9
avgbs_115640.1.18,Mrg11,48.8,0.144530284,1155.9
avgbs_36473.1.21,Mrg11,48.8,0.305823946,1155.9
avgbs_45653.1.54,Mrg11,48.8,0.106695464,1155.9
avgbs_80438.1.33,Mrg11,48.8,0,1155.9
avgbs_cluster_27123.1.38,Mrg11,48.8,0.19498138,1155.9
avgbs_cluster_31914.1.16,Mrg11,48.8,0.00780997,1155.9
avgbs_cluster_34295.1.47,Mrg11,48.8,0.079199081,1155.9
avgbs_cluster_34295.1.9,Mrg11,48.8,0.079199081,1155.9
avgbs_cluster_5308.1.36,Mrg11,48.8,0,1155.9
avgbs_72741.1.47,Mrg11,49.8,0.115409553,1156.9
avgbs_112129.1.44,Mrg11,51,0.053243993,1158.1
avgbs_40418.1.23,Mrg11,51.4,0.031343019,1158.5
avgbs_119467.1.15,Mrg11,52.8,0.452687795,1159.9
avgbs_125968.1.14,Mrg11,52.8,0.233057985,1159.9
avgbs_20863.1.38,Mrg11,52.8,0.342205624,1159.9
avgbs_24994.1.43,Mrg11,52.8,0.156939718,1159.9
avgbs_80337.1.37,Mrg11,52.8,0.105228256,1159.9
avgbs_cluster_16683.1.12,Mrg11,52.8,0,1159.9
avgbs_cluster_16683.1.34,Mrg11,52.8,0.119772954,1159.9
avgbs_cluster_1859.1.56,Mrg11,52.8,0.326725352,1159.9
avgbs_cluster_20089.1.45,Mrg11,52.8,0.31134428,1159.9
avgbs_cluster_21829.1.28,Mrg11,52.8,0.298297699,1159.9
avgbs_cluster_21829.1.56,Mrg11,52.8,0.298297699,1159.9
avgbs_cluster_26676.1.57,Mrg11,52.8,0.384999144,1159.9
avgbs_cluster_28219.1.42,Mrg11,52.8,0.052578844,1159.9
avgbs_cluster_32456.1.17,Mrg11,52.8,0.442074511,1159.9
avgbs_cluster_3706.1.61,Mrg11,52.8,0,1159.9
avgbs_cluster_3706.1.63,Mrg11,52.8,0,1159.9
avgbs_cluster_3706.1.64,Mrg11,52.8,0,1159.9
avgbs_cluster_37225.1.45,Mrg11,52.8,0.096055274,1159.9
avgbs_cluster_4986.1.49,Mrg11,52.8,0.227311988,1159.9
avgbs_cluster_9085.1.25,Mrg11,52.8,0.07927538,1159.9
avgbs_cluster_9085.1.56,Mrg11,52.8,0.07927538,1159.9
avgbs_cluster_35690.1.37,Mrg11,52.9,0.067585291,1160
avgbs_cluster_35690.1.52,Mrg11,52.9,0.067585291,1160
avgbs_111208.1.17,Mrg11,54,0.20656653,1161.1
avgbs_111823.1.36,Mrg11,54,0.230331697,1161.1
avgbs_117090.1.10,Mrg11,54,0.230331697,1161.1
avgbs_118512.1.14,Mrg11,54,0.043757682,1161.1
avgbs_125557.1.29,Mrg11,54,0,1161.1
avgbs_15539.1.22,Mrg11,54,0.040462739,1161.1
avgbs_19288.1.46,Mrg11,54,0.10477817,1161.1
avgbs_4173.1.9,Mrg11,54,0.259269049,1161.1
avgbs_86218.1.19,Mrg11,54,0.054023187,1161.1
avgbs_cluster_23283.1.36,Mrg11,54,0.057599647,1161.1
avgbs_cluster_33279.1.52,Mrg11,54,0.311237658,1161.1
avgbs_cluster_3416.1.44,Mrg11,54,0.601157061,1161.1
avgbs_cluster_37300.1.27,Mrg11,54,0.211982414,1161.1
avgbs_cluster_38659.1.50,Mrg11,54,0.028957075,1161.1
avgbs_28706.1.56,Mrg11,56.3,0.19300776,1163.4
avgbs_cluster_3240.1.61,Mrg11,56.9,0.149337987,1164
avgbs_120781.1.43,Mrg11,60.5,0.263639403,1167.6
avgbs_20182.1.20,Mrg11,60.5,0.040462739,1167.6
avgbs_8617.1.25,Mrg11,60.5,0.00088089,1167.6
avgbs_cluster_13871.1.32,Mrg11,60.5,0.000567049,1167.6
avgbs_74894.1.35,Mrg11,65.9,0.027721216,1173
avgbs_cluster_37716.1.25,Mrg11,65.9,0.015718196,1173
avgbs_cluster_5464.1.22,Mrg11,65.9,0.053127195,1173
avgbs_cluster_5464.1.6,Mrg11,65.9,0.053127195,1173
avgbs_106518.1.49,Mrg11,67.5,0.086686332,1174.6
avgbs_cluster_6970.1.16,Mrg11,68.1,0.265208687,1175.2
avgbs_cluster_18120.1.50,Mrg11,68.6,0.230591673,1175.7
avgbs_cluster_8014.1.48,Mrg11,68.6,0.004474441,1175.7
avgbs_89343.1.17,Mrg11,68.8,0.23540932,1175.9
avgbs_104361.1.20,Mrg11,69.5,0.592909156,1176.6
avgbs_217815.1.59,Mrg11,69.5,0.044137656,1176.6
avgbs_25598.1.35,Mrg11,69.5,0.368788453,1176.6
avgbs_35775.1.18,Mrg11,69.5,0,1176.6
avgbs_85333.1.35,Mrg11,71.3,0.287678188,1178.4
avgbs_99879.1.40,Mrg11,73.2,0.507897965,1180.3
avgbs_cluster_3826.1.35,Mrg11,76.9,1.787063698,1184
avgbs_32986.1.32,Mrg11,77.8,1.16974424,1184.9
avgbs_53964.1.37,Mrg11,77.8,0,1184.9
avgbs_cluster_35525.1.23,Mrg11,81.4,0.229435525,1188.5
avgbs_cluster_35525.1.28,Mrg11,81.4,0.229435525,1188.5
avgbs_cluster_24973.1.11,Mrg11,82.2,0,1189.3
avgbs_cluster_24973.1.60,Mrg11,82.2,0,1189.3
avgbs_107338.1.7,Mrg11,86.9,0.187220131,1194
avgbs_117651.1.12,Mrg11,86.9,0.432867721,1194
avgbs_cluster_4486.1.32,Mrg11,87.6,0.233894937,1194.7
avgbs_87092.1.63,Mrg11,96.6,0.08426327,1203.7
avgbs_26094.1.9,Mrg11,98.8,0,1205.9
avgbs_cluster_28710.1.42,Mrg11,99.7,0.020275773,1206.8
avgbs_57417.1.19,Mrg11,100.9,0,1208
avgbs_87881.1.14,Mrg11,100.9,0.245049944,1208
avgbs_105110.1.43,Mrg11,106.7,0.764019313,1213.8
avgbs_cluster_20419.1.48,Mrg11,107.9,0,1215
avgbs_118291.1.41,Mrg11,108.6,0.059461015,1215.7
avgbs_201095.1.7,Mrg11,108.6,0.165608524,1215.7
avgbs_20315.1.36,Mrg11,108.6,0.428883641,1215.7
avgbs_33790.1.50,Mrg11,108.6,0.280968178,1215.7
avgbs_74047.1.53,Mrg11,108.6,0.383666009,1215.7
avgbs_78620.1.27,Mrg11,108.6,0.056194714,1215.7
avgbs_93119.1.60,Mrg11,108.6,0.422529942,1215.7
avgbs_cluster_17902.1.6,Mrg11,108.6,0,1215.7
avgbs_cluster_24606.1.37,Mrg11,108.6,0.259105215,1215.7
avgbs_cluster_28668.1.43,Mrg11,108.6,0.327630017,1215.7
avgbs_cluster_33612.1.43,Mrg11,108.6,0.269840586,1215.7
avgbs_cluster_33612.1.61,Mrg11,108.6,0.269840586,1215.7
avgbs_cluster_40580.1.29,Mrg11,108.7,0.427111046,1215.8
avgbs_cluster_40580.1.42,Mrg11,108.7,0.427111046,1215.8
avgbs_cluster_37844.1.58,Mrg11,108.8,0.140880207,1215.9
avgbs_cluster_37844.1.59,Mrg11,108.8,0.140880207,1215.9
avgbs_40171.1.35,Mrg11,109.1,0.039916134,1216.2
avgbs_9399.1.9,Mrg12,4.2,0,1220.4
avgbs_cluster_22088.1.64,Mrg12,5.2,0.449048301,1221.4
avgbs_cluster_2337.1.34,Mrg12,14.1,0.236003744,1230.3
avgbs_cluster_34499.1.20,Mrg12,15.5,0.446162404,1231.7
avgbs_cluster_34499.1.30,Mrg12,15.5,0.275845487,1231.7
avgbs_cluster_8242.1.63,Mrg12,15.5,0.180074516,1231.7
avgbs_cluster_8242.1.64,Mrg12,15.5,0.180074516,1231.7
avgbs_cluster_8387.1.29,Mrg12,15.9,0.207478756,1232.1
avgbs_cluster_3424.1.25,Mrg12,16.5,0.360433971,1232.7
avgbs_cluster_3424.1.50,Mrg12,16.5,0.360433971,1232.7
avgbs_cluster_22372.1.63,Mrg12,17,0,1233.2
avgbs_cluster_22372.1.64,Mrg12,17,0,1233.2
avgbs_cluster_27917.1.34,Mrg12,17,0,1233.2
avgbs_cluster_38951.1.21,Mrg12,17,0.22879335,1233.2
avgbs_cluster_3989.1.46,Mrg12,17,0.347637998,1233.2
avgbs_cluster_4803.1.58,Mrg12,21.1,0.732984018,1237.3
avgbs_cluster_18373.1.28,Mrg12,21.2,0,1237.4
avgbs_51254.1.64,Mrg12,22,0.123311965,1238.2
avgbs_cluster_37531.1.52,Mrg12,22,0.123311965,1238.2
avgbs_cluster_37531.1.58,Mrg12,22,0.123311965,1238.2
avgbs_cluster_8177.1.15,Mrg12,22,0,1238.2
avgbs_cluster_8177.1.49,Mrg12,22,0,1238.2
avgbs_109949.1.35,Mrg12,25,0.206228644,1241.2
avgbs_32156.1.12,Mrg12,25,0,1241.2
avgbs_3255.1.29,Mrg12,25,0.511566498,1241.2
avgbs_cluster_20436.1.17,Mrg12,25,0.295232881,1241.2
avgbs_1850.1.28,Mrg12,26.4,0.294177653,1242.6
avgbs_32898.1.33,Mrg12,26.4,0.422306531,1242.6
avgbs_56598.1.26,Mrg12,26.4,0,1242.6
avgbs_cluster_207.1.7,Mrg12,26.4,0.70225753,1242.6
avgbs_cluster_41088.1.47,Mrg12,26.4,1.008491605,1242.6
avgbs_cluster_41088.1.48,Mrg12,26.4,1.008491605,1242.6
avgbs_79662.1.52,Mrg12,29.5,0.120376192,1245.7
avgbs_9232.1.15,Mrg12,29.5,0.248141494,1245.7
avgbs_cluster_27996.1.45,Mrg12,29.5,0.303417829,1245.7
avgbs_cluster_36446.1.17,Mrg12,29.5,0.070589438,1245.7
avgbs_cluster_7423.1.63,Mrg12,29.5,0,1245.7
avgbs_93505.1.42,Mrg12,33.4,0.009848856,1249.6
avgbs_cluster_10038.1.25,Mrg12,33.4,0,1249.6
avgbs_cluster_10038.1.50,Mrg12,33.4,0,1249.6
avgbs_cluster_10038.1.6,Mrg12,33.4,0,1249.6
avgbs_cluster_2588.1.12,Mrg12,33.4,0.484931537,1249.6
avgbs_cluster_2588.1.13,Mrg12,33.4,0.484931537,1249.6
avgbs_cluster_32822.1.15,Mrg12,33.4,0.009848856,1249.6
avgbs_cluster_32822.1.54,Mrg12,33.4,0.009848856,1249.6
avgbs_125235.1.37,Mrg12,35.3,0.131595771,1251.5
avgbs_36024.1.46,Mrg12,35.3,0.027622368,1251.5
avgbs_cluster_15064.1.36,Mrg12,35.3,0.047752285,1251.5
avgbs_cluster_40765.1.58,Mrg12,35.3,0.04666533,1251.5
avgbs_cluster_40765.1.59,Mrg12,35.3,0.04666533,1251.5
avgbs_cluster_6159.1.50,Mrg12,35.3,0.058932802,1251.5
avgbs_cluster_48102.1.21,Mrg12,35.4,0,1251.6
avgbs_cluster_48102.1.64,Mrg12,35.4,0,1251.6
avgbs_cluster_6140.1.31,Mrg12,35.4,0.051999938,1251.6
avgbs_cluster_6140.1.54,Mrg12,35.4,0.179331015,1251.6
avgbs_99656.1.17,Mrg12,36.3,0.014429792,1252.5
avgbs_9119.1.43,Mrg12,37.5,0.109747248,1253.7
avgbs_cluster_22905.1.11,Mrg12,37.5,0.043484493,1253.7
avgbs_cluster_22905.1.16,Mrg12,37.5,0.043484493,1253.7
avgbs_cluster_22905.1.64,Mrg12,37.5,0.043484493,1253.7
avgbs_cluster_25.1.11,Mrg12,37.5,0.088868768,1253.7
avgbs_cluster_38947.1.40,Mrg12,37.5,0.314061208,1253.7
avgbs_6920.1.44,Mrg12,39.4,0,1255.6
avgbs_65788.1.47,Mrg12,40.2,0,1256.4
avgbs_cluster_24294.1.13,Mrg12,40.2,0,1256.4
avgbs_cluster_24294.1.22,Mrg12,40.2,0,1256.4
avgbs_cluster_40577.1.24,Mrg12,40.2,0.11342443,1256.4
avgbs_cluster_40577.1.26,Mrg12,40.2,0.11342443,1256.4
avgbs_cluster_24442.1.33,Mrg12,40.8,0,1257
avgbs_cluster_38719.1.45,Mrg12,40.9,0,1257.1
avgbs_cluster_38719.1.58,Mrg12,40.9,0,1257.1
avgbs_cluster_67454.1.12,Mrg12,40.9,0,1257.1
avgbs_cluster_67454.1.32,Mrg12,40.9,0,1257.1
avgbs_121511.1.50,Mrg12,41.4,0.324627162,1257.6
avgbs_cluster_1603.1.26,Mrg12,41.5,0.136434696,1257.7
avgbs_cluster_7061.1.59,Mrg12,41.5,0,1257.7
avgbs_104201.1.36,Mrg12,44.5,0,1260.7
avgbs_17219.1.39,Mrg12,44.5,0,1260.7
avgbs_69337.1.42,Mrg12,46.3,0,1262.5
avgbs_cluster_1043.1.64,Mrg12,46.3,0,1262.5
avgbs_cluster_1882.1.54,Mrg12,46.3,0,1262.5
avgbs_cluster_1882.1.57,Mrg12,46.3,0,1262.5
avgbs_cluster_43932.1.23,Mrg12,46.3,0,1262.5
avgbs_cluster_9144.1.12,Mrg12,51.8,0,1268
avgbs_cluster_10308.1.12,Mrg12,53.5,0.524861165,1269.7
avgbs_cluster_10308.1.29,Mrg12,53.5,0.512529874,1269.7
avgbs_cluster_3625.1.22,Mrg12,53.5,0,1269.7
avgbs_cluster_3625.1.63,Mrg12,53.5,0,1269.7
avgbs_cluster_3625.1.64,Mrg12,53.5,0,1269.7
avgbs_cluster_51068.1.30,Mrg12,53.5,0.497463289,1269.7
avgbs_cluster_51068.1.58,Mrg12,53.5,0.497463289,1269.7
avgbs_14000.1.30,Mrg12,55,0.434787274,1271.2
avgbs_40505.1.21,Mrg12,55,0.428212768,1271.2
avgbs_cluster_21550.1.54,Mrg12,55,0.562148635,1271.2
avgbs_cluster_21550.1.59,Mrg12,55,0.562148635,1271.2
avgbs_cluster_33909.1.54,Mrg12,55,0,1271.2
avgbs_cluster_39493.1.32,Mrg12,55,0.627039765,1271.2
avgbs_cluster_39493.1.59,Mrg12,55,0.627039765,1271.2
avgbs_93686.1.30,Mrg12,55.3,0,1271.5
avgbs_cluster_1719.1.49,Mrg12,55.8,0,1272
avgbs_cluster_27785.1.7,Mrg12,56.6,0.071311955,1272.8
avgbs_216179.1.21,Mrg12,56.7,0,1272.9
avgbs_78609.1.52,Mrg12,56.7,0.841823691,1272.9
avgbs_cluster_12209.1.28,Mrg12,56.7,0.215326667,1272.9
avgbs_cluster_12209.1.63,Mrg12,56.7,0.19765238,1272.9
avgbs_cluster_22902.1.50,Mrg12,56.7,1.256515781,1272.9
avgbs_cluster_33876.1.64,Mrg12,56.7,1.074497639,1272.9
avgbs_cluster_34797.1.26,Mrg12,56.7,0,1272.9
avgbs_cluster_37046.1.23,Mrg12,56.7,1.900967983,1272.9
avgbs_cluster_4680.1.42,Mrg12,56.7,0.040709538,1272.9
avgbs_18560.1.37,Mrg12,57.8,0.216947738,1274
avgbs_18695.1.25,Mrg12,57.8,1.501925365,1274
avgbs_78641.1.7,Mrg12,57.8,0,1274
avgbs_99832.1.18,Mrg12,57.8,0.70827795,1274
avgbs_cluster_26039.1.15,Mrg12,57.8,0,1274
avgbs_27490.1.64,Mrg12,58.5,0.667207531,1274.7
avgbs_cluster_3072.1.47,Mrg12,58.5,0,1274.7
avgbs_11416.1.38,Mrg12,63.5,0.162686671,1279.7
avgbs_120693.1.45,Mrg12,63.5,0.533239755,1279.7
avgbs_66465.1.18,Mrg12,63.5,0.857121236,1279.7
avgbs_77952.1.30,Mrg12,63.5,0.330267023,1279.7
avgbs_84971.1.26,Mrg12,63.5,0.009335366,1279.7
avgbs_86291.1.40,Mrg12,63.5,0,1279.7
avgbs_89013.1.17,Mrg12,63.5,0.216816721,1279.7
avgbs_91688.1.26,Mrg12,63.5,0.162686671,1279.7
avgbs_91792.1.60,Mrg12,63.5,0,1279.7
avgbs_cluster_1081.1.11,Mrg12,63.5,0.18993348,1279.7
avgbs_cluster_13959.1.27,Mrg12,63.5,0,1279.7
avgbs_cluster_19199.1.44,Mrg12,63.5,0.305624124,1279.7
avgbs_cluster_19199.1.58,Mrg12,63.5,0.305624124,1279.7
avgbs_cluster_30245.2.38,Mrg12,63.5,0.616743928,1279.7
avgbs_cluster_35174.1.14,Mrg12,63.5,0.582270124,1279.7
avgbs_cluster_35174.1.43,Mrg12,63.5,0.141657705,1279.7
avgbs_cluster_35174.1.49,Mrg12,63.5,0.582270124,1279.7
avgbs_cluster_36176.1.10,Mrg12,63.5,0,1279.7
avgbs_cluster_36176.1.37,Mrg12,63.5,0,1279.7
avgbs_cluster_36815.1.8,Mrg12,63.5,0.229120937,1279.7
avgbs_cluster_27931.1.40,Mrg12,66,0,1282.2
avgbs_96243.1.38,Mrg12,67.8,0.054236228,1284
avgbs_96887.1.17,Mrg12,67.8,0.139027274,1284
avgbs_cluster_18143.1.11,Mrg12,67.8,0.923668517,1284
avgbs_cluster_16919.1.12,Mrg12,68.1,0,1284.3
avgbs_cluster_16919.1.36,Mrg12,68.1,0,1284.3
avgbs_cluster_40874.1.33,Mrg12,71,0,1287.2
avgbs_cluster_67921.1.23,Mrg12,71.8,0.275362582,1288
avgbs_cluster_67921.1.38,Mrg12,71.8,0.275362582,1288
avgbs_cluster_67921.1.6,Mrg12,71.8,0.275362582,1288
avgbs_14933.1.43,Mrg12,78.5,0.018627995,1294.7
avgbs_cluster_14670.1.22,Mrg12,84.5,0.890570176,1300.7
avgbs_cluster_14670.1.27,Mrg12,84.5,0.890570176,1300.7
avgbs_cluster_14670.1.31,Mrg12,84.5,0.890570176,1300.7
avgbs_cluster_6899.1.20,Mrg12,84.7,1.065499077,1300.9
avgbs_120401.1.32,Mrg12,86,0.633472964,1302.2
avgbs_cluster_7196.1.6,Mrg12,102.6,0.14581242,1318.8
avgbs_118666.1.41,Mrg12,104.4,0.420300053,1320.6
avgbs_84996.1.62,Mrg12,104.7,0.080196049,1320.9
avgbs_6K_92246.1.58,Mrg12,107.9,0.941370862,1324.1
avgbs_52033.1.50,Mrg12,109.3,0.178968851,1325.5
avgbs_cluster_3848.1.53,Mrg12,117.5,0,1333.7
avgbs_cluster_3848.1.63,Mrg12,117.5,0,1333.7
avgbs_cluster_19880.1.12,Mrg12,119.4,0.014348455,1335.6
avgbs_25339.1.21,Mrg13,6.2,0.592364343,1341.8
avgbs_38361.1.16,Mrg13,6.2,0.182452095,1341.8
avgbs_5065.1.28,Mrg13,6.2,0.24390554,1341.8
avgbs_63849.1.27,Mrg13,6.2,0.086872206,1341.8
avgbs_8308.1.37,Mrg13,6.2,0.422155507,1341.8
avgbs_9480.1.50,Mrg13,6.2,0.003745837,1341.8
avgbs_cluster_16203.1.64,Mrg13,6.2,0.634535968,1341.8
avgbs_cluster_7251.1.15,Mrg13,7.8,0.545686264,1343.4
avgbs_cluster_7251.1.34,Mrg13,7.8,0.545686264,1343.4
avgbs_cluster_7251.1.55,Mrg13,7.8,0.158381493,1343.4
avgbs_119576.1.9,Mrg13,8.6,0.59735506,1344.2
avgbs_4262.1.15,Mrg13,16.2,0.952350287,1351.8
avgbs_19742.1.14,Mrg13,16.9,0.650259052,1352.5
avgbs_17202.1.57,Mrg13,18.2,0.29747257,1353.8
avgbs_87226.1.31,Mrg13,18.2,0,1353.8
avgbs_cluster_32801.1.29,Mrg13,18.2,0,1353.8
avgbs_cluster_32801.1.59,Mrg13,18.2,0,1353.8
avgbs_16827.1.57,Mrg13,18.5,1.290508888,1354.1
avgbs_56187.1.39,Mrg13,26.2,0.113835085,1361.8
avgbs_cluster_20815.1.15,Mrg13,29,0,1364.6
avgbs_cluster_20815.1.23,Mrg13,29,1.366815123,1364.6
avgbs_1921.1.51,Mrg13,29.7,0.297076934,1365.3
avgbs_35495.1.59,Mrg13,29.7,0.365909466,1365.3
avgbs_cluster_11206.1.8,Mrg13,29.7,0.575991875,1365.3
avgbs_11478.1.57,Mrg13,31,0.66226296,1366.6
avgbs_118072.1.19,Mrg13,31,0.023203267,1366.6
avgbs_14660.1.27,Mrg13,31,0.210376205,1366.6
avgbs_51305.1.20,Mrg13,31,0.715428401,1366.6
avgbs_84942.1.34,Mrg13,31,1.035168202,1366.6
avgbs_cluster_30488.1.6,Mrg13,31,1.310012756,1366.6
avgbs_11575.1.25,Mrg13,32.8,0,1368.4
avgbs_111008.1.15,Mrg13,35.9,0.662162313,1371.5
avgbs_111778.1.34,Mrg13,35.9,0.604817024,1371.5
avgbs_118428.1.20,Mrg13,35.9,0,1371.5
avgbs_16839.1.28,Mrg13,35.9,0.428573425,1371.5
avgbs_20926.1.16,Mrg13,35.9,0.214519101,1371.5
avgbs_26723.1.29,Mrg13,35.9,0.040473358,1371.5
avgbs_35747.1.6,Mrg13,35.9,0.633801005,1371.5
avgbs_46182.1.38,Mrg13,35.9,1.400250142,1371.5
avgbs_53370.1.19,Mrg13,35.9,0.715428401,1371.5
avgbs_80845.1.23,Mrg13,35.9,0.57902994,1371.5
avgbs_82220.1.16,Mrg13,35.9,0.421305021,1371.5
avgbs_91957.1.55,Mrg13,35.9,0.71141261,1371.5
avgbs_94095.1.23,Mrg13,35.9,0.792215813,1371.5
avgbs_96769.1.27,Mrg13,35.9,0.649485848,1371.5
avgbs_cluster_13517.1.12,Mrg13,35.9,0.901570024,1371.5
avgbs_cluster_13517.1.20,Mrg13,35.9,0.901570024,1371.5
avgbs_cluster_21110.1.6,Mrg13,35.9,0.672430145,1371.5
avgbs_cluster_2822.1.53,Mrg13,35.9,0.649485848,1371.5
avgbs_cluster_2822.1.63,Mrg13,35.9,0.649485848,1371.5
avgbs_cluster_35390.1.60,Mrg13,35.9,0.398314964,1371.5
avgbs_cluster_41063.1.18,Mrg13,35.9,0,1371.5
avgbs_cluster_8375.1.10,Mrg13,35.9,0.180443755,1371.5
avgbs_111450.1.50,Mrg13,36.7,0.221052095,1372.3
avgbs_25328.1.58,Mrg13,36.7,0.560134079,1372.3
avgbs_cluster_21695.1.14,Mrg13,36.7,0.613748001,1372.3
avgbs_cluster_35268.1.12,Mrg13,36.7,0.020642304,1372.3
avgbs_cluster_35381.1.25,Mrg13,36.7,0.531425849,1372.3
avgbs_cluster_37037.1.49,Mrg13,36.7,0.552701425,1372.3
avgbs_cluster_38167.1.64,Mrg13,36.7,0.57902994,1372.3
avgbs_cluster_41005.1.48,Mrg13,36.7,0.13176444,1372.3
avgbs_cluster_3578.1.57,Mrg13,37.9,0.334850573,1373.5
avgbs_110326.1.28,Mrg13,39.4,0.57902994,1375
avgbs_124127.1.31,Mrg13,39.4,0.188666964,1375
avgbs_125646.1.33,Mrg13,39.4,0.628102449,1375
avgbs_217956.1.9,Mrg13,39.4,0.650165204,1375
avgbs_28429.1.53,Mrg13,39.4,0.649485848,1375
avgbs_35568.1.60,Mrg13,39.4,0,1375
avgbs_53177.1.43,Mrg13,39.4,0.723576693,1375
avgbs_6141.1.31,Mrg13,39.4,0,1375
avgbs_97143.1.43,Mrg13,39.4,0.754290385,1375
avgbs_cluster_21454.1.51,Mrg13,39.4,0.433607572,1375
avgbs_cluster_23231.1.38,Mrg13,39.4,0,1375
avgbs_cluster_23231.1.46,Mrg13,39.4,0.457190752,1375
avgbs_cluster_37140.1.50,Mrg13,39.4,0.655916643,1375
avgbs_cluster_37140.1.57,Mrg13,39.4,0.57902994,1375
avgbs_cluster_40726.1.12,Mrg13,39.4,0.207646992,1375
avgbs_cluster_40726.1.22,Mrg13,39.4,0.207646992,1375
avgbs_125072.1.39,Mrg13,39.5,1.400250142,1375.1
avgbs_124157.1.45,Mrg13,40.3,0.1993616,1375.9
avgbs_cluster_257.1.6,Mrg13,40.3,0.640068251,1375.9
avgbs_cluster_257.1.7,Mrg13,40.3,0.874168233,1375.9
avgbs_cluster_35432.1.49,Mrg13,40.3,0.131902741,1375.9
avgbs_202296.1.50,Mrg13,40.8,0.46546868,1376.4
avgbs_71612.1.57,Mrg13,40.8,0.270183392,1376.4
avgbs_9069.1.20,Mrg13,40.8,0.206129437,1376.4
avgbs_cluster_22249.1.59,Mrg13,40.8,0.08172636,1376.4
avgbs_cluster_37169.1.11,Mrg13,40.8,0.231854332,1376.4
avgbs_13956.1.59,Mrg13,41.2,0.011869941,1376.8
avgbs_35442.1.56,Mrg13,41.2,0.079266368,1376.8
avgbs_66996.1.51,Mrg13,41.2,0.188483401,1376.8
avgbs_7031.1.18,Mrg13,41.2,0.035261087,1376.8
avgbs_cluster_12779.1.44,Mrg13,41.2,0.071694473,1376.8
avgbs_cluster_12779.1.46,Mrg13,41.2,0.071694473,1376.8
avgbs_cluster_37368.1.56,Mrg13,41.2,0.091879243,1376.8
avgbs_10572.1.18,Mrg13,41.6,0.067807603,1377.2
avgbs_117942.1.44,Mrg13,41.6,0.127044136,1377.2
avgbs_cluster_298.1.54,Mrg13,41.6,0,1377.2
avgbs_cluster_298.1.64,Mrg13,41.6,0,1377.2
avgbs_cluster_3457.1.20,Mrg13,41.6,0.067807603,1377.2
avgbs_cluster_3457.1.54,Mrg13,41.6,0.067807603,1377.2
avgbs_cluster_3457.1.61,Mrg13,41.6,0.067807603,1377.2
avgbs_115202.1.60,Mrg13,42.1,0.050579603,1377.7
avgbs_1153.1.63,Mrg13,42.1,0.058348223,1377.7
avgbs_119258.1.20,Mrg13,42.1,0.005822588,1377.7
avgbs_124282.1.64,Mrg13,42.1,0.068817474,1377.7
avgbs_124585.1.38,Mrg13,42.1,0.296818101,1377.7
avgbs_124641.1.11,Mrg13,42.1,0.045657902,1377.7
avgbs_126322.1.26,Mrg13,42.1,0.12268509,1377.7
avgbs_207563.1.64,Mrg13,42.1,0.340284503,1377.7
avgbs_208123.1.40,Mrg13,42.1,0.115333262,1377.7
avgbs_71702.1.42,Mrg13,42.1,0.158763268,1377.7
avgbs_85582.1.39,Mrg13,42.1,0.29080479,1377.7
avgbs_86555.1.7,Mrg13,42.1,0.2422091,1377.7
avgbs_88448.1.46,Mrg13,42.1,0.218267937,1377.7
avgbs_99900.1.15,Mrg13,42.1,0.050579603,1377.7
avgbs_cluster_22114.1.28,Mrg13,42.1,0.023546301,1377.7
avgbs_cluster_95.1.64,Mrg13,42.6,0.443841385,1378.2
avgbs_109799.1.19,Mrg13,44.6,0.345634716,1380.2
avgbs_120174.1.18,Mrg13,44.6,0.813501739,1380.2
avgbs_cluster_25883.1.44,Mrg13,44.6,0.640564353,1380.2
avgbs_cluster_26923.1.7,Mrg13,44.6,0.339863968,1380.2
avgbs_cluster_26923.1.8,Mrg13,44.6,0.339863968,1380.2
avgbs_67973.1.49,Mrg13,45.3,1.124778147,1380.9
avgbs_cluster_27386.1.62,Mrg13,45.3,0.881193044,1380.9
avgbs_6K_99943.1.54,Mrg13,45.8,0.839900492,1381.4
avgbs_113658.1.31,Mrg13,46.4,1.352429568,1382
avgbs_113735.1.59,Mrg13,46.4,0.529068945,1382
avgbs_116335.1.28,Mrg13,49.8,0.323253593,1385.4
avgbs_121492.1.63,Mrg13,49.8,0.767243454,1385.4
avgbs_120754.1.46,Mrg13,49.9,0.007861057,1385.5
avgbs_124694.1.9,Mrg13,49.9,0.491035194,1385.5
avgbs_cluster_36244.1.60,Mrg13,49.9,1.46088401,1385.5
avgbs_cluster_7522.1.63,Mrg13,49.9,1.34310454,1385.5
avgbs_cluster_9500.1.6,Mrg13,49.9,1.432616451,1385.5
avgbs_30453.1.62,Mrg13,58,0.053468125,1393.6
avgbs_cluster_26212.1.41,Mrg13,58,0.029568981,1393.6
avgbs_cluster_26212.1.61,Mrg13,58,0.029568981,1393.6
avgbs_23112.1.9,Mrg13,59.4,0.042517761,1395
avgbs_17230.1.64,Mrg13,59.5,0.093372853,1395.1
avgbs_102363.1.17,Mrg13,60,0.053805108,1395.6
avgbs_10496.1.40,Mrg13,60,0.048274342,1395.6
avgbs_105848.1.51,Mrg13,60,0.105202408,1395.6
avgbs_109004.1.7,Mrg13,60,0.145789765,1395.6
avgbs_24657.1.14,Mrg13,60,0.140591468,1395.6
avgbs_24890.1.61,Mrg13,60,0.111131504,1395.6
avgbs_28895.1.49,Mrg13,60,0.133978727,1395.6
avgbs_42342.1.52,Mrg13,60,0.2265774,1395.6
avgbs_6465.1.14,Mrg13,60,0.096261158,1395.6
avgbs_65952.1.10,Mrg13,60,0.410060025,1395.6
avgbs_67611.1.64,Mrg13,60,0.465013008,1395.6
avgbs_6K_73221.1.7,Mrg13,60,0.240989162,1395.6
avgbs_6K_92268.1.62,Mrg13,60,0.20210313,1395.6
avgbs_70250.1.50,Mrg13,60,0.22746283,1395.6
avgbs_80864.1.41,Mrg13,60,0.260412693,1395.6
avgbs_cluster_10087.1.34,Mrg13,60,0.145789765,1395.6
avgbs_cluster_14393.1.61,Mrg13,60,0.204941604,1395.6
avgbs_cluster_1970.1.17,Mrg13,60,0.144280293,1395.6
avgbs_cluster_27791.1.48,Mrg13,60,0.089578388,1395.6
avgbs_cluster_31882.1.17,Mrg13,60,0.210697079,1395.6
avgbs_cluster_3501.1.54,Mrg13,60,0.185675092,1395.6
avgbs_cluster_3501.1.6,Mrg13,60,0.157295662,1395.6
avgbs_110790.1.44,Mrg13,61.3,0.346184146,1396.9
avgbs_39170.1.33,Mrg13,62,0.815278366,1397.6
avgbs_118483.1.54,Mrg13,62.4,0.296879517,1398
avgbs_110072.1.60,Mrg13,62.6,0.158304984,1398.2
avgbs_116690.1.35,Mrg13,65.6,0.351602246,1401.2
avgbs_43411.1.64,Mrg13,65.6,0.009673951,1401.2
avgbs_59790.1.41,Mrg13,65.6,0.546416884,1401.2
avgbs_106529.1.15,Mrg13,66,1.267188371,1401.6
avgbs_124224.1.16,Mrg13,66.4,0.867937986,1402
avgbs_33075.1.15,Mrg13,66.4,0.867937986,1402
avgbs_59780.1.50,Mrg13,66.4,0.290162026,1402
avgbs_cluster_15538.1.52,Mrg13,66.4,0.369353487,1402
avgbs_cluster_33092.1.10,Mrg13,66.4,0.112600925,1402
avgbs_cluster_33092.1.9,Mrg13,66.4,0.112600925,1402
avgbs_116329.1.39,Mrg13,67.8,0.218676756,1403.4
avgbs_cluster_34750.1.23,Mrg13,68.7,0.766654352,1404.3
avgbs_cluster_34750.1.48,Mrg13,68.7,0.766654352,1404.3
avgbs_7983.1.17,Mrg13,69.5,0.109374557,1405.1
avgbs_cluster_15466.1.27,Mrg13,69.9,0.364414501,1405.5
avgbs_107460.1.48,Mrg13,71.4,0.171938212,1407
avgbs_108878.1.63,Mrg13,71.4,0.283879894,1407
avgbs_14134.1.22,Mrg13,71.4,0.356724713,1407
avgbs_32134.1.22,Mrg13,71.4,0.150844312,1407
avgbs_42060.1.55,Mrg13,71.4,0.030144385,1407
avgbs_cluster_16716.1.44,Mrg13,71.4,0.13504197,1407
avgbs_cluster_26219.1.59,Mrg13,71.4,0.047429492,1407
avgbs_63039.1.36,Mrg13,72.6,0.209779256,1408.2
avgbs_111466.1.63,Mrg13,73.1,1.024009992,1408.7
avgbs_7347.1.48,Mrg13,73.1,1.106890245,1408.7
avgbs_74521.1.6,Mrg13,73.1,0,1408.7
avgbs_108758.1.32,Mrg13,73.6,0.110715393,1409.2
avgbs_120053.1.42,Mrg13,73.6,0.48583904,1409.2
avgbs_125958.1.37,Mrg13,73.6,0,1409.2
avgbs_87303.1.50,Mrg13,73.6,0,1409.2
avgbs_cluster_27786.1.48,Mrg13,73.6,0.105904462,1409.2
avgbs_cluster_34505.1.27,Mrg13,73.6,0.757943617,1409.2
avgbs_cluster_5292.1.46,Mrg13,73.6,0,1409.2
avgbs_114676.1.49,Mrg13,74,0.010427645,1409.6
avgbs_cluster_4828.1.18,Mrg13,74.1,0,1409.7
avgbs_cluster_4828.1.22,Mrg13,74.1,0,1409.7
avgbs_cluster_4828.1.27,Mrg13,74.1,0,1409.7
avgbs_20962.1.42,Mrg13,76,0.010427645,1411.6
avgbs_cluster_3483.1.29,Mrg13,76,0.06717134,1411.6
avgbs_69266.1.44,Mrg13,78.5,0.836325288,1414.1
avgbs_46577.1.24,Mrg13,79.3,1.006606115,1414.9
avgbs_120446.1.64,Mrg13,79.8,0.454612234,1415.4
avgbs_34647.1.30,Mrg13,81.8,0.209976687,1417.4
avgbs_cluster_7269.1.52,Mrg13,83.8,0.40153803,1419.4
avgbs_cluster_7269.1.64,Mrg13,83.8,0.40153803,1419.4
avgbs_33592.1.40,Mrg13,86.5,0.662590245,1422.1
avgbs_9105.1.15,Mrg13,95.8,0,1431.4
avgbs_202657.1.23,Mrg13,96.7,1.09227879,1432.3
avgbs_40516.1.63,Mrg13,96.7,0.799297039,1432.3
avgbs_cluster_22881.1.30,Mrg13,96.7,0.236837061,1432.3
avgbs_cluster_22881.1.32,Mrg13,96.7,0.062271542,1432.3
avgbs_cluster_33829.1.31,Mrg13,96.7,0.497254563,1432.3
avgbs_cluster_36227.1.55,Mrg13,96.7,0,1432.3
avgbs_cluster_36227.1.61,Mrg13,96.7,0,1432.3
avgbs_cluster_4856.1.64,Mrg13,96.7,0.673717861,1432.3
avgbs_cluster_5489.1.11,Mrg13,96.7,0.757429611,1432.3
avgbs_cluster_5489.1.41,Mrg13,96.7,0.757429611,1432.3
avgbs_cluster_6299.1.25,Mrg13,96.7,0.548185821,1432.3
avgbs_cluster_6299.1.45,Mrg13,96.7,0.548185821,1432.3
avgbs_cluster_17883.1.59,Mrg13,102.6,0,1438.2
avgbs_19846.1.13,Mrg13,103.1,0.938568577,1438.7
avgbs_27532.1.50,Mrg13,105.2,0.757853796,1440.8
avgbs_cluster_5829.1.37,Mrg13,105.2,0.724129503,1440.8
avgbs_cluster_5829.1.62,Mrg13,105.2,0.724129503,1440.8
avgbs_cluster_33979.1.34,Mrg13,105.5,0.269898438,1441.1
avgbs_cluster_27709.1.61,Mrg13,106,0.027492004,1441.6
avgbs_204946.1.18,Mrg13,106.3,0.139961324,1441.9
avgbs_102716.1.56,Mrg13,106.5,0.707998955,1442.1
avgbs_110914.1.27,Mrg13,106.5,0.234230145,1442.1
avgbs_1708.1.27,Mrg13,106.5,0,1442.1
avgbs_34750.1.52,Mrg13,106.5,1.239022691,1442.1
avgbs_61215.1.42,Mrg13,106.5,0,1442.1
avgbs_80590.1.47,Mrg13,106.5,0.61363596,1442.1
avgbs_cluster_13234.1.39,Mrg13,106.5,0.108960525,1442.1
avgbs_cluster_13234.1.60,Mrg13,106.5,0,1442.1
avgbs_cluster_20733.1.59,Mrg13,106.5,0,1442.1
avgbs_14269.1.15,Mrg13,107.3,0.216318564,1442.9
avgbs_53008.1.53,Mrg13,107.3,0.118324145,1442.9
avgbs_18019.1.22,Mrg13,108.5,0.07706662,1444.1
avgbs_37613.1.36,Mrg13,108.5,0.254130964,1444.1
avgbs_8053.1.64,Mrg13,108.5,0,1444.1
avgbs_92666.1.30,Mrg13,108.5,0,1444.1
avgbs_cluster_22085.1.55,Mrg13,108.5,0.637866523,1444.1
avgbs_cluster_23248.1.24,Mrg13,108.5,0.082710733,1444.1
avgbs_cluster_23248.1.39,Mrg13,108.5,0.082710733,1444.1
avgbs_cluster_23248.1.60,Mrg13,108.5,0.082710733,1444.1
avgbs_cluster_27709.1.39,Mrg13,108.5,0.97243831,1444.1
avgbs_cluster_32540.1.31,Mrg13,108.5,0,1444.1
avgbs_cluster_39240.1.30,Mrg13,108.5,1.800198791,1444.1
avgbs_cluster_39240.1.32,Mrg13,108.5,1.800198791,1444.1
avgbs_cluster_39240.1.47,Mrg13,108.5,1.800198791,1444.1
avgbs_cluster_5213.1.48,Mrg13,108.5,0.063968315,1444.1
avgbs_cluster_5213.1.53,Mrg13,108.5,0.063968315,1444.1
avgbs_cluster_5213.1.60,Mrg13,108.5,0.063968315,1444.1
avgbs_213929.1.44,Mrg13,111.7,0.531309737,1447.3
avgbs_7370.1.15,Mrg13,111.7,0,1447.3
avgbs_cluster_20097.1.23,Mrg13,111.7,0.23278458,1447.3
avgbs_cluster_21153.1.37,Mrg13,111.7,0.414228483,1447.3
avgbs_cluster_21153.1.56,Mrg13,111.7,0.414228483,1447.3
avgbs_12091.1.49,Mrg13,114.6,0,1450.2
avgbs_21100.1.51,Mrg13,114.6,0,1450.2
avgbs_221928.1.27,Mrg13,114.6,1.280710749,1450.2
avgbs_94638.1.46,Mrg13,114.6,0,1450.2
avgbs_cluster_38015.1.36,Mrg13,114.6,0,1450.2
avgbs_cluster_41479.1.57,Mrg13,114.6,0.095543371,1450.2
avgbs_cluster_22640.1.12,Mrg13,115.4,0.105608344,1451
avgbs_18478.1.43,Mrg15,0,0.902050388,1451
avgbs_124283.1.62,Mrg15,2.9,0.904804409,1453.9
avgbs_cluster_28340.1.50,Mrg15,3.8,0.214358009,1454.8
avgbs_7862.1.20,Mrg15,5.1,0.105599721,1456.1
avgbs_cluster_7184.1.64,Mrg15,6.7,0.714395608,1457.7
avgbs_70945.1.43,Mrg15,7.3,0.950297228,1458.3
avgbs_212480.1.62,Mrg15,7.5,0,1458.5
avgbs_cluster_2551.1.12,Mrg15,7.5,0.117634721,1458.5
avgbs_cluster_14442.1.41,Mrg15,8.1,0,1459.1
avgbs_124299.1.42,Mrg15,8.2,0.154284087,1459.2
avgbs_cluster_37678.1.56,Mrg15,10,1.035886302,1461
avgbs_cluster_37678.1.64,Mrg15,10,1.035886302,1461
avgbs_119002.1.56,Mrg15,10.3,0,1461.3
avgbs_91680.1.59,Mrg15,10.3,0.184435238,1461.3
avgbs_26770.1.20,Mrg15,11.6,0,1462.6
avgbs_6K_70341.1.61,Mrg15,11.6,0.285474943,1462.6
avgbs_8073.1.40,Mrg15,11.6,0.009452243,1462.6
avgbs_40705.1.21,Mrg15,13.9,0,1464.9
avgbs_6820.1.42,Mrg15,13.9,0.074564512,1464.9
avgbs_cluster_8133.1.8,Mrg15,14.4,0,1465.4
avgbs_10862.1.14,Mrg15,15,0.255793972,1466
avgbs_4805.1.44,Mrg15,15,0.00112448,1466
avgbs_92091.1.28,Mrg15,15,0.036202823,1466
avgbs_cluster_30185.1.27,Mrg15,15,0.430191604,1466
avgbs_cluster_8133.1.26,Mrg15,15,0,1466
avgbs_105759.1.49,Mrg15,16.4,0,1467.4
avgbs_cluster_11382.1.39,Mrg15,16.4,0.331167627,1467.4
avgbs_cluster_11382.1.59,Mrg15,16.4,0.331167627,1467.4
avgbs_17101.1.49,Mrg15,16.5,0.548812636,1467.5
avgbs_63587.1.27,Mrg15,17.3,0.007512712,1468.3
avgbs_107017.1.27,Mrg15,18,0,1469
avgbs_cluster_540.1.51,Mrg15,19.4,0.027041163,1470.4
avgbs_cluster_540.1.54,Mrg15,19.4,0.027041163,1470.4
avgbs_cluster_5142.1.24,Mrg15,20.6,0.070220898,1471.6
avgbs_112514.1.36,Mrg15,21.4,0.008691553,1472.4
avgbs_125426.1.49,Mrg15,21.4,0,1472.4
avgbs_34812.1.54,Mrg15,21.4,0.286971086,1472.4
avgbs_51158.1.52,Mrg15,21.4,0.073739039,1472.4
avgbs_51344.1.17,Mrg15,21.4,0.049896945,1472.4
avgbs_86684.1.28,Mrg15,21.4,0,1472.4
avgbs_cluster_10603.1.27,Mrg15,21.4,0,1472.4
avgbs_cluster_40817.1.18,Mrg15,21.4,0.11241182,1472.4
avgbs_cluster_40817.1.40,Mrg15,21.4,0.11241182,1472.4
avgbs_cluster_41332.1.57,Mrg15,21.4,0,1472.4
avgbs_cluster_5925.1.21,Mrg15,21.4,0,1472.4
avgbs_cluster_8897.1.19,Mrg15,21.4,0,1472.4
avgbs_106272.1.21,Mrg15,22,0.714064761,1473
avgbs_108895.1.20,Mrg15,22,0.367268853,1473
avgbs_122522.1.31,Mrg15,22,0.280968178,1473
avgbs_1861.1.7,Mrg15,22,0.234198079,1473
avgbs_204783.1.53,Mrg15,22,0.458534105,1473
avgbs_22159.1.43,Mrg15,22,0.378644931,1473
avgbs_76515.1.64,Mrg15,22,0.223641676,1473
avgbs_cluster_12534.1.34,Mrg15,22.1,0,1473.1
avgbs_112947.1.31,Mrg15,23.6,0,1474.6
avgbs_18812.1.60,Mrg15,23.6,0.433712795,1474.6
avgbs_63606.1.44,Mrg15,23.6,0.595982819,1474.6
avgbs_cluster_12109.1.16,Mrg15,23.6,0.348394987,1474.6
avgbs_cluster_12513.1.63,Mrg15,23.6,0.102663566,1474.6
avgbs_cluster_34971.1.27,Mrg15,23.6,0.200391521,1474.6
avgbs_cluster_34971.1.42,Mrg15,23.6,0.200391521,1474.6
avgbs_cluster_34971.1.64,Mrg15,23.6,0.200391521,1474.6
avgbs_cluster_26588.1.64,Mrg15,24.2,0,1475.2
avgbs_12791.1.48,Mrg15,24.6,0.043039408,1475.6
avgbs_40892.1.31,Mrg15,25.5,0,1476.5
avgbs_72139.1.30,Mrg15,25.5,0.483952036,1476.5
avgbs_77177.1.37,Mrg15,25.5,0,1476.5
avgbs_114369.1.56,Mrg15,25.9,0,1476.9
avgbs_109002.1.11,Mrg15,26.4,0.072451454,1477.4
avgbs_115193.1.42,Mrg15,26.4,0.17335362,1477.4
avgbs_cluster_24247.1.55,Mrg15,26.4,0.081723262,1477.4
avgbs_cluster_24247.1.62,Mrg15,26.4,0.081723262,1477.4
avgbs_cluster_35368.1.48,Mrg15,26.4,0.857206087,1477.4
avgbs_cluster_40873.1.48,Mrg15,26.4,0.319116019,1477.4
avgbs_10668.1.63,Mrg15,27.2,0.178457684,1478.2
avgbs_117101.1.43,Mrg15,27.2,0.426234607,1478.2
avgbs_117163.1.53,Mrg15,27.2,0.307496919,1478.2
avgbs_118540.1.10,Mrg15,27.2,0.276674479,1478.2
avgbs_119649.1.52,Mrg15,27.2,0.353619716,1478.2
avgbs_51170.1.48,Mrg15,27.2,0.276674479,1478.2
avgbs_53992.1.34,Mrg15,27.2,0.23733346,1478.2
avgbs_6K_64994.1.51,Mrg15,27.2,0.189202335,1478.2
avgbs_87466.1.39,Mrg15,27.2,0.352208069,1478.2
avgbs_cluster_16344.1.10,Mrg15,27.2,0.669461364,1478.2
avgbs_cluster_16344.1.37,Mrg15,27.2,0.669461364,1478.2
avgbs_13466.1.53,Mrg15,28,0.489696637,1479
avgbs_118448.1.22,Mrg15,29.4,0.41908667,1480.4
avgbs_10004.1.9,Mrg15,31.3,0.012075545,1482.3
avgbs_109.1.42,Mrg15,31.3,0,1482.3
avgbs_114722.1.49,Mrg15,31.3,0.193043021,1482.3
avgbs_125802.1.44,Mrg15,31.3,0.019359383,1482.3
avgbs_200545.1.62,Mrg15,31.3,0.40764854,1482.3
avgbs_cluster_38684.1.44,Mrg15,31.3,0.809776218,1482.3
avgbs_103966.1.16,Mrg15,32.7,0.003729831,1483.7
avgbs_121589.1.63,Mrg15,32.7,0.809607192,1483.7
avgbs_121609.1.19,Mrg15,32.7,0.833047784,1483.7
avgbs_124991.1.19,Mrg15,32.7,0.138220833,1483.7
avgbs_25824.1.60,Mrg15,32.7,0.705896511,1483.7
avgbs_2894.1.18,Mrg15,32.7,0.341193449,1483.7
avgbs_55931.1.13,Mrg15,32.7,0,1483.7
avgbs_61378.1.10,Mrg15,32.7,0.705334703,1483.7
avgbs_6K_73795.1.63,Mrg15,32.7,0.162065772,1483.7
avgbs_700.1.18,Mrg15,32.7,0,1483.7
avgbs_7381.1.10,Mrg15,32.7,0.792421184,1483.7
avgbs_75576.1.40,Mrg15,32.7,0.821414727,1483.7
avgbs_8194.1.56,Mrg15,32.7,0.239929097,1483.7
avgbs_85054.1.9,Mrg15,32.7,0,1483.7
avgbs_88269.1.13,Mrg15,32.7,0,1483.7
avgbs_cluster_32438.1.29,Mrg15,32.7,0.039088413,1483.7
avgbs_cluster_39717.1.55,Mrg15,32.7,0.355001037,1483.7
avgbs_cluster_40685.1.30,Mrg15,32.7,0.491557397,1483.7
avgbs_cluster_40685.1.56,Mrg15,32.7,0.491557397,1483.7
avgbs_cluster_4138.1.6,Mrg15,32.7,0.644650709,1483.7
avgbs_cluster_7011.1.64,Mrg15,32.7,0.630771597,1483.7
avgbs_cluster_41106.1.52,Mrg15,33,0,1484
avgbs_123691.1.20,Mrg15,33.5,0,1484.5
avgbs_30052.1.34,Mrg15,33.5,0,1484.5
avgbs_31722.1.31,Mrg15,33.5,0,1484.5
avgbs_42681.1.63,Mrg15,33.5,0.586411219,1484.5
avgbs_cluster_209.1.61,Mrg15,33.5,0,1484.5
avgbs_cluster_40880.1.47,Mrg15,33.5,0,1484.5
avgbs_cluster_9835.1.19,Mrg15,33.5,0,1484.5
avgbs_cluster_9835.1.41,Mrg15,33.5,0,1484.5
avgbs_69747.1.44,Mrg15,33.6,0,1484.6
avgbs_9128.1.42,Mrg15,33.6,0,1484.6
avgbs_cluster_16219.1.62,Mrg15,33.6,0,1484.6
avgbs_cluster_42865.1.44,Mrg15,33.6,0,1484.6
avgbs_100518.1.10,Mrg15,35.1,0,1486.1
avgbs_106964.1.9,Mrg15,35.1,0,1486.1
avgbs_107497.1.42,Mrg15,35.1,0,1486.1
avgbs_109756.1.39,Mrg15,35.1,0,1486.1
avgbs_114187.1.21,Mrg15,35.1,0,1486.1
avgbs_114491.1.40,Mrg15,35.1,0,1486.1
avgbs_114636.1.44,Mrg15,35.1,0,1486.1
avgbs_116165.1.55,Mrg15,35.1,0,1486.1
avgbs_122366.1.43,Mrg15,35.1,0,1486.1
avgbs_122447.1.41,Mrg15,35.1,0,1486.1
avgbs_125180.1.35,Mrg15,35.1,0.921449444,1486.1
avgbs_15395.1.37,Mrg15,35.1,0,1486.1
avgbs_26686.1.8,Mrg15,35.1,0,1486.1
avgbs_28829.1.57,Mrg15,35.1,0,1486.1
avgbs_3111.1.49,Mrg15,35.1,0,1486.1
avgbs_38737.1.46,Mrg15,35.1,0,1486.1
avgbs_38766.1.64,Mrg15,35.1,0,1486.1
avgbs_44012.1.13,Mrg15,35.1,0,1486.1
avgbs_46836.1.34,Mrg15,35.1,0,1486.1
avgbs_51724.1.42,Mrg15,35.1,0.132579725,1486.1
avgbs_56317.1.17,Mrg15,35.1,0,1486.1
avgbs_57243.1.6,Mrg15,35.1,0,1486.1
avgbs_65615.1.54,Mrg15,35.1,0,1486.1
avgbs_67661.1.12,Mrg15,35.1,0,1486.1
avgbs_6K_70684.1.11,Mrg15,35.1,0,1486.1
avgbs_7397.1.23,Mrg15,35.1,0,1486.1
avgbs_91541.1.36,Mrg15,35.1,0,1486.1
avgbs_91809.1.15,Mrg15,35.1,0.123324926,1486.1
avgbs_97982.1.36,Mrg15,35.1,0,1486.1
avgbs_cluster_20847.1.44,Mrg15,35.1,0,1486.1
avgbs_cluster_26355.1.56,Mrg15,35.1,0,1486.1
avgbs_cluster_28280.1.44,Mrg15,35.1,0,1486.1
avgbs_cluster_28280.1.48,Mrg15,35.1,0,1486.1
avgbs_cluster_28280.1.52,Mrg15,35.1,0,1486.1
avgbs_cluster_31415.1.15,Mrg15,35.1,0.232035207,1486.1
avgbs_cluster_32432.1.61,Mrg15,35.1,0,1486.1
avgbs_cluster_33254.1.33,Mrg15,35.1,0,1486.1
avgbs_cluster_35446.1.24,Mrg15,35.1,0.933194703,1486.1
avgbs_cluster_35446.1.62,Mrg15,35.1,0.933194703,1486.1
avgbs_cluster_37152.1.36,Mrg15,35.1,0,1486.1
avgbs_cluster_40566.1.53,Mrg15,35.1,0,1486.1
avgbs_cluster_6498.1.24,Mrg15,35.1,0,1486.1
avgbs_22277.1.26,Mrg15,44.6,0.013929525,1495.6
avgbs_204910.1.45,Mrg15,49.5,0.8680891,1500.5
avgbs_52592.1.19,Mrg15,49.5,0.200283147,1500.5
avgbs_92365.1.32,Mrg15,49.5,0.907877723,1500.5
avgbs_99651.1.12,Mrg15,49.5,0.230141641,1500.5
avgbs_cluster_4868.1.55,Mrg15,49.5,0.578990813,1500.5
avgbs_112178.1.33,Mrg15,50.3,0.209604279,1501.3
avgbs_21656.1.16,Mrg15,50.3,0,1501.3
avgbs_cluster_16846.1.28,Mrg15,50.3,0,1501.3
avgbs_cluster_17921.1.25,Mrg15,50.3,0.195627575,1501.3
avgbs_cluster_17921.1.26,Mrg15,50.3,0.195627575,1501.3
avgbs_cluster_17921.1.35,Mrg15,50.3,0.195627575,1501.3
avgbs_cluster_34522.1.17,Mrg15,50.3,0.16134082,1501.3
avgbs_cluster_34522.1.40,Mrg15,50.3,0.16134082,1501.3
avgbs_cluster_4161.1.64,Mrg15,50.3,0.173553041,1501.3
avgbs_cluster_4478.1.31,Mrg15,50.3,1.065459956,1501.3
avgbs_cluster_4478.1.59,Mrg15,50.3,1.065459956,1501.3
avgbs_cluster_9300.1.17,Mrg15,50.3,0.145101586,1501.3
avgbs_83489.1.51,Mrg15,51.5,0,1502.5
avgbs_119248.1.39,Mrg15,52,0.110297153,1503
avgbs_103793.1.24,Mrg15,52.7,0.266562911,1503.7
avgbs_107357.1.48,Mrg15,52.7,0.225886444,1503.7
avgbs_107386.1.22,Mrg15,52.7,0.569755809,1503.7
avgbs_17685.1.63,Mrg15,52.7,0.231143541,1503.7
avgbs_65413.1.52,Mrg15,52.7,0.23078813,1503.7
avgbs_76050.1.16,Mrg15,52.7,0.293982198,1503.7
avgbs_cluster_28328.1.29,Mrg15,52.7,0.274625657,1503.7
avgbs_cluster_28328.1.31,Mrg15,52.7,0.274625657,1503.7
avgbs_cluster_28328.1.64,Mrg15,52.7,0.274625657,1503.7
avgbs_cluster_39210.1.21,Mrg15,52.7,0.383898419,1503.7
avgbs_cluster_39612.1.36,Mrg15,52.7,0.409229794,1503.7
avgbs_cluster_19777.1.42,Mrg15,53.2,0.674977804,1504.2
avgbs_18409.1.51,Mrg15,53.7,0.469348084,1504.7
avgbs_cluster_39505.1.41,Mrg15,53.7,1.754964696,1504.7
avgbs_cluster_39505.1.58,Mrg15,53.7,1.754964696,1504.7
avgbs_115950.1.42,Mrg15,58.2,0,1509.2
avgbs_122956.1.19,Mrg15,58.2,0.208930906,1509.2
avgbs_12340.1.32,Mrg15,58.2,0,1509.2
avgbs_125430.1.60,Mrg15,58.2,0.186520825,1509.2
avgbs_cluster_2483.1.7,Mrg15,58.2,0.146136849,1509.2
avgbs_cluster_26805.1.36,Mrg15,58.2,0,1509.2
avgbs_cluster_29844.1.16,Mrg15,58.2,0.208930906,1509.2
avgbs_cluster_29844.1.35,Mrg15,58.2,0.208930906,1509.2
avgbs_cluster_37346.1.41,Mrg15,58.2,0.165540397,1509.2
avgbs_cluster_37346.1.57,Mrg15,58.2,0.165540397,1509.2
avgbs_cluster_29545.1.49,Mrg15,60,0.123832075,1511
avgbs_cluster_39697.1.29,Mrg15,60,0,1511
avgbs_cluster_39697.1.30,Mrg15,60,0,1511
avgbs_cluster_26416.1.40,Mrg15,67.6,0.910863987,1518.6
avgbs_cluster_26416.1.53,Mrg15,67.6,0.251287597,1518.6
avgbs_cluster_32484.1.63,Mrg15,67.6,0.131855812,1518.6
avgbs_90956.1.27,Mrg15,68.7,0.157768341,1519.7
avgbs_74410.1.42,Mrg15,70.2,0.877905798,1521.2
avgbs_cluster_24174.1.59,Mrg15,70.2,0.10350105,1521.2
avgbs_cluster_3829.1.51,Mrg15,70.4,0.24423801,1521.4
avgbs_cluster_3829.1.52,Mrg15,70.4,0.24423801,1521.4
avgbs_108419.1.64,Mrg15,72.6,0.007045513,1523.6
avgbs_109631.1.42,Mrg15,72.9,0.306927407,1523.9
avgbs_112278.1.44,Mrg15,72.9,0.337622141,1523.9
avgbs_113329.1.7,Mrg15,72.9,0,1523.9
avgbs_115512.1.17,Mrg15,72.9,0.277213354,1523.9
avgbs_12343.1.18,Mrg15,72.9,0.185732582,1523.9
avgbs_19669.1.28,Mrg15,72.9,0.031708547,1523.9
avgbs_6K_103854.1.11,Mrg15,72.9,0.300932064,1523.9
avgbs_6K_107664.1.57,Mrg15,72.9,0.029169592,1523.9
avgbs_9243.1.12,Mrg15,72.9,0.348549312,1523.9
avgbs_99122.1.22,Mrg15,72.9,0.188240391,1523.9
avgbs_cluster_2034.1.10,Mrg15,72.9,0.28522013,1523.9
avgbs_cluster_2034.1.7,Mrg15,72.9,0.28522013,1523.9
avgbs_cluster_34626.1.60,Mrg15,72.9,0.299741192,1523.9
avgbs_cluster_40564.1.53,Mrg15,72.9,0,1523.9
avgbs_116891.1.44,Mrg15,77.5,0.139890045,1528.5
avgbs_188.1.42,Mrg15,77.5,0.255873721,1528.5
avgbs_19715.1.18,Mrg15,77.5,0,1528.5
avgbs_28224.1.27,Mrg15,77.6,0.570754023,1528.6
avgbs_cluster_23657.1.46,Mrg15,77.6,1.079547661,1528.6
avgbs_cluster_35220.1.10,Mrg15,77.6,0.055428739,1528.6
avgbs_cluster_24081.1.59,Mrg15,79.2,0.046065469,1530.2
avgbs_cluster_40053.1.54,Mrg15,80.7,0.084196592,1531.7
avgbs_cluster_41917.1.12,Mrg15,82,0.483936276,1533
avgbs_cluster_4979.1.54,Mrg15,82.3,0.020115582,1533.3
avgbs_cluster_32332.1.23,Mrg15,84,0.29884317,1535
avgbs_cluster_32332.1.25,Mrg15,84,0.29884317,1535
avgbs_16053.1.40,Mrg15,85.8,0.37287911,1536.8
avgbs_cluster_35220.1.16,Mrg15,85.8,0,1536.8
avgbs_cluster_35220.1.44,Mrg15,85.8,0.114541531,1536.8
avgbs_cluster_39300.1.46,Mrg15,85.8,0.114541531,1536.8
avgbs_cluster_39300.1.62,Mrg15,85.8,0.013407521,1536.8
avgbs_cluster_7124.1.47,Mrg15,85.8,0.040377728,1536.8
avgbs_cluster_7124.1.53,Mrg15,85.8,0.040377728,1536.8
avgbs_cluster_7124.1.59,Mrg15,85.8,0.040377728,1536.8
avgbs_cluster_25398.1.25,Mrg15,87,0,1538
avgbs_115362.1.10,Mrg15,87.2,0.230618866,1538.2
avgbs_21857.1.37,Mrg15,87.2,0.268885258,1538.2
avgbs_cluster_13997.1.34,Mrg15,88.2,0,1539.2
avgbs_cluster_40711.1.26,Mrg15,88.2,0.199928321,1539.2
avgbs_cluster_40711.1.29,Mrg15,88.2,0.199928321,1539.2
avgbs_cluster_5952.1.18,Mrg15,88.2,0.146221949,1539.2
avgbs_cluster_5952.1.29,Mrg15,88.2,0.146221949,1539.2
avgbs_cluster_39689.1.27,Mrg15,91.9,0,1542.9
avgbs_75373.1.18,Mrg15,92.4,0.501774681,1543.4
avgbs_cluster_31181.1.55,Mrg17,2.4,0.263106392,1545.8
avgbs_cluster_3322.1.38,Mrg17,7.3,0.11525451,1550.7
avgbs_cluster_3322.1.46,Mrg17,7.3,0.11525451,1550.7
avgbs_35390.1.28,Mrg17,7.6,0.161390535,1551
avgbs_10912.1.16,Mrg17,10.5,1.014406895,1553.9
avgbs_cluster_37333.1.8,Mrg17,10.5,0.366872855,1553.9
avgbs_2995.1.52,Mrg17,12.8,0.192218713,1556.2
avgbs_cluster_38113.1.8,Mrg17,13.3,0.014046644,1556.7
avgbs_126111.1.49,Mrg17,13.7,0.122525007,1557.1
avgbs_6K_26325.1.59,Mrg17,14,0.79728901,1557.4
avgbs_7345.1.11,Mrg17,14.7,0.123681,1558.1
avgbs_cluster_33010.1.58,Mrg17,15.3,0.047578849,1558.7
avgbs_cluster_328.1.12,Mrg17,17.7,0.288781835,1561.1
avgbs_cluster_328.1.40,Mrg17,17.7,0.288781835,1561.1
avgbs_3677.1.61,Mrg17,19.4,0.602134788,1562.8
avgbs_cluster_18458.1.10,Mrg17,19.4,0.919603158,1562.8
avgbs_cluster_18458.1.46,Mrg17,19.4,0.919603158,1562.8
avgbs_123016.1.40,Mrg17,19.5,0.116974766,1562.9
avgbs_10682.1.47,Mrg17,24.5,1.206366442,1567.9
avgbs_537.1.31,Mrg17,24.5,0,1567.9
avgbs_80505.1.13,Mrg17,24.5,0,1567.9
avgbs_9437.1.17,Mrg17,24.5,0,1567.9
avgbs_5920.1.17,Mrg17,24.6,0.692708126,1568
avgbs_cluster_96.1.63,Mrg17,24.7,1.025860546,1568.1
avgbs_9931.1.42,Mrg17,24.9,0.777180404,1568.3
avgbs_99962.1.22,Mrg17,25.8,0,1569.2
avgbs_82635.1.20,Mrg17,26.1,1.340029372,1569.5
avgbs_cluster_27274.1.38,Mrg17,26.2,0.018385351,1569.6
avgbs_79.1.35,Mrg17,27.9,1.260713941,1571.3
avgbs_45822.1.54,Mrg17,28.4,0,1571.8
avgbs_cluster_25955.1.53,Mrg17,29.1,1.195715483,1572.5
avgbs_40282.1.26,Mrg17,30.2,0.095829733,1573.6
avgbs_cluster_27714.1.7,Mrg17,30.2,0.897558735,1573.6
avgbs_52590.1.28,Mrg17,30.3,0.742597541,1573.7
avgbs_56302.1.6,Mrg17,30.3,0.513155062,1573.7
avgbs_cluster_25955.1.21,Mrg17,30.9,1.09647749,1574.3
avgbs_112940.1.56,Mrg17,31.2,0.640293951,1574.6
avgbs_cluster_20867.1.21,Mrg17,31.5,0,1574.9
avgbs_100830.1.37,Mrg17,31.8,0.370909335,1575.2
avgbs_104397.1.51,Mrg17,32.2,0.014247267,1575.6
avgbs_109532.1.25,Mrg17,32.2,0.003671904,1575.6
avgbs_125803.1.26,Mrg17,32.2,0.044006129,1575.6
avgbs_14208.1.45,Mrg17,32.2,0.171390197,1575.6
avgbs_21350.1.23,Mrg17,32.2,0.350215221,1575.6
avgbs_32200.1.23,Mrg17,32.2,0.36069071,1575.6
avgbs_6360.1.36,Mrg17,32.2,0.27063839,1575.6
avgbs_65313.1.6,Mrg17,32.2,0.198624849,1575.6
avgbs_6K_1427.1.6,Mrg17,32.2,0.029779653,1575.6
avgbs_74532.1.23,Mrg17,32.2,0.045028261,1575.6
avgbs_87098.1.32,Mrg17,32.2,0.053227812,1575.6
avgbs_88861.1.34,Mrg17,32.2,0.053227812,1575.6
avgbs_cluster_36150.1.12,Mrg17,32.2,0.132525951,1575.6
avgbs_cluster_41070.1.18,Mrg17,32.2,0.165454195,1575.6
avgbs_cluster_41070.1.22,Mrg17,32.2,0.369527965,1575.6
avgbs_cluster_8530.1.43,Mrg17,32.2,0.053227812,1575.6
avgbs_116791.1.33,Mrg17,32.8,0.127560373,1576.2
avgbs_120766.1.10,Mrg17,32.8,0.293536199,1576.2
avgbs_38882.1.16,Mrg17,32.8,0.33163624,1576.2
avgbs_77096.1.29,Mrg17,32.8,0,1576.2
avgbs_cluster_32761.1.25,Mrg17,32.8,0.022856029,1576.2
avgbs_cluster_41145.1.60,Mrg17,32.8,0,1576.2
avgbs_cluster_7712.1.64,Mrg17,32.8,0.376809424,1576.2
avgbs_cluster_21460.1.19,Mrg17,32.9,0.066752423,1576.3
avgbs_102221.1.53,Mrg17,33.2,0,1576.6
avgbs_123763.1.24,Mrg17,33.2,0.146624807,1576.6
avgbs_17662.1.44,Mrg17,33.2,0.031995588,1576.6
avgbs_2151.1.47,Mrg17,33.2,0.366572904,1576.6
avgbs_26961.1.7,Mrg17,33.2,0,1576.6
avgbs_27877.1.21,Mrg17,33.2,0,1576.6
avgbs_39026.1.57,Mrg17,33.2,0.082058372,1576.6
avgbs_99551.1.50,Mrg17,33.2,0.207565316,1576.6
avgbs_cluster_30120.1.28,Mrg17,33.2,0,1576.6
avgbs_cluster_31782.1.64,Mrg17,33.2,0.012425063,1576.6
avgbs_cluster_33086.1.26,Mrg17,33.2,0.244210861,1576.6
avgbs_cluster_897.1.22,Mrg17,33.2,0.057445302,1576.6
avgbs_cluster_18427.1.62,Mrg17,33.4,0.25042932,1576.8
avgbs_26532.1.64,Mrg17,33.5,0.258777781,1576.9
avgbs_21946.1.64,Mrg17,33.6,0.201963002,1577
avgbs_53889.1.21,Mrg17,33.6,0.021469229,1577
avgbs_1015.1.63,Mrg17,34,0,1577.4
avgbs_110323.1.13,Mrg17,34,0.012170644,1577.4
avgbs_114653.1.19,Mrg17,34,0.047364772,1577.4
avgbs_123224.1.12,Mrg17,34,0,1577.4
avgbs_41395.1.22,Mrg17,34,0.216251122,1577.4
avgbs_61.1.58,Mrg17,34,0,1577.4
avgbs_61650.1.39,Mrg17,34,0,1577.4
avgbs_86308.1.35,Mrg17,34,0,1577.4
avgbs_cluster_18495.1.9,Mrg17,34,0,1577.4
avgbs_cluster_30463.1.18,Mrg17,34,0,1577.4
avgbs_107605.1.22,Mrg17,36.6,0.092902102,1580
avgbs_111717.1.24,Mrg17,36.6,0.096220901,1580
avgbs_7430.1.28,Mrg17,36.6,0.028229516,1580
avgbs_cluster_16789.1.36,Mrg17,36.6,0.103714747,1580
avgbs_100922.1.13,Mrg17,37.3,0.063448314,1580.7
avgbs_113760.1.28,Mrg17,37.3,0.190629952,1580.7
avgbs_124347.1.51,Mrg17,37.3,0.275761031,1580.7
avgbs_125066.1.19,Mrg17,37.3,0.573561338,1580.7
avgbs_17834.1.11,Mrg17,37.3,0.324733069,1580.7
avgbs_20932.1.64,Mrg17,37.3,0.920870977,1580.7
avgbs_3175.1.38,Mrg17,37.3,0.073088731,1580.7
avgbs_35341.1.57,Mrg17,37.3,0.023853894,1580.7
avgbs_52843.1.35,Mrg17,37.3,0.201961248,1580.7
avgbs_6886.1.58,Mrg17,37.3,0.919126108,1580.7
avgbs_6K_113531.1.62,Mrg17,37.3,0.213594145,1580.7
avgbs_6K_78834.1.11,Mrg17,37.3,0.11622678,1580.7
avgbs_77406.1.48,Mrg17,37.3,0.234774891,1580.7
avgbs_936.1.20,Mrg17,37.3,0.295664048,1580.7
avgbs_9566.1.58,Mrg17,37.3,0.274744807,1580.7
avgbs_9995.1.62,Mrg17,37.3,0.064244107,1580.7
avgbs_cluster_11726.1.20,Mrg17,37.3,0.464174907,1580.7
avgbs_cluster_11726.1.21,Mrg17,37.3,0.464174907,1580.7
avgbs_cluster_12808.1.61,Mrg17,37.3,0.270103075,1580.7
avgbs_cluster_1504.1.26,Mrg17,37.3,0.110256424,1580.7
avgbs_cluster_2723.1.50,Mrg17,37.3,0.046912343,1580.7
avgbs_cluster_35640.1.58,Mrg17,37.3,0.063448314,1580.7
avgbs_cluster_36165.1.13,Mrg17,37.3,0.011280799,1580.7
avgbs_cluster_36165.1.29,Mrg17,37.3,0.202962837,1580.7
avgbs_cluster_39131.1.11,Mrg17,37.3,0.023919355,1580.7
avgbs_cluster_39131.1.26,Mrg17,37.3,0.237789045,1580.7
avgbs_cluster_39131.1.41,Mrg17,37.3,0.526524985,1580.7
avgbs_cluster_40606.1.12,Mrg17,37.3,0.274062556,1580.7
avgbs_cluster_5461.1.58,Mrg17,37.3,0.002952111,1580.7
avgbs_cluster_5461.1.61,Mrg17,37.3,0.002952111,1580.7
avgbs_cluster_4802.1.21,Mrg17,39.7,0.237603024,1583.1
avgbs_cluster_4802.1.40,Mrg17,39.7,0.237603024,1583.1
avgbs_114206.1.59,Mrg17,39.8,0.096575546,1583.2
avgbs_14004.1.51,Mrg17,40.1,0.127455114,1583.5
avgbs_86619.1.57,Mrg17,47.3,0,1590.7
avgbs_13947.1.45,Mrg17,47.9,0.145910536,1591.3
avgbs_32853.1.11,Mrg17,48.7,0.818132763,1592.1
avgbs_104996.1.40,Mrg17,49.4,0.010490292,1592.8
avgbs_111219.1.61,Mrg17,49.4,0.235914471,1592.8
avgbs_86473.1.40,Mrg17,49.5,0.1964404,1592.9
avgbs_14190.1.32,Mrg17,49.8,1.056969387,1593.2
avgbs_102354.1.46,Mrg17,49.9,0,1593.3
avgbs_83544.1.59,Mrg17,49.9,0.799583411,1593.3
avgbs_106374.1.44,Mrg17,50.8,1.300046892,1594.2
avgbs_86695.1.45,Mrg17,50.8,0.014912489,1594.2
avgbs_40308.1.11,Mrg17,51,0.326768261,1594.4
avgbs_48778.1.11,Mrg17,51,0,1594.4
avgbs_200333.1.49,Mrg17,51.3,0.285348756,1594.7
avgbs_cluster_20994.1.23,Mrg17,51.3,0,1594.7
avgbs_120630.1.26,Mrg17,51.6,0.034050399,1595
avgbs_cluster_38771.1.47,Mrg17,56.1,0.009783635,1599.5
avgbs_118413.1.53,Mrg17,56.5,0.096235272,1599.9
avgbs_86973.1.35,Mrg17,56.5,0.263753408,1599.9
avgbs_cluster_17763.1.46,Mrg17,56.5,0.108228731,1599.9
avgbs_cluster_17763.1.57,Mrg17,56.5,0.108228731,1599.9
avgbs_cluster_17763.1.8,Mrg17,56.5,0.108228731,1599.9
avgbs_cluster_28477.1.62,Mrg17,56.5,0.009834139,1599.9
avgbs_cluster_28477.1.63,Mrg17,56.5,0.009834139,1599.9
avgbs_cluster_6626.1.33,Mrg17,56.5,0,1599.9
avgbs_7961.1.56,Mrg17,57.3,0,1600.7
avgbs_cluster_20124.1.24,Mrg17,57.4,0.165789712,1600.8
avgbs_cluster_20124.1.45,Mrg17,57.4,0.165789712,1600.8
avgbs_cluster_20124.1.47,Mrg17,57.4,0.165789712,1600.8
avgbs_81242.1.24,Mrg17,61.5,0.12020354,1604.9
avgbs_cluster_29761.1.38,Mrg17,61.5,0,1604.9
avgbs_cluster_29761.1.47,Mrg17,61.5,0,1604.9
avgbs_cluster_39630.1.30,Mrg17,61.5,0,1604.9
avgbs_cluster_39828.1.10,Mrg17,61.5,0.087691869,1604.9
avgbs_cluster_43289.1.57,Mrg17,62.2,0,1605.6
avgbs_109843.1.63,Mrg17,62.4,0.317001388,1605.8
avgbs_79469.1.58,Mrg17,62.9,0.290478644,1606.3
avgbs_cluster_34864.1.12,Mrg17,62.9,0.121696604,1606.3
avgbs_cluster_34864.1.13,Mrg17,62.9,0.121696604,1606.3
avgbs_cluster_36242.1.19,Mrg17,62.9,0.203689522,1606.3
avgbs_cluster_38419.1.54,Mrg17,62.9,0,1606.3
avgbs_cluster_38771.1.30,Mrg17,63,0,1606.4
avgbs_113724.1.8,Mrg17,63.1,0.007171891,1606.5
avgbs_cluster_1526.1.51,Mrg17,63.1,0.83919693,1606.5
avgbs_cluster_43278.1.29,Mrg17,63.1,0,1606.5
avgbs_110374.1.40,Mrg17,63.2,0.320042065,1606.6
avgbs_114097.1.9,Mrg17,63.3,0,1606.7
avgbs_119436.1.31,Mrg17,63.3,0,1606.7
avgbs_26647.1.56,Mrg17,63.3,0.277630667,1606.7
avgbs_cluster_25479.1.12,Mrg17,63.3,0.636085089,1606.7
avgbs_cluster_25479.1.15,Mrg17,63.3,0.833444409,1606.7
avgbs_cluster_25479.1.28,Mrg17,63.3,0.636085089,1606.7
avgbs_568.1.42,Mrg17,65.7,0.334009014,1609.1
avgbs_64773.1.26,Mrg17,66.1,0.253010124,1609.5
avgbs_cluster_21346.1.12,Mrg17,66.1,0.796346568,1609.5
avgbs_cluster_21346.1.38,Mrg17,66.1,0.796346568,1609.5
avgbs_cluster_21346.1.57,Mrg17,66.1,0.786104399,1609.5
avgbs_cluster_39123.1.51,Mrg17,66.1,0,1609.5
avgbs_cluster_4457.1.11,Mrg17,66.1,0.476512863,1609.5
avgbs_cluster_4457.1.20,Mrg17,66.1,0.476512863,1609.5
avgbs_38213.1.14,Mrg17,68.2,0.336576349,1611.6
avgbs_cluster_149.1.7,Mrg17,68.2,0.193307412,1611.6
avgbs_cluster_28420.1.27,Mrg17,68.2,0.461409637,1611.6
avgbs_cluster_28420.1.33,Mrg17,68.2,0.461409637,1611.6
avgbs_cluster_36242.1.24,Mrg17,68.2,0.345018601,1611.6
avgbs_cluster_6081.1.60,Mrg17,68.3,0.458896905,1611.7
avgbs_99796.1.40,Mrg17,68.4,0.256690614,1611.8
avgbs_cluster_40321.1.20,Mrg17,68.4,0.023084791,1611.8
avgbs_105744.1.48,Mrg17,68.5,0.267983658,1611.9
avgbs_122942.1.35,Mrg17,68.5,0.098044695,1611.9
avgbs_62154.1.18,Mrg17,68.5,0.043903177,1611.9
avgbs_77763.1.19,Mrg17,68.5,0.379845227,1611.9
avgbs_cluster_36303.1.50,Mrg17,68.5,0.581461573,1611.9
avgbs_cluster_36303.1.52,Mrg17,68.5,0.581461573,1611.9
avgbs_cluster_36303.1.9,Mrg17,68.5,0.581461573,1611.9
avgbs_6K_6872.1.6,Mrg17,69.3,0.333515818,1612.7
avgbs_97815.1.55,Mrg17,70.2,0.007745224,1613.6
avgbs_200686.1.25,Mrg17,70.5,0.092089379,1613.9
avgbs_40307.1.12,Mrg17,70.5,0.112227566,1613.9
avgbs_44312.1.23,Mrg17,70.5,0.1921114,1613.9
avgbs_71104.1.47,Mrg17,70.5,1.138178337,1613.9
avgbs_7464.1.63,Mrg17,70.5,0.468223376,1613.9
avgbs_83226.1.31,Mrg17,70.5,0,1613.9
avgbs_cluster_15688.1.45,Mrg17,70.5,0.024735538,1613.9
avgbs_cluster_36640.1.49,Mrg17,70.5,0.302277361,1613.9
avgbs_104679.1.37,Mrg17,75.6,0,1619
avgbs_110539.1.42,Mrg17,75.6,0.878924215,1619
avgbs_114691.1.64,Mrg17,75.6,0,1619
avgbs_206981.1.44,Mrg17,75.6,2.488862323,1619
avgbs_68227.1.12,Mrg17,75.6,0.870605246,1619
avgbs_7508.1.54,Mrg17,75.6,0,1619
avgbs_81244.1.18,Mrg17,75.6,0.059724281,1619
avgbs_9992.1.36,Mrg17,75.6,0.497321247,1619
avgbs_cluster_35404.1.17,Mrg17,75.6,0.899653031,1619
avgbs_cluster_35404.1.8,Mrg17,75.6,0.899653031,1619
avgbs_cluster_42683.1.64,Mrg17,75.6,1.298776009,1619
avgbs_cluster_34317.1.57,Mrg17,77.6,0,1621
avgbs_cluster_39299.1.60,Mrg17,78,0.362840744,1621.4
avgbs_29928.1.7,Mrg17,78.8,0.231146844,1622.2
avgbs_78035.1.26,Mrg17,78.8,0,1622.2
avgbs_88481.1.34,Mrg17,78.8,0,1622.2
avgbs_99677.1.15,Mrg17,78.8,0,1622.2
avgbs_cluster_34317.1.46,Mrg17,78.8,0,1622.2
avgbs_cluster_34998.1.26,Mrg17,78.8,0,1622.2
avgbs_10565.1.54,Mrg17,78.9,0.052236763,1622.3
avgbs_111743.1.21,Mrg17,78.9,0,1622.3
avgbs_120481.1.50,Mrg17,78.9,0.327506177,1622.3
avgbs_21130.1.60,Mrg17,78.9,0,1622.3
avgbs_28193.1.54,Mrg17,78.9,0.34507271,1622.3
avgbs_29270.1.35,Mrg17,78.9,0,1622.3
avgbs_34251.1.62,Mrg17,78.9,0,1622.3
avgbs_49522.1.31,Mrg17,78.9,0.340113079,1622.3
avgbs_cluster_18888.1.12,Mrg17,78.9,0,1622.3
avgbs_cluster_18888.1.31,Mrg17,78.9,0,1622.3
avgbs_cluster_18888.1.37,Mrg17,78.9,0,1622.3
avgbs_cluster_231.1.42,Mrg17,78.9,0,1622.3
avgbs_cluster_231.1.43,Mrg17,78.9,0,1622.3
avgbs_cluster_231.1.44,Mrg17,78.9,0,1622.3
avgbs_cluster_3296.1.41,Mrg17,78.9,0,1622.3
avgbs_cluster_3296.1.48,Mrg17,78.9,0.028671133,1622.3
avgbs_cluster_3296.1.58,Mrg17,78.9,0.028671133,1622.3
avgbs_cluster_39296.1.31,Mrg17,78.9,0,1622.3
avgbs_cluster_39964.1.39,Mrg17,78.9,0,1622.3
avgbs_cluster_40627.1.51,Mrg17,78.9,0.193747822,1622.3
avgbs_cluster_453.1.20,Mrg17,78.9,0,1622.3
avgbs_cluster_453.1.53,Mrg17,78.9,0,1622.3
avgbs_cluster_5934.1.41,Mrg17,78.9,0,1622.3
avgbs_73225.1.24,Mrg17,79.8,0.180491965,1623.2
avgbs_9145.1.19,Mrg17,80,0,1623.4
avgbs_cluster_38875.1.12,Mrg17,80,0,1623.4
avgbs_cluster_38875.1.27,Mrg17,80,0,1623.4
avgbs_125219.1.39,Mrg17,80.1,0,1623.5
avgbs_cluster_36329.1.27,Mrg17,80.2,0,1623.6
avgbs_cluster_36329.1.49,Mrg17,80.2,0,1623.6
avgbs_cluster_27088.1.36,Mrg17,82.3,0,1625.7
avgbs_68546.1.58,Mrg17,83.6,0.026862147,1627
avgbs_cluster_36463.1.26,Mrg17,83.6,0,1627
avgbs_cluster_36463.1.46,Mrg17,83.6,0.146276362,1627
avgbs_cluster_36463.1.53,Mrg17,83.6,0,1627
avgbs_cluster_8814.1.32,Mrg17,83.6,0.233408658,1627
avgbs_cluster_9083.1.20,Mrg17,83.6,0,1627
avgbs_cluster_9083.1.21,Mrg17,83.6,0,1627
avgbs_17631.1.39,Mrg17,83.8,0,1627.2
avgbs_cluster_36329.1.59,Mrg17,83.8,0,1627.2
avgbs_10969.1.46,Mrg17,83.9,0,1627.3
avgbs_116164.1.52,Mrg17,83.9,0.053249277,1627.3
avgbs_1664.1.32,Mrg17,83.9,0.86225797,1627.3
avgbs_19758.1.41,Mrg17,83.9,0.069108002,1627.3
avgbs_76497.1.36,Mrg17,83.9,0.103007522,1627.3
avgbs_cluster_27088.1.33,Mrg17,83.9,0.049521772,1627.3
avgbs_cluster_29851.1.14,Mrg17,83.9,0.316443609,1627.3
avgbs_115302.1.12,Mrg17,84.3,0.094277822,1627.7
avgbs_119168.1.40,Mrg17,84.3,0.277356384,1627.7
avgbs_26617.1.53,Mrg17,84.3,0.107626941,1627.7
avgbs_90212.1.19,Mrg17,84.3,0,1627.7
avgbs_cluster_17195.1.41,Mrg17,84.3,0.239354347,1627.7
avgbs_2425.1.6,Mrg17,84.4,0.277395444,1627.8
avgbs_cluster_329.1.23,Mrg17,84.4,0.328805338,1627.8
avgbs_cluster_329.1.38,Mrg17,84.4,0.328805338,1627.8
avgbs_101583.1.41,Mrg17,85.3,0.037378194,1628.7
avgbs_120807.1.29,Mrg17,85.3,0.111546131,1628.7
avgbs_cluster_21548.1.39,Mrg17,85.3,0.785247532,1628.7
avgbs_cluster_40900.1.58,Mrg17,85.3,0.12112119,1628.7
avgbs_cluster_22452.1.34,Mrg17,85.7,0.083415236,1629.1
avgbs_cluster_22452.1.36,Mrg17,85.7,0.083415236,1629.1
avgbs_3000.1.55,Mrg17,86.8,0.330394861,1630.2
avgbs_cluster_48375.1.8,Mrg17,87,0,1630.4
avgbs_118202.1.52,Mrg17,87.8,0.035694984,1631.2
avgbs_29775.1.18,Mrg17,87.8,1.198300065,1631.2
avgbs_cluster_24815.1.26,Mrg17,87.8,0.518116565,1631.2
avgbs_cluster_24815.1.6,Mrg17,87.8,0.518116565,1631.2
avgbs_cluster_2797.1.64,Mrg17,87.8,1.229428525,1631.2
avgbs_cluster_6753.1.62,Mrg17,87.8,0,1631.2
avgbs_cluster_36984.1.29,Mrg17,88,0.257486455,1631.4
avgbs_109439.1.17,Mrg17,88.8,0.249202823,1632.2
avgbs_125332.1.13,Mrg17,88.8,0,1632.2
avgbs_10904.1.12,Mrg17,89.4,0,1632.8
avgbs_117348.1.56,Mrg17,89.4,0,1632.8
avgbs_77317.1.24,Mrg17,89.4,0.016549081,1632.8
avgbs_77955.1.63,Mrg17,89.4,0.103782711,1632.8
avgbs_cluster_2384.1.38,Mrg17,89.4,0.028012934,1632.8
avgbs_cluster_30055.1.26,Mrg17,89.4,0,1632.8
avgbs_cluster_3296.1.60,Mrg17,89.4,0.112205773,1632.8
avgbs_cluster_36884.1.39,Mrg17,89.4,0.06368333,1632.8
avgbs_cluster_38629.1.32,Mrg17,89.4,0,1632.8
avgbs_cluster_38629.1.49,Mrg17,89.4,0,1632.8
avgbs_cluster_39559.1.55,Mrg17,89.4,0.566303348,1632.8
avgbs_cluster_9083.1.45,Mrg17,89.4,0.260778234,1632.8
avgbs_cluster_15267.1.42,Mrg17,90,0.124438196,1633.4
avgbs_cluster_24659.1.41,Mrg17,91.2,0,1634.6
avgbs_cluster_29535.1.31,Mrg17,92.1,0.375718036,1635.5
avgbs_cluster_29535.1.56,Mrg17,92.1,0.375718036,1635.5
avgbs_10437.1.35,Mrg17,92.5,0,1635.9
avgbs_124566.1.16,Mrg17,92.5,0,1635.9
avgbs_124567.1.12,Mrg17,92.5,0.427023744,1635.9
avgbs_15768.1.39,Mrg17,92.5,0,1635.9
avgbs_68530.1.10,Mrg17,92.5,0.376593485,1635.9
avgbs_92588.1.32,Mrg17,92.5,1.483415983,1635.9
avgbs_cluster_2467.1.10,Mrg17,92.5,0.793653277,1635.9
avgbs_cluster_2615.1.53,Mrg17,92.5,0.14899691,1635.9
avgbs_cluster_2615.1.63,Mrg17,92.5,0.14899691,1635.9
avgbs_cluster_39699.1.16,Mrg17,92.5,0.494741533,1635.9
avgbs_cluster_39862.1.14,Mrg17,92.5,0,1635.9
avgbs_cluster_39862.1.36,Mrg17,92.5,0,1635.9
avgbs_35484.1.34,Mrg17,94.7,0,1638.1
avgbs_cluster_26190.1.50,Mrg17,94.7,0,1638.1
avgbs_cluster_26190.1.58,Mrg17,94.7,0,1638.1
avgbs_cluster_34316.1.51,Mrg17,94.7,0.217281589,1638.1
avgbs_cluster_34316.1.54,Mrg17,94.7,0.217281589,1638.1
avgbs_cluster_35290.1.41,Mrg17,94.7,0.380027083,1638.1
avgbs_cluster_40023.1.48,Mrg17,94.7,0,1638.1
avgbs_70717.1.64,Mrg17,95,0.223220146,1638.4
avgbs_94808.1.39,Mrg17,95.4,0.127859119,1638.8
avgbs_cluster_31743.1.51,Mrg17,95.4,0,1638.8
avgbs_cluster_6548.1.30,Mrg17,95.4,0.426952078,1638.8
avgbs_cluster_6548.1.33,Mrg17,95.4,0.426952078,1638.8
avgbs_cluster_24808.1.17,Mrg17,97.4,0.022527852,1640.8
avgbs_101243.1.45,Mrg17,97.7,0.377867088,1641.1
avgbs_9151.1.47,Mrg17,98.1,0.042339296,1641.5
avgbs_cluster_35217.1.59,Mrg17,98.3,0.486185012,1641.7
avgbs_cluster_35217.1.9,Mrg17,98.3,0.486185012,1641.7
avgbs_119891.1.13,Mrg17,100.3,0.430266199,1643.7
avgbs_109852.1.30,Mrg17,100.7,0.597059031,1644.1
avgbs_18626.1.10,Mrg17,100.7,0.522819174,1644.1
avgbs_cluster_32075.1.34,Mrg17,100.7,0.199736515,1644.1
avgbs_cluster_4495.1.17,Mrg17,100.7,0.597059031,1644.1
avgbs_cluster_4495.1.40,Mrg17,100.7,0.597059031,1644.1
avgbs_cluster_6246.1.36,Mrg17,100.7,0.557596746,1644.1
avgbs_cluster_7064.1.17,Mrg17,100.7,0.091630706,1644.1
avgbs_cluster_7064.1.22,Mrg17,100.7,0.091630706,1644.1
avgbs_cluster_7064.1.6,Mrg17,100.7,0.091630706,1644.1
avgbs_cluster_8565.1.51,Mrg17,102.3,0.301814634,1645.7
avgbs_cluster_22813.1.58,Mrg17,104.8,0,1648.2
avgbs_52894.1.31,Mrg17,108.2,0,1651.6
avgbs_20525.1.48,Mrg17,108.8,0.824111419,1652.2
avgbs_cluster_7851.1.29,Mrg17,108.9,0.366935255,1652.3
avgbs_cluster_7851.1.55,Mrg17,108.9,0.366935255,1652.3
avgbs_cluster_1187.1.32,Mrg17,109.9,0.599603656,1653.3
avgbs_cluster_1187.1.56,Mrg17,109.9,0.599603656,1653.3
avgbs_105463.1.20,Mrg17,110.4,0.320999715,1653.8
avgbs_124720.1.43,Mrg17,110.4,0.087170841,1653.8
avgbs_67302.1.12,Mrg17,110.4,0,1653.8
avgbs_cluster_23345.1.19,Mrg17,110.4,0.273002776,1653.8
avgbs_cluster_23345.1.27,Mrg17,110.4,0,1653.8
avgbs_cluster_23345.1.29,Mrg17,110.4,0.273002776,1653.8
avgbs_cluster_30724.1.10,Mrg17,110.4,0,1653.8
avgbs_102449.1.34,Mrg17,112.4,0.704089129,1655.8
avgbs_cluster_33539.1.21,Mrg17,112.4,0.213419113,1655.8
avgbs_cluster_33539.1.49,Mrg17,112.4,0.213419113,1655.8
avgbs_34774.1.12,Mrg18,-1.1,0,1654.7
avgbs_cluster_2508.1.10,Mrg18,-0.8,0.260355949,1655
avgbs_cluster_2508.1.7,Mrg18,-0.8,0.260355949,1655
avgbs_28703.1.27,Mrg18,0,0.139170683,1655.8
avgbs_52007.1.54,Mrg18,0,0.816489349,1655.8
avgbs_cluster_28089.1.54,Mrg18,1.2,0.517180293,1657
avgbs_cluster_36540.1.50,Mrg18,1.5,1.62365348,1657.3
avgbs_cluster_28077.1.61,Mrg18,1.7,0,1657.5
avgbs_203746.1.32,Mrg18,4.3,0.285264422,1660.1
avgbs_cluster_39952.1.56,Mrg18,4.3,0.151630445,1660.1
avgbs_cluster_10890.1.15,Mrg18,7.3,0.084554481,1663.1
avgbs_cluster_10890.1.53,Mrg18,7.3,0.084554481,1663.1
avgbs_cluster_35151.1.54,Mrg18,7.3,0.035921954,1663.1
avgbs_cluster_35151.1.55,Mrg18,7.3,0.035921954,1663.1
avgbs_cluster_9912.1.62,Mrg18,7.4,1.09988153,1663.2
avgbs_cluster_9912.1.63,Mrg18,7.4,1.09988153,1663.2
avgbs_cluster_9912.1.64,Mrg18,7.4,1.09988153,1663.2
avgbs_200259.1.51,Mrg18,7.5,0.791513115,1663.3
avgbs_cluster_36540.1.38,Mrg18,7.5,1.07427759,1663.3
avgbs_cluster_16802.1.58,Mrg18,7.9,0.683079194,1663.7
avgbs_cluster_16802.1.63,Mrg18,7.9,0.683079194,1663.7
avgbs_cluster_16802.1.64,Mrg18,7.9,0.683079194,1663.7
avgbs_cluster_35594.1.26,Mrg18,7.9,0.877307034,1663.7
avgbs_cluster_35594.1.34,Mrg18,7.9,0.877307034,1663.7
avgbs_cluster_41129.1.57,Mrg18,7.9,0.358610671,1663.7
avgbs_83913.1.12,Mrg18,9,0.196944797,1664.8
avgbs_cluster_11441.1.53,Mrg18,9.5,0.5675356,1665.3
avgbs_29974.1.22,Mrg18,10.9,0.465582644,1666.7
avgbs_cluster_34668.1.23,Mrg18,10.9,0,1666.7
avgbs_cluster_5272.1.62,Mrg18,10.9,0.294038162,1666.7
avgbs_38970.1.7,Mrg18,11.1,0,1666.9
avgbs_39046.1.48,Mrg18,11.1,0.576061204,1666.9
avgbs_6942.1.30,Mrg18,11.6,0.085014501,1667.4
avgbs_108818.1.34,Mrg18,14.3,0.478540508,1670.1
avgbs_cluster_91.1.51,Mrg18,14.7,0.753593965,1670.5
avgbs_cluster_19117.1.15,Mrg18,15.9,1.25150542,1671.7
avgbs_5781.1.12,Mrg18,16,0.230243274,1671.8
avgbs_101665.1.38,Mrg18,16.5,0.551602919,1672.3
avgbs_122252.1.32,Mrg18,16.5,0.440667005,1672.3
avgbs_124046.1.22,Mrg18,16.5,0.100468002,1672.3
avgbs_43051.1.28,Mrg18,16.5,0.214760337,1672.3
avgbs_74420.1.20,Mrg18,16.5,0,1672.3
avgbs_cluster_39521.1.55,Mrg18,16.5,0,1672.3
avgbs_cluster_488.1.27,Mrg18,16.5,0,1672.3
avgbs_cluster_488.1.42,Mrg18,16.5,0,1672.3
avgbs_119474.1.59,Mrg18,18.1,0,1673.9
avgbs_123241.1.20,Mrg18,18.1,0,1673.9
avgbs_6K_52130.1.13,Mrg18,18.1,0,1673.9
avgbs_6K_75415.1.11,Mrg18,18.1,0,1673.9
avgbs_8471.1.44,Mrg18,18.1,1.182686306,1673.9
avgbs_cluster_10244.1.6,Mrg18,18.1,0,1673.9
avgbs_cluster_1591.1.40,Mrg18,18.1,0,1673.9
avgbs_cluster_2769.1.38,Mrg18,18.1,0.571661337,1673.9
avgbs_cluster_2769.1.51,Mrg18,18.1,0,1673.9
avgbs_cluster_38881.1.37,Mrg18,18.1,0,1673.9
avgbs_cluster_43944.1.47,Mrg18,18.1,1.086904796,1673.9
avgbs_cluster_7668.1.35,Mrg18,18.1,0,1673.9
avgbs_cluster_7668.1.45,Mrg18,18.1,0.474172896,1673.9
avgbs_cluster_1591.1.7,Mrg18,20.2,0.478946282,1676
avgbs_cluster_1955.1.59,Mrg18,20.2,0.487597889,1676
avgbs_23848.1.37,Mrg18,20.4,0.149896419,1676.2
avgbs_cluster_6248.1.55,Mrg18,20.5,0.31769319,1676.3
avgbs_21420.1.41,Mrg18,20.6,1.6287419,1676.4
avgbs_cluster_15200.1.12,Mrg18,20.6,0,1676.4
avgbs_cluster_1955.1.17,Mrg18,20.6,0,1676.4
avgbs_cluster_8737.1.43,Mrg18,20.6,0.468763945,1676.4
avgbs_cluster_8737.1.48,Mrg18,20.6,0.468763945,1676.4
avgbs_cluster_38484.1.59,Mrg18,20.7,1.475583137,1676.5
avgbs_33061.1.20,Mrg18,21.1,0.327339109,1676.9
avgbs_cluster_15200.1.20,Mrg18,21.1,0.533945657,1676.9
avgbs_cluster_16178.1.58,Mrg18,21.1,0,1676.9
avgbs_cluster_16178.1.9,Mrg18,21.1,0,1676.9
avgbs_cluster_23290.1.51,Mrg18,21.1,2.055812018,1676.9
avgbs_cluster_23290.1.52,Mrg18,21.1,2.055812018,1676.9
avgbs_cluster_24806.1.52,Mrg18,21.1,0,1676.9
avgbs_cluster_30206.1.58,Mrg18,21.1,0.224593053,1676.9
avgbs_cluster_30206.1.60,Mrg18,21.1,0.224593053,1676.9
avgbs_cluster_8737.1.53,Mrg18,21.4,0,1677.2
avgbs_cluster_37660.1.24,Mrg18,22.7,1.595973542,1678.5
avgbs_cluster_37660.1.55,Mrg18,22.7,1.595973542,1678.5
avgbs_cluster_37660.1.61,Mrg18,22.7,1.595973542,1678.5
avgbs_cluster_16196.1.13,Mrg18,22.8,1.381017091,1678.6
avgbs_cluster_16196.1.29,Mrg18,22.8,1.381017091,1678.6
avgbs_cluster_16196.1.32,Mrg18,22.8,1.381017091,1678.6
avgbs_125929.1.27,Mrg18,27.7,0.369647162,1683.5
avgbs_50219.1.9,Mrg18,27.7,0.029051924,1683.5
avgbs_51729.1.57,Mrg18,27.7,0.046600874,1683.5
avgbs_52527.1.26,Mrg18,27.7,0.387313626,1683.5
avgbs_cluster_26239.1.60,Mrg18,27.7,1.028712536,1683.5
avgbs_cluster_27780.1.32,Mrg18,27.7,0.303523032,1683.5
avgbs_cluster_27780.1.39,Mrg18,27.7,0.303523032,1683.5
avgbs_cluster_27780.1.53,Mrg18,27.7,0.303523032,1683.5
avgbs_cluster_39996.1.20,Mrg18,27.7,0.292424643,1683.5
avgbs_cluster_40516.1.42,Mrg18,27.7,0.214805953,1683.5
avgbs_cluster_40516.1.43,Mrg18,27.7,0.033109612,1683.5
avgbs_cluster_21785.1.15,Mrg18,28.6,0.063027161,1684.4
avgbs_79452.1.24,Mrg18,30.9,0,1686.7
avgbs_104801.1.38,Mrg18,32.5,0.087924823,1688.3
avgbs_13658.1.46,Mrg18,32.5,0.169565394,1688.3
avgbs_35455.1.7,Mrg18,32.5,0.187450922,1688.3
avgbs_46626.1.27,Mrg18,32.5,0.23194813,1688.3
avgbs_55611.1.35,Mrg18,32.5,0.518274901,1688.3
avgbs_5724.1.51,Mrg18,32.5,0.15697886,1688.3
avgbs_70347.1.46,Mrg18,32.5,0.565121653,1688.3
avgbs_75039.1.34,Mrg18,32.5,0.076566385,1688.3
avgbs_cluster_37092.1.19,Mrg18,32.5,0.43506564,1688.3
avgbs_cluster_37092.1.36,Mrg18,32.5,0.43506564,1688.3
avgbs_19471.1.23,Mrg18,33.1,0.957897889,1688.9
avgbs_18994.1.64,Mrg18,34.4,0.360193833,1690.2
avgbs_82761.1.27,Mrg18,34.4,0.263776041,1690.2
avgbs_cluster_11504.1.38,Mrg18,34.4,0.081683554,1690.2
avgbs_cluster_11504.1.41,Mrg18,34.4,0.081683554,1690.2
avgbs_cluster_11504.1.58,Mrg18,34.4,0.081683554,1690.2
avgbs_cluster_19812.1.32,Mrg18,34.4,0.03287121,1690.2
avgbs_cluster_6292.1.41,Mrg18,34.4,0.045823545,1690.2
avgbs_124511.1.11,Mrg18,35.2,0.080871224,1691
avgbs_20179.1.64,Mrg18,35.2,0.497925274,1691
avgbs_7965.1.30,Mrg18,35.2,0.025246027,1691
avgbs_90977.1.48,Mrg18,35.2,0.095713197,1691
avgbs_103101.1.27,Mrg18,36.2,0.079988684,1692
avgbs_114776.1.56,Mrg18,36.2,0,1692
avgbs_121130.1.62,Mrg18,36.2,0.624525332,1692
avgbs_124397.1.55,Mrg18,36.2,0.991610078,1692
avgbs_12718.1.12,Mrg18,36.2,0.474710315,1692
avgbs_17821.1.27,Mrg18,36.2,0.099428926,1692
avgbs_cluster_2288.1.61,Mrg18,36.2,0.301694569,1692
avgbs_cluster_33848.1.36,Mrg18,37.9,0.454641511,1693.7
avgbs_cluster_33848.1.37,Mrg18,37.9,0.454641511,1693.7
avgbs_83807.1.26,Mrg18,39.6,0.26480487,1695.4
avgbs_105878.1.11,Mrg18,40,0.07211483,1695.8
avgbs_212875.1.40,Mrg18,40,0.247738544,1695.8
avgbs_37502.1.33,Mrg18,40,0.002422202,1695.8
avgbs_70970.1.35,Mrg18,40,0.400965459,1695.8
avgbs_74306.1.34,Mrg18,40,0,1695.8
avgbs_99951.1.44,Mrg18,40,0,1695.8
avgbs_cluster_11475.1.35,Mrg18,40,0.017003232,1695.8
avgbs_cluster_31991.1.20,Mrg18,40,0,1695.8
avgbs_cluster_5366.1.14,Mrg18,40,0.399983996,1695.8
avgbs_cluster_5366.1.55,Mrg18,40,0.399983996,1695.8
avgbs_cluster_862.1.54,Mrg18,40,0,1695.8
avgbs_cluster_862.1.57,Mrg18,40,0,1695.8
avgbs_6K_103591.1.7,Mrg18,40.3,0,1696.1
avgbs_26340.1.45,Mrg18,41.8,0.086152135,1697.6
avgbs_1018.1.47,Mrg18,42,0.716682086,1697.8
avgbs_100334.1.14,Mrg18,42.1,0,1697.9
avgbs_123327.1.40,Mrg18,42.1,0.131047613,1697.9
avgbs_4932.1.24,Mrg18,42.1,0.107332578,1697.9
avgbs_cluster_1596.1.7,Mrg18,42.1,0.208964101,1697.9
avgbs_47896.1.46,Mrg18,42.2,0.17097622,1698
avgbs_cluster_14874.1.28,Mrg18,42.3,0,1698.1
avgbs_cluster_22647.1.40,Mrg18,42.5,0.205852544,1698.3
avgbs_46563.1.38,Mrg18,43.2,0,1699
avgbs_cluster_14178.1.58,Mrg18,43.2,0,1699
avgbs_cluster_40647.1.36,Mrg18,43.2,0,1699
avgbs_cluster_4522.1.29,Mrg18,43.9,0,1699.7
avgbs_cluster_39255.1.44,Mrg18,44,0,1699.8
avgbs_85206.1.21,Mrg18,56,0.019322347,1711.8
avgbs_cluster_30279.1.24,Mrg18,57.6,0,1713.4
avgbs_87193.1.34,Mrg18,60.1,0.403083408,1715.9
avgbs_cluster_7643.1.8,Mrg18,60.3,0,1716.1
avgbs_cluster_35417.1.30,Mrg18,60.9,0,1716.7
avgbs_6K_9578.1.51,Mrg18,61.8,0.525348925,1717.6
avgbs_cluster_15864.1.57,Mrg18,62.7,0,1718.5
avgbs_cluster_32186.1.14,Mrg18,62.7,0,1718.5
avgbs_cluster_36829.1.38,Mrg18,64.5,0.184613868,1720.3
avgbs_cluster_36829.1.52,Mrg18,64.5,0.184613868,1720.3
avgbs_cluster_36829.1.62,Mrg18,64.5,0.184613868,1720.3
avgbs_124115.1.16,Mrg18,64.6,0.029304929,1720.4
avgbs_124496.1.35,Mrg18,67.7,0,1723.5
avgbs_cluster_24626.1.19,Mrg18,67.7,0,1723.5
avgbs_cluster_40895.1.43,Mrg18,67.7,0.676316725,1723.5
avgbs_cluster_44584.1.49,Mrg18,68.2,0,1724
avgbs_cluster_44584.1.52,Mrg18,68.2,0,1724
avgbs_cluster_44584.1.64,Mrg18,68.2,0,1724
avgbs_97875.1.34,Mrg18,68.3,0,1724.1
avgbs_cluster_18704.1.23,Mrg18,68.3,0.265401808,1724.1
avgbs_cluster_23712.1.10,Mrg18,68.3,0,1724.1
avgbs_cluster_23712.1.64,Mrg18,68.3,0,1724.1
avgbs_cluster_30279.1.37,Mrg18,68.3,0.627568828,1724.1
avgbs_cluster_4216.1.62,Mrg18,68.4,0.236443958,1724.2
avgbs_cluster_34168.1.49,Mrg18,68.6,0.020057999,1724.4
avgbs_cluster_34168.1.54,Mrg18,68.6,0.020057999,1724.4
avgbs_cluster_34168.1.58,Mrg18,68.6,0.020057999,1724.4
avgbs_cluster_32784.1.14,Mrg18,69,0.286018915,1724.8
avgbs_cluster_32784.1.61,Mrg18,69,0.286018915,1724.8
avgbs_cluster_35611.1.37,Mrg18,69,0.143991348,1724.8
avgbs_cluster_66722.1.38,Mrg18,69,0,1724.8
avgbs_cluster_99.1.36,Mrg18,69.1,0,1724.9
avgbs_cluster_99.1.49,Mrg18,69.1,0,1724.9
avgbs_19836.1.36,Mrg18,69.6,0,1725.4
avgbs_cluster_32519.1.64,Mrg18,69.6,0.18152935,1725.4
avgbs_84738.1.64,Mrg18,69.8,0.277982242,1725.6
avgbs_cluster_22463.1.18,Mrg18,69.9,0,1725.7
avgbs_cluster_22463.1.31,Mrg18,69.9,0,1725.7
avgbs_cluster_22463.1.38,Mrg18,69.9,0,1725.7
avgbs_cluster_22463.1.56,Mrg18,69.9,0,1725.7
avgbs_cluster_17430.1.21,Mrg18,74.9,0,1730.7
avgbs_cluster_17430.1.24,Mrg18,74.9,0,1730.7
avgbs_cluster_17430.1.48,Mrg18,74.9,0,1730.7
avgbs_216923.1.33,Mrg18,75.3,0.161660426,1731.1
avgbs_86754.1.56,Mrg18,83.6,0.125841699,1739.4
avgbs_cluster_14495.1.12,Mrg18,86.3,0.123549605,1742.1
avgbs_cluster_14495.1.52,Mrg18,86.3,0.025594276,1742.1
avgbs_cluster_14495.1.6,Mrg18,86.3,0.025594276,1742.1
avgbs_cluster_6710.1.14,Mrg19,-3.3,0,1738.8
avgbs_cluster_6710.1.15,Mrg19,-3.3,0,1738.8
avgbs_105234.1.24,Mrg19,4,0,1746.1
avgbs_35088.1.47,Mrg19,4,0,1746.1
avgbs_cluster_66637.1.26,Mrg19,7.7,0,1749.8
avgbs_cluster_66637.1.38,Mrg19,7.7,0,1749.8
avgbs_98689.1.39,Mrg19,10.2,0,1752.3
avgbs_6865.1.14,Mrg19,10.4,0.057098022,1752.5
avgbs_217106.1.43,Mrg19,19.7,1.835023848,1761.8
avgbs_19302.1.32,Mrg19,19.9,0.894219241,1762
avgbs_cluster_14450.1.21,Mrg19,23.7,0.146990319,1765.8
avgbs_cluster_1619.1.41,Mrg19,23.7,0.110263531,1765.8
avgbs_cluster_28190.1.21,Mrg19,23.7,0.328772416,1765.8
avgbs_22287.1.30,Mrg19,23.9,0.400489558,1766
avgbs_64232.1.26,Mrg19,28.7,0.606203267,1770.8
avgbs_cluster_37387.1.13,Mrg19,28.8,0.497515085,1770.9
avgbs_cluster_37387.1.50,Mrg19,28.8,0.497515085,1770.9
avgbs_cluster_21242.1.38,Mrg19,29,0.070540836,1771.1
avgbs_122309.1.14,Mrg19,31.3,0.543182622,1773.4
avgbs_36902.1.7,Mrg19,31.3,0.061814412,1773.4
avgbs_cluster_33564.1.47,Mrg19,31.3,0,1773.4
avgbs_cluster_33564.1.61,Mrg19,31.3,0,1773.4
avgbs_cluster_34325.1.23,Mrg19,31.3,0,1773.4
avgbs_cluster_34325.1.25,Mrg19,31.3,0,1773.4
avgbs_cluster_37930.1.58,Mrg19,31.3,0.000307779,1773.4
avgbs_cluster_37930.1.7,Mrg19,31.3,0.000307779,1773.4
avgbs_208.1.40,Mrg19,34,0.164586458,1776.1
avgbs_94188.1.13,Mrg19,40.7,0.736628747,1782.8
avgbs_85571.1.14,Mrg19,45.3,0.48610352,1787.4
avgbs_cluster_26080.1.7,Mrg19,45.3,0.042841089,1787.4
avgbs_112364.1.25,Mrg19,45.4,0.311054959,1787.5
avgbs_12225.1.17,Mrg19,45.4,0.387109539,1787.5
avgbs_73073.1.22,Mrg19,45.4,0.340331268,1787.5
avgbs_8135.1.14,Mrg19,45.4,0.381096685,1787.5
avgbs_99630.1.19,Mrg19,45.4,0.414432945,1787.5
avgbs_cluster_7106.1.11,Mrg19,47.2,0.189361781,1789.3
avgbs_100920.1.60,Mrg19,49.8,0.318461746,1791.9
avgbs_105103.1.34,Mrg19,49.8,0.346893259,1791.9
avgbs_106604.1.7,Mrg19,49.8,0.40137756,1791.9
avgbs_107698.1.30,Mrg19,49.8,0.596516291,1791.9
avgbs_111000.1.25,Mrg19,49.8,0.375406788,1791.9
avgbs_111630.1.26,Mrg19,49.8,0.628326125,1791.9
avgbs_112369.1.30,Mrg19,49.8,0.416288365,1791.9
avgbs_118301.1.16,Mrg19,49.8,0.086891884,1791.9
avgbs_125095.1.58,Mrg19,49.8,0.318717337,1791.9
avgbs_19783.1.35,Mrg19,49.8,0.356657779,1791.9
avgbs_207751.1.38,Mrg19,49.8,0.769407132,1791.9
avgbs_216354.1.57,Mrg19,49.8,1.58164287,1791.9
avgbs_21743.1.58,Mrg19,49.8,0.40701127,1791.9
avgbs_37014.1.9,Mrg19,49.8,0.363598356,1791.9
avgbs_38278.1.11,Mrg19,49.8,0.865710825,1791.9
avgbs_44680.1.43,Mrg19,49.8,0.439522134,1791.9
avgbs_5056.1.25,Mrg19,49.8,0,1791.9
avgbs_90024.1.8,Mrg19,49.8,0.385830832,1791.9
avgbs_cluster_16632.1.27,Mrg19,49.8,1.070221797,1791.9
avgbs_cluster_16632.1.28,Mrg19,49.8,1.070221797,1791.9
avgbs_cluster_16632.1.29,Mrg19,49.8,1.070221797,1791.9
avgbs_cluster_27320.1.25,Mrg19,49.8,0.143334289,1791.9
avgbs_cluster_34867.1.33,Mrg19,49.8,0.657499327,1791.9
avgbs_cluster_36700.1.49,Mrg19,49.8,0.303363341,1791.9
avgbs_cluster_6980.1.11,Mrg19,49.8,0.943992945,1791.9
avgbs_cluster_7106.1.19,Mrg19,49.8,0.321981342,1791.9
avgbs_cluster_9856.1.59,Mrg19,49.8,0.315685557,1791.9
avgbs_118437.1.45,Mrg19,50,0.420293405,1792.1
avgbs_6K_70597.1.11,Mrg19,50.9,0,1793
avgbs_cluster_2552.1.44,Mrg19,50.9,0.059300671,1793
avgbs_cluster_34780.1.30,Mrg19,52.1,0.7532151,1794.2
avgbs_107976.1.33,Mrg19,54.8,0,1796.9
avgbs_18526.1.22,Mrg19,54.8,0.090619436,1796.9
avgbs_107453.1.62,Mrg19,55.4,0,1797.5
avgbs_19661.1.60,Mrg19,55.4,0.576314716,1797.5
avgbs_36269.1.50,Mrg19,55.4,0.455180815,1797.5
avgbs_cluster_24662.1.43,Mrg19,55.4,0,1797.5
avgbs_cluster_24662.1.44,Mrg19,55.4,0,1797.5
avgbs_cluster_26185.1.14,Mrg19,55.4,0.164747271,1797.5
avgbs_cluster_37342.1.63,Mrg19,55.4,0,1797.5
avgbs_43181.1.28,Mrg19,57.2,0.064966688,1799.3
avgbs_25192.1.34,Mrg19,58.1,0,1800.2
avgbs_55977.1.34,Mrg19,58.1,0,1800.2
avgbs_cluster_35620.1.38,Mrg19,58.1,0.162247111,1800.2
avgbs_cluster_39301.1.62,Mrg19,58.1,0,1800.2
avgbs_cluster_215.1.13,Mrg19,59.2,0.786424676,1801.3
avgbs_cluster_215.1.37,Mrg19,59.2,0.786424676,1801.3
avgbs_cluster_39301.1.37,Mrg19,59.2,0.696791617,1801.3
avgbs_99948.1.55,Mrg19,60,0.056737192,1802.1
avgbs_cluster_30007.1.7,Mrg19,60.2,0.471295508,1802.3
avgbs_66846.1.45,Mrg19,64.2,0.228317559,1806.3
avgbs_cluster_9804.1.19,Mrg19,64.2,0,1806.3
avgbs_cluster_9804.1.64,Mrg19,64.2,0,1806.3
avgbs_10121.1.24,Mrg19,64.7,0.017105847,1806.8
avgbs_cluster_36473.1.52,Mrg19,64.7,1.110153906,1806.8
avgbs_200647.1.26,Mrg19,65.2,1.221814381,1807.3
avgbs_121374.1.18,Mrg19,65.3,0.149021216,1807.4
avgbs_43289.1.33,Mrg19,65.3,0.647265143,1807.4
avgbs_cluster_12950.1.31,Mrg19,65.4,0,1807.5
avgbs_cluster_12950.1.33,Mrg19,65.4,0,1807.5
avgbs_14975.1.40,Mrg19,65.5,0.25701571,1807.6
avgbs_cluster_11734.1.37,Mrg19,65.6,0.395820267,1807.7
avgbs_cluster_11734.1.50,Mrg19,65.6,0.395820267,1807.7
avgbs_94017.1.23,Mrg19,66,0,1808.1
avgbs_cluster_31120.1.45,Mrg19,66,0.466223303,1808.1
avgbs_cluster_31120.1.52,Mrg19,66,0.466223303,1808.1
avgbs_cluster_31120.1.8,Mrg19,66,0.466223303,1808.1
avgbs_109948.1.33,Mrg19,66.1,0.385787855,1808.2
avgbs_cluster_32091.1.12,Mrg19,66.5,0.037894475,1808.6
avgbs_cluster_16815.1.31,Mrg19,66.6,0,1808.7
avgbs_cluster_111.1.6,Mrg19,66.8,0,1808.9
avgbs_cluster_41159.1.35,Mrg19,66.8,0,1808.9
avgbs_cluster_4790.1.11,Mrg19,66.8,0.209422859,1808.9
avgbs_cluster_9358.1.8,Mrg19,66.8,0,1808.9
avgbs_cluster_35252.1.40,Mrg19,67.4,0.089930877,1809.5
avgbs_cluster_3086.1.37,Mrg19,67.6,0.448425913,1809.7
avgbs_cluster_3086.1.59,Mrg19,67.7,0,1809.8
avgbs_5175.1.10,Mrg19,67.8,0.117352486,1809.9
avgbs_cluster_40190.1.25,Mrg19,68,0.389620999,1810.1
avgbs_cluster_36473.1.26,Mrg19,68.1,0,1810.2
avgbs_cluster_24428.1.15,Mrg19,68.3,0.071024848,1810.4
avgbs_cluster_24428.1.20,Mrg19,68.3,0.071024848,1810.4
avgbs_cluster_3927.1.10,Mrg19,68.3,0,1810.4
avgbs_cluster_20943.1.12,Mrg19,68.7,0,1810.8
avgbs_104366.1.22,Mrg19,70.1,0,1812.2
avgbs_123902.1.56,Mrg19,70.1,0.286059414,1812.2
avgbs_61309.1.63,Mrg19,70.1,0.458212002,1812.2
avgbs_cluster_111.1.55,Mrg19,70.1,0,1812.2
avgbs_cluster_25485.1.6,Mrg19,70.1,0.258330468,1812.2
avgbs_cluster_25485.1.8,Mrg19,70.1,0.258330468,1812.2
avgbs_cluster_4373.1.20,Mrg19,70.1,0.43808477,1812.2
avgbs_cluster_6058.1.64,Mrg19,70.1,0.347765308,1812.2
avgbs_77681.1.6,Mrg19,75.2,0.018899322,1817.3
avgbs_cluster_40301.1.23,Mrg19,75.2,0.107221259,1817.3
avgbs_cluster_6554.1.10,Mrg19,75.2,0.214424016,1817.3
avgbs_cluster_22812.1.56,Mrg19,75.3,0.076731426,1817.4
avgbs_cluster_22812.1.59,Mrg19,75.3,0.076731426,1817.4
avgbs_cluster_32091.1.21,Mrg19,76.3,0.049416069,1818.4
avgbs_cluster_32091.1.36,Mrg19,76.3,0.049416069,1818.4
avgbs_896.1.26,Mrg19,77.7,1.286462072,1819.8
avgbs_77927.1.14,Mrg19,78.5,1.03622319,1820.6
avgbs_cluster_3356.1.26,Mrg19,92.2,0.447448653,1834.3
avgbs_cluster_24308.1.32,Mrg20,15.8,0,1850.1
avgbs_cluster_40701.1.9,Mrg20,16.2,0.098245177,1850.5
avgbs_14991.1.29,Mrg20,16.6,0.112690491,1850.9
avgbs_8966.1.26,Mrg20,16.6,0.294697007,1850.9
avgbs_cluster_15174.1.33,Mrg20,16.6,0.111021153,1850.9
avgbs_cluster_15174.1.34,Mrg20,16.6,0.111021153,1850.9
avgbs_cluster_15174.1.38,Mrg20,16.6,0.111021153,1850.9
avgbs_cluster_598.1.35,Mrg20,16.6,0.076464864,1850.9
avgbs_cluster_598.1.61,Mrg20,16.6,0.076464864,1850.9
avgbs_18725.1.20,Mrg20,18,0.079926833,1852.3
avgbs_27441.1.50,Mrg20,18,0,1852.3
avgbs_69258.1.23,Mrg20,18,0,1852.3
avgbs_77649.1.31,Mrg20,18,1.24998442,1852.3
avgbs_cluster_10281.1.47,Mrg20,18,0.441926794,1852.3
avgbs_cluster_18490.1.46,Mrg20,18,0.63815792,1852.3
avgbs_cluster_40167.1.27,Mrg20,18,0,1852.3
avgbs_cluster_6719.1.19,Mrg20,18,0.046797386,1852.3
avgbs_35150.1.53,Mrg20,18.7,0.102140044,1853
avgbs_38830.1.24,Mrg20,18.7,0.157048262,1853
avgbs_cluster_24796.1.18,Mrg20,18.8,0,1853.1
avgbs_cluster_24796.1.35,Mrg20,19.2,0,1853.5
avgbs_cluster_2816.1.6,Mrg20,19.2,0.096300883,1853.5
avgbs_21015.1.61,Mrg20,19.3,0,1853.6
avgbs_107878.1.7,Mrg20,19.6,0,1853.9
avgbs_cluster_116.1.51,Mrg20,19.8,0.189352191,1854.1
avgbs_38429.1.53,Mrg20,20,0,1854.3
avgbs_cluster_26997.1.44,Mrg20,20.1,0,1854.4
avgbs_cluster_803.1.26,Mrg20,20.4,0,1854.7
avgbs_119712.1.45,Mrg20,21.5,0,1855.8
avgbs_38997.1.30,Mrg20,21.5,0.106707583,1855.8
avgbs_8477.1.60,Mrg20,21.5,0,1855.8
avgbs_cluster_40233.1.24,Mrg20,21.5,0,1855.8
avgbs_235.1.26,Mrg20,26.6,0.037058433,1860.9
avgbs_73840.1.39,Mrg20,26.6,0.311245327,1860.9
avgbs_cluster_4160.1.30,Mrg20,26.6,0.319330427,1860.9
avgbs_7498.1.47,Mrg20,41.6,0,1875.9
avgbs_7707.1.60,Mrg20,41.6,0.346432872,1875.9
avgbs_87549.1.18,Mrg20,41.6,0.573603254,1875.9
avgbs_cluster_37364.1.52,Mrg20,41.6,0.556957828,1875.9
avgbs_cluster_37364.1.57,Mrg20,41.6,0.556957828,1875.9
avgbs_18585.1.48,Mrg20,42.3,0.4204714,1876.6
avgbs_cluster_27150.1.30,Mrg20,44.9,0.034381567,1879.2
avgbs_4800.1.52,Mrg20,59.3,0.320967097,1893.6
avgbs_cluster_29934.1.56,Mrg20,59.3,0,1893.6
avgbs_51923.1.27,Mrg20,63.4,0.00895846,1897.7
avgbs_97398.1.50,Mrg20,70.8,0.043135945,1905.1
avgbs_cluster_37383.1.50,Mrg20,74.3,0.009309387,1908.6
avgbs_cluster_37383.1.59,Mrg20,74.3,0.009309387,1908.6
avgbs_120857.1.15,Mrg20,79.7,0,1914
avgbs_6K_40752.1.8,Mrg20,84.2,0.04676293,1918.5
avgbs_46448.1.26,Mrg20,87.2,0.425364964,1921.5
avgbs_cluster_40422.1.63,Mrg20,90.9,0.42948212,1925.2
avgbs_cluster_40422.1.64,Mrg20,90.9,0.42948212,1925.2
avgbs_cluster_22094.1.43,Mrg20,91.5,0.005916442,1925.8
avgbs_90896.1.64,Mrg20,93.8,0.307274144,1928.1
avgbs_23787.1.34,Mrg20,97.1,0.041139843,1931.4
avgbs_71321.1.18,Mrg20,97.1,0.000514284,1931.4
avgbs_cluster_10398.1.41,Mrg20,97.1,0.056046377,1931.4
avgbs_cluster_29974.1.51,Mrg20,97.1,0.691494364,1931.4
avgbs_cluster_3027.1.22,Mrg20,97.1,0,1931.4
avgbs_cluster_3027.1.33,Mrg20,97.1,0,1931.4
avgbs_221969.1.55,Mrg20,98.8,0.151930034,1933.1
avgbs_cluster_31789.1.35,Mrg20,99.8,0.21406437,1934.1
avgbs_cluster_4784.1.44,Mrg20,99.8,0.035596308,1934.1
avgbs_cluster_4784.1.58,Mrg20,99.8,0.035596308,1934.1
avgbs_10481.1.35,Mrg20,120.1,0.173327482,1954.4
avgbs_106265.1.19,Mrg20,120.1,0.00431679,1954.4
avgbs_1097.1.24,Mrg20,120.1,0,1954.4
avgbs_119526.1.45,Mrg20,120.1,0,1954.4
avgbs_122705.1.35,Mrg20,120.1,0.322850537,1954.4
avgbs_208343.1.35,Mrg20,120.1,0.596329846,1954.4
avgbs_cluster_21979.1.50,Mrg20,120.1,0.331912663,1954.4
avgbs_cluster_33813.1.48,Mrg20,120.1,0.208561139,1954.4
avgbs_cluster_33813.1.9,Mrg20,120.1,0.208561139,1954.4
avgbs_cluster_38597.1.32,Mrg20,120.1,0.216325468,1954.4
avgbs_cluster_40712.1.47,Mrg20,120.1,0.029169347,1954.4
avgbs_cluster_40712.1.52,Mrg20,120.1,0.029169347,1954.4
avgbs_cluster_40712.1.57,Mrg20,120.1,0.029169347,1954.4
avgbs_cluster_45501.1.30,Mrg20,120.1,0.31338945,1954.4
avgbs_cluster_45501.1.40,Mrg20,120.1,0.31338945,1954.4
avgbs_6152.1.20,Mrg20,122.8,0.156408897,1957.1
avgbs_80343.1.17,Mrg20,122.8,0.448755835,1957.1
avgbs_85038.1.29,Mrg20,122.8,0.803436946,1957.1
avgbs_85891.1.24,Mrg20,122.8,0.037678325,1957.1
avgbs_cluster_11142.1.39,Mrg20,122.8,0.532957617,1957.1
avgbs_cluster_11142.1.48,Mrg20,122.8,0.532957617,1957.1
avgbs_cluster_19052.1.34,Mrg20,122.8,0,1957.1
avgbs_cluster_19052.1.9,Mrg20,122.8,0,1957.1
avgbs_cluster_20934.1.26,Mrg20,122.8,0,1957.1
avgbs_cluster_20934.1.6,Mrg20,122.8,0,1957.1
avgbs_cluster_36138.1.37,Mrg20,122.8,0.394577032,1957.1
avgbs_cluster_37933.1.15,Mrg20,122.8,0.20722193,1957.1
avgbs_cluster_37933.1.62,Mrg20,122.8,0.20722193,1957.1
avgbs_21110.1.44,Mrg20,135.8,0,1970.1
avgbs_6K_92025.1.13,Mrg20,135.8,0,1970.1
avgbs_cluster_38163.1.58,Mrg20,135.8,0.302476378,1970.1
avgbs_cluster_40264.1.16,Mrg20,135.8,0.18558551,1970.1
avgbs_cluster_40264.1.64,Mrg20,135.8,0.18558551,1970.1
avgbs_cluster_6126.1.12,Mrg20,135.8,0.249914722,1970.1
avgbs_cluster_6126.1.47,Mrg20,135.8,0.249914722,1970.1
avgbs_103831.1.16,Mrg20,138.5,0.463850684,1972.8
avgbs_65443.1.30,Mrg20,138.5,0,1972.8
avgbs_73627.1.26,Mrg20,138.5,0.173327482,1972.8
avgbs_cluster_2104.1.50,Mrg20,138.5,0,1972.8
avgbs_cluster_2104.1.56,Mrg20,138.5,0,1972.8
avgbs_cluster_8417.1.44,Mrg20,138.5,0,1972.8
avgbs_cluster_8417.1.56,Mrg20,138.5,0,1972.8
avgbs_6K_80511.1.64,Mrg20,143.6,0.395691066,1977.9
avgbs_100079.1.51,Mrg20,147.3,0.625053731,1981.6
avgbs_108658.1.21,Mrg20,147.3,0.205896304,1981.6
avgbs_111156.1.20,Mrg20,147.3,0.115432198,1981.6
avgbs_21268.1.63,Mrg20,147.3,0,1981.6
avgbs_24870.1.32,Mrg20,147.3,0.531753932,1981.6
avgbs_2997.1.53,Mrg20,147.3,0.304295231,1981.6
avgbs_6K_2960.1.55,Mrg20,147.3,0.526653923,1981.6
avgbs_77446.1.41,Mrg20,147.3,0.19743225,1981.6
avgbs_cluster_11386.1.18,Mrg20,147.3,0.290014973,1981.6
avgbs_cluster_11386.1.19,Mrg20,147.3,0.290014973,1981.6
avgbs_cluster_11386.1.32,Mrg20,147.3,0.290014973,1981.6
avgbs_cluster_12579.1.39,Mrg20,147.3,0.439222543,1981.6
avgbs_cluster_12579.1.49,Mrg20,147.3,0.439222543,1981.6
avgbs_cluster_12579.1.53,Mrg20,147.3,0.439222543,1981.6
avgbs_cluster_13946.1.60,Mrg20,147.3,0.147370477,1981.6
avgbs_cluster_13946.1.62,Mrg20,147.3,0.136382288,1981.6
avgbs_cluster_13946.1.63,Mrg20,147.3,0.136382288,1981.6
avgbs_cluster_13946.1.64,Mrg20,147.3,0.136382288,1981.6
avgbs_cluster_21529.1.11,Mrg20,147.3,0.616549565,1981.6
avgbs_cluster_21529.1.36,Mrg20,147.3,0.616549565,1981.6
avgbs_cluster_23503.1.54,Mrg20,147.3,0.268074179,1981.6
avgbs_cluster_23503.1.61,Mrg20,147.3,0.268074179,1981.6
avgbs_cluster_26720.1.44,Mrg20,147.3,0.729724034,1981.6
avgbs_cluster_2684.1.16,Mrg20,147.3,0.197422418,1981.6
avgbs_cluster_2684.1.25,Mrg20,147.3,0.197422418,1981.6
avgbs_cluster_3073.1.17,Mrg20,147.3,0.194129102,1981.6
avgbs_cluster_33543.1.19,Mrg20,147.3,0.136767705,1981.6
avgbs_cluster_35292.1.41,Mrg20,147.3,0.062471188,1981.6
avgbs_cluster_35292.1.50,Mrg20,147.3,0.062471188,1981.6
avgbs_cluster_35292.1.51,Mrg20,147.3,0.062471188,1981.6
avgbs_cluster_39124.1.19,Mrg20,147.3,0.153352502,1981.6
avgbs_cluster_39124.1.28,Mrg20,147.3,0.153352502,1981.6
avgbs_cluster_39124.1.34,Mrg20,147.3,0.153352502,1981.6
avgbs_cluster_3924.1.6,Mrg20,147.3,0.260098247,1981.6
avgbs_cluster_40894.1.33,Mrg20,147.3,0.359147623,1981.6
avgbs_93020.1.34,Mrg20,149.3,0.120672917,1983.6
avgbs_39819.1.42,Mrg20,151.7,1.362919914,1986
avgbs_cluster_41093.1.21,Mrg20,152.8,0.48018792,1987.1
avgbs_cluster_41093.1.36,Mrg20,152.8,0.48018792,1987.1
avgbs_213380.1.19,Mrg20,156.7,0.301689691,1991
avgbs_cluster_27581.1.15,Mrg20,156.7,0.080301201,1991
avgbs_cluster_27581.1.38,Mrg20,156.7,0.080301201,1991
avgbs_cluster_34830.1.21,Mrg20,156.7,0.438569364,1991
avgbs_cluster_37491.1.31,Mrg20,156.7,0.226271956,1991
avgbs_121695.1.29,Mrg20,177.8,0.433605965,2012.1
avgbs_cluster_34292.1.22,Mrg20,181.2,0.037227822,2015.5
avgbs_cluster_34292.1.43,Mrg20,181.2,0.037227822,2015.5
avgbs_120738.1.64,Mrg20,181.6,0,2015.9
avgbs_124635.1.36,Mrg20,183.8,0.143490151,2018.1
avgbs_109068.1.49,Mrg20,184.2,0.1752306,2018.5
avgbs_cluster_17646.1.46,Mrg20,184.2,0.024707738,2018.5
avgbs_113853.1.15,Mrg20,185.4,0.189682241,2019.7
avgbs_12900.1.64,Mrg20,185.4,0.001364896,2019.7
avgbs_6253.1.60,Mrg20,185.4,0.207648023,2019.7
avgbs_89617.1.26,Mrg20,185.4,0.304401396,2019.7
avgbs_cluster_10630.2.9,Mrg20,185.4,0,2019.7
avgbs_cluster_12738.1.43,Mrg20,185.4,0.134778082,2019.7
avgbs_cluster_12738.1.61,Mrg20,185.4,0.134778082,2019.7
avgbs_cluster_12738.1.63,Mrg20,185.4,0.134778082,2019.7
avgbs_cluster_4023.1.23,Mrg20,185.4,0.302500417,2019.7
avgbs_cluster_4023.1.63,Mrg20,185.4,0.302500417,2019.7
avgbs_cluster_4128.1.9,Mrg20,185.4,0,2019.7
avgbs_cluster_47115.1.23,Mrg20,185.4,0.581782493,2019.7
avgbs_cluster_47115.1.47,Mrg20,185.4,0.581782493,2019.7
avgbs_cluster_11311.1.39,Mrg20,191.7,0.012470703,2026
avgbs_cluster_11311.1.64,Mrg20,191.7,0.012470703,2026
avgbs_85225.1.56,Mrg20,193,0.607496347,2027.3
avgbs_301.1.23,Mrg20,193.1,0,2027.4
avgbs_cluster_40934.1.44,Mrg20,193.1,0,2027.4
avgbs_7158.1.51,Mrg20,193.6,0.561672149,2027.9
avgbs_77509.1.57,Mrg20,193.6,0.875168697,2027.9
avgbs_cluster_1969.1.40,Mrg20,193.6,0,2027.9
avgbs_cluster_1969.1.61,Mrg20,193.6,0,2027.9
avgbs_32144.1.34,Mrg20,194.6,0.212257967,2028.9
avgbs_107834.1.46,Mrg20,195.3,1.464586911,2029.6
avgbs_cluster_3731.1.24,Mrg20,196.1,0.447481297,2030.4
avgbs_cluster_25093.1.58,Mrg20,196.2,0.254641185,2030.5
avgbs_65871.1.45,Mrg20,196.3,0.012209487,2030.6
avgbs_120353.1.64,Mrg20,196.8,0.94432902,2031.1
avgbs_cluster_10695.1.30,Mrg20,197.8,0.420499054,2032.1
avgbs_101340.1.33,Mrg20,198.1,0.225454024,2032.4
avgbs_cluster_12215.1.6,Mrg20,198.1,0.511998266,2032.4
avgbs_26347.1.54,Mrg20,198.2,0.126408186,2032.5
avgbs_40212.1.64,Mrg20,198.4,0,2032.7
avgbs_10863.1.47,Mrg20,198.5,0,2032.8
avgbs_85990.1.58,Mrg20,202.6,0,2036.9
avgbs_99055.1.19,Mrg20,202.6,0.360290345,2036.9
avgbs_75179.1.45,Mrg20,202.7,0.082517411,2037
avgbs_96754.1.26,Mrg20,203.2,0.190308142,2037.5
avgbs_cluster_32321.1.50,Mrg20,204.6,0,2038.9
avgbs_cluster_32321.1.62,Mrg20,204.6,0,2038.9
avgbs_96922.1.35,Mrg20,204.8,0.470546949,2039.1
avgbs_cluster_12189.1.29,Mrg20,204.8,0,2039.1
avgbs_cluster_12189.1.38,Mrg20,204.8,0,2039.1
avgbs_cluster_21532.1.30,Mrg20,204.8,0.169653507,2039.1
avgbs_cluster_29748.2.25,Mrg20,204.8,0.139304105,2039.1
avgbs_cluster_6764.1.38,Mrg20,204.9,0.208386828,2039.2
avgbs_cluster_6764.1.56,Mrg20,204.9,0.208386828,2039.2
avgbs_cluster_6764.1.59,Mrg20,204.9,0.208386828,2039.2
avgbs_cluster_23910.1.29,Mrg20,205.4,0.61180004,2039.7
avgbs_cluster_23910.1.39,Mrg20,205.4,0.61180004,2039.7
avgbs_cluster_4199.1.22,Mrg20,205.4,0.09896555,2039.7
avgbs_107744.1.8,Mrg20,208.9,0.028198889,2043.2
avgbs_200847.1.26,Mrg20,209.4,0.29000778,2043.7
avgbs_cluster_28338.1.48,Mrg20,209.4,0,2043.7
avgbs_cluster_38455.1.46,Mrg20,209.4,0.078271075,2043.7
avgbs_cluster_23922.1.28,Mrg20,214.4,2.361407238,2048.7
avgbs_10092.1.57,Mrg20,214.5,0.698429281,2048.8
avgbs_1432.1.19,Mrg20,216.2,0.19858712,2050.5
avgbs_97916.1.43,Mrg20,216.2,1.079582113,2050.5
avgbs_cluster_6203.1.51,Mrg20,216.6,0.476547111,2050.9
avgbs_cluster_6203.1.60,Mrg20,216.6,0.476547111,2050.9
avgbs_120629.1.47,Mrg20,216.9,0.92563498,2051.2
avgbs_cluster_37186.1.21,Mrg20,217.3,0.145142157,2051.6
avgbs_cluster_37186.1.59,Mrg20,217.3,0.145142157,2051.6
avgbs_cluster_37186.1.7,Mrg20,217.3,0.145142157,2051.6
avgbs_107217.1.30,Mrg20,218.3,0.451842831,2052.6
avgbs_73081.1.31,Mrg20,218.3,0.489625449,2052.6
avgbs_cluster_36009.1.7,Mrg20,218.3,1.117614528,2052.6
avgbs_91772.1.56,Mrg20,219.3,0.314098673,2053.6
avgbs_cluster_18853.1.15,Mrg20,222.5,1.88356235,2056.8
avgbs_cluster_18853.1.34,Mrg20,222.5,1.88356235,2056.8
avgbs_103146.1.14,Mrg20,226.6,0.594982937,2060.9
avgbs_114784.1.9,Mrg20,226.6,0.313146474,2060.9
avgbs_126286.1.31,Mrg20,226.6,0.592434979,2060.9
avgbs_2479.1.47,Mrg20,226.6,1.349193263,2060.9
avgbs_6K_1994.1.51,Mrg20,226.6,0.139327578,2060.9
avgbs_74239.1.23,Mrg20,226.6,0.449076911,2060.9
avgbs_cluster_1014.1.13,Mrg20,226.6,1.840881512,2060.9
avgbs_cluster_1014.1.18,Mrg20,226.6,1.840881512,2060.9
avgbs_cluster_1014.1.8,Mrg20,226.6,1.840881512,2060.9
avgbs_cluster_28341.1.28,Mrg20,226.6,0.576198539,2060.9
avgbs_cluster_28341.1.60,Mrg20,226.6,0.576198539,2060.9
avgbs_cluster_30703.1.41,Mrg20,226.6,1.414250491,2060.9
avgbs_cluster_30703.1.54,Mrg20,226.6,1.414250491,2060.9
avgbs_cluster_32678.1.38,Mrg20,226.6,1.308747298,2060.9
avgbs_cluster_33538.1.13,Mrg20,226.6,0.666086339,2060.9
avgbs_cluster_33538.1.50,Mrg20,226.6,0.540701635,2060.9
avgbs_cluster_37384.1.27,Mrg20,226.6,0.94128072,2060.9
avgbs_cluster_40886.1.22,Mrg20,226.6,0.795787745,2060.9
avgbs_cluster_43845.1.13,Mrg20,226.6,0.497197731,2060.9
avgbs_cluster_47855.1.14,Mrg20,226.6,0.958300143,2060.9
avgbs_cluster_47855.1.35,Mrg20,226.6,0.958300143,2060.9
avgbs_cluster_7777.1.55,Mrg20,226.6,0.5887722,2060.9
avgbs_cluster_7777.1.62,Mrg20,226.6,0.5887722,2060.9
avgbs_cluster_7777.1.63,Mrg20,226.6,0.5887722,2060.9
avgbs_cluster_27314.1.12,Mrg20,230.1,1.303147074,2064.4
avgbs_cluster_27314.1.33,Mrg20,230.1,1.303147074,2064.4
avgbs_cluster_27314.1.54,Mrg20,230.1,1.303147074,2064.4
avgbs_cluster_3981.1.37,Mrg20,230.1,1.39152639,2064.4
avgbs_cluster_3981.1.40,Mrg20,230.1,1.39152639,2064.4
avgbs_cluster_3981.1.50,Mrg20,230.1,1.39152639,2064.4
avgbs_cluster_492.1.30,Mrg20,230.1,1.217918427,2064.4
avgbs_cluster_492.1.59,Mrg20,230.1,1.217918427,2064.4
avgbs_cluster_9753.1.42,Mrg20,230.1,1.439233607,2064.4
avgbs_109124.1.19,Mrg20,231.4,0.606717319,2065.7
avgbs_98892.1.56,Mrg20,231.4,1.218832781,2065.7
avgbs_cluster_7121.1.20,Mrg20,231.4,0,2065.7
avgbs_cluster_7121.1.63,Mrg20,231.4,0,2065.7
avgbs_16156.1.17,Mrg20,232.1,0.850521035,2066.4
avgbs_cluster_22341.1.22,Mrg20,232.1,1.445108208,2066.4
avgbs_cluster_35149.1.25,Mrg20,232.1,0.728611718,2066.4
avgbs_cluster_36943.1.49,Mrg20,232.1,0.906747445,2066.4
avgbs_cluster_36943.1.63,Mrg20,232.1,0.906747445,2066.4
avgbs_125673.1.10,Mrg20,234.2,1.214301546,2068.5
avgbs_cluster_3921.1.21,Mrg20,234.2,0.549730999,2068.5
avgbs_cluster_3921.1.45,Mrg20,234.2,0.549730999,2068.5
avgbs_cluster_6732.1.14,Mrg20,238.2,0.147506536,2072.5
avgbs_cluster_6732.1.56,Mrg20,238.2,0.147506536,2072.5
avgbs_119897.1.26,Mrg20,239.2,0.329968745,2073.5
avgbs_114763.1.43,Mrg20,243.9,0.893326667,2078.2
avgbs_cluster_10228.1.52,Mrg20,243.9,0.649088122,2078.2
avgbs_6K_76591.1.11,Mrg20,244.9,0.86546275,2079.2
avgbs_cluster_86.1.25,Mrg20,245.2,0.369161639,2079.5
avgbs_13373.1.15,Mrg20,248.6,0.799086362,2082.9
avgbs_113590.1.16,Mrg20,249.7,0.505425332,2084
avgbs_6K_28982.1.51,Mrg20,249.7,0.741004334,2084
avgbs_cluster_15590.1.41,Mrg20,249.7,0.14852653,2084
avgbs_cluster_15590.1.7,Mrg20,249.7,0.14852653,2084
avgbs_cluster_16670.1.36,Mrg20,249.7,0.536693558,2084
avgbs_cluster_27592.1.40,Mrg20,249.7,0.464650412,2084
avgbs_cluster_27592.1.42,Mrg20,249.7,0.464650412,2084
avgbs_cluster_3827.1.52,Mrg20,249.7,0.469157714,2084
avgbs_cluster_35672.1.13,Mrg20,251,0.574593344,2085.3
avgbs_cluster_35672.1.44,Mrg20,251,0.574593344,2085.3
avgbs_201865.1.64,Mrg20,253.7,0.565206581,2088
avgbs_cluster_2480.1.43,Mrg20,261,0.744119182,2095.3
avgbs_cluster_2480.1.63,Mrg20,261,0.744119182,2095.3
avgbs_cluster_10366.1.47,Mrg21,-3,0,2092.3
avgbs_cluster_25144.1.46,Mrg21,0.6,0,2095.9
avgbs_86543.1.25,Mrg21,2.1,0,2097.4
avgbs_121027.1.47,Mrg21,3.2,0.557912412,2098.5
avgbs_124817.1.38,Mrg21,3.2,0.606468921,2098.5
avgbs_13693.1.41,Mrg21,24.2,0.510933727,2119.5
avgbs_121395.1.18,Mrg21,25.5,0.160060153,2120.8
avgbs_66677.1.49,Mrg21,25.5,0.126060927,2120.8
avgbs_95054.1.61,Mrg21,25.8,0.178691446,2121.1
avgbs_100544.1.29,Mrg21,27.3,0.745296647,2122.6
avgbs_107010.1.10,Mrg21,27.3,0.364500399,2122.6
avgbs_110567.1.56,Mrg21,27.3,0.048871821,2122.6
avgbs_115108.1.40,Mrg21,27.3,0.214653947,2122.6
avgbs_118279.1.38,Mrg21,27.3,0.386031037,2122.6
avgbs_122978.1.63,Mrg21,27.3,0.322883143,2122.6
avgbs_18311.1.58,Mrg21,27.3,0.110492531,2122.6
avgbs_217356.1.26,Mrg21,27.3,0.191570416,2122.6
avgbs_23492.1.41,Mrg21,27.3,0.582090936,2122.6
avgbs_3444.1.13,Mrg21,27.3,0.249411409,2122.6
avgbs_35086.1.19,Mrg21,27.3,0.043743175,2122.6
avgbs_44482.1.23,Mrg21,27.3,0.2989598,2122.6
avgbs_66854.1.50,Mrg21,27.3,0.060044037,2122.6
avgbs_79972.1.29,Mrg21,27.3,0.198627397,2122.6
avgbs_80388.1.64,Mrg21,27.3,0.164286763,2122.6
avgbs_89279.1.28,Mrg21,27.3,0.015899848,2122.6
avgbs_90197.1.20,Mrg21,27.3,0.647129543,2122.6
avgbs_cluster_15103.1.30,Mrg21,27.3,0.664078554,2122.6
avgbs_cluster_1978.1.13,Mrg21,27.3,0.353267575,2122.6
avgbs_cluster_1978.1.43,Mrg21,27.3,0.075327581,2122.6
avgbs_cluster_2058.1.35,Mrg21,27.3,0.228079093,2122.6
avgbs_cluster_2058.1.51,Mrg21,27.3,0.228079093,2122.6
avgbs_cluster_22635.1.19,Mrg21,27.3,0.181230643,2122.6
avgbs_cluster_27394.1.40,Mrg21,27.3,0.711869058,2122.6
avgbs_cluster_27394.1.53,Mrg21,27.3,0.711869058,2122.6
avgbs_cluster_34677.1.39,Mrg21,27.3,0.075327581,2122.6
avgbs_cluster_38306.1.34,Mrg21,27.3,0.443983253,2122.6
avgbs_cluster_38809.1.26,Mrg21,27.3,0.240125793,2122.6
avgbs_cluster_38809.1.64,Mrg21,27.3,0.240125793,2122.6
avgbs_cluster_8844.1.24,Mrg21,27.3,0,2122.6
avgbs_cluster_8844.1.44,Mrg21,27.3,0,2122.6
avgbs_103975.1.39,Mrg21,28.3,0.093383739,2123.6
avgbs_108180.1.43,Mrg21,28.3,0.20480979,2123.6
avgbs_108659.1.44,Mrg21,28.3,0.371685594,2123.6
avgbs_15623.1.62,Mrg21,28.3,0.295807893,2123.6
avgbs_220788.1.18,Mrg21,28.3,0.525585555,2123.6
avgbs_42930.1.41,Mrg21,28.3,0.68856441,2123.6
avgbs_86455.1.31,Mrg21,28.3,0.837231456,2123.6
avgbs_8938.1.43,Mrg21,28.3,0.055934011,2123.6
avgbs_91789.1.24,Mrg21,28.3,0.312506446,2123.6
avgbs_cluster_15103.1.37,Mrg21,28.3,0.549953033,2123.6
avgbs_cluster_16179.1.25,Mrg21,28.3,0.288600771,2123.6
avgbs_cluster_16179.1.27,Mrg21,28.3,0.288600771,2123.6
avgbs_cluster_25825.1.7,Mrg21,28.3,0.577102122,2123.6
avgbs_cluster_34117.1.29,Mrg21,28.3,0.048983238,2123.6
avgbs_cluster_34117.1.41,Mrg21,28.3,0.048983238,2123.6
avgbs_cluster_36116.1.13,Mrg21,28.3,0.559369237,2123.6
avgbs_cluster_36539.1.37,Mrg21,28.3,0.299448214,2123.6
avgbs_cluster_36539.1.54,Mrg21,28.3,0.299448214,2123.6
avgbs_cluster_39452.1.57,Mrg21,28.3,0.008778412,2123.6
avgbs_cluster_39452.1.8,Mrg21,28.3,1.456425071,2123.6
avgbs_cluster_40022.1.13,Mrg21,28.3,0.349308415,2123.6
avgbs_cluster_40390.1.12,Mrg21,28.3,0.128380161,2123.6
avgbs_cluster_47988.1.14,Mrg21,28.3,0.476777154,2123.6
avgbs_cluster_47988.1.21,Mrg21,28.3,0.476777154,2123.6
avgbs_cluster_23828.1.31,Mrg21,31.3,0.091384532,2126.6
avgbs_121542.1.26,Mrg21,32.1,0.198662236,2127.4
avgbs_91917.1.30,Mrg21,32.1,0.150143664,2127.4
avgbs_cluster_36019.1.61,Mrg21,32.1,0.017917137,2127.4
avgbs_cluster_36019.1.63,Mrg21,32.1,0.017917137,2127.4
avgbs_79583.1.57,Mrg21,37.8,0.326891747,2133.1
avgbs_cluster_22277.1.45,Mrg21,39.5,1.308686549,2134.8
avgbs_cluster_22277.1.54,Mrg21,39.5,1.308686549,2134.8
avgbs_cluster_30396.1.28,Mrg21,39.5,1.568070353,2134.8
avgbs_cluster_31453.1.10,Mrg21,69.8,0,2165.1
avgbs_cluster_31453.1.34,Mrg21,69.8,0,2165.1
avgbs_cluster_39792.1.35,Mrg21,69.8,0,2165.1
avgbs_51526.1.30,Mrg21,78.7,1.537640346,2174
avgbs_cluster_39297.1.59,Mrg21,78.7,0.93810401,2174
avgbs_cluster_39297.1.61,Mrg21,78.7,0.93810401,2174
avgbs_47631.1.32,Mrg21,81.6,0.440028499,2176.9
avgbs_77667.1.21,Mrg21,81.6,0.071852696,2176.9
avgbs_cluster_23950.1.46,Mrg21,81.6,0.608413987,2176.9
avgbs_cluster_23950.1.49,Mrg21,81.6,0.608413987,2176.9
avgbs_51483.1.60,Mrg21,82,0.312852021,2177.3
avgbs_cluster_1276.1.54,Mrg21,82,0,2177.3
avgbs_cluster_1276.1.58,Mrg21,82,0,2177.3
avgbs_cluster_1575.1.29,Mrg21,82.1,0,2177.4
avgbs_cluster_1575.1.37,Mrg21,82.1,0,2177.4
avgbs_cluster_39318.1.49,Mrg21,82.1,0.224758033,2177.4
avgbs_cluster_1721.1.12,Mrg21,84.9,1.386149699,2180.2
avgbs_82944.1.16,Mrg21,111.3,0,2206.6
avgbs_1891.1.28,Mrg21,113.2,0,2208.5
avgbs_6K_111208.1.58,Mrg21,113.2,0.650151167,2208.5
avgbs_cluster_26995.1.44,Mrg21,113.2,0.991437069,2208.5
avgbs_cluster_32790.1.20,Mrg21,113.2,0.43953721,2208.5
avgbs_cluster_32790.1.23,Mrg21,113.2,0.43953721,2208.5
avgbs_cluster_32790.1.25,Mrg21,113.2,0.43953721,2208.5
avgbs_cluster_32312.1.29,Mrg21,114.7,0.519524233,2210
avgbs_cluster_16595.1.11,Mrg21,119.3,0.013891685,2214.6
avgbs_cluster_16595.1.20,Mrg21,119.3,0.013891685,2214.6
avgbs_cluster_3944.1.38,Mrg21,119.7,0.177622942,2215
avgbs_cluster_43433.1.13,Mrg21,119.7,0.221701008,2215
avgbs_cluster_27655.1.27,Mrg21,122.6,0.001779438,2217.9
avgbs_cluster_42082.1.23,Mrg21,122.6,0.136454565,2217.9
avgbs_11723.1.59,Mrg21,122.8,0.10233444,2218.1
avgbs_119304.1.27,Mrg21,122.8,0.47005997,2218.1
avgbs_55214.1.19,Mrg21,122.8,0,2218.1
avgbs_93789.1.22,Mrg21,122.8,0.6553791,2218.1
avgbs_cluster_15878.1.46,Mrg21,122.8,0,2218.1
avgbs_cluster_39944.1.51,Mrg21,122.8,0,2218.1
avgbs_cluster_42948.1.56,Mrg21,122.8,0.055930358,2218.1
avgbs_cluster_8856.1.57,Mrg21,122.8,0.161349153,2218.1
avgbs_cluster_8856.1.7,Mrg21,122.8,0.161349153,2218.1
avgbs_cluster_5157.1.48,Mrg21,123.5,0,2218.8
avgbs_cluster_34561.2.23,Mrg21,124,0.021466698,2219.3
avgbs_cluster_34561.2.32,Mrg21,124,0.021466698,2219.3
avgbs_126295.1.37,Mrg21,124.1,0.23239169,2219.4
avgbs_20544.1.29,Mrg21,124.1,0.049164398,2219.4
avgbs_cluster_35548.1.50,Mrg21,124.1,0,2219.4
avgbs_cluster_35548.1.64,Mrg21,124.1,0.355312107,2219.4
avgbs_cluster_36034.1.57,Mrg21,124.1,0,2219.4
avgbs_222114.1.54,Mrg21,124.3,0.026400098,2219.6
avgbs_cluster_30116.1.50,Mrg21,124.3,0.091442224,2219.6
avgbs_102228.1.59,Mrg21,125.8,0.137646862,2221.1
avgbs_116468.1.8,Mrg21,125.8,1.731983906,2221.1
avgbs_22090.1.40,Mrg21,125.8,0,2221.1
avgbs_38917.1.35,Mrg21,125.8,0.630073677,2221.1
avgbs_39820.1.25,Mrg21,125.8,0.704085967,2221.1
avgbs_42260.1.19,Mrg21,125.8,0.813825907,2221.1
avgbs_76841.1.12,Mrg21,125.8,0.290359426,2221.1
avgbs_84218.1.20,Mrg21,125.8,0.355312107,2221.1
avgbs_93310.1.20,Mrg21,125.8,0.103367243,2221.1
avgbs_cluster_13491.1.11,Mrg21,125.8,0,2221.1
avgbs_cluster_1537.1.14,Mrg21,125.8,0.458664761,2221.1
avgbs_cluster_1537.1.20,Mrg21,125.8,0.458664761,2221.1
avgbs_cluster_31399.1.36,Mrg21,125.8,1.277982938,2221.1
avgbs_cluster_3156.1.50,Mrg21,125.8,0.482497958,2221.1
avgbs_cluster_3156.1.53,Mrg21,125.8,0.482497958,2221.1
avgbs_cluster_3540.1.42,Mrg21,125.8,0.195543996,2221.1
avgbs_cluster_36892.1.54,Mrg21,125.8,1.110242602,2221.1
avgbs_cluster_38648.1.56,Mrg21,125.8,0,2221.1
avgbs_cluster_38648.1.64,Mrg21,125.8,0.096367446,2221.1
avgbs_cluster_506.1.10,Mrg21,125.8,0,2221.1
avgbs_cluster_506.1.64,Mrg21,125.8,0,2221.1
avgbs_cluster_506.1.8,Mrg21,125.8,0,2221.1
avgbs_cluster_39164.1.38,Mrg21,126.2,0.102369907,2221.5
avgbs_cluster_39164.1.62,Mrg21,126.2,0.102369907,2221.5
avgbs_cluster_37682.1.21,Mrg21,126.4,0,2221.7
avgbs_cluster_37682.1.63,Mrg21,126.4,0,2221.7
avgbs_cluster_37682.1.64,Mrg21,126.4,0,2221.7
avgbs_113757.1.52,Mrg21,128.4,0.144683868,2223.7
avgbs_120076.1.53,Mrg21,130.4,0.121098103,2225.7
avgbs_90063.1.57,Mrg21,130.8,0,2226.1
avgbs_68758.1.46,Mrg21,140.1,0.214480923,2235.4
avgbs_cluster_21400.1.51,Mrg21,140.1,0.401688661,2235.4
avgbs_cluster_21400.1.52,Mrg21,140.1,0.401688661,2235.4
avgbs_cluster_2514.1.41,Mrg21,140.1,0.035562211,2235.4
avgbs_cluster_26953.1.53,Mrg21,140.1,0,2235.4
avgbs_cluster_26953.1.54,Mrg21,140.1,0,2235.4
avgbs_cluster_30632.1.13,Mrg21,140.1,0,2235.4
avgbs_cluster_30632.1.60,Mrg21,140.1,0,2235.4
avgbs_cluster_31714.1.42,Mrg21,140.1,0,2235.4
avgbs_cluster_31714.1.49,Mrg21,140.1,0.414092243,2235.4
avgbs_cluster_33548.1.14,Mrg21,140.1,0,2235.4
avgbs_cluster_33548.1.30,Mrg21,140.1,0,2235.4
avgbs_cluster_40123.1.45,Mrg21,140.1,1.090061483,2235.4
avgbs_cluster_5509.1.17,Mrg21,140.1,0.195543996,2235.4
avgbs_cluster_66.1.51,Mrg21,140.1,0,2235.4
avgbs_10849.1.39,Mrg21,142,0.011341214,2237.3
avgbs_117484.1.34,Mrg21,142,0.000413986,2237.3
avgbs_12818.1.9,Mrg21,142,0,2237.3
avgbs_cluster_16653.1.33,Mrg21,142,0,2237.3
avgbs_cluster_16653.1.50,Mrg21,142,0,2237.3
avgbs_cluster_23227.1.52,Mrg21,142,0.002815777,2237.3
avgbs_cluster_28126.1.35,Mrg21,143.1,0.176768385,2238.4
avgbs_cluster_28126.1.38,Mrg21,143.1,0.176768385,2238.4
avgbs_cluster_30211.1.45,Mrg21,143.6,1.179963049,2238.9
avgbs_18950.1.29,Mrg21,145.3,0,2240.6
avgbs_204773.1.38,Mrg21,145.3,0.032882741,2240.6
avgbs_20910.1.60,Mrg21,145.3,0.529436792,2240.6
avgbs_cluster_25116.1.64,Mrg21,145.3,0.197192486,2240.6
avgbs_cluster_40592.1.14,Mrg21,146,0.340629866,2241.3
avgbs_cluster_40592.1.17,Mrg21,146,0.340629866,2241.3
avgbs_cluster_40592.1.64,Mrg21,146,0.340629866,2241.3
avgbs_118451.1.23,Mrg21,148.2,0.186980176,2243.5
avgbs_42103.1.51,Mrg21,148.2,0.103402783,2243.5
avgbs_58338.1.60,Mrg21,148.2,0.337386333,2243.5
avgbs_64259.1.11,Mrg21,148.2,1.085573029,2243.5
avgbs_cluster_15668.1.34,Mrg21,148.2,0.348113038,2243.5
avgbs_cluster_19988.1.56,Mrg21,148.2,0.768653371,2243.5
avgbs_cluster_21358.1.29,Mrg21,148.2,0.17894397,2243.5
avgbs_cluster_2643.1.44,Mrg21,148.2,0.368901358,2243.5
avgbs_19947.1.49,Mrg21,155.7,0,2251
avgbs_86398.1.37,Mrg21,155.7,0,2251
avgbs_cluster_37690.1.17,Mrg21,155.7,0,2251
avgbs_cluster_37690.1.19,Mrg21,155.7,0,2251
avgbs_cluster_37704.1.22,Mrg21,155.7,0,2251
avgbs_cluster_568.1.24,Mrg21,156,0,2251.3
avgbs_cluster_568.1.6,Mrg21,156,0,2251.3
avgbs_125451.1.14,Mrg21,158.4,0,2253.7
avgbs_cluster_35092.1.7,Mrg21,158.4,1.048874467,2253.7
avgbs_cluster_5728.1.64,Mrg21,162.2,0,2257.5
avgbs_cluster_26922.1.46,Mrg21,164.7,0.710947324,2260
avgbs_cluster_26922.1.62,Mrg21,164.7,0.710947324,2260
avgbs_cluster_67802.1.31,Mrg21,164.7,0.487759873,2260
avgbs_cluster_67802.1.38,Mrg21,164.7,0.487759873,2260
avgbs_93267.1.35,Mrg21,167.7,0.446469116,2263
avgbs_cluster_40891.1.60,Mrg21,167.7,0.498918889,2263
avgbs_cluster_59336.1.21,Mrg21,167.7,0.495307258,2263
avgbs_cluster_59336.1.37,Mrg21,167.7,0.495307258,2263
avgbs_cluster_59336.1.43,Mrg21,167.7,0.495307258,2263
avgbs_10789.1.59,Mrg21,172,0.859950166,2267.3
avgbs_23379.1.13,Mrg21,172,1.048315265,2267.3
avgbs_41785.1.44,Mrg21,172,1.079321661,2267.3
avgbs_71350.1.18,Mrg21,172,0.265845211,2267.3
avgbs_cluster_10513.1.10,Mrg21,172,0,2267.3
avgbs_cluster_10513.1.22,Mrg21,172,0,2267.3
avgbs_cluster_10513.1.38,Mrg21,172,0,2267.3
avgbs_cluster_38211.1.17,Mrg21,172,0,2267.3
avgbs_cluster_40596.1.53,Mrg21,172,0.501356572,2267.3
avgbs_cluster_53908.1.18,Mrg21,172,1.124416137,2267.3
avgbs_cluster_53908.1.36,Mrg21,172,1.124416137,2267.3
avgbs_cluster_53908.1.42,Mrg21,172,1.124416137,2267.3
avgbs_cluster_3359.1.29,Mrg21,175.1,0.35044461,2270.4
avgbs_cluster_54094.1.31,Mrg21,176.2,0.460465702,2271.5
avgbs_64000.1.55,Mrg21,178.3,0.262096503,2273.6
avgbs_cluster_8951.1.59,Mrg21,178.3,0.158259077,2273.6
avgbs_11240.1.47,Mrg21,180.4,0.495012966,2275.7
avgbs_108692.1.38,Mrg21,181.1,0.655075765,2276.4
avgbs_110603.1.46,Mrg21,181.1,0.547141583,2276.4
avgbs_21101.1.38,Mrg21,181.1,0.167808329,2276.4
avgbs_27211.1.8,Mrg21,181.1,0.635236784,2276.4
avgbs_36276.1.50,Mrg21,181.1,0.172365673,2276.4
avgbs_36277.1.50,Mrg21,181.1,0.031287043,2276.4
avgbs_37293.1.61,Mrg21,181.1,0.099782689,2276.4
avgbs_49917.1.18,Mrg21,181.1,0.531646044,2276.4
avgbs_72419.1.56,Mrg21,181.1,0.06851174,2276.4
avgbs_cluster_2501.1.22,Mrg21,181.1,1.126593939,2276.4
avgbs_cluster_3225.1.37,Mrg21,181.1,0,2276.4
avgbs_cluster_35951.1.37,Mrg21,181.1,0.271120124,2276.4
avgbs_cluster_35951.1.53,Mrg21,181.1,0.044012214,2276.4
avgbs_cluster_39691.1.58,Mrg21,181.1,0.028938525,2276.4
avgbs_80330.1.18,Mrg21,183.3,1.051828413,2278.6
avgbs_65813.1.19,Mrg21,186.9,0.198250622,2282.2
avgbs_81026.1.8,Mrg21,186.9,0.383809136,2282.2
avgbs_cluster_10157.1.15,Mrg21,187.6,0.13655675,2282.9
avgbs_cluster_10157.1.48,Mrg21,187.6,0.13655675,2282.9
avgbs_cluster_2046.1.16,Mrg21,187.6,0.527469762,2282.9
avgbs_cluster_22418.1.11,Mrg21,187.6,0.598733128,2282.9
avgbs_cluster_22418.1.22,Mrg21,187.6,0.598733128,2282.9
avgbs_cluster_29682.1.29,Mrg21,187.6,0.431588794,2282.9
avgbs_cluster_29682.1.58,Mrg21,187.6,0.431588794,2282.9
avgbs_5138.1.50,Mrg21,188.8,0.428898369,2284.1
avgbs_87534.1.61,Mrg21,190.3,0.56024732,2285.6
avgbs_cluster_2295.1.26,Mrg21,190.4,0.009405241,2285.7
avgbs_cluster_2295.1.33,Mrg21,190.4,0.009405241,2285.7
avgbs_cluster_39746.1.59,Mrg21,190.4,0.538221418,2285.7
avgbs_99396.1.15,Mrg21,190.9,0,2286.2
avgbs_cluster_20257.1.57,Mrg21,193.1,0.585435375,2288.4
avgbs_6K_84661.1.59,Mrg21,195.7,0.193321748,2291
avgbs_70573.1.41,Mrg21,195.7,0.300380493,2291
avgbs_83283.1.35,Mrg21,195.7,1.615279944,2291
avgbs_cluster_8535.1.25,Mrg21,197.1,0,2292.4
avgbs_cluster_8535.1.47,Mrg21,197.1,0,2292.4
avgbs_cluster_8535.1.48,Mrg21,197.1,0,2292.4
avgbs_92648.1.36,Mrg21,197.6,0.557630111,2292.9
avgbs_cluster_37809.1.57,Mrg21,198.4,0.482829701,2293.7
avgbs_cluster_37809.1.60,Mrg21,198.4,0.482829701,2293.7
avgbs_cluster_33170.1.58,Mrg21,198.5,0.522049282,2293.8
avgbs_6K_86198.1.64,Mrg21,198.6,0.297190958,2293.9
avgbs_cluster_18011.1.52,Mrg21,198.7,0.839513934,2294
avgbs_cluster_22740.1.15,Mrg21,198.9,0,2294.2
avgbs_cluster_22740.1.43,Mrg21,198.9,0,2294.2
avgbs_cluster_22740.1.59,Mrg21,198.9,0,2294.2
avgbs_cluster_6219.1.34,Mrg21,199.1,0.055361343,2294.4
avgbs_cluster_6219.1.57,Mrg21,199.1,0.055361343,2294.4
avgbs_cluster_6219.1.62,Mrg21,199.1,0.055361343,2294.4
avgbs_114777.1.26,Mrg21,199.4,0.181316848,2294.7
avgbs_cluster_23584.1.28,Mrg21,199.4,0.543679004,2294.7
avgbs_cluster_23584.1.41,Mrg21,199.4,0.543679004,2294.7
avgbs_cluster_23584.1.62,Mrg21,199.4,0.543679004,2294.7
avgbs_203615.1.61,Mrg21,199.6,0.102900225,2294.9
avgbs_21256.1.57,Mrg21,199.7,0.293006478,2295
avgbs_cluster_35273.1.11,Mrg21,200.6,0,2295.9
avgbs_cluster_35273.1.12,Mrg21,200.6,0,2295.9
avgbs_cluster_35273.1.13,Mrg21,200.6,0,2295.9
avgbs_cluster_35424.1.15,Mrg21,200.9,0.629918835,2296.2
avgbs_cluster_35424.1.22,Mrg21,200.9,0.198005548,2296.2
avgbs_cluster_35424.1.43,Mrg21,200.9,0.629918835,2296.2
avgbs_cluster_41031.1.11,Mrg21,203.4,0.000895464,2298.7
avgbs_100660.1.50,Mrg21,203.9,0,2299.2
avgbs_14761.1.47,Mrg21,203.9,0,2299.2
avgbs_cluster_7095.1.60,Mrg21,205.3,0.191409931,2300.6
avgbs_cluster_7095.1.61,Mrg21,205.3,0.191409931,2300.6
avgbs_cluster_7095.1.63,Mrg21,205.3,0.191409931,2300.6
avgbs_cluster_7614.1.16,Mrg21,205.3,0.258762499,2300.6
avgbs_cluster_7614.1.17,Mrg21,205.3,0.258762499,2300.6
avgbs_100.1.64,Mrg21,205.7,0.281133159,2301
avgbs_104588.1.19,Mrg21,205.7,0.204677099,2301
avgbs_105272.1.46,Mrg21,205.7,0,2301
avgbs_36941.1.15,Mrg21,205.7,0,2301
avgbs_87451.1.64,Mrg21,205.7,0,2301
avgbs_cluster_2253.1.20,Mrg21,205.7,0.375639367,2301
avgbs_cluster_2253.1.28,Mrg21,205.7,0.375639367,2301
avgbs_cluster_2253.1.64,Mrg21,205.7,0.199342742,2301
avgbs_cluster_37053.1.53,Mrg21,206.1,0.689572703,2301.4
avgbs_cluster_4261.1.43,Mrg21,207.6,0,2302.9
avgbs_cluster_4261.1.45,Mrg21,207.6,0,2302.9
avgbs_cluster_40185.1.26,Mrg21,207.8,0,2303.1
avgbs_cluster_34308.1.34,Mrg21,209.8,0,2305.1
avgbs_16218.1.59,Mrg21,209.9,0.184253953,2305.2
avgbs_cluster_55.1.59,Mrg21,210.5,0,2305.8
avgbs_cluster_40185.1.22,Mrg21,211.9,0.659436856,2307.2
avgbs_23837.1.59,Mrg21,212,0,2307.3
avgbs_cluster_7805.1.47,Mrg21,212.1,0,2307.4
avgbs_cluster_7805.1.59,Mrg21,212.1,0,2307.4
avgbs_cluster_7805.1.9,Mrg21,212.1,0,2307.4
avgbs_cluster_3799.1.18,Mrg21,213.3,0.287582301,2308.6
avgbs_cluster_3799.1.40,Mrg21,213.3,0.287582301,2308.6
avgbs_cluster_3799.1.45,Mrg21,213.3,0.240925549,2308.6
avgbs_115857.1.52,Mrg21,213.7,0.08759044,2309
avgbs_cluster_34057.1.38,Mrg23,8.7,0.018577638,2317.7
avgbs_cluster_2316.1.26,Mrg23,12,0.087218342,2321
avgbs_cluster_2316.1.53,Mrg23,12,0.087218342,2321
avgbs_cluster_9315.1.25,Mrg23,12,0.155949432,2321
avgbs_cluster_28349.1.36,Mrg23,15.5,0,2324.5
avgbs_cluster_28349.1.43,Mrg23,15.5,0,2324.5
avgbs_cluster_25065.1.13,Mrg23,19,0.006552746,2328
avgbs_cluster_35070.1.29,Mrg23,19,0.072486224,2328
avgbs_cluster_38858.1.44,Mrg23,19,0.131664673,2328
avgbs_cluster_17483.1.31,Mrg23,20.4,0.116676481,2329.4
avgbs_cluster_17483.1.51,Mrg23,20.4,0.116676481,2329.4
avgbs_cluster_40054.1.23,Mrg23,22.2,0.314053769,2331.2
avgbs_cluster_26717.1.24,Mrg23,23.2,0,2332.2
avgbs_cluster_39140.1.41,Mrg23,23.2,0,2332.2
avgbs_cluster_6447.1.14,Mrg23,23.2,0,2332.2
avgbs_cluster_6447.1.37,Mrg23,23.2,0.291307327,2332.2
avgbs_cluster_5356.1.41,Mrg23,25.3,0,2334.3
avgbs_cluster_6654.1.13,Mrg23,28.5,0.176544597,2337.5
avgbs_111695.1.18,Mrg23,30.2,0,2339.2
avgbs_123352.1.56,Mrg23,30.2,0,2339.2
avgbs_53336.1.23,Mrg23,30.2,0,2339.2
avgbs_65538.1.56,Mrg23,30.2,0,2339.2
avgbs_6K_8948.1.12,Mrg23,30.2,0,2339.2
avgbs_cluster_12.1.62,Mrg23,30.2,0,2339.2
avgbs_cluster_18321.1.49,Mrg23,30.2,0.713528159,2339.2
avgbs_cluster_26315.1.43,Mrg23,30.2,1.956738119,2339.2
avgbs_cluster_26315.1.54,Mrg23,30.2,1.067532535,2339.2
avgbs_cluster_39412.1.64,Mrg23,36.6,0.252813431,2345.6
avgbs_cluster_37786.1.12,Mrg23,38,0,2347
avgbs_cluster_37786.1.55,Mrg23,38,0,2347
avgbs_107910.1.32,Mrg23,39.2,0,2348.2
avgbs_cluster_31142.1.31,Mrg23,40.5,0.531767711,2349.5
avgbs_35460.1.60,Mrg23,40.7,0.122126861,2349.7
avgbs_cluster_848.1.17,Mrg23,40.7,0,2349.7
avgbs_cluster_848.1.64,Mrg23,40.7,0,2349.7
avgbs_112365.1.22,Mrg23,46.3,0.048865325,2355.3
avgbs_71007.1.62,Mrg23,46.3,0.116644305,2355.3
avgbs_cluster_12017.1.18,Mrg23,46.3,0,2355.3
avgbs_cluster_12017.1.43,Mrg23,46.3,0,2355.3
avgbs_cluster_26206.1.50,Mrg23,46.3,0.132956021,2355.3
avgbs_102256.1.61,Mrg23,48.3,0.219980468,2357.3
avgbs_38663.1.56,Mrg23,48.3,2.089600054,2357.3
avgbs_53463.1.53,Mrg23,48.3,0,2357.3
avgbs_cluster_17412.1.44,Mrg23,48.3,0.230125622,2357.3
avgbs_116786.1.33,Mrg23,49.5,0.005862673,2358.5
avgbs_86103.1.37,Mrg23,49.5,0.130349065,2358.5
avgbs_cluster_8576.1.32,Mrg23,49.5,0.690515635,2358.5
avgbs_cluster_8576.1.42,Mrg23,49.5,0.690515635,2358.5
avgbs_119183.1.14,Mrg23,53.7,0.146811287,2362.7
avgbs_28484.1.50,Mrg23,53.7,0.023657447,2362.7
avgbs_81885.1.38,Mrg23,53.7,0,2362.7
avgbs_cluster_23890.1.54,Mrg23,53.7,0.018148972,2362.7
avgbs_cluster_25230.1.24,Mrg23,53.7,0,2362.7
avgbs_119421.1.42,Mrg23,53.8,0,2362.8
avgbs_78971.1.25,Mrg23,53.8,0.01366024,2362.8
avgbs_81602.1.41,Mrg23,53.8,0,2362.8
avgbs_cluster_24169.1.25,Mrg23,53.8,0,2362.8
avgbs_77179.1.20,Mrg23,55.2,1.8774487,2364.2
avgbs_7556.1.48,Mrg23,56.1,0.43666009,2365.1
avgbs_cluster_38606.1.38,Mrg23,57,0,2366
avgbs_101742.1.28,Mrg23,57.8,1.528120018,2366.8
avgbs_105847.1.14,Mrg23,57.8,2.275923644,2366.8
avgbs_106941.1.33,Mrg23,57.8,1.605699091,2366.8
avgbs_107197.1.9,Mrg23,57.8,1.462127928,2366.8
avgbs_110633.1.44,Mrg23,57.8,1.847062997,2366.8
avgbs_117021.1.57,Mrg23,57.8,1.135277098,2366.8
avgbs_121607.1.61,Mrg23,57.8,1.220643883,2366.8
avgbs_121809.1.61,Mrg23,57.8,2.245364509,2366.8
avgbs_125809.1.54,Mrg23,57.8,1.93463708,2366.8
avgbs_125865.1.35,Mrg23,57.8,1.557754942,2366.8
avgbs_214846.1.60,Mrg23,57.8,1.397792402,2366.8
avgbs_22429.1.24,Mrg23,57.8,1.961673738,2366.8
avgbs_25586.1.47,Mrg23,57.8,1.760742889,2366.8
avgbs_3050.1.54,Mrg23,57.8,1.944858432,2366.8
avgbs_35431.1.12,Mrg23,57.8,2.042750401,2366.8
avgbs_49786.1.38,Mrg23,57.8,1.565127169,2366.8
avgbs_51922.1.28,Mrg23,57.8,1.668306029,2366.8
avgbs_69904.1.10,Mrg23,57.8,1.410649095,2366.8
avgbs_6K_115938.1.59,Mrg23,57.8,1.88986113,2366.8
avgbs_6K_1598.1.12,Mrg23,57.8,1.603355067,2366.8
avgbs_6K_47031.1.6,Mrg23,57.8,1.487140491,2366.8
avgbs_77606.1.16,Mrg23,57.8,1.094467626,2366.8
avgbs_cluster_1543.1.27,Mrg23,57.8,1.776895427,2366.8
avgbs_cluster_22255.1.43,Mrg23,57.8,1.643422066,2366.8
avgbs_cluster_40105.1.46,Mrg23,57.8,1.652959002,2366.8
avgbs_cluster_608.1.45,Mrg23,57.8,0.328381162,2366.8
avgbs_cluster_9968.1.26,Mrg23,57.8,0.349864839,2366.8
avgbs_124911.1.38,Mrg23,59.1,1.523158279,2368.1
avgbs_40344.1.35,Mrg23,59.1,2.312313333,2368.1
avgbs_44900.1.47,Mrg23,59.1,1.993811821,2368.1
avgbs_90678.1.27,Mrg23,59.1,1.8995328,2368.1
avgbs_114982.1.64,Mrg23,60.4,0.756156073,2369.4
avgbs_119958.1.41,Mrg23,60.4,0.865939126,2369.4
avgbs_34277.1.20,Mrg23,60.4,0,2369.4
avgbs_70802.1.32,Mrg23,60.4,0.669143692,2369.4
avgbs_cluster_12296.1.23,Mrg23,60.4,0,2369.4
avgbs_cluster_25887.1.41,Mrg23,60.4,1.29116715,2369.4
avgbs_cluster_25887.1.47,Mrg23,60.4,1.29116715,2369.4
avgbs_cluster_35201.1.26,Mrg23,60.4,1.187107612,2369.4
avgbs_215520.1.35,Mrg23,62,0,2371
avgbs_cluster_41133.1.57,Mrg23,62,0.750233208,2371
avgbs_101302.1.39,Mrg23,62.1,1.652223035,2371.1
avgbs_15874.1.55,Mrg23,62.1,0,2371.1
avgbs_44317.1.46,Mrg23,62.1,0.986595394,2371.1
avgbs_6351.1.63,Mrg23,62.1,2.432341384,2371.1
avgbs_99664.1.31,Mrg23,62.1,0.483885521,2371.1
avgbs_cluster_16269.1.46,Mrg23,62.1,1.69232338,2371.1
avgbs_cluster_20094.1.32,Mrg23,62.1,1.480788046,2371.1
avgbs_cluster_21349.1.64,Mrg23,62.1,0.126679899,2371.1
avgbs_cluster_3738.1.13,Mrg23,62.1,0,2371.1
avgbs_cluster_3738.1.54,Mrg23,62.1,0,2371.1
avgbs_cluster_40198.1.45,Mrg23,62.1,0.64831543,2371.1
avgbs_cluster_40520.1.11,Mrg23,62.8,0.377818664,2371.8
avgbs_22721.1.64,Mrg23,62.9,0.79347414,2371.9
avgbs_cluster_29217.1.50,Mrg23,63.7,0,2372.7
avgbs_cluster_29217.1.53,Mrg23,63.7,0,2372.7
avgbs_105921.1.39,Mrg23,64.6,0,2373.6
avgbs_1412.1.14,Mrg23,64.6,0.713495143,2373.6
avgbs_27248.1.12,Mrg23,64.6,0.595241515,2373.6
avgbs_4263.1.32,Mrg23,64.6,0.345601464,2373.6
avgbs_93252.1.62,Mrg23,64.6,0.197268607,2373.6
avgbs_78521.1.34,Mrg23,65.3,0,2374.3
avgbs_15136.1.14,Mrg23,65.9,0.782756193,2374.9
avgbs_19038.1.63,Mrg23,68.3,2.113806877,2377.3
avgbs_cluster_35984.1.7,Mrg23,68.3,3.364283255,2377.3
avgbs_109814.1.32,Mrg23,69.1,0.704416644,2378.1
avgbs_73565.1.9,Mrg23,69.2,2.468494867,2378.2
avgbs_cluster_15.1.14,Mrg23,69.2,2.12031071,2378.2
avgbs_54512.1.62,Mrg23,69.3,0.702343782,2378.3
avgbs_121450.1.24,Mrg23,71.4,0,2380.4
avgbs_4681.1.28,Mrg23,71.6,0,2380.6
avgbs_39089.1.53,Mrg23,71.8,0.105574368,2380.8
avgbs_20120.1.62,Mrg23,73.3,0,2382.3
avgbs_17695.1.43,Mrg23,73.4,0.312353097,2382.4
avgbs_cluster_41133.1.45,Mrg23,73.4,0.414370243,2382.4
avgbs_11137.1.28,Mrg23,74.4,0.608884464,2383.4
avgbs_cluster_19469.1.34,Mrg23,74.5,0.730121184,2383.5
avgbs_cluster_28002.1.34,Mrg23,79.1,0.016092303,2388.1
avgbs_cluster_39127.1.21,Mrg23,81.5,0.314251882,2390.5
avgbs_cluster_39127.1.27,Mrg23,81.5,0.314251882,2390.5
avgbs_cluster_39127.1.31,Mrg23,81.5,0.314251882,2390.5
avgbs_9234.1.60,Mrg23,92.8,0,2401.8
avgbs_28795.1.43,Mrg23,110.6,0.415837478,2419.6
avgbs_cluster_4114.1.48,Mrg23,110.6,0,2419.6
avgbs_cluster_4114.1.55,Mrg23,110.6,0,2419.6
avgbs_47539.1.29,Mrg24,2.7,0.984964783,2422.3
avgbs_9037.1.34,Mrg24,2.7,0.002625946,2422.3
avgbs_115721.1.46,Mrg24,5.4,0,2425
avgbs_48212.1.56,Mrg24,5.4,0.301564627,2425
avgbs_82201.1.50,Mrg24,5.4,0.564651537,2425
avgbs_82822.1.36,Mrg24,5.4,0,2425
avgbs_96101.1.8,Mrg24,5.4,0,2425
avgbs_cluster_2045.1.28,Mrg24,5.4,0,2425
avgbs_cluster_36011.1.38,Mrg24,5.4,0.985537861,2425
avgbs_cluster_39144.1.26,Mrg24,5.4,0,2425
avgbs_cluster_39144.1.48,Mrg24,5.4,0,2425
avgbs_cluster_4340.1.24,Mrg24,5.4,0.252977195,2425
avgbs_cluster_4340.1.56,Mrg24,5.4,0.252977195,2425
avgbs_cluster_18547.1.40,Mrg24,10.1,0.539954786,2429.7
avgbs_cluster_18547.1.52,Mrg24,10.1,0.539954786,2429.7
avgbs_cluster_35464.1.12,Mrg24,10.1,0.110534151,2429.7
avgbs_cluster_35464.1.32,Mrg24,10.1,0.110534151,2429.7
avgbs_cluster_15027.1.28,Mrg24,10.7,1.915078603,2430.3
avgbs_cluster_38110.1.41,Mrg24,10.7,0,2430.3
avgbs_cluster_38110.1.47,Mrg24,10.7,0,2430.3
avgbs_6K_9676.1.6,Mrg24,19.4,0,2439
avgbs_cluster_21860.1.39,Mrg24,19.4,0.04001949,2439
avgbs_cluster_21860.1.44,Mrg24,19.4,0,2439
avgbs_cluster_37564.1.63,Mrg24,19.4,0.943547648,2439
avgbs_7994.1.20,Mrg24,19.9,0.117436391,2439.5
avgbs_216978.1.31,Mrg24,20.6,0.154388417,2440.2
avgbs_32347.1.43,Mrg24,21.2,0.522274507,2440.8
avgbs_cluster_3533.1.62,Mrg24,21.2,0.169707241,2440.8
avgbs_cluster_3533.1.38,Mrg24,21.5,0,2441.1
avgbs_cluster_20683.1.12,Mrg24,21.6,0.142932546,2441.2
avgbs_cluster_40656.1.12,Mrg24,22.9,0.283854303,2442.5
avgbs_cluster_40656.1.23,Mrg24,22.9,0.283854303,2442.5
avgbs_cluster_40656.1.44,Mrg24,22.9,0.283854303,2442.5
avgbs_112697.1.38,Mrg24,23.1,0,2442.7
avgbs_115199.1.21,Mrg24,23.1,0.395283718,2442.7
avgbs_122908.1.31,Mrg24,23.1,0,2442.7
avgbs_316.1.22,Mrg24,23.1,0,2442.7
avgbs_51040.1.19,Mrg24,23.1,1.456200657,2442.7
avgbs_75803.1.17,Mrg24,23.1,0,2442.7
avgbs_8080.1.36,Mrg24,23.1,0.237344676,2442.7
avgbs_82071.1.49,Mrg24,23.1,0,2442.7
avgbs_cluster_15758.1.55,Mrg24,23.1,0,2442.7
avgbs_cluster_17103.1.6,Mrg24,23.1,0.043728068,2442.7
avgbs_cluster_38467.1.14,Mrg24,23.1,0.012007431,2442.7
avgbs_cluster_6973.1.24,Mrg24,23.1,0,2442.7
avgbs_cluster_6973.1.57,Mrg24,23.1,0,2442.7
avgbs_cluster_8711.1.50,Mrg24,23.1,0.010327435,2442.7
avgbs_90097.1.23,Mrg24,23.3,0.42872864,2442.9
avgbs_45894.1.53,Mrg24,24.4,0.009797966,2444
avgbs_cluster_5721.1.59,Mrg24,24.7,0.702761632,2444.3
avgbs_cluster_5721.1.62,Mrg24,24.7,0.702761632,2444.3
avgbs_cluster_5721.1.63,Mrg24,24.7,0.702761632,2444.3
avgbs_21719.1.63,Mrg24,26.6,0.62534232,2446.2
avgbs_cluster_47911.1.41,Mrg24,26.6,1.273476484,2446.2
avgbs_cluster_47911.1.47,Mrg24,26.6,1.273476484,2446.2
avgbs_cluster_47911.1.61,Mrg24,26.6,1.273476484,2446.2
avgbs_2868.1.19,Mrg24,30.8,0.227148159,2450.4
avgbs_cluster_36132.1.50,Mrg24,31.6,0.017580366,2451.2
avgbs_cluster_36132.1.59,Mrg24,31.6,0.017580366,2451.2
avgbs_200816.1.27,Mrg24,36.1,0.40344636,2455.7
avgbs_61738.1.63,Mrg24,36.1,0.330228572,2455.7
avgbs_cluster_7743.1.44,Mrg24,36.1,0.364693266,2455.7
avgbs_20842.1.12,Mrg24,36.3,0.48932757,2455.9
avgbs_cluster_25208.1.20,Mrg24,36.3,0.48148185,2455.9
avgbs_cluster_25208.1.47,Mrg24,36.3,0.48148185,2455.9
avgbs_cluster_4893.1.11,Mrg24,36.3,0.102691521,2455.9
avgbs_cluster_4893.1.37,Mrg24,36.3,0.102691521,2455.9
avgbs_cluster_4893.1.38,Mrg24,36.3,0.102691521,2455.9
avgbs_19684.1.60,Mrg24,36.8,0.025109731,2456.4
avgbs_7608.1.60,Mrg24,36.8,0.266094815,2456.4
avgbs_116951.1.14,Mrg24,36.9,0.291109889,2456.5
avgbs_55491.1.39,Mrg24,37,0.262135131,2456.6
avgbs_200486.1.64,Mrg24,37.1,0.093576018,2456.7
avgbs_42379.1.63,Mrg24,37.1,0.062756568,2456.7
avgbs_19291.1.20,Mrg24,37.3,0.127568901,2456.9
avgbs_19900.1.49,Mrg24,37.3,0.515213235,2456.9
avgbs_29039.1.25,Mrg24,37.3,0.310808748,2456.9
avgbs_64397.1.35,Mrg24,37.3,0.038047244,2456.9
avgbs_cluster_4896.1.14,Mrg24,37.3,0.132678039,2456.9
avgbs_cluster_4896.1.61,Mrg24,37.3,0.132678039,2456.9
avgbs_cluster_5381.1.62,Mrg24,37.6,0.304741687,2457.2
avgbs_cluster_5381.1.64,Mrg24,37.6,0.304741687,2457.2
avgbs_cluster_643.1.17,Mrg24,38.7,0.348228304,2458.3
avgbs_cluster_643.1.22,Mrg24,38.7,0.348228304,2458.3
avgbs_106815.1.53,Mrg24,41,0.369929617,2460.6
avgbs_14102.1.21,Mrg24,41,0.061338152,2460.6
avgbs_31434.1.52,Mrg24,41,0.272659095,2460.6
avgbs_cluster_13990.1.34,Mrg24,41,0.166701831,2460.6
avgbs_cluster_13990.1.61,Mrg24,41,0.166701831,2460.6
avgbs_cluster_18879.1.32,Mrg24,41,0.086312402,2460.6
avgbs_cluster_23226.1.52,Mrg24,41,0.25711327,2460.6
avgbs_cluster_39360.1.45,Mrg24,41,0.118596041,2460.6
avgbs_cluster_33060.1.13,Mrg24,41.2,0.142642288,2460.8
avgbs_40252.1.48,Mrg24,41.7,0.245799835,2461.3
avgbs_100875.1.33,Mrg24,41.8,0.223488737,2461.4
avgbs_106243.1.63,Mrg24,41.8,0,2461.4
avgbs_109553.1.40,Mrg24,41.8,0.392122757,2461.4
avgbs_110071.1.23,Mrg24,41.8,0.51535252,2461.4
avgbs_116021.1.47,Mrg24,41.8,0.733417274,2461.4
avgbs_120739.1.46,Mrg24,41.8,0,2461.4
avgbs_124659.1.49,Mrg24,41.8,1.237141944,2461.4
avgbs_125076.1.15,Mrg24,41.8,0.948923785,2461.4
avgbs_13394.1.17,Mrg24,41.8,0.112286612,2461.4
avgbs_15314.1.16,Mrg24,41.8,0.428454767,2461.4
avgbs_18173.1.30,Mrg24,41.8,0.307977329,2461.4
avgbs_18944.1.40,Mrg24,41.8,0.041557627,2461.4
avgbs_2085.1.20,Mrg24,41.8,0.291109889,2461.4
avgbs_5915.1.63,Mrg24,41.8,0.194373633,2461.4
avgbs_65539.1.55,Mrg24,41.8,1.047264628,2461.4
avgbs_6K_33528.1.58,Mrg24,41.8,0.860179094,2461.4
avgbs_85001.1.21,Mrg24,41.8,0.891205964,2461.4
avgbs_8627.1.15,Mrg24,41.8,0.449614336,2461.4
avgbs_9554.1.15,Mrg24,41.8,0.277041924,2461.4
avgbs_cluster_11451.1.17,Mrg24,41.8,1.290973528,2461.4
avgbs_cluster_16942.1.25,Mrg24,41.8,0.019524909,2461.4
avgbs_cluster_16942.1.49,Mrg24,41.8,0.019524909,2461.4
avgbs_cluster_2628.1.26,Mrg24,41.8,1.047264628,2461.4
avgbs_cluster_2628.1.63,Mrg24,41.8,1.047264628,2461.4
avgbs_cluster_29437.1.20,Mrg24,41.8,1.814279394,2461.4
avgbs_cluster_29437.1.37,Mrg24,41.8,1.814279394,2461.4
avgbs_cluster_3137.1.16,Mrg24,41.8,1.018216634,2461.4
avgbs_cluster_33215.1.27,Mrg24,41.8,1.073319968,2461.4
avgbs_cluster_34467.1.16,Mrg24,41.8,0,2461.4
avgbs_cluster_34467.1.61,Mrg24,41.8,0,2461.4
avgbs_cluster_34949.1.41,Mrg24,41.8,0.256847828,2461.4
avgbs_cluster_35863.1.30,Mrg24,41.8,0,2461.4
avgbs_cluster_36611.1.58,Mrg24,41.8,0,2461.4
avgbs_cluster_39915.2.48,Mrg24,41.8,0.414093218,2461.4
avgbs_cluster_40583.1.48,Mrg24,41.8,0.074503976,2461.4
avgbs_cluster_5191.1.13,Mrg24,41.8,0.811329661,2461.4
avgbs_cluster_21030.1.11,Mrg24,42.2,0.722896252,2461.8
avgbs_cluster_39082.1.11,Mrg24,42.2,0.304882119,2461.8
avgbs_cluster_24939.1.57,Mrg24,42.5,0.508779582,2462.1
avgbs_cluster_24939.1.58,Mrg24,42.5,0.508779582,2462.1
avgbs_cluster_24939.1.59,Mrg24,42.5,0.508779582,2462.1
avgbs_cluster_40839.1.21,Mrg24,44,0.13471593,2463.6
avgbs_cluster_40839.1.27,Mrg24,44,0.13471593,2463.6
avgbs_111053.1.44,Mrg24,45,2.890442316,2464.6
avgbs_36359.1.34,Mrg24,45,0.128100714,2464.6
avgbs_42243.1.15,Mrg24,45,0.535205059,2464.6
avgbs_68000.1.21,Mrg24,45,0.047417663,2464.6
avgbs_75389.1.31,Mrg24,45,0,2464.6
avgbs_cluster_1253.1.12,Mrg24,45,0.011013217,2464.6
avgbs_cluster_32777.1.62,Mrg24,45,0.11282116,2464.6
avgbs_211629.1.50,Mrg24,46.6,0.286727571,2466.2
avgbs_40403.1.20,Mrg24,47.5,0.851395663,2467.1
avgbs_120371.1.16,Mrg24,49,0,2468.6
avgbs_cluster_32402.1.19,Mrg24,50.5,1.435594588,2470.1
avgbs_cluster_32402.1.33,Mrg24,50.5,1.435594588,2470.1
avgbs_cluster_13188.1.57,Mrg24,54,0.287782977,2473.6
avgbs_80185.1.22,Mrg24,56.1,0.254391709,2475.7
avgbs_cluster_34031.1.31,Mrg24,56.1,0.442479092,2475.7
avgbs_cluster_34031.1.57,Mrg24,56.1,0.442479092,2475.7
avgbs_cluster_43668.1.44,Mrg24,57.4,0.762062488,2477
avgbs_119392.1.50,Mrg24,60.2,0.23012285,2479.8
avgbs_55106.1.6,Mrg24,60.2,1.682952915,2479.8
avgbs_67344.1.11,Mrg24,60.2,0.044920723,2479.8
avgbs_67530.1.43,Mrg24,60.2,0.121732978,2479.8
avgbs_cluster_13726.1.18,Mrg24,60.2,0.110256373,2479.8
avgbs_cluster_13726.1.39,Mrg24,60.2,0.110256373,2479.8
avgbs_cluster_1925.1.11,Mrg24,60.2,0.104907076,2479.8
avgbs_cluster_1925.1.27,Mrg24,60.2,0.104907076,2479.8
avgbs_cluster_2181.1.19,Mrg24,60.2,0.04601422,2479.8
avgbs_cluster_2181.1.34,Mrg24,60.2,0.04601422,2479.8
avgbs_cluster_2181.1.38,Mrg24,60.2,0.04601422,2479.8
avgbs_cluster_2586.1.31,Mrg24,60.2,0.723113059,2479.8
avgbs_cluster_26040.1.8,Mrg24,60.2,0.602725963,2479.8
avgbs_cluster_28129.1.24,Mrg24,60.2,0.022934707,2479.8
avgbs_cluster_28353.1.7,Mrg24,60.2,1.179801825,2479.8
avgbs_cluster_32683.1.27,Mrg24,60.2,0.302929751,2479.8
avgbs_cluster_32683.1.49,Mrg24,60.2,0.302929751,2479.8
avgbs_cluster_383.1.33,Mrg24,60.2,0.459518416,2479.8
avgbs_cluster_40514.1.61,Mrg24,60.2,0.09079156,2479.8
avgbs_cluster_40514.1.62,Mrg24,60.2,0.09079156,2479.8
avgbs_cluster_4164.1.45,Mrg24,60.2,0.571499285,2479.8
avgbs_cluster_6756.1.6,Mrg24,60.2,0.375403162,2479.8
avgbs_cluster_769.1.31,Mrg24,60.2,0.318276539,2479.8
avgbs_cluster_2358.1.63,Mrg24,60.7,0,2480.3
avgbs_cluster_2358.1.64,Mrg24,60.7,0,2480.3
avgbs_cluster_16441.1.26,Mrg24,60.9,0.302063843,2480.5
avgbs_cluster_25009.1.46,Mrg24,61.1,0.139708552,2480.7
avgbs_cluster_25009.1.62,Mrg24,61.1,0.139708552,2480.7
avgbs_cluster_39005.1.23,Mrg24,61.1,0,2480.7
avgbs_cluster_39005.1.42,Mrg24,61.1,0,2480.7
avgbs_cluster_6795.1.43,Mrg24,61.1,0,2480.7
avgbs_cluster_6795.1.56,Mrg24,61.1,0,2480.7
avgbs_cluster_52720.1.64,Mrg24,62.3,0.113966896,2481.9
avgbs_cluster_52720.1.8,Mrg24,62.3,0.113966896,2481.9
avgbs_110930.1.58,Mrg24,69.6,0.965638333,2489.2
avgbs_18868.1.9,Mrg24,69.6,0.984919146,2489.2
avgbs_120648.1.62,Mrg24,74.8,0.115322147,2494.4
avgbs_17691.1.10,Mrg24,74.8,0.226729027,2494.4
avgbs_78538.1.54,Mrg24,74.8,0.028929469,2494.4
avgbs_cluster_18122.1.22,Mrg24,74.8,0.021415834,2494.4
avgbs_cluster_18122.1.57,Mrg24,74.8,0.021415834,2494.4
avgbs_cluster_18122.1.64,Mrg24,74.8,0.021415834,2494.4
avgbs_cluster_31885.1.53,Mrg24,74.8,0.123140877,2494.4
avgbs_104628.1.46,Mrg24,78.6,0.364464551,2498.2
avgbs_11860.1.52,Mrg24,78.6,0.219102959,2498.2
avgbs_48611.1.34,Mrg24,78.6,0.362016043,2498.2
avgbs_86640.1.26,Mrg24,78.6,0.191255874,2498.2
avgbs_cluster_10939.1.32,Mrg24,78.6,0.075959032,2498.2
avgbs_cluster_10939.1.47,Mrg24,78.6,0.075959032,2498.2
avgbs_cluster_36475.1.11,Mrg24,78.6,0.242436509,2498.2
avgbs_cluster_40420.1.14,Mrg24,78.6,0.76709459,2498.2
avgbs_cluster_62564.1.34,Mrg24,78.6,0.069729826,2498.2
avgbs_cluster_48068.1.15,Mrg24,80.4,0.068635534,2500
avgbs_cluster_48068.1.24,Mrg24,80.4,0.068635534,2500
avgbs_631.1.59,Mrg24,85.6,0,2505.2
avgbs_cluster_26934.1.21,Mrg24,85.6,0,2505.2
avgbs_cluster_4180.1.57,Mrg24,85.6,0.274491344,2505.2
avgbs_13620.1.32,Mrg24,89.4,0.721142465,2509
avgbs_cluster_24208.1.40,Mrg24,89.4,0.371870313,2509
avgbs_cluster_24208.1.58,Mrg24,89.4,0.371870313,2509
avgbs_cluster_39075.1.20,Mrg24,89.4,0.370887785,2509
avgbs_79449.1.33,Mrg24,94.1,0.631312625,2513.7
avgbs_18284.1.40,Mrg24,95.3,1.701961123,2514.9
avgbs_65377.1.17,Mrg24,95.3,0.437893579,2514.9
avgbs_67183.1.55,Mrg24,95.3,0.043251646,2514.9
avgbs_74065.1.25,Mrg24,95.3,0,2514.9
avgbs_98339.1.39,Mrg24,95.3,0.03005692,2514.9
avgbs_cluster_1077.1.59,Mrg24,95.3,0.23644737,2514.9
avgbs_cluster_12768.1.41,Mrg24,95.3,0.210508705,2514.9
avgbs_cluster_16397.1.34,Mrg24,95.3,0.361494916,2514.9
avgbs_cluster_16397.1.46,Mrg24,95.3,0.361494916,2514.9
avgbs_cluster_16397.1.62,Mrg24,95.3,0.361494916,2514.9
avgbs_cluster_33993.1.36,Mrg24,95.3,0.965901505,2514.9
avgbs_cluster_40679.1.13,Mrg24,95.3,0.374830341,2514.9
avgbs_cluster_40679.1.42,Mrg24,95.3,0.374830341,2514.9
avgbs_cluster_40679.1.47,Mrg24,95.3,0.374830341,2514.9
avgbs_cluster_41917.2.11,Mrg24,95.3,0,2514.9
avgbs_124853.1.29,Mrg28,11,0.006072316,2525.9
avgbs_49249.1.47,Mrg28,15,0,2529.9
avgbs_99554.1.17,Mrg28,15.4,0.550341577,2530.3
avgbs_18990.1.58,Mrg28,20,0.359368924,2534.9
avgbs_cluster_18202.1.34,Mrg28,20,0.023794549,2534.9
avgbs_cluster_3580.1.48,Mrg28,20,0.957090511,2534.9
avgbs_102808.1.28,Mrg28,20.3,0,2535.2
avgbs_10420.1.53,Mrg28,20.3,0,2535.2
avgbs_112898.1.18,Mrg28,20.3,0,2535.2
avgbs_14880.1.22,Mrg28,20.3,0,2535.2
avgbs_cluster_11338.1.11,Mrg28,20.3,0,2535.2
avgbs_cluster_11338.1.26,Mrg28,20.3,0,2535.2
avgbs_cluster_7523.1.55,Mrg28,20.3,0,2535.2
avgbs_cluster_15388.1.12,Mrg28,23.1,0.133757556,2538
avgbs_1658.1.21,Mrg28,23.6,0.309265657,2538.5
avgbs_101573.1.48,Mrg28,28,0.361619415,2542.9
avgbs_40189.1.25,Mrg28,29.8,0.246716105,2544.7
avgbs_cluster_5009.1.25,Mrg28,30.1,0.191379299,2545
avgbs_cluster_5009.1.55,Mrg28,30.1,0.191379299,2545
avgbs_102674.1.21,Mrg28,31.8,0.044641728,2546.7
avgbs_105954.1.32,Mrg28,31.8,0.161027411,2546.7
avgbs_35705.1.14,Mrg28,31.8,0.158482872,2546.7
avgbs_cluster_10953.1.64,Mrg28,31.8,0.10744516,2546.7
avgbs_cluster_35822.1.53,Mrg28,32.2,0.042385758,2547.1
avgbs_119732.1.52,Mrg28,32.6,0.099212833,2547.5
avgbs_19699.1.42,Mrg28,32.6,0.098642278,2547.5
avgbs_27407.1.59,Mrg28,32.6,0.483897771,2547.5
avgbs_cluster_25493.1.47,Mrg28,32.6,0.175346107,2547.5
avgbs_cluster_28029.1.59,Mrg28,32.6,0.064621843,2547.5
avgbs_cluster_36517.1.23,Mrg28,32.6,0,2547.5
avgbs_cluster_36517.1.60,Mrg28,32.6,0,2547.5
avgbs_6312.1.13,Mrg28,35.9,0.318174769,2550.8
avgbs_cluster_17613.1.28,Mrg28,35.9,0.299798001,2550.8
avgbs_cluster_31280.1.57,Mrg28,35.9,0.053807893,2550.8
avgbs_cluster_35793.1.23,Mrg28,35.9,0.121181931,2550.8
avgbs_cluster_3620.1.40,Mrg28,35.9,0.183927232,2550.8
avgbs_cluster_67354.1.29,Mrg28,35.9,0,2550.8
avgbs_76789.1.27,Mrg28,36.7,0.011064933,2551.6
avgbs_110614.1.49,Mrg28,36.8,0.086768505,2551.7
avgbs_110679.1.50,Mrg28,36.8,0.753047745,2551.7
avgbs_205123.1.22,Mrg28,36.8,0.108068085,2551.7
avgbs_35598.1.19,Mrg28,36.8,0.376044647,2551.7
avgbs_79987.1.36,Mrg28,36.8,0.147624221,2551.7
avgbs_cluster_13912.1.24,Mrg28,36.8,0.667917902,2551.7
avgbs_cluster_25802.1.28,Mrg28,36.8,0.803426013,2551.7
avgbs_cluster_34905.1.20,Mrg28,36.8,0.583540689,2551.7
avgbs_cluster_39665.1.37,Mrg28,36.8,0.112447469,2551.7
avgbs_cluster_39899.1.36,Mrg28,36.8,0.28176505,2551.7
avgbs_102612.1.40,Mrg28,43.8,0.059997702,2558.7
avgbs_106735.1.11,Mrg28,43.8,0.698741871,2558.7
avgbs_11250.1.54,Mrg28,43.8,0.091716082,2558.7
avgbs_119411.1.28,Mrg28,43.8,0.150901695,2558.7
avgbs_125682.1.54,Mrg28,43.8,0.263279221,2558.7
avgbs_14525.1.24,Mrg28,43.8,0.170390677,2558.7
avgbs_16715.1.9,Mrg28,43.8,0.14048735,2558.7
avgbs_202641.1.61,Mrg28,43.8,0.173890374,2558.7
avgbs_202642.1.40,Mrg28,43.8,0.306046625,2558.7
avgbs_22331.1.59,Mrg28,43.8,0.262538391,2558.7
avgbs_29209.1.25,Mrg28,43.8,0.580171782,2558.7
avgbs_3543.1.50,Mrg28,43.8,0.303700946,2558.7
avgbs_44638.1.36,Mrg28,43.8,0.672788897,2558.7
avgbs_6206.1.25,Mrg28,43.8,0.491193924,2558.7
avgbs_cluster_10892.1.51,Mrg28,43.8,0.589830459,2558.7
avgbs_cluster_11768.1.58,Mrg28,43.8,0.316337279,2558.7
avgbs_cluster_12214.1.62,Mrg28,43.8,0.43845419,2558.7
avgbs_cluster_12621.1.7,Mrg28,43.8,0.266574253,2558.7
avgbs_cluster_15602.1.39,Mrg28,43.8,0.099923053,2558.7
avgbs_cluster_18283.1.23,Mrg28,43.8,0.209165854,2558.7
avgbs_cluster_20478.1.19,Mrg28,43.8,0.115339626,2558.7
avgbs_cluster_23299.1.46,Mrg28,43.8,0.080566524,2558.7
avgbs_cluster_29624.1.33,Mrg28,43.8,0.161389378,2558.7
avgbs_cluster_30286.1.45,Mrg28,43.8,0.125631033,2558.7
avgbs_cluster_31411.1.54,Mrg28,43.8,0.063449628,2558.7
avgbs_cluster_32737.1.25,Mrg28,43.8,0.150756453,2558.7
avgbs_cluster_35141.1.43,Mrg28,43.8,0.091716082,2558.7
avgbs_cluster_3526.1.53,Mrg28,43.8,0,2558.7
avgbs_cluster_35279.1.35,Mrg28,43.8,0.199028686,2558.7
avgbs_cluster_36521.1.30,Mrg28,43.8,0.533080395,2558.7
avgbs_cluster_36630.1.28,Mrg28,43.8,0.177414072,2558.7
avgbs_cluster_37059.1.22,Mrg28,43.8,0.309355717,2558.7
avgbs_cluster_38245.1.19,Mrg28,43.8,0.050200328,2558.7
avgbs_cluster_39654.1.45,Mrg28,43.8,0.02676408,2558.7
avgbs_cluster_39863.1.23,Mrg28,43.8,0.519718789,2558.7
avgbs_cluster_39943.1.49,Mrg28,43.8,0.705678189,2558.7
avgbs_cluster_41118.2.54,Mrg28,43.8,0.150464344,2558.7
avgbs_cluster_51705.1.51,Mrg28,43.8,0.291966459,2558.7
avgbs_cluster_8011.1.44,Mrg28,43.8,0.033952409,2558.7
avgbs_120065.1.32,Mrg28,44.4,0.33833248,2559.3
avgbs_2686.1.48,Mrg28,44.4,0.091716082,2559.3
avgbs_35771.1.59,Mrg28,44.4,0.199387196,2559.3
avgbs_39778.1.14,Mrg28,44.4,0.368693247,2559.3
avgbs_64114.1.26,Mrg28,44.4,0.186560693,2559.3
avgbs_655.1.9,Mrg28,44.4,0.007580183,2559.3
avgbs_7906.1.22,Mrg28,44.4,0.131075833,2559.3
avgbs_8699.1.21,Mrg28,44.4,0.078230839,2559.3
avgbs_cluster_20142.1.46,Mrg28,44.4,0.915082118,2559.3
avgbs_cluster_20142.1.50,Mrg28,44.4,0.417913349,2559.3
avgbs_cluster_39478.1.9,Mrg28,44.4,0.280955872,2559.3
avgbs_cluster_39926.1.41,Mrg28,44.4,0.463290991,2559.3
avgbs_cluster_39926.1.51,Mrg28,44.4,0.463290991,2559.3
avgbs_cluster_5841.1.63,Mrg28,44.4,0.79064766,2559.3
avgbs_cluster_5841.1.64,Mrg28,44.4,0.79064766,2559.3
avgbs_cluster_34792.1.11,Mrg28,51.5,0.292621275,2566.4
avgbs_120549.1.11,Mrg28,52,0.296480964,2566.9
avgbs_7432.1.16,Mrg28,52,0.037766863,2566.9
avgbs_122207.1.52,Mrg28,54.2,0.206718331,2569.1
avgbs_38943.1.33,Mrg28,54.2,0.069100965,2569.1
avgbs_cluster_37707.1.17,Mrg28,54.2,0.132895199,2569.1
avgbs_cluster_37707.1.53,Mrg28,54.2,0.132895199,2569.1
avgbs_202776.1.57,Mrg28,56.7,0.303614864,2571.6
avgbs_8709.1.40,Mrg28,56.7,0.171340377,2571.6
avgbs_88010.1.34,Mrg28,56.7,0.159453556,2571.6
avgbs_94173.1.30,Mrg28,56.7,0.142309545,2571.6
avgbs_cluster_25607.1.28,Mrg28,56.7,0.40472331,2571.6
avgbs_cluster_2718.1.48,Mrg28,56.7,0.338479399,2571.6
avgbs_cluster_2718.1.49,Mrg28,56.7,0.338479399,2571.6
avgbs_cluster_4396.1.42,Mrg28,56.7,0.128937334,2571.6
avgbs_cluster_4396.1.56,Mrg28,56.7,0.128937334,2571.6
avgbs_cluster_9494.1.47,Mrg28,56.7,0.305763704,2571.6
avgbs_cluster_4623.1.17,Mrg28,57.1,0.154110266,2572
avgbs_cluster_4623.1.53,Mrg28,57.1,0.154110266,2572
avgbs_85035.1.6,Mrg28,57.7,0.39008039,2572.6
avgbs_cluster_13792.1.20,Mrg28,58.1,0,2573
avgbs_cluster_13792.1.23,Mrg28,58.1,0,2573
avgbs_cluster_13792.1.53,Mrg28,58.3,0.261806227,2573.2
avgbs_cluster_33880.1.11,Mrg28,58.3,1.447530835,2573.2
avgbs_cluster_33880.1.56,Mrg28,58.3,1.447530835,2573.2
avgbs_4561.1.56,Mrg28,58.8,0.105939112,2573.7
avgbs_cluster_31185.1.33,Mrg28,58.8,0,2573.7
avgbs_cluster_25607.1.18,Mrg28,59,0.519907351,2573.9
avgbs_116123.1.8,Mrg28,59.2,1.05342006,2574.1
avgbs_cluster_3916.1.22,Mrg28,59.2,0.802945949,2574.1
avgbs_cluster_3916.1.25,Mrg28,59.2,0.802945949,2574.1
avgbs_cluster_40278.1.47,Mrg28,59.2,1.178057152,2574.1
avgbs_cluster_18686.1.38,Mrg28,59.7,0.019328649,2574.6
avgbs_cluster_23205.1.8,Mrg28,60.1,0.028585214,2575
avgbs_123178.1.29,Mrg28,61.4,0.391585293,2576.3
avgbs_cluster_4926.1.15,Mrg28,61.4,0.143990962,2576.3
avgbs_cluster_4926.1.37,Mrg28,61.4,0.143990962,2576.3
avgbs_cluster_4926.1.51,Mrg28,61.4,0.143990962,2576.3
avgbs_cluster_7613.1.11,Mrg28,61.4,0.06184619,2576.3
avgbs_cluster_7613.1.41,Mrg28,61.4,0.076311342,2576.3
avgbs_cluster_37741.1.30,Mrg28,65.4,0,2580.3
avgbs_14388.1.41,Mrg28,73.6,0.495370275,2588.5
avgbs_116623.1.15,Mrg28,75.4,0.104955521,2590.3
avgbs_107426.1.9,Mrg28,79.1,0.146989357,2594
avgbs_20851.1.15,Mrg28,79.1,0.307776895,2594
avgbs_103432.1.10,Mrg28,79.8,0.093250469,2594.7
avgbs_2876.1.22,Mrg28,79.8,0.172538151,2594.7
avgbs_cluster_13103.1.36,Mrg28,79.8,0.617979462,2594.7
avgbs_cluster_1600.1.13,Mrg28,81.4,0.044758753,2596.3
avgbs_cluster_1600.1.46,Mrg28,81.4,0.044758753,2596.3
avgbs_cluster_40785.1.32,Mrg28,81.4,0.17352508,2596.3
avgbs_cluster_40270.1.42,Mrg28,81.7,0.087460416,2596.6
avgbs_82168.1.18,Mrg28,96.2,0.07492098,2611.1
avgbs_47.1.52,Mrg28,98.3,0,2613.2
avgbs_cluster_455.1.35,Mrg28,103.7,0.392806393,2618.6
avgbs_cluster_9623.1.25,Mrg33,-7.9,0.310551429,2610.7
avgbs_cluster_9623.1.35,Mrg33,-7.9,0.310551429,2610.7
avgbs_3869.1.13,Mrg33,2.7,0.320649747,2621.3
avgbs_45685.1.29,Mrg33,13,0.040527942,2631.6
avgbs_cluster_2373.1.11,Mrg33,23.1,0.867186272,2641.7
avgbs_cluster_2373.1.50,Mrg33,23.1,0.867186272,2641.7
avgbs_121114.1.53,Mrg33,24.1,0.228080872,2642.7
avgbs_cluster_26878.1.15,Mrg33,24.1,0.119340816,2642.7
avgbs_cluster_26878.1.8,Mrg33,24.1,0.119340816,2642.7
avgbs_cluster_41101.1.29,Mrg33,24.1,0.405937174,2642.7
avgbs_113620.1.43,Mrg33,26.3,0,2644.9
avgbs_29521.1.55,Mrg33,26.3,0,2644.9
avgbs_cluster_1090.1.57,Mrg33,26.3,0,2644.9
avgbs_112130.1.15,Mrg33,27.1,0.360526216,2645.7
avgbs_cluster_2347.1.47,Mrg33,27.1,0.240735839,2645.7
avgbs_cluster_51961.1.17,Mrg33,27.1,0.514342602,2645.7
avgbs_cluster_51961.1.31,Mrg33,27.1,0.514342602,2645.7
avgbs_11034.1.51,Mrg33,28.3,0,2646.9
avgbs_46114.1.55,Mrg33,32.3,0.239702128,2650.9
avgbs_cluster_8827.1.6,Mrg33,32.3,0.391249102,2650.9
avgbs_cluster_7015.1.27,Mrg33,34,0.001193668,2652.6
avgbs_cluster_22598.1.28,Mrg33,36.8,0.283284616,2655.4
avgbs_108753.1.23,Mrg33,37.3,0.541026009,2655.9
avgbs_23341.1.15,Mrg33,37.5,0.329610366,2656.1
avgbs_105639.1.12,Mrg33,37.6,0,2656.2
avgbs_66937.1.19,Mrg33,37.6,0,2656.2
avgbs_121120.1.11,Mrg33,38.4,0,2657
avgbs_cluster_32578.1.51,Mrg33,38.4,0.135537381,2657
avgbs_cluster_34110.1.61,Mrg33,38.8,0,2657.4
avgbs_cluster_18512.1.15,Mrg33,40.2,0,2658.8
avgbs_26591.1.17,Mrg33,40.7,0.048311893,2659.3
avgbs_8366.1.34,Mrg33,40.9,0.385110046,2659.5
avgbs_58440.1.8,Mrg33,41.4,0.085334653,2660
avgbs_cluster_7015.1.57,Mrg33,41.8,0.374469317,2660.4
avgbs_cluster_26470.1.12,Mrg33,42.8,0,2661.4
avgbs_cluster_26470.1.32,Mrg33,42.8,0,2661.4
avgbs_119096.1.54,Mrg33,42.9,0.432887218,2661.5
avgbs_96489.1.25,Mrg33,42.9,0.373197289,2661.5
avgbs_cluster_38815.1.23,Mrg33,42.9,0.48578571,2661.5
avgbs_120946.1.64,Mrg33,43.5,0.343386043,2662.1
avgbs_109611.1.16,Mrg33,44.2,0.478873281,2662.8
avgbs_cluster_16675.1.32,Mrg33,44.4,0,2663
avgbs_cluster_16675.1.43,Mrg33,44.4,0,2663
avgbs_cluster_16675.1.57,Mrg33,44.4,0,2663
avgbs_cluster_38171.1.9,Mrg33,44.4,0.391521173,2663
avgbs_cluster_23300.1.37,Mrg33,45.8,0.025037647,2664.4
avgbs_cluster_32810.1.19,Mrg33,47.3,0.153089744,2665.9
avgbs_cluster_32810.1.20,Mrg33,47.3,0.153089744,2665.9
avgbs_200593.1.40,Mrg33,48.4,0,2667
avgbs_cluster_40100.1.22,Mrg33,51.9,0.245133605,2670.5
avgbs_cluster_40100.1.63,Mrg33,51.9,0.245133605,2670.5
avgbs_cluster_17952.2.58,Mrg33,56.2,0.189303706,2674.8
avgbs_9934.1.31,Mrg33,56.5,0.226627863,2675.1
avgbs_cluster_17952.2.52,Mrg33,56.7,0.338915842,2675.3
avgbs_cluster_9246.1.12,Mrg33,57.8,0.62723392,2676.4
avgbs_117341.1.53,Mrg33,58.2,1.536985031,2676.8
avgbs_14977.1.45,Mrg33,58.2,1.584683234,2676.8
avgbs_34784.1.62,Mrg33,58.2,1.12562499,2676.8
avgbs_cluster_1261.1.12,Mrg33,58.2,1.077123113,2676.8
avgbs_cluster_1261.1.6,Mrg33,58.2,1.077123113,2676.8
avgbs_cluster_6357.1.38,Mrg33,58.2,1.12562499,2676.8
avgbs_120322.1.60,Mrg33,59,0.293878978,2677.6
avgbs_cluster_44941.1.41,Mrg33,59,0.369286601,2677.6
avgbs_cluster_10112.1.62,Mrg33,59.2,0.310003322,2677.8
avgbs_cluster_50181.1.47,Mrg33,59.4,0.506757077,2678
avgbs_cluster_50181.1.64,Mrg33,59.4,0.506757077,2678
avgbs_cluster_9528.1.25,Mrg33,60.1,0,2678.7
avgbs_cluster_9528.1.7,Mrg33,60.1,0,2678.7
avgbs_10827.1.46,Mrg33,64,0.043745775,2682.6
avgbs_18502.1.60,Mrg33,64,0.078072048,2682.6
avgbs_35246.1.24,Mrg33,64,0.556700699,2682.6
avgbs_61855.1.63,Mrg33,64,0.157335165,2682.6
avgbs_cluster_40554.1.27,Mrg33,64,0.078072048,2682.6
avgbs_cluster_40554.1.33,Mrg33,64,0.078072048,2682.6
avgbs_cluster_40554.1.36,Mrg33,64,0.078072048,2682.6
avgbs_cluster_5247.1.17,Mrg33,64,0.078072048,2682.6
avgbs_cluster_5247.1.25,Mrg33,64,0.078072048,2682.6
avgbs_19493.1.13,Mrg33,65,0.095744337,2683.6
avgbs_71829.1.20,Mrg33,65,0.012325954,2683.6
avgbs_cluster_40459.2.53,Mrg33,65,0.144133159,2683.6
avgbs_cluster_7031.1.37,Mrg33,65,0.033875576,2683.6
avgbs_110287.1.25,Mrg33,65.9,0.128161751,2684.5
avgbs_113770.1.24,Mrg33,65.9,0.043951817,2684.5
avgbs_125424.1.40,Mrg33,65.9,0.042198478,2684.5
avgbs_203564.1.53,Mrg33,65.9,0.192240713,2684.5
avgbs_35582.1.35,Mrg33,65.9,0.07368549,2684.5
avgbs_36394.1.52,Mrg33,65.9,0.025599446,2684.5
avgbs_63087.1.14,Mrg33,65.9,0.660700039,2684.5
avgbs_cluster_2762.1.34,Mrg33,65.9,0.010428006,2684.5
avgbs_cluster_2762.1.47,Mrg33,65.9,0.010428006,2684.5
avgbs_cluster_18227.1.22,Mrg33,68.7,0.919192373,2687.3
avgbs_122948.1.60,Mrg33,69,0,2687.6
avgbs_68808.1.45,Mrg33,73,1.033842961,2691.6
avgbs_96503.1.40,Mrg33,73,0.306259906,2691.6
avgbs_cluster_1265.1.10,Mrg33,73,0,2691.6
avgbs_cluster_1265.1.6,Mrg33,73,0,2691.6
avgbs_cluster_2024.1.37,Mrg33,73,1.219986702,2691.6
avgbs_cluster_2024.1.39,Mrg33,73,1.219986702,2691.6
avgbs_cluster_23213.1.12,Mrg33,73,0,2691.6
avgbs_cluster_23213.1.47,Mrg33,73,0,2691.6
avgbs_cluster_28886.1.51,Mrg33,73,0,2691.6
avgbs_79463.1.64,Mrg33,73.4,1.021686445,2692
avgbs_99141.1.27,Mrg33,73.4,0.07885713,2692
avgbs_cluster_25200.1.46,Mrg33,73.4,0.870206821,2692
avgbs_cluster_47784.1.45,Mrg33,73.4,0.898235902,2692
avgbs_cluster_52324.1.21,Mrg33,73.4,0.982317102,2692
avgbs_cluster_52324.1.24,Mrg33,73.4,0.982317102,2692
avgbs_cluster_39872.1.51,Mrg33,75.4,2.360109209,2694
avgbs_cluster_40188.1.64,Mrg33,75.4,1.216115599,2694
avgbs_10618.1.19,Mrg33,82,0.137063922,2700.6
avgbs_cluster_34714.1.63,Mrg33,82,0.5935195,2700.6
avgbs_cluster_34714.1.64,Mrg33,82,0.5935195,2700.6
avgbs_519.1.6,Mrg33,91.5,0,2710.1
avgbs_65522.1.49,Mrg33,91.5,0.035363893,2710.1
avgbs_8117.1.18,Mrg33,91.5,0.287569246,2710.1
avgbs_cluster_33462.1.10,Mrg33,91.5,0.044141952,2710.1
avgbs_cluster_6122.1.61,Mrg33,91.5,0,2710.1
avgbs_cluster_4302.1.25,Mrg33,95.8,0,2714.4
avgbs_cluster_4302.1.55,Mrg33,95.8,0,2714.4
avgbs_cluster_34228.1.31,Mrg33,97.1,0,2715.7
avgbs_cluster_34228.1.42,Mrg33,97.1,0,2715.7
avgbs_cluster_36856.1.59,Mrg33,97.7,0,2716.3
avgbs_cluster_36856.1.61,Mrg33,97.7,0,2716.3
avgbs_cluster_36856.1.63,Mrg33,97.7,0,2716.3
avgbs_cluster_35006.1.10,Mrg33,102.6,0,2721.2
avgbs_cluster_18051.1.54,Mrg33,105.5,0,2724.1
avgbs_5039.1.37,Mrg33,108.3,0,2726.9