SNP,CHR,BP,log10pvalues,BPcum
avgbs_cluster_4407.1.25,Mrg01,6.1,0,6.1
avgbs_cluster_4407.1.27,Mrg01,6.1,0,6.1
avgbs_220054.1.63,Mrg01,12.9,0.002108318,12.9
avgbs_cluster_2419.1.25,Mrg01,12.9,0.518232297,12.9
avgbs_cluster_14412.1.55,Mrg01,15.7,0.062755331,15.7
avgbs_117667.1.18,Mrg01,21.7,0.293213397,21.7
avgbs_121169.1.24,Mrg01,21.7,0.534061403,21.7
avgbs_69900.1.31,Mrg01,22.8,0.071132206,22.8
avgbs_109074.1.53,Mrg01,23.8,0.023679667,23.8
avgbs_15951.1.34,Mrg01,23.8,0.029651335,23.8
avgbs_214958.1.64,Mrg01,23.8,0.032629503,23.8
avgbs_4798.1.24,Mrg01,23.8,0.891260311,23.8
avgbs_79034.1.44,Mrg01,23.8,0.606664192,23.8
avgbs_98416.1.26,Mrg01,23.8,0.160636379,23.8
avgbs_cluster_13148.1.30,Mrg01,23.8,0.002882865,23.8
avgbs_cluster_16433.1.60,Mrg01,23.8,0.354434893,23.8
avgbs_cluster_28109.1.20,Mrg01,23.8,0.417903096,23.8
avgbs_cluster_37526.1.42,Mrg01,23.8,1.053230022,23.8
avgbs_cluster_7944.1.54,Mrg01,23.8,0,23.8
avgbs_cluster_7944.1.64,Mrg01,23.8,0,23.8
avgbs_cluster_30981.1.51,Mrg01,25.1,0.158223748,25.1
avgbs_50746.1.30,Mrg01,27.9,0,27.9
avgbs_cluster_6762.1.39,Mrg01,27.9,0.497907555,27.9
avgbs_cluster_6762.1.42,Mrg01,27.9,0.497907555,27.9
avgbs_cluster_25685.1.11,Mrg01,31.6,0.260307658,31.6
avgbs_cluster_25685.1.21,Mrg01,31.6,0.260307658,31.6
avgbs_97250.1.25,Mrg01,31.7,0.071132206,31.7
avgbs_cluster_34267.1.25,Mrg01,31.7,0,31.7
avgbs_cluster_34267.1.58,Mrg01,31.7,0,31.7
avgbs_115650.1.30,Mrg01,32.9,0.803265667,32.9
avgbs_76592.1.21,Mrg01,34.6,0.075332933,34.6
avgbs_7808.1.42,Mrg01,34.9,0.034236979,34.9
avgbs_118197.1.50,Mrg01,36.4,0,36.4
avgbs_108681.1.60,Mrg01,39.3,0.127815179,39.3
avgbs_125885.1.60,Mrg01,39.3,0.015836274,39.3
avgbs_69537.1.37,Mrg01,39.3,0.065930743,39.3
avgbs_cluster_29242.1.64,Mrg01,39.3,0.113786881,39.3
avgbs_cluster_35531.1.33,Mrg01,39.3,0.092543606,39.3
avgbs_cluster_38209.1.37,Mrg01,39.3,0.128143789,39.3
avgbs_cluster_7176.1.43,Mrg01,39.3,0.001423065,39.3
avgbs_cluster_40643.1.23,Mrg01,41.2,0.619663569,41.2
avgbs_91787.1.63,Mrg01,41.6,0.067774626,41.6
avgbs_104666.1.47,Mrg01,45,0.788290866,45
avgbs_115010.1.20,Mrg01,45,0,45
avgbs_1874.1.57,Mrg01,45,0.040086871,45
avgbs_2411.1.6,Mrg01,45,0,45
avgbs_4488.1.14,Mrg01,45,0.459149897,45
avgbs_cluster_11623.1.9,Mrg01,45,0.853679245,45
avgbs_cluster_1774.1.10,Mrg01,45,0.636033248,45
avgbs_cluster_1774.1.32,Mrg01,45,0.636033248,45
avgbs_cluster_1774.1.63,Mrg01,45,0.636033248,45
avgbs_cluster_19251.1.15,Mrg01,45,0,45
avgbs_cluster_19251.1.27,Mrg01,45,0,45
avgbs_cluster_19251.1.42,Mrg01,45,0,45
avgbs_cluster_23353.1.8,Mrg01,45,1.684079544,45
avgbs_124482.1.56,Mrg01,45.1,0,45.1
avgbs_96467.1.43,Mrg01,45.1,0,45.1
avgbs_cluster_25618.1.19,Mrg01,46.9,0.446929193,46.9
avgbs_cluster_26640.1.27,Mrg01,47.2,0.027163233,47.2
avgbs_31855.1.15,Mrg01,48.1,0,48.1
avgbs_cluster_21456.1.28,Mrg01,49.7,0.843115318,49.7
avgbs_98194.1.6,Mrg01,50.1,0.861108551,50.1
avgbs_cluster_4789.1.60,Mrg01,50.1,1.376114202,50.1
avgbs_cluster_19632.1.17,Mrg01,50.2,1.306779134,50.2
avgbs_cluster_10096.1.33,Mrg01,50.4,0.814807864,50.4
avgbs_cluster_8247.1.57,Mrg01,50.5,0.794596424,50.5
avgbs_cluster_8247.1.59,Mrg01,50.5,0.794596424,50.5
avgbs_cluster_747.1.28,Mrg01,50.6,1.846504771,50.6
avgbs_3211.1.63,Mrg01,50.7,0.455562045,50.7
avgbs_40825.1.54,Mrg01,50.7,0.580754489,50.7
avgbs_78208.1.20,Mrg01,50.7,0.653599492,50.7
avgbs_87606.1.28,Mrg01,50.7,0.648367282,50.7
avgbs_cluster_21149.1.59,Mrg01,50.7,1.626069619,50.7
avgbs_cluster_22649.1.41,Mrg01,50.7,1.909600786,50.7
avgbs_cluster_22649.1.50,Mrg01,50.7,1.909600786,50.7
avgbs_cluster_28275.1.43,Mrg01,50.7,0.929435679,50.7
avgbs_cluster_30750.1.29,Mrg01,50.7,0.561919913,50.7
avgbs_cluster_30750.1.42,Mrg01,50.7,0.561919913,50.7
avgbs_cluster_34455.1.28,Mrg01,50.7,0.351045215,50.7
avgbs_cluster_37918.1.44,Mrg01,50.7,0.762706463,50.7
avgbs_cluster_37918.1.64,Mrg01,50.7,0.762706463,50.7
avgbs_cluster_40848.1.24,Mrg01,50.7,1.222310812,50.7
avgbs_cluster_40848.1.28,Mrg01,50.7,1.222310812,50.7
avgbs_cluster_52480.1.22,Mrg01,50.7,0.768524809,50.7
avgbs_cluster_52480.1.8,Mrg01,50.7,0.768524809,50.7
avgbs_cluster_3522.1.17,Mrg01,51.7,0.359049432,51.7
avgbs_cluster_3522.1.36,Mrg01,51.7,0.468230269,51.7
avgbs_cluster_3522.1.43,Mrg01,51.7,0.359049432,51.7
avgbs_cluster_40412.2.49,Mrg01,51.9,0.323226285,51.9
avgbs_201762.1.27,Mrg01,52.4,0,52.4
avgbs_cluster_5100.1.45,Mrg01,52.4,0,52.4
avgbs_100130.1.43,Mrg01,52.6,0.673213928,52.6
avgbs_29138.1.51,Mrg01,52.6,0.333433461,52.6
avgbs_86510.1.44,Mrg01,52.6,0,52.6
avgbs_67981.1.43,Mrg01,52.7,0.910066168,52.7
avgbs_cluster_35931.1.56,Mrg01,53.1,0.713726128,53.1
avgbs_110630.1.24,Mrg01,56.5,1.254374464,56.5
avgbs_112377.1.50,Mrg01,57.2,0.02358135,57.2
avgbs_121552.1.41,Mrg01,57.2,0.440630011,57.2
avgbs_18732.1.26,Mrg01,57.2,0.028717312,57.2
avgbs_22292.1.58,Mrg01,57.2,0.07229198,57.2
avgbs_47533.1.46,Mrg01,57.2,0.26471418,57.2
avgbs_72729.1.15,Mrg01,57.2,0.17392546,57.2
avgbs_76528.1.34,Mrg01,57.2,0,57.2
avgbs_7933.1.9,Mrg01,57.2,0.118536378,57.2
avgbs_98893.1.27,Mrg01,57.2,0,57.2
avgbs_cluster_13919.1.36,Mrg01,57.2,0,57.2
avgbs_cluster_13919.1.7,Mrg01,57.2,0,57.2
avgbs_cluster_40715.1.22,Mrg01,57.2,0,57.2
avgbs_cluster_6467.1.57,Mrg01,57.2,0,57.2
avgbs_cluster_8420.1.41,Mrg01,57.2,0,57.2
avgbs_cluster_37703.1.12,Mrg01,58.1,0.0864844,58.1
avgbs_28165.1.13,Mrg01,59,0.164288402,59
avgbs_cluster_11810.1.32,Mrg01,60.8,0,60.8
avgbs_cluster_11810.1.59,Mrg01,60.8,0,60.8
avgbs_114277.1.43,Mrg01,64.8,1.714930694,64.8
avgbs_121555.1.58,Mrg01,64.8,0.158731697,64.8
avgbs_23070.1.20,Mrg01,64.8,0.556583158,64.8
avgbs_55182.1.20,Mrg01,64.8,0.096878298,64.8
avgbs_76785.1.54,Mrg01,64.8,0.242744234,64.8
avgbs_87498.1.14,Mrg01,64.8,0.035312518,64.8
avgbs_cluster_19106.1.50,Mrg01,64.8,0.151935646,64.8
avgbs_cluster_7163.1.18,Mrg01,64.8,0.742148607,64.8
avgbs_cluster_7163.1.47,Mrg01,64.8,0.742148607,64.8
avgbs_cluster_727.1.21,Mrg01,64.8,1.355477061,64.8
avgbs_cluster_727.1.31,Mrg01,64.8,1.355477061,64.8
avgbs_cluster_8581.1.9,Mrg01,64.8,0.92336867,64.8
avgbs_cluster_28022.1.37,Mrg01,66.7,0.552805265,66.7
avgbs_cluster_114.1.54,Mrg01,67.6,0.090034195,67.6
avgbs_28568.1.57,Mrg01,68.7,0.830238905,68.7
avgbs_cluster_6755.1.59,Mrg01,68.8,1.708325754,68.8
avgbs_cluster_4153.1.39,Mrg01,70.8,0.372777961,70.8
avgbs_cluster_7293.1.8,Mrg01,70.8,0.806782106,70.8
avgbs_cluster_26197.1.42,Mrg01,71.2,0.143949822,71.2
avgbs_cluster_26197.1.8,Mrg01,71.2,0.143949822,71.2
avgbs_106646.1.26,Mrg01,71.9,0.565998326,71.9
avgbs_cluster_6448.1.49,Mrg01,71.9,0,71.9
avgbs_cluster_1998.1.40,Mrg01,73.5,0.039743778,73.5
avgbs_cluster_1998.1.48,Mrg01,73.5,0.039743778,73.5
avgbs_cluster_5508.1.15,Mrg01,73.5,0,73.5
avgbs_cluster_36604.1.23,Mrg01,73.7,0.019250288,73.7
avgbs_cluster_39992.1.37,Mrg01,73.7,0.205564659,73.7
avgbs_cluster_39992.1.46,Mrg01,73.7,0.205564659,73.7
avgbs_cluster_39992.1.57,Mrg01,73.7,0.205564659,73.7
avgbs_119323.1.43,Mrg01,74.4,0.021924446,74.4
avgbs_15363.1.40,Mrg01,74.8,0,74.8
avgbs_56313.1.7,Mrg01,74.8,0.756680249,74.8
avgbs_cluster_5508.1.29,Mrg01,74.8,0.064408211,74.8
avgbs_126264.1.62,Mrg01,75.3,0.091693592,75.3
avgbs_122437.1.44,Mrg01,76.6,0.038857754,76.6
avgbs_99953.1.23,Mrg01,76.6,0.234967528,76.6
avgbs_cluster_12706.1.62,Mrg01,76.6,0.441902203,76.6
avgbs_cluster_4589.1.11,Mrg01,76.6,0,76.6
avgbs_cluster_4589.1.53,Mrg01,76.6,0,76.6
avgbs_46005.1.62,Mrg01,79.7,0.289955184,79.7
avgbs_cluster_35998.1.59,Mrg01,79.7,0.412804541,79.7
avgbs_cluster_35998.1.62,Mrg01,79.7,0.412804541,79.7
avgbs_cluster_35998.1.64,Mrg01,79.7,0.412804541,79.7
avgbs_106242.1.10,Mrg01,80.9,0.54254431,80.9
avgbs_cluster_40637.1.58,Mrg01,80.9,0,80.9
avgbs_cluster_40637.1.59,Mrg01,80.9,0,80.9
avgbs_cluster_5031.1.46,Mrg01,80.9,0.097530827,80.9
avgbs_cluster_5031.1.47,Mrg01,80.9,0.097530827,80.9
avgbs_cluster_10949.1.40,Mrg01,81.4,0.73941588,81.4
avgbs_cluster_10949.1.44,Mrg01,81.4,0.73941588,81.4
avgbs_cluster_23390.1.62,Mrg01,82.7,0.072512872,82.7
avgbs_118634.1.12,Mrg01,82.8,0.397646196,82.8
avgbs_10419.1.26,Mrg01,83.9,1.117003196,83.9
avgbs_110493.1.15,Mrg01,83.9,0.238615528,83.9
avgbs_110783.1.25,Mrg01,83.9,1.262396353,83.9
avgbs_17689.1.52,Mrg01,83.9,0.026139472,83.9
avgbs_18882.1.12,Mrg01,83.9,0.222408304,83.9
avgbs_21615.1.24,Mrg01,83.9,0.069372259,83.9
avgbs_34513.1.41,Mrg01,83.9,1.841500325,83.9
avgbs_8939.1.11,Mrg01,83.9,0.88651864,83.9
avgbs_cluster_13478.1.6,Mrg01,83.9,0.766594949,83.9
avgbs_cluster_29067.1.21,Mrg01,83.9,0.039876746,83.9
avgbs_cluster_29067.1.38,Mrg01,83.9,0.496086177,83.9
avgbs_cluster_40347.1.25,Mrg01,83.9,0.117015726,83.9
avgbs_cluster_40347.1.32,Mrg01,83.9,0.117015726,83.9
avgbs_cluster_40347.1.36,Mrg01,83.9,0.117015726,83.9
avgbs_cluster_49901.1.43,Mrg01,83.9,0.210989374,83.9
avgbs_cluster_49901.1.59,Mrg01,83.9,0.210989374,83.9
avgbs_cluster_6563.1.17,Mrg01,83.9,0.117015726,83.9
avgbs_cluster_6563.1.26,Mrg01,83.9,0.117015726,83.9
avgbs_22438.1.17,Mrg01,84.2,0.141524933,84.2
avgbs_cluster_43324.1.36,Mrg01,84.2,0.243268546,84.2
avgbs_cluster_22.1.59,Mrg01,84.4,0,84.4
avgbs_90768.1.37,Mrg01,85.7,0,85.7
avgbs_cluster_12706.2.50,Mrg01,86.3,0.248528289,86.3
avgbs_24340.1.26,Mrg01,87.4,0.061453902,87.4
avgbs_cluster_13464.1.52,Mrg01,87.4,0.442584611,87.4
avgbs_cluster_36292.1.51,Mrg01,87.4,0.113783318,87.4
avgbs_cluster_11679.1.46,Mrg01,89.8,0.708205027,89.8
avgbs_cluster_11679.1.9,Mrg01,89.8,0.708205027,89.8
avgbs_cluster_36113.1.24,Mrg01,90.4,0.775017503,90.4
avgbs_111870.1.38,Mrg01,92,0.094708608,92
avgbs_114773.1.47,Mrg01,92.3,0.109823783,92.3
avgbs_86506.1.9,Mrg01,92.5,0.246234138,92.5
avgbs_cluster_21012.1.31,Mrg01,92.6,0.801199572,92.6
avgbs_cluster_7493.1.44,Mrg01,93.5,0.885723098,93.5
avgbs_cluster_7765.1.34,Mrg01,94.5,0,94.5
avgbs_cluster_9941.1.34,Mrg01,94.6,0.231320522,94.6
avgbs_cluster_2163.1.39,Mrg01,98.8,0.019475879,98.8
avgbs_cluster_1329.1.15,Mrg01,101.7,0.199984744,101.7
avgbs_cluster_7663.1.25,Mrg01,101.7,0.052109518,101.7
avgbs_cluster_54.1.58,Mrg01,101.9,0.327013821,101.9
avgbs_124273.1.43,Mrg01,102.8,0.268290515,102.8
avgbs_cluster_13344.1.17,Mrg01,102.8,0.195596713,102.8
avgbs_cluster_9199.1.30,Mrg01,102.9,0.044115456,102.9
avgbs_10638.1.46,Mrg01,103.1,0.701639638,103.1
avgbs_cluster_32873.1.40,Mrg01,103.1,0,103.1
avgbs_cluster_32873.1.62,Mrg01,103.1,0,103.1
avgbs_cluster_37857.1.60,Mrg01,103.1,0.170250954,103.1
avgbs_cluster_37857.1.61,Mrg01,103.1,0.170250954,103.1
avgbs_cluster_37857.1.63,Mrg01,103.1,0.170250954,103.1
avgbs_119997.1.64,Mrg01,104,0.029685688,104
avgbs_101443.1.41,Mrg01,105.9,0.190095323,105.9
avgbs_115756.1.11,Mrg01,105.9,0.081271029,105.9
avgbs_12109.1.61,Mrg01,105.9,0.111201245,105.9
avgbs_122791.1.47,Mrg01,105.9,0.732823192,105.9
avgbs_201759.1.38,Mrg01,105.9,0.055032564,105.9
avgbs_cluster_15962.2.44,Mrg01,105.9,0.498363081,105.9
avgbs_cluster_17360.1.40,Mrg01,105.9,0.281985087,105.9
avgbs_cluster_21518.1.53,Mrg01,105.9,0.528309724,105.9
avgbs_55961.1.31,Mrg01,106.6,0.569592005,106.6
avgbs_cluster_18998.1.44,Mrg01,106.7,0.074833831,106.7
avgbs_cluster_396.1.30,Mrg01,107.5,0.161416977,107.5
avgbs_12044.1.35,Mrg01,108.2,1.22029399,108.2
avgbs_102627.1.16,Mrg01,108.4,0,108.4
avgbs_112938.1.46,Mrg01,108.4,0,108.4
avgbs_120017.1.28,Mrg01,108.4,0.357636386,108.4
avgbs_121475.1.18,Mrg01,108.4,0,108.4
avgbs_17824.1.12,Mrg01,108.4,0,108.4
avgbs_47877.1.10,Mrg01,108.4,0.162526265,108.4
avgbs_cluster_12571.1.32,Mrg01,108.4,0,108.4
avgbs_cluster_20681.1.16,Mrg01,108.4,0.580737475,108.4
avgbs_cluster_20681.1.38,Mrg01,108.4,0.580737475,108.4
avgbs_cluster_22293.1.61,Mrg01,108.4,0.938019578,108.4
avgbs_cluster_24860.1.22,Mrg01,108.4,1.077908,108.4
avgbs_cluster_30025.1.63,Mrg01,108.4,0,108.4
avgbs_cluster_30142.1.64,Mrg01,108.4,0,108.4
avgbs_cluster_41102.1.44,Mrg01,108.4,0.1150046,108.4
avgbs_cluster_6197.1.28,Mrg01,108.4,0.266906698,108.4
avgbs_cluster_6677.1.31,Mrg01,108.4,0,108.4
avgbs_cluster_6677.1.6,Mrg01,108.4,0,108.4
avgbs_112401.1.40,Mrg01,109,0,109
avgbs_21345.1.6,Mrg01,109,0,109
avgbs_46496.1.44,Mrg01,109,0,109
avgbs_84800.1.26,Mrg01,109,0.91587851,109
avgbs_92926.1.22,Mrg01,109,0,109
avgbs_cluster_11599.1.23,Mrg01,109,0,109
avgbs_cluster_24084.1.22,Mrg01,109,0.809866122,109
avgbs_cluster_2422.1.62,Mrg01,109,0,109
avgbs_cluster_26079.1.41,Mrg01,109,0.292314584,109
avgbs_cluster_26218.1.51,Mrg01,109,0.027171837,109
avgbs_cluster_3267.1.14,Mrg01,109,0.042765902,109
avgbs_cluster_3267.1.46,Mrg01,109,0.042765902,109
avgbs_cluster_3715.1.43,Mrg01,109,0.070570731,109
avgbs_cluster_49047.1.10,Mrg01,109,0.060248842,109
avgbs_cluster_49047.1.31,Mrg01,109,0.060248842,109
avgbs_cluster_8123.1.11,Mrg01,109,0.11699639,109
avgbs_20927.1.22,Mrg01,109.7,0,109.7
avgbs_cluster_39230.1.39,Mrg01,110.2,1.929929658,110.2
avgbs_cluster_41618.1.54,Mrg01,110.2,0.657382925,110.2
avgbs_20309.1.17,Mrg01,110.4,0.58707592,110.4
avgbs_112390.1.46,Mrg01,110.8,0.324389717,110.8
avgbs_cluster_11587.1.58,Mrg01,110.8,0.44521966,110.8
avgbs_cluster_24837.1.34,Mrg01,110.8,0,110.8
avgbs_cluster_24837.1.41,Mrg01,110.8,0,110.8
avgbs_cluster_40964.1.25,Mrg01,110.8,0.024263537,110.8
avgbs_cluster_7158.1.40,Mrg01,110.8,0,110.8
avgbs_68395.1.37,Mrg01,111.7,0.157293474,111.7
avgbs_18591.1.52,Mrg01,111.8,0.02385315,111.8
avgbs_85912.1.24,Mrg01,112.7,0.727535248,112.7
avgbs_cluster_38223.1.17,Mrg01,112.7,0.297422074,112.7
avgbs_cluster_38223.1.61,Mrg01,112.7,0.297422074,112.7
avgbs_31024.1.7,Mrg01,113.9,0,113.9
avgbs_9374.1.16,Mrg01,114.4,0.135781503,114.4
avgbs_cluster_34835.1.28,Mrg01,114.4,0.149192642,114.4
avgbs_cluster_34835.1.58,Mrg01,114.4,0.149192642,114.4
avgbs_cluster_45709.1.12,Mrg01,114.4,0.221075479,114.4
avgbs_cluster_45709.1.15,Mrg01,114.4,0.221075479,114.4
avgbs_cluster_6513.1.48,Mrg01,114.4,0.275267372,114.4
avgbs_115256.1.32,Mrg01,114.5,0,114.5
avgbs_103601.1.46,Mrg01,117.4,0.182377055,117.4
avgbs_122845.1.63,Mrg01,117.4,0,117.4
avgbs_1233.1.45,Mrg01,117.4,0.923963117,117.4
avgbs_124274.1.57,Mrg01,117.4,0.513960992,117.4
avgbs_200815.1.28,Mrg01,117.4,0.779059752,117.4
avgbs_2095.1.40,Mrg01,117.4,1.099866006,117.4
avgbs_34400.1.20,Mrg01,117.4,0.081011049,117.4
avgbs_35281.1.31,Mrg01,117.4,0.197239923,117.4
avgbs_48075.1.47,Mrg01,117.4,0.460525292,117.4
avgbs_73887.1.60,Mrg01,117.4,0.573711099,117.4
avgbs_86872.1.8,Mrg01,117.4,1.165778215,117.4
avgbs_89724.1.29,Mrg01,117.4,0.746561419,117.4
avgbs_cluster_11615.1.54,Mrg01,117.4,0,117.4
avgbs_cluster_16100.1.7,Mrg01,117.4,0.233232713,117.4
avgbs_cluster_16827.1.64,Mrg01,117.4,0.043749919,117.4
avgbs_cluster_33510.1.30,Mrg01,117.4,1.293106336,117.4
avgbs_cluster_33510.1.33,Mrg01,117.4,1.293106336,117.4
avgbs_cluster_33510.1.54,Mrg01,117.4,0.955196675,117.4
avgbs_cluster_39492.1.40,Mrg01,117.4,0.473096536,117.4
avgbs_cluster_39492.1.41,Mrg01,117.4,0.473096536,117.4
avgbs_13421.1.6,Mrg01,126.2,0.074955265,126.2
avgbs_cluster_34459.1.21,Mrg01,128.5,0.516679323,128.5
avgbs_cluster_34459.1.22,Mrg01,128.5,0.516679323,128.5
avgbs_25337.1.19,Mrg01,132.5,0.000394838,132.5
avgbs_cluster_27680.1.59,Mrg01,133.1,0.029658918,133.1
avgbs_108887.1.19,Mrg01,136.5,0.00757452,136.5
avgbs_cluster_43574.1.49,Mrg02,8.6,0.987501664,145.1
avgbs_cluster_39353.1.29,Mrg02,10.3,0.234135976,146.8
avgbs_123135.1.15,Mrg02,10.8,0.459594947,147.3
avgbs_cluster_25911.1.12,Mrg02,10.8,0.548001184,147.3
avgbs_cluster_30349.1.20,Mrg02,10.8,0.092015924,147.3
avgbs_cluster_30349.1.38,Mrg02,10.8,0.092015924,147.3
avgbs_cluster_36808.1.29,Mrg02,10.8,0.271039758,147.3
avgbs_cluster_36808.1.52,Mrg02,10.8,0.271039758,147.3
avgbs_49652.1.25,Mrg02,14.7,0.184765103,151.2
avgbs_cluster_40766.1.54,Mrg02,16.6,0.187825246,153.1
avgbs_cluster_1977.1.20,Mrg02,17,0.422860737,153.5
avgbs_cluster_1977.1.42,Mrg02,17,0.422860737,153.5
avgbs_cluster_1977.1.62,Mrg02,17,0.422860737,153.5
avgbs_20213.1.51,Mrg02,21.5,0.892316685,158
avgbs_39140.1.29,Mrg02,21.5,0.160764608,158
avgbs_121703.1.64,Mrg02,23.2,1.187191864,159.7
avgbs_42249.1.14,Mrg02,23.2,0,159.7
avgbs_76581.1.57,Mrg02,23.2,2.246279746,159.7
avgbs_85537.1.10,Mrg02,23.2,1.195579156,159.7
avgbs_cluster_19259.1.49,Mrg02,23.2,1.232747585,159.7
avgbs_cluster_25195.1.31,Mrg02,23.2,1.931525941,159.7
avgbs_cluster_2873.1.34,Mrg02,23.2,1.160103509,159.7
avgbs_cluster_30232.1.39,Mrg02,23.2,0,159.7
avgbs_cluster_30232.1.55,Mrg02,23.2,1.032407306,159.7
avgbs_cluster_3656.1.31,Mrg02,23.2,1.160103509,159.7
avgbs_cluster_36789.1.57,Mrg02,23.2,1.235007457,159.7
avgbs_cluster_40387.1.38,Mrg02,23.2,0,159.7
avgbs_cluster_4088.1.64,Mrg02,23.2,0.327463871,159.7
avgbs_6831.1.32,Mrg02,26.8,0,163.3
avgbs_9580.1.24,Mrg02,27.1,0.312127617,163.6
avgbs_cluster_23202.1.60,Mrg02,27.2,0.600540639,163.7
avgbs_cluster_50109.1.43,Mrg02,27.2,1.206805593,163.7
avgbs_cluster_50109.1.45,Mrg02,27.2,1.206805593,163.7
avgbs_6K_22030.1.8,Mrg02,27.4,0.62755628,163.9
avgbs_cluster_17730.1.21,Mrg02,27.4,0.470566983,163.9
avgbs_cluster_24611.1.41,Mrg02,29.2,0.191182869,165.7
avgbs_cluster_24611.1.8,Mrg02,29.2,0.191182869,165.7
avgbs_cluster_6720.1.37,Mrg02,30,0,166.5
avgbs_cluster_6720.1.64,Mrg02,30,0,166.5
avgbs_95303.1.18,Mrg02,33.6,0,170.1
avgbs_cluster_35230.1.57,Mrg02,33.7,0.035188137,170.2
avgbs_7548.1.60,Mrg02,34.1,0.282994128,170.6
avgbs_cluster_67454.2.12,Mrg02,34.1,0.263897819,170.6
avgbs_cluster_67454.2.48,Mrg02,34.1,0.263897819,170.6
avgbs_cluster_67454.2.6,Mrg02,34.1,0.263897819,170.6
avgbs_cluster_9426.1.11,Mrg02,34.1,0.173629371,170.6
avgbs_12792.1.31,Mrg02,42,0,178.5
avgbs_cluster_178.1.64,Mrg02,60.4,1.607852642,196.9
avgbs_101134.1.33,Mrg02,67.4,0,203.9
avgbs_21691.1.14,Mrg02,67.4,0.840062466,203.9
avgbs_4702.1.15,Mrg02,67.4,0.096874847,203.9
avgbs_cluster_30568.1.44,Mrg02,67.4,0.090628813,203.9
avgbs_cluster_34442.1.15,Mrg02,67.4,0.437725511,203.9
avgbs_cluster_34442.1.21,Mrg02,67.4,0.437725511,203.9
avgbs_cluster_34442.1.27,Mrg02,67.4,0.437725511,203.9
avgbs_22604.1.53,Mrg02,70.6,0,207.1
avgbs_cluster_15438.1.58,Mrg02,70.8,0.751789457,207.3
avgbs_7775.1.24,Mrg02,71.2,0,207.7
avgbs_cluster_21657.1.48,Mrg02,71.3,0.014907252,207.8
avgbs_30619.1.57,Mrg02,72.1,0.190324779,208.6
avgbs_44965.1.39,Mrg02,72.1,0,208.6
avgbs_52110.1.43,Mrg02,72.1,0,208.6
avgbs_72141.1.25,Mrg02,72.1,0.047832556,208.6
avgbs_cluster_35469.1.57,Mrg02,72.1,0.01725002,208.6
avgbs_cluster_8461.1.38,Mrg02,72.1,0,208.6
avgbs_125750.1.52,Mrg02,72.7,0,209.2
avgbs_cluster_26139.1.50,Mrg02,72.7,0.017448604,209.2
avgbs_110262.1.14,Mrg02,73.3,0.021720633,209.8
avgbs_61358.1.23,Mrg02,73.3,0,209.8
avgbs_78164.1.6,Mrg02,73.3,0.359546969,209.8
avgbs_91192.1.7,Mrg02,73.3,0.18416319,209.8
avgbs_cluster_14111.1.62,Mrg02,73.3,0.288519996,209.8
avgbs_cluster_36966.1.11,Mrg02,73.3,0.189937361,209.8
avgbs_cluster_36966.1.21,Mrg02,73.3,0.189937361,209.8
avgbs_cluster_39275.1.58,Mrg02,73.3,0.451765429,209.8
avgbs_61164.1.46,Mrg02,74.4,0,210.9
avgbs_cluster_2578.1.17,Mrg02,75.3,0,211.8
avgbs_cluster_26203.1.49,Mrg02,77,0,213.5
avgbs_83534.1.38,Mrg02,79.7,0.369846823,216.2
avgbs_116290.1.26,Mrg02,81.5,0.148044835,218
avgbs_13.1.41,Mrg02,81.5,0.147449153,218
avgbs_23340.1.27,Mrg02,81.5,0.750423359,218
avgbs_3139.1.20,Mrg02,81.8,0.154555705,218.3
avgbs_cluster_21657.1.20,Mrg02,82.4,0.009287503,218.9
avgbs_cluster_21657.1.38,Mrg02,82.4,0.009287503,218.9
avgbs_111687.1.16,Mrg02,85,0.125511184,221.5
avgbs_106841.1.50,Mrg02,85.2,0,221.7
avgbs_119941.1.12,Mrg02,85.2,0.014167572,221.7
avgbs_123238.1.57,Mrg02,85.2,0,221.7
avgbs_200099.1.60,Mrg02,85.2,0.160367719,221.7
avgbs_28468.1.48,Mrg02,85.2,0.107357224,221.7
avgbs_2899.1.13,Mrg02,85.2,0.074224871,221.7
avgbs_31854.1.60,Mrg02,85.2,0.352687773,221.7
avgbs_43836.1.8,Mrg02,85.2,0.559547167,221.7
avgbs_67562.1.37,Mrg02,85.2,0.192926724,221.7
avgbs_82826.1.19,Mrg02,85.2,0.075665583,221.7
avgbs_83414.1.11,Mrg02,85.2,0,221.7
avgbs_cluster_16227.1.36,Mrg02,85.2,0,221.7
avgbs_cluster_16392.1.40,Mrg02,85.2,0.415622805,221.7
avgbs_cluster_33550.1.43,Mrg02,85.2,0.567646505,221.7
avgbs_cluster_33550.1.60,Mrg02,85.2,0.567646505,221.7
avgbs_cluster_36585.1.56,Mrg02,85.2,0.225466427,221.7
avgbs_cluster_39191.1.57,Mrg02,85.2,0,221.7
avgbs_cluster_40668.1.46,Mrg02,85.4,0.15943025,221.9
avgbs_cluster_17536.1.11,Mrg02,87.1,0.597563813,223.6
avgbs_cluster_17536.1.20,Mrg02,87.1,0.597563813,223.6
avgbs_106371.1.16,Mrg02,87.3,0,223.8
avgbs_107070.1.27,Mrg02,87.3,0.097321551,223.8
avgbs_108975.1.35,Mrg02,87.3,0,223.8
avgbs_109193.1.21,Mrg02,87.3,0.211823723,223.8
avgbs_110306.1.10,Mrg02,87.3,0,223.8
avgbs_110624.1.41,Mrg02,87.3,0.145364291,223.8
avgbs_110942.1.25,Mrg02,87.3,0.089873851,223.8
avgbs_113050.1.12,Mrg02,87.3,0.335930519,223.8
avgbs_113824.1.61,Mrg02,87.3,0.030096119,223.8
avgbs_114976.1.16,Mrg02,87.3,0.176072789,223.8
avgbs_119157.1.24,Mrg02,87.3,0,223.8
avgbs_121737.1.40,Mrg02,87.3,0.119795555,223.8
avgbs_125483.1.23,Mrg02,87.3,0.032348628,223.8
avgbs_126197.1.44,Mrg02,87.3,0.495731036,223.8
avgbs_12678.1.18,Mrg02,87.3,0.167789093,223.8
avgbs_14546.1.6,Mrg02,87.3,0.095351953,223.8
avgbs_14619.1.49,Mrg02,87.3,0.297793774,223.8
avgbs_15657.1.35,Mrg02,87.3,0,223.8
avgbs_15921.1.22,Mrg02,87.3,0.213791234,223.8
avgbs_17595.1.20,Mrg02,87.3,0,223.8
avgbs_200722.1.60,Mrg02,87.3,0,223.8
avgbs_35440.1.17,Mrg02,87.3,0.562967265,223.8
avgbs_44280.1.50,Mrg02,87.3,0.181422955,223.8
avgbs_52812.1.8,Mrg02,87.3,0.176072789,223.8
avgbs_66529.1.8,Mrg02,87.3,0.203771677,223.8
avgbs_6709.1.53,Mrg02,87.3,0,223.8
avgbs_69265.1.22,Mrg02,87.3,0.203771677,223.8
avgbs_71654.1.48,Mrg02,87.3,0,223.8
avgbs_7483.1.44,Mrg02,87.3,0,223.8
avgbs_8018.1.39,Mrg02,87.3,0.696610938,223.8
avgbs_cluster_13727.1.47,Mrg02,87.3,0.115659554,223.8
avgbs_cluster_13781.1.49,Mrg02,87.3,0,223.8
avgbs_cluster_14129.1.20,Mrg02,87.3,0.176072789,223.8
avgbs_cluster_14129.1.25,Mrg02,87.3,0.176072789,223.8
avgbs_cluster_14423.1.10,Mrg02,87.3,0.200960108,223.8
avgbs_cluster_14444.1.20,Mrg02,87.3,0.065160786,223.8
avgbs_cluster_16139.1.31,Mrg02,87.3,0.088086847,223.8
avgbs_cluster_16139.1.36,Mrg02,87.3,0.088086847,223.8
avgbs_cluster_18767.1.28,Mrg02,87.3,0,223.8
avgbs_cluster_18767.1.6,Mrg02,87.3,0,223.8
avgbs_cluster_18767.1.9,Mrg02,87.3,0,223.8
avgbs_cluster_20556.1.43,Mrg02,87.3,0.262401614,223.8
avgbs_cluster_24696.1.20,Mrg02,87.3,0.002464899,223.8
avgbs_cluster_3498.1.6,Mrg02,87.3,0,223.8
avgbs_cluster_3562.1.12,Mrg02,87.3,0.179649594,223.8
avgbs_cluster_35739.1.38,Mrg02,87.3,0.207354697,223.8
avgbs_cluster_36167.1.43,Mrg02,87.3,0,223.8
avgbs_cluster_38415.1.59,Mrg02,87.3,0.58652504,223.8
avgbs_cluster_38415.1.60,Mrg02,87.3,0.58652504,223.8
avgbs_cluster_38415.1.61,Mrg02,87.3,0.58652504,223.8
avgbs_cluster_39112.1.49,Mrg02,87.3,0,223.8
avgbs_cluster_39410.1.13,Mrg02,87.3,0.20130453,223.8
avgbs_cluster_39410.1.52,Mrg02,87.3,0.20130453,223.8
avgbs_cluster_39447.1.32,Mrg02,87.3,0.145175608,223.8
avgbs_cluster_39447.1.33,Mrg02,87.3,0.145175608,223.8
avgbs_cluster_39648.1.35,Mrg02,87.3,0.388980209,223.8
avgbs_cluster_4026.1.55,Mrg02,87.3,0.001007522,223.8
avgbs_cluster_4026.1.63,Mrg02,87.3,0.022430742,223.8
avgbs_cluster_40421.1.40,Mrg02,87.3,0,223.8
avgbs_cluster_466.1.62,Mrg02,87.3,0.183133016,223.8
avgbs_cluster_466.1.63,Mrg02,87.3,0.183133016,223.8
avgbs_cluster_4792.1.57,Mrg02,87.3,0.20276874,223.8
avgbs_cluster_5029.1.52,Mrg02,87.3,0.049776259,223.8
avgbs_cluster_60301.1.38,Mrg02,87.3,0.235454204,223.8
avgbs_cluster_60301.1.56,Mrg02,87.3,0.235454204,223.8
avgbs_cluster_8037.1.50,Mrg02,87.3,0.492099796,223.8
avgbs_cluster_9866.1.31,Mrg02,87.3,0.176072789,223.8
avgbs_cluster_12321.1.62,Mrg02,87.4,0.160527117,223.9
avgbs_cluster_30405.1.63,Mrg02,87.4,0,223.9
avgbs_122056.1.8,Mrg02,87.6,0,224.1
avgbs_17997.1.61,Mrg02,88.7,0.116102601,225.2
avgbs_cluster_9292.1.49,Mrg02,88.7,0.349530676,225.2
avgbs_cluster_11371.1.45,Mrg02,107.5,0.088712055,244
avgbs_111921.1.24,Mrg02,118.5,0,255
avgbs_cluster_27416.1.19,Mrg03,3.3,0,258.3
avgbs_cluster_35107.1.17,Mrg03,3.3,0.154712482,258.3
avgbs_121531.1.25,Mrg03,3.5,0.567093883,258.5
avgbs_200574.1.31,Mrg03,4.9,0,259.9
avgbs_cluster_9143.1.9,Mrg03,6.3,0.322859723,261.3
avgbs_cluster_8007.1.17,Mrg03,6.4,0.233099936,261.4
avgbs_6887.1.43,Mrg03,6.5,0.269098221,261.5
avgbs_cluster_4907.1.64,Mrg03,6.8,0.123462588,261.8
avgbs_120080.1.42,Mrg03,7.7,0.326943701,262.7
avgbs_108395.1.49,Mrg03,9,0.009392708,264
avgbs_120404.1.21,Mrg03,9,1.398937739,264
avgbs_126133.1.36,Mrg03,9,0,264
avgbs_cluster_28385.1.15,Mrg03,9,0.303948614,264
avgbs_cluster_28385.1.26,Mrg03,9,0.303948614,264
avgbs_cluster_38496.1.33,Mrg03,9,0.61996257,264
avgbs_cluster_38496.1.56,Mrg03,9,0.61996257,264
avgbs_cluster_9143.1.15,Mrg03,9.7,0,264.7
avgbs_cluster_11141.1.35,Mrg03,9.8,0.229144988,264.8
avgbs_cluster_11141.1.7,Mrg03,9.8,0.229144988,264.8
avgbs_29809.1.46,Mrg03,11.9,0.415235863,266.9
avgbs_6K_7563.1.11,Mrg03,11.9,0.143967731,266.9
avgbs_cluster_4878.1.32,Mrg03,11.9,0,266.9
avgbs_20706.1.11,Mrg03,14.7,0.250892395,269.7
avgbs_37412.1.7,Mrg03,14.7,1.614608678,269.7
avgbs_cluster_26538.1.63,Mrg03,14.7,0.159303166,269.7
avgbs_cluster_33624.1.44,Mrg03,14.7,0.107813816,269.7
avgbs_cluster_7055.1.23,Mrg03,16.3,0.14231699,271.3
avgbs_110647.1.50,Mrg03,18.6,0.515309704,273.6
avgbs_123856.1.42,Mrg03,18.6,0.385376136,273.6
avgbs_26711.1.43,Mrg03,18.6,0.296817583,273.6
avgbs_cluster_28465.1.12,Mrg03,18.6,0.426741565,273.6
avgbs_81972.1.53,Mrg03,19.3,0,274.3
avgbs_cluster_10602.1.20,Mrg03,19.5,0,274.5
avgbs_cluster_34301.1.53,Mrg03,19.5,0,274.5
avgbs_46607.1.37,Mrg03,20,1.068387071,275
avgbs_50948.1.23,Mrg03,20,0.412490432,275
avgbs_cluster_25711.1.48,Mrg03,20,0.637269353,275
avgbs_cluster_4852.1.47,Mrg03,20,0,275
avgbs_11074.1.43,Mrg03,20.3,0.569905047,275.3
avgbs_cluster_4229.1.58,Mrg03,20.3,0,275.3
avgbs_109777.1.13,Mrg03,25,0.157580925,280
avgbs_15480.1.35,Mrg03,25,0,280
avgbs_85939.1.37,Mrg03,25,0.019545422,280
avgbs_cluster_1221.1.28,Mrg03,25,0.312798329,280
avgbs_cluster_1221.1.42,Mrg03,25,0.281534632,280
avgbs_cluster_23900.1.14,Mrg03,25,0.091335616,280
avgbs_cluster_23900.1.15,Mrg03,25,0.091335616,280
avgbs_cluster_24002.1.25,Mrg03,25,0.373566711,280
avgbs_cluster_26060.1.46,Mrg03,25,0.065860426,280
avgbs_cluster_26060.1.47,Mrg03,25,0.065860426,280
avgbs_cluster_26060.1.48,Mrg03,25,0.065860426,280
avgbs_cluster_5443.1.20,Mrg03,25,0.004579169,280
avgbs_cluster_5443.1.55,Mrg03,25,0.152970005,280
avgbs_cluster_831.1.23,Mrg03,25,0,280
avgbs_cluster_831.1.34,Mrg03,25,0,280
avgbs_cluster_831.1.38,Mrg03,25,0,280
avgbs_cluster_8713.1.18,Mrg03,25,0.155842764,280
avgbs_cluster_8713.1.38,Mrg03,25,0.155842764,280
avgbs_cluster_8713.1.6,Mrg03,25,0.155842764,280
avgbs_cluster_9427.1.26,Mrg03,25,0.700645402,280
avgbs_cluster_9427.1.38,Mrg03,25,0.700645402,280
avgbs_cluster_9427.1.8,Mrg03,25,0.700645402,280
avgbs_cluster_9692.1.53,Mrg03,25,0.588965515,280
avgbs_cluster_33704.1.29,Mrg03,25.3,0,280.3
avgbs_cluster_33704.1.41,Mrg03,25.3,0,280.3
avgbs_107394.1.14,Mrg03,25.4,0.45150426,280.4
avgbs_109455.1.38,Mrg03,25.4,0.302515459,280.4
avgbs_122911.1.17,Mrg03,25.4,0.169201854,280.4
avgbs_6K_74019.1.8,Mrg03,25.4,0.034387081,280.4
avgbs_80981.1.44,Mrg03,25.4,0.265034315,280.4
avgbs_90532.1.45,Mrg03,25.4,0.211423771,280.4
avgbs_cluster_16838.1.14,Mrg03,25.4,0.218188735,280.4
avgbs_cluster_16838.1.39,Mrg03,25.4,0.218188735,280.4
avgbs_cluster_19837.1.27,Mrg03,25.4,0.061146851,280.4
avgbs_cluster_19837.1.39,Mrg03,25.4,0.350338791,280.4
avgbs_cluster_29550.1.40,Mrg03,25.4,0.10861727,280.4
avgbs_cluster_33704.1.50,Mrg03,25.4,0.24456465,280.4
avgbs_cluster_34301.1.12,Mrg03,25.4,0.97242672,280.4
avgbs_cluster_34301.1.29,Mrg03,25.4,0.97242672,280.4
avgbs_cluster_37659.1.43,Mrg03,25.4,0.256438649,280.4
avgbs_cluster_37659.1.51,Mrg03,25.4,0.256438649,280.4
avgbs_75747.1.38,Mrg03,27.7,0,282.7
avgbs_31798.1.56,Mrg03,27.8,0.351934019,282.8
avgbs_cluster_336.1.13,Mrg03,28.5,0.385821494,283.5
avgbs_cluster_336.1.50,Mrg03,28.5,0.385821494,283.5
avgbs_cluster_27035.1.10,Mrg03,28.8,0.12302785,283.8
avgbs_cluster_5870.1.25,Mrg03,28.8,0,283.8
avgbs_cluster_18355.1.11,Mrg03,35.4,0.958016363,290.4
avgbs_cluster_18355.1.50,Mrg03,35.4,0.958016363,290.4
avgbs_20647.1.48,Mrg03,36.2,0.068472673,291.2
avgbs_120996.1.37,Mrg03,36.4,1.040112827,291.4
avgbs_10012.1.33,Mrg03,37.1,0.505524352,292.1
avgbs_110504.1.31,Mrg03,37.1,0,292.1
avgbs_122179.1.41,Mrg03,37.1,0.104687014,292.1
avgbs_124109.1.18,Mrg03,37.1,0.2743432,292.1
avgbs_124388.1.63,Mrg03,37.1,0,292.1
avgbs_124474.1.18,Mrg03,37.1,0.280382013,292.1
avgbs_21236.1.29,Mrg03,37.1,0.782744024,292.1
avgbs_38973.1.21,Mrg03,37.1,0,292.1
avgbs_41413.1.12,Mrg03,37.1,0,292.1
avgbs_45965.1.57,Mrg03,37.1,0.034786757,292.1
avgbs_462.1.52,Mrg03,37.1,0.145091693,292.1
avgbs_5441.1.58,Mrg03,37.1,1.133025936,292.1
avgbs_665.1.36,Mrg03,37.1,0.620575384,292.1
avgbs_82845.1.42,Mrg03,37.1,0.381982245,292.1
avgbs_86730.1.50,Mrg03,37.1,0.090681895,292.1
avgbs_cluster_27663.1.24,Mrg03,37.1,0.362754509,292.1
avgbs_cluster_27663.1.38,Mrg03,37.1,0.362754509,292.1
avgbs_cluster_27663.1.41,Mrg03,37.1,0.362754509,292.1
avgbs_cluster_40490.1.63,Mrg03,37.1,0.230144555,292.1
avgbs_123579.1.33,Mrg03,40.3,0,295.3
avgbs_200368.1.55,Mrg03,40.3,0.436016973,295.3
avgbs_20115.1.31,Mrg03,40.3,0,295.3
avgbs_cluster_19837.1.19,Mrg03,40.3,0.4424926,295.3
avgbs_cluster_39571.1.25,Mrg03,40.3,0,295.3
avgbs_cluster_39571.1.56,Mrg03,40.3,0,295.3
avgbs_cluster_4841.1.50,Mrg03,40.3,0.075719153,295.3
avgbs_cluster_5056.1.37,Mrg03,40.3,0.047599154,295.3
avgbs_cluster_5056.1.8,Mrg03,40.3,0.047599154,295.3
avgbs_110939.1.48,Mrg03,40.7,0.081425165,295.7
avgbs_205722.1.53,Mrg03,40.7,0,295.7
avgbs_cluster_25945.1.35,Mrg03,40.8,0,295.8
avgbs_cluster_25945.1.58,Mrg03,40.8,0,295.8
avgbs_cluster_40667.1.46,Mrg03,40.9,0,295.9
avgbs_200729.1.20,Mrg03,42.7,0.402697204,297.7
avgbs_cluster_37233.1.29,Mrg03,42.7,0,297.7
avgbs_cluster_37233.1.34,Mrg03,42.7,0,297.7
avgbs_cluster_37233.1.43,Mrg03,42.7,0,297.7
avgbs_cluster_39107.1.55,Mrg03,42.7,0.573919983,297.7
avgbs_cluster_33883.1.12,Mrg03,44.2,0.070580573,299.2
avgbs_32922.1.51,Mrg03,44.5,0.324028191,299.5
avgbs_cluster_40525.1.54,Mrg03,44.5,0.707380038,299.5
avgbs_cluster_40525.1.61,Mrg03,44.5,0.707380038,299.5
avgbs_118082.1.26,Mrg03,44.6,0.012826378,299.6
avgbs_15388.1.33,Mrg03,44.6,0.908657528,299.6
avgbs_6121.1.27,Mrg03,44.6,0.903989376,299.6
avgbs_cluster_4299.1.43,Mrg03,44.6,0.850748562,299.6
avgbs_cluster_4299.1.46,Mrg03,44.6,0.850748562,299.6
avgbs_120947.1.55,Mrg03,45,0.666809285,300
avgbs_cluster_1714.1.63,Mrg03,45.1,1.234838064,300.1
avgbs_cluster_1714.1.9,Mrg03,45.1,1.234838064,300.1
avgbs_14475.1.30,Mrg03,45.5,0.241602054,300.5
avgbs_123845.1.40,Mrg03,45.7,0.403304275,300.7
avgbs_cluster_10545.1.64,Mrg03,45.7,0.625679647,300.7
avgbs_cluster_3914.1.8,Mrg03,45.7,0.568617611,300.7
avgbs_116834.1.53,Mrg03,46.3,1.959496511,301.3
avgbs_1442.1.27,Mrg03,46.3,0,301.3
avgbs_99390.1.48,Mrg03,46.3,0.127590725,301.3
avgbs_cluster_24654.1.50,Mrg03,46.3,0.272632768,301.3
avgbs_cluster_538.1.44,Mrg03,46.3,0.051157486,301.3
avgbs_cluster_7714.1.6,Mrg03,46.3,0.575945695,301.3
avgbs_117254.1.22,Mrg03,47.7,0.474010766,302.7
avgbs_18554.1.38,Mrg03,47.7,0,302.7
avgbs_22030.1.30,Mrg03,47.7,0,302.7
avgbs_cluster_5693.1.54,Mrg03,47.7,0.241602054,302.7
avgbs_cluster_139.1.53,Mrg03,48.1,0.160605896,303.1
avgbs_cluster_32518.1.63,Mrg03,48.1,1.277399202,303.1
avgbs_cluster_32518.1.64,Mrg03,48.1,1.277399202,303.1
avgbs_cluster_36780.1.18,Mrg03,48.1,0.012562779,303.1
avgbs_111545.1.55,Mrg03,50.1,0.736109093,305.1
avgbs_115135.1.9,Mrg03,50.5,0.235699312,305.5
avgbs_117800.1.59,Mrg03,50.5,0.809877804,305.5
avgbs_cluster_4367.1.15,Mrg03,50.5,0.898938663,305.5
avgbs_102016.1.10,Mrg03,50.9,1.436353259,305.9
avgbs_9486.1.40,Mrg03,51.5,0.916820289,306.5
avgbs_cluster_35519.1.12,Mrg03,51.5,1.838049476,306.5
avgbs_cluster_35519.1.51,Mrg03,51.5,1.838049476,306.5
avgbs_cluster_35519.1.64,Mrg03,51.5,1.838049476,306.5
avgbs_77377.1.33,Mrg03,53.4,0.209274354,308.4
avgbs_cluster_40179.1.54,Mrg03,53.4,0,308.4
avgbs_112972.1.28,Mrg03,53.9,0.210724201,308.9
avgbs_116254.1.62,Mrg03,53.9,0.93323886,308.9
avgbs_117003.1.17,Mrg03,53.9,2.416538717,308.9
avgbs_35645.1.26,Mrg03,53.9,1.991973311,308.9
avgbs_54503.1.8,Mrg03,53.9,1.543730244,308.9
avgbs_6277.1.48,Mrg03,53.9,1.426207319,308.9
avgbs_62784.1.46,Mrg03,53.9,0.684599999,308.9
avgbs_cluster_28765.1.55,Mrg03,53.9,0.605081934,308.9
avgbs_cluster_36103.1.56,Mrg03,53.9,2.214406924,308.9
avgbs_cluster_36103.1.58,Mrg03,53.9,2.214406924,308.9
avgbs_59950.1.35,Mrg03,55.5,0,310.5
avgbs_cluster_38112.1.47,Mrg03,55.8,0.123401183,310.8
avgbs_cluster_15186.1.27,Mrg03,56,0.040326363,311
avgbs_6K_86251.1.13,Mrg03,56.1,0.079784958,311.1
avgbs_cluster_2397.1.17,Mrg03,56.2,0.552865391,311.2
avgbs_cluster_2397.1.48,Mrg03,56.2,0.552865391,311.2
avgbs_cluster_27103.1.44,Mrg03,56.2,0.758343889,311.2
avgbs_cluster_6674.1.20,Mrg03,56.2,0.096647997,311.2
avgbs_cluster_743.1.60,Mrg03,56.3,0.214212577,311.3
avgbs_cluster_39519.1.38,Mrg03,56.4,0.563985393,311.4
avgbs_cluster_743.1.10,Mrg03,56.4,0.283525668,311.4
avgbs_214029.1.56,Mrg03,56.9,0.539439067,311.9
avgbs_84974.1.19,Mrg03,56.9,0.774759906,311.9
avgbs_cluster_3251.1.23,Mrg03,56.9,0.502688879,311.9
avgbs_cluster_35284.1.20,Mrg03,56.9,0.158504263,311.9
avgbs_cluster_10198.1.38,Mrg03,58.3,0.015220833,313.3
avgbs_cluster_10198.1.51,Mrg03,58.3,0.015220833,313.3
avgbs_cluster_6674.1.19,Mrg03,58.3,0.186191883,313.3
avgbs_cluster_35284.1.24,Mrg03,58.4,0.224793436,313.4
avgbs_cluster_40619.1.50,Mrg03,61.8,0.523364579,316.8
avgbs_459.1.39,Mrg03,62.4,0.025078206,317.4
avgbs_116510.1.34,Mrg03,62.7,0.13168207,317.7
avgbs_200893.1.61,Mrg03,62.7,0.146968721,317.7
avgbs_cluster_13852.1.49,Mrg03,62.7,0.178090338,317.7
avgbs_58322.1.23,Mrg03,63,1.46868328,318
avgbs_cluster_1181.1.7,Mrg03,63.5,0.445792686,318.5
avgbs_114294.1.13,Mrg03,63.6,1.062833982,318.6
avgbs_69754.1.31,Mrg03,63.6,0.392872547,318.6
avgbs_cluster_26251.1.32,Mrg03,63.6,0.36992689,318.6
avgbs_30996.1.44,Mrg03,63.8,0.070732957,318.8
avgbs_cluster_9272.1.35,Mrg03,63.8,0,318.8
avgbs_cluster_9272.1.44,Mrg03,63.8,0,318.8
avgbs_cluster_16396.1.42,Mrg03,63.9,1.286197759,318.9
avgbs_cluster_16396.1.47,Mrg03,63.9,1.286197759,318.9
avgbs_97069.1.7,Mrg03,64.3,0.369069367,319.3
avgbs_107597.1.31,Mrg03,65,0.023770719,320
avgbs_117009.1.56,Mrg03,65,0.030703186,320
avgbs_66362.1.25,Mrg03,65,1.101945131,320
avgbs_8134.1.18,Mrg03,65,0.607653119,320
avgbs_8155.1.56,Mrg03,65,0.896509782,320
avgbs_cluster_13012.1.24,Mrg03,65,0.545370276,320
avgbs_cluster_13012.1.38,Mrg03,65,0.545370276,320
avgbs_cluster_13012.1.53,Mrg03,65,0.545370276,320
avgbs_cluster_18290.1.16,Mrg03,65,0.188882431,320
avgbs_cluster_22271.1.17,Mrg03,65,0.057502011,320
avgbs_cluster_22271.1.35,Mrg03,65,0.080099447,320
avgbs_cluster_27899.1.60,Mrg03,65,0.212472715,320
avgbs_cluster_27899.1.63,Mrg03,65,0.212472715,320
avgbs_cluster_962.1.6,Mrg03,65,0.245719857,320
avgbs_cluster_35023.1.52,Mrg03,68.1,0.403063554,323.1
avgbs_cluster_3637.1.37,Mrg03,68.7,1.014449757,323.7
avgbs_21354.1.62,Mrg03,68.8,0.835378775,323.8
avgbs_200573.1.52,Mrg03,70.1,0.040245044,325.1
avgbs_77487.1.18,Mrg03,70.1,0.174382093,325.1
avgbs_cluster_19559.1.40,Mrg03,70.1,0,325.1
avgbs_99999.1.55,Mrg03,71.5,0,326.5
avgbs_124680.1.35,Mrg03,72.7,0.719391344,327.7
avgbs_cluster_37542.1.7,Mrg03,72.7,2.030361677,327.7
avgbs_118589.1.26,Mrg03,73.1,0.288801194,328.1
avgbs_121073.1.10,Mrg03,73.1,0,328.1
avgbs_124047.1.25,Mrg03,73.1,0,328.1
avgbs_13835.1.20,Mrg03,73.1,0,328.1
avgbs_20900.1.58,Mrg03,73.1,0,328.1
avgbs_2269.1.6,Mrg03,73.1,0,328.1
avgbs_57321.1.54,Mrg03,73.1,0.235266709,328.1
avgbs_87768.1.52,Mrg03,73.1,0,328.1
avgbs_cluster_1553.1.25,Mrg03,73.1,0.812705707,328.1
avgbs_cluster_18266.1.12,Mrg03,73.1,0,328.1
avgbs_cluster_32785.1.50,Mrg03,73.1,0.883907368,328.1
avgbs_cluster_3324.1.14,Mrg03,73.1,0.58694958,328.1
avgbs_cluster_3324.1.60,Mrg03,73.1,0.58694958,328.1
avgbs_13009.1.64,Mrg03,73.6,0,328.6
avgbs_52714.1.20,Mrg03,73.8,0.46830486,328.8
avgbs_21346.1.21,Mrg03,75.4,1.830600012,330.4
avgbs_116683.1.36,Mrg03,75.8,0.753796052,330.8
avgbs_119403.1.57,Mrg03,75.8,0.008345753,330.8
avgbs_123688.1.20,Mrg03,75.8,1.911518871,330.8
avgbs_14059.1.34,Mrg03,75.8,0.273530742,330.8
avgbs_21789.1.16,Mrg03,75.8,0.005593137,330.8
avgbs_57030.1.13,Mrg03,75.8,0,330.8
avgbs_67543.1.25,Mrg03,75.8,0.270641309,330.8
avgbs_80745.1.29,Mrg03,75.8,0,330.8
avgbs_89539.1.16,Mrg03,75.8,0.156456807,330.8
avgbs_93350.1.45,Mrg03,75.8,0.0441025,330.8
avgbs_cluster_31716.1.30,Mrg03,75.8,0.014439598,330.8
avgbs_cluster_31716.1.41,Mrg03,75.8,0.13193479,330.8
avgbs_cluster_31716.1.61,Mrg03,75.8,0.13193479,330.8
avgbs_cluster_4096.1.21,Mrg03,75.8,0.380156156,330.8
avgbs_11077.1.9,Mrg03,77.8,1.751086644,332.8
avgbs_221314.1.48,Mrg03,77.8,0,332.8
avgbs_80792.1.36,Mrg03,77.8,1.223261476,332.8
avgbs_84568.1.18,Mrg03,77.8,0,332.8
avgbs_86092.1.54,Mrg03,77.8,1.728723288,332.8
avgbs_96111.1.48,Mrg03,77.8,0,332.8
avgbs_cluster_26010.1.55,Mrg03,77.8,0.41901463,332.8
avgbs_cluster_934.1.19,Mrg03,77.8,1.723951432,332.8
avgbs_124331.1.16,Mrg03,80.2,0,335.2
avgbs_114170.1.11,Mrg03,80.3,0,335.3
avgbs_20129.1.6,Mrg03,80.3,0,335.3
avgbs_26010.1.57,Mrg03,80.3,0.494314514,335.3
avgbs_38923.1.64,Mrg03,80.3,1.160103509,335.3
avgbs_6K_102362.1.11,Mrg03,80.3,0.36214041,335.3
avgbs_85023.1.7,Mrg03,80.3,0.217814972,335.3
avgbs_87467.1.16,Mrg03,80.3,2.030361677,335.3
avgbs_cluster_16285.1.45,Mrg03,80.3,0.287916913,335.3
avgbs_cluster_28673.1.59,Mrg03,80.3,0.382991607,335.3
avgbs_cluster_35980.1.55,Mrg03,80.3,1.154938388,335.3
avgbs_cluster_34464.1.20,Mrg03,81.5,0,336.5
avgbs_111455.1.48,Mrg03,82.8,0.404159489,337.8
avgbs_48423.1.64,Mrg03,82.8,0,337.8
avgbs_61658.1.34,Mrg03,82.8,0.211003955,337.8
avgbs_cluster_1084.1.25,Mrg03,82.8,0.082715148,337.8
avgbs_cluster_1084.1.26,Mrg03,82.8,0.082715148,337.8
avgbs_cluster_10863.1.21,Mrg03,82.8,0.045747095,337.8
avgbs_cluster_11942.1.63,Mrg03,82.8,1.004871829,337.8
avgbs_cluster_27057.1.21,Mrg03,82.8,0.418140815,337.8
avgbs_cluster_36998.1.39,Mrg03,82.8,0.314368112,337.8
avgbs_cluster_36998.1.40,Mrg03,82.8,0.314368112,337.8
avgbs_cluster_5304.1.25,Mrg03,82.8,0,337.8
avgbs_cluster_5753.1.39,Mrg03,82.8,0.169677083,337.8
avgbs_cluster_5753.1.44,Mrg03,82.8,0.169677083,337.8
avgbs_19217.1.47,Mrg03,83.8,0,338.8
avgbs_38416.1.10,Mrg03,83.8,0,338.8
avgbs_4760.1.55,Mrg03,83.8,0.360659184,338.8
avgbs_51309.1.23,Mrg03,83.8,0.28001698,338.8
avgbs_6K_30360.1.61,Mrg03,83.8,0.698744465,338.8
avgbs_6K_73993.1.52,Mrg03,83.8,0.214673719,338.8
avgbs_7655.1.24,Mrg03,83.8,0,338.8
avgbs_cluster_8579.1.21,Mrg03,83.8,0,338.8
avgbs_cluster_21417.1.20,Mrg03,90.5,0,345.5
avgbs_15527.1.6,Mrg03,91.1,0,346.1
avgbs_94565.1.32,Mrg03,91.8,0.481601165,346.8
avgbs_cluster_17374.1.53,Mrg03,91.8,0,346.8
avgbs_cluster_31711.1.59,Mrg03,91.8,1.471814389,346.8
avgbs_cluster_5740.1.60,Mrg03,91.8,0.233609835,346.8
avgbs_107340.1.38,Mrg03,101.6,0.636912657,356.6
avgbs_15185.1.51,Mrg03,101.6,0.086164754,356.6
avgbs_15499.1.33,Mrg03,101.6,0.171508297,356.6
avgbs_cluster_11695.1.10,Mrg03,101.6,0.154085477,356.6
avgbs_cluster_2402.1.22,Mrg03,101.6,0,356.6
avgbs_cluster_2402.1.41,Mrg03,101.6,0,356.6
avgbs_cluster_36278.1.24,Mrg03,101.6,0.322991154,356.6
avgbs_117382.1.30,Mrg03,103.3,0.078762847,358.3
avgbs_17503.1.62,Mrg03,103.3,0,358.3
avgbs_60871.1.34,Mrg03,103.3,0.871386099,358.3
avgbs_cluster_11.1.10,Mrg03,103.3,0.227728477,358.3
avgbs_11205.1.29,Mrg03,104.3,0.370982471,359.3
avgbs_43170.1.18,Mrg03,109.8,0,364.8
avgbs_64980.1.54,Mrg03,109.8,0.096161439,364.8
avgbs_cluster_32230.1.12,Mrg03,109.8,0,364.8
avgbs_cluster_32230.1.16,Mrg03,109.8,0,364.8
avgbs_38796.1.30,Mrg03,112.3,0.694643393,367.3
avgbs_cluster_1084.1.58,Mrg03,114.2,0.960923269,369.2
avgbs_115789.1.23,Mrg03,120.1,0,375.1
avgbs_cluster_19385.1.41,Mrg03,120.4,0.485722874,375.4
avgbs_19491.1.63,Mrg03,122.9,0,377.9
avgbs_cluster_17435.1.25,Mrg03,123.5,0.012583622,378.5
avgbs_111522.1.58,Mrg03,124.3,0.169844362,379.3
avgbs_98908.1.31,Mrg03,125,0.121567252,380
avgbs_110277.1.7,Mrg03,128.6,0.014835209,383.6
avgbs_123123.1.28,Mrg03,128.6,0.297046542,383.6
avgbs_cluster_35718.1.16,Mrg03,128.6,0,383.6
avgbs_cluster_35718.1.40,Mrg03,128.6,0,383.6
avgbs_46839.1.60,Mrg03,129.2,0.890690806,384.2
avgbs_107847.1.31,Mrg03,129.9,0.536276846,384.9
avgbs_113023.1.58,Mrg03,129.9,0.872471965,384.9
avgbs_35313.1.40,Mrg03,129.9,0,384.9
avgbs_63439.1.17,Mrg03,129.9,0.020372652,384.9
avgbs_68557.1.46,Mrg03,129.9,0.364803114,384.9
avgbs_cluster_2367.1.16,Mrg03,129.9,0.866220602,384.9
avgbs_cluster_2367.1.30,Mrg03,129.9,0.866220602,384.9
avgbs_cluster_4167.1.6,Mrg03,129.9,0.374834669,384.9
avgbs_cluster_28230.1.24,Mrg03,134.2,0,389.2
avgbs_cluster_28230.1.33,Mrg03,134.2,0,389.2
avgbs_37253.1.40,Mrg03,137.7,0.192899293,392.7
avgbs_cluster_15971.1.28,Mrg03,162,0,417
avgbs_cluster_43025.1.51,Mrg04,3.1,0.79467533,420.1
avgbs_82133.1.8,Mrg04,4.9,0.982761521,421.9
avgbs_cluster_22014.1.39,Mrg04,10.1,0.496660309,427.1
avgbs_cluster_22014.1.50,Mrg04,10.1,0.496660309,427.1
avgbs_cluster_22014.1.60,Mrg04,10.1,0.496660309,427.1
avgbs_cluster_22014.1.63,Mrg04,10.1,0.715295379,427.1
avgbs_cluster_27878.1.10,Mrg04,16.2,0.412857445,433.2
avgbs_cluster_30892.1.32,Mrg04,16.2,0.294929319,433.2
avgbs_117863.1.31,Mrg04,17.5,0.233031694,434.5
avgbs_cluster_1173.1.62,Mrg04,17.5,0.31187633,434.5
avgbs_cluster_1173.1.64,Mrg04,17.5,0.31187633,434.5
avgbs_77024.1.36,Mrg04,17.6,0,434.6
avgbs_84004.1.43,Mrg04,17.6,0.212818831,434.6
avgbs_cluster_23423.1.46,Mrg04,17.6,0,434.6
avgbs_cluster_26544.1.63,Mrg04,17.6,0,434.6
avgbs_cluster_36969.1.31,Mrg04,20.2,0.005734186,437.2
avgbs_cluster_37734.1.19,Mrg04,20.2,0.20936571,437.2
avgbs_cluster_37734.1.50,Mrg04,20.2,0.307629352,437.2
avgbs_cluster_1205.2.17,Mrg04,20.9,0.062885929,437.9
avgbs_cluster_40504.1.32,Mrg04,20.9,0,437.9
avgbs_cluster_36528.1.54,Mrg04,23.8,0.046037459,440.8
avgbs_cluster_9110.1.30,Mrg04,23.8,0,440.8
avgbs_cluster_9110.1.45,Mrg04,23.8,0,440.8
avgbs_cluster_103.1.57,Mrg04,24.6,0.03103975,441.6
avgbs_cluster_35540.1.9,Mrg04,24.6,0,441.6
avgbs_120378.1.14,Mrg04,29.7,0.960920859,446.7
avgbs_209243.1.25,Mrg04,29.7,0.655337763,446.7
avgbs_99988.1.8,Mrg04,29.7,0.396250724,446.7
avgbs_10627.1.18,Mrg04,32.7,0.103659468,449.7
avgbs_cluster_30050.1.10,Mrg04,32.7,1.743982555,449.7
avgbs_cluster_30050.1.28,Mrg04,32.7,1.743982555,449.7
avgbs_cluster_30050.1.57,Mrg04,32.7,0.824424817,449.7
avgbs_cluster_4560.1.63,Mrg04,32.7,0.146833698,449.7
avgbs_cluster_64331.1.60,Mrg04,32.7,0,449.7
avgbs_cluster_26586.2.29,Mrg04,35.5,0.297057259,452.5
avgbs_cluster_26586.2.49,Mrg04,35.5,0.297057259,452.5
avgbs_cluster_27239.1.54,Mrg04,35.5,0,452.5
avgbs_cluster_35267.1.61,Mrg04,36.7,0,453.7
avgbs_cluster_35267.1.8,Mrg04,36.7,0,453.7
avgbs_114541.1.39,Mrg04,37.9,0.178509732,454.9
avgbs_151.1.56,Mrg04,37.9,0.260166768,454.9
avgbs_208382.1.53,Mrg04,37.9,1.58549871,454.9
avgbs_26918.1.60,Mrg04,37.9,0.336035285,454.9
avgbs_6K_3471.1.7,Mrg04,37.9,0,454.9
avgbs_72609.1.29,Mrg04,37.9,0,454.9
avgbs_cluster_1498.1.50,Mrg04,37.9,0.395848335,454.9
avgbs_cluster_21528.1.30,Mrg04,37.9,0.737545332,454.9
avgbs_cluster_21528.1.45,Mrg04,37.9,0.737545332,454.9
avgbs_cluster_21603.1.12,Mrg04,37.9,0.074624846,454.9
avgbs_cluster_2624.1.42,Mrg04,37.9,0.351309716,454.9
avgbs_cluster_2624.1.57,Mrg04,37.9,0.351309716,454.9
avgbs_cluster_2624.1.64,Mrg04,37.9,0.351309716,454.9
avgbs_cluster_31496.1.35,Mrg04,37.9,0.128342504,454.9
avgbs_cluster_32585.1.38,Mrg04,37.9,0.155221027,454.9
avgbs_cluster_32695.1.18,Mrg04,37.9,0.534099618,454.9
avgbs_cluster_48092.1.22,Mrg04,37.9,0.251245739,454.9
avgbs_cluster_48092.1.61,Mrg04,37.9,0.251245739,454.9
avgbs_203907.1.36,Mrg04,38.1,0.080433044,455.1
avgbs_cluster_36864.1.32,Mrg04,38.1,0,455.1
avgbs_27469.1.34,Mrg04,38.7,0,455.7
avgbs_cluster_28453.1.33,Mrg04,39.4,0,456.4
avgbs_cluster_28453.1.46,Mrg04,39.4,0,456.4
avgbs_cluster_11427.1.26,Mrg04,40.1,0.418141269,457.1
avgbs_cluster_11427.1.37,Mrg04,41,0.135555944,458
avgbs_cluster_36887.1.27,Mrg04,41.8,0.367531269,458.8
avgbs_cluster_36887.1.47,Mrg04,41.8,0.367531269,458.8
avgbs_2791.1.10,Mrg04,43.1,0.577299675,460.1
avgbs_cluster_39225.1.13,Mrg04,43.1,0,460.1
avgbs_207966.1.25,Mrg04,43.5,0.19756336,460.5
avgbs_6K_73329.1.8,Mrg04,43.5,0.168943815,460.5
avgbs_cluster_21492.1.8,Mrg04,43.8,0.04889151,460.8
avgbs_cluster_27963.1.23,Mrg04,43.9,0.448430357,460.9
avgbs_cluster_34775.1.61,Mrg04,43.9,0.14629147,460.9
avgbs_11239.1.52,Mrg04,44.7,0.24902572,461.7
avgbs_113786.1.26,Mrg04,44.7,0.808890212,461.7
avgbs_119966.1.32,Mrg04,44.7,0.507376483,461.7
avgbs_121286.1.55,Mrg04,44.7,0.289324474,461.7
avgbs_123116.1.38,Mrg04,44.7,0.451876036,461.7
avgbs_125333.1.37,Mrg04,44.7,0.044716144,461.7
avgbs_1274.1.48,Mrg04,44.7,0.47114316,461.7
avgbs_16820.1.44,Mrg04,44.7,1.445494664,461.7
avgbs_18009.1.57,Mrg04,44.7,0.440575067,461.7
avgbs_201898.1.40,Mrg04,44.7,0.686162243,461.7
avgbs_49577.1.30,Mrg04,44.7,0.29286151,461.7
avgbs_53297.1.51,Mrg04,44.7,0.344701149,461.7
avgbs_56365.1.22,Mrg04,44.7,0.445325315,461.7
avgbs_6599.1.57,Mrg04,44.7,0.28323903,461.7
avgbs_6K_84842.1.62,Mrg04,44.7,0.076556532,461.7
avgbs_74452.1.40,Mrg04,44.7,0.719500407,461.7
avgbs_83434.1.15,Mrg04,44.7,0.261438141,461.7
avgbs_9910.1.41,Mrg04,44.7,0.651897859,461.7
avgbs_cluster_180.1.52,Mrg04,44.7,0.029519912,461.7
avgbs_cluster_21819.1.34,Mrg04,44.7,0.140160324,461.7
avgbs_cluster_21819.1.48,Mrg04,44.7,0.140160324,461.7
avgbs_cluster_23838.1.14,Mrg04,44.7,0.291013638,461.7
avgbs_cluster_26452.1.60,Mrg04,44.7,0.378958404,461.7
avgbs_cluster_28904.1.20,Mrg04,44.7,0.05188696,461.7
avgbs_cluster_39397.1.54,Mrg04,44.7,0.543691898,461.7
avgbs_cluster_39825.1.40,Mrg04,44.7,0,461.7
avgbs_cluster_39825.1.44,Mrg04,44.7,0.040686984,461.7
avgbs_cluster_40111.1.48,Mrg04,44.7,0.407474566,461.7
avgbs_cluster_6307.1.32,Mrg04,44.7,0.268370074,461.7
avgbs_cluster_137.1.52,Mrg04,45.6,0.252580527,462.6
avgbs_cluster_17062.1.59,Mrg04,45.6,0.249516339,462.6
avgbs_cluster_937.1.23,Mrg04,45.9,0.036946605,462.9
avgbs_cluster_28191.1.25,Mrg04,48.2,0.876091588,465.2
avgbs_cluster_28191.1.49,Mrg04,48.2,0.553553267,465.2
avgbs_cluster_9107.1.39,Mrg04,48.8,0.32673754,465.8
avgbs_120830.1.50,Mrg04,49.2,0.662056333,466.2
avgbs_123320.1.54,Mrg04,50,0.59679186,467
avgbs_cluster_28978.1.13,Mrg04,50.3,0.294097815,467.3
avgbs_117650.1.49,Mrg04,51,0.188656626,468
avgbs_97755.1.14,Mrg04,51.7,1.940864281,468.7
avgbs_cluster_3866.1.21,Mrg04,51.7,0.393795529,468.7
avgbs_cluster_3866.1.26,Mrg04,51.7,0.393795529,468.7
avgbs_cluster_3866.1.45,Mrg04,51.7,0.393795529,468.7
avgbs_73830.1.9,Mrg04,54.9,0.508884231,471.9
avgbs_cluster_12940.1.19,Mrg04,54.9,0.120852716,471.9
avgbs_cluster_12940.1.57,Mrg04,54.9,1.747703587,471.9
avgbs_cluster_30657.1.25,Mrg04,55.1,0.128916261,472.1
avgbs_113838.1.48,Mrg04,55.8,0.207494851,472.8
avgbs_cluster_33421.1.16,Mrg04,57.5,0.011012034,474.5
avgbs_19279.1.11,Mrg04,60.3,0.069327119,477.3
avgbs_436.1.34,Mrg04,60.3,0.188657081,477.3
avgbs_84537.1.38,Mrg05,6.5,0,483.8
avgbs_110890.1.62,Mrg05,8.8,0.529230748,486.1
avgbs_116613.1.10,Mrg05,9.7,0.197811012,487
avgbs_120698.1.15,Mrg05,10.6,1.401666612,487.9
avgbs_206474.1.47,Mrg05,18.4,0.055215089,495.7
avgbs_8290.1.64,Mrg05,22.1,0.123112392,499.4
avgbs_16036.1.38,Mrg05,26.8,0.695789592,504.1
avgbs_cluster_143.1.61,Mrg05,27.1,0.140202023,504.4
avgbs_104621.1.63,Mrg05,27.4,0.487867833,504.7
avgbs_65776.1.41,Mrg05,27.4,0.576925627,504.7
avgbs_cluster_26064.1.15,Mrg05,27.4,0.249489182,504.7
avgbs_cluster_35516.1.15,Mrg05,27.4,0.356658614,504.7
avgbs_cluster_35516.1.29,Mrg05,27.4,0.356658614,504.7
avgbs_cluster_35516.1.48,Mrg05,27.4,0.356658614,504.7
avgbs_cluster_2530.1.25,Mrg05,29.8,0.357760275,507.1
avgbs_cluster_2530.1.42,Mrg05,29.8,0.357760275,507.1
avgbs_cluster_2530.1.7,Mrg05,29.8,0.357760275,507.1
avgbs_902.1.34,Mrg05,33.2,0.116821143,510.5
avgbs_cluster_3772.1.18,Mrg05,40.3,0.348810209,517.6
avgbs_107992.1.37,Mrg05,41.5,0.544278668,518.8
avgbs_122525.1.18,Mrg05,41.6,1.403513838,518.9
avgbs_cluster_21169.1.40,Mrg05,42,1.244585163,519.3
avgbs_109986.1.23,Mrg05,42.9,0.249200031,520.2
avgbs_118461.1.53,Mrg05,44.2,0.172546613,521.5
avgbs_9184.1.7,Mrg05,44.2,0.904648155,521.5
avgbs_202118.1.40,Mrg05,45.3,0.412063851,522.6
avgbs_106021.1.48,Mrg05,48.2,0.255451055,525.5
avgbs_99653.1.51,Mrg05,48.2,1.281972777,525.5
avgbs_103284.1.60,Mrg05,50.5,0.503767811,527.8
avgbs_11326.1.18,Mrg05,50.5,3.140324184,527.8
avgbs_30620.1.12,Mrg05,50.5,0.566695769,527.8
avgbs_41292.1.6,Mrg05,50.5,2.794766623,527.8
avgbs_cluster_35067.1.19,Mrg05,50.5,0.432794495,527.8
avgbs_205661.1.33,Mrg05,54.4,0.357842216,531.7
avgbs_103822.1.30,Mrg05,56.5,0.307252659,533.8
avgbs_110804.1.56,Mrg05,56.5,0,533.8
avgbs_118117.1.64,Mrg05,56.5,0.209270107,533.8
avgbs_121103.1.57,Mrg05,56.5,0,533.8
avgbs_22753.1.11,Mrg05,56.5,0.730813773,533.8
avgbs_31444.1.20,Mrg05,56.5,0.302049498,533.8
avgbs_46840.1.22,Mrg05,56.5,0.172242237,533.8
avgbs_57657.1.62,Mrg05,56.5,1.512918147,533.8
avgbs_62521.1.21,Mrg05,56.5,0.564698502,533.8
avgbs_6788.1.53,Mrg05,56.5,0.094404726,533.8
avgbs_71273.1.24,Mrg05,56.5,0.358488677,533.8
avgbs_79488.1.27,Mrg05,56.5,0.210543687,533.8
avgbs_92856.1.33,Mrg05,56.5,0.096776292,533.8
avgbs_99000.1.42,Mrg05,56.5,0.053674412,533.8
avgbs_cluster_12562.1.16,Mrg05,56.5,0.152497998,533.8
avgbs_cluster_12737.1.24,Mrg05,56.5,0.272231606,533.8
avgbs_cluster_29483.1.46,Mrg05,56.5,0.147312517,533.8
avgbs_cluster_30631.1.8,Mrg05,56.5,0.915130603,533.8
avgbs_cluster_32768.1.24,Mrg05,56.5,0.225934258,533.8
avgbs_cluster_34510.1.33,Mrg05,56.5,0,533.8
avgbs_cluster_34510.1.54,Mrg05,56.5,0,533.8
avgbs_cluster_34510.1.57,Mrg05,56.5,0,533.8
avgbs_cluster_34806.1.53,Mrg05,56.5,0.06782672,533.8
avgbs_cluster_37065.1.59,Mrg05,56.5,0,533.8
avgbs_cluster_41054.1.35,Mrg05,56.5,0,533.8
avgbs_cluster_41054.1.41,Mrg05,56.5,0.316756289,533.8
avgbs_cluster_6179.1.50,Mrg05,56.5,0,533.8
avgbs_cluster_6307.2.16,Mrg05,56.5,1.097948316,533.8
avgbs_cluster_8612.1.13,Mrg05,56.5,0.229274876,533.8
avgbs_cluster_34449.1.33,Mrg05,56.9,0.383647261,534.2
avgbs_cluster_34449.1.9,Mrg05,56.9,0.383647261,534.2
avgbs_123933.1.12,Mrg05,57.2,0,534.5
avgbs_cluster_31756.1.52,Mrg05,57.2,0.143924503,534.5
avgbs_cluster_31756.1.53,Mrg05,57.2,0.143924503,534.5
avgbs_116906.1.55,Mrg05,57.3,0.058698181,534.6
avgbs_200517.1.62,Mrg05,57.3,0.223724268,534.6
avgbs_81958.1.26,Mrg05,57.3,0.565601818,534.6
avgbs_cluster_49655.1.33,Mrg05,57.3,0,534.6
avgbs_cluster_49655.1.60,Mrg05,57.3,0,534.6
avgbs_cluster_5785.1.48,Mrg05,57.3,0.584398557,534.6
avgbs_cluster_8924.1.7,Mrg05,57.3,0,534.6
avgbs_31655.1.8,Mrg05,57.5,0.268485107,534.8
avgbs_cluster_24507.1.49,Mrg05,57.6,0,534.9
avgbs_29381.1.60,Mrg05,57.8,0.18937416,535.1
avgbs_42118.1.64,Mrg05,57.8,0,535.1
avgbs_53492.1.28,Mrg05,57.8,0.709909431,535.1
avgbs_cluster_35027.1.39,Mrg05,57.8,0.14362958,535.1
avgbs_cluster_35392.1.24,Mrg05,57.8,0,535.1
avgbs_1307.1.49,Mrg05,57.9,0.355259059,535.2
avgbs_3471.1.38,Mrg05,57.9,0,535.2
avgbs_cluster_40904.1.50,Mrg05,57.9,0.208058837,535.2
avgbs_cluster_5088.1.33,Mrg05,57.9,0.208569996,535.2
avgbs_86933.1.32,Mrg05,58,0,535.3
avgbs_95067.1.38,Mrg05,58.6,0.232390212,535.9
avgbs_17457.1.10,Mrg05,58.7,0.198360294,536
avgbs_57658.1.26,Mrg05,58.7,3.222072133,536
avgbs_cluster_38614.1.34,Mrg05,58.7,0.237762906,536
avgbs_cluster_23995.1.58,Mrg05,58.9,1.144937736,536.2
avgbs_cluster_16303.1.28,Mrg05,59,1.568338586,536.3
avgbs_43145.1.38,Mrg05,60,0.277222708,537.3
avgbs_6445.1.10,Mrg05,80.2,0.562103589,557.5
avgbs_77316.1.25,Mrg05,80.8,0.061174509,558.1
avgbs_cluster_23077.1.11,Mrg05,80.8,0,558.1
avgbs_cluster_23077.1.29,Mrg05,80.8,0,558.1
avgbs_cluster_23077.1.55,Mrg05,80.8,0,558.1
avgbs_cluster_2630.1.31,Mrg05,80.8,0.884902915,558.1
avgbs_cluster_14164.1.15,Mrg05,80.9,0.124269115,558.2
avgbs_cluster_14164.1.16,Mrg05,80.9,0.124269115,558.2
avgbs_cluster_14164.1.17,Mrg05,80.9,0.124269115,558.2
avgbs_13657.1.28,Mrg05,81.4,0,558.7
avgbs_cluster_26586.1.29,Mrg05,81.6,1.754895364,558.9
avgbs_71012.1.39,Mrg05,81.7,1.879422136,559
avgbs_cluster_38058.1.18,Mrg05,81.8,0.767098217,559.1
avgbs_cluster_38058.1.29,Mrg05,81.8,0.767098217,559.1
avgbs_cluster_32914.1.40,Mrg05,81.9,0.594213219,559.2
avgbs_cluster_32914.1.44,Mrg05,81.9,0.594213219,559.2
avgbs_cluster_32914.1.9,Mrg05,81.9,0.594213219,559.2
avgbs_cluster_35392.1.30,Mrg05,81.9,0.718997468,559.2
avgbs_10882.1.36,Mrg05,82,0.559857778,559.3
avgbs_cluster_37638.1.15,Mrg05,82,0,559.3
avgbs_cluster_37638.1.42,Mrg05,82,0,559.3
avgbs_21425.1.39,Mrg05,82.1,0.934887831,559.4
avgbs_28205.1.63,Mrg05,82.1,0.888439184,559.4
avgbs_cluster_5116.1.31,Mrg05,82.1,1.266926898,559.4
avgbs_cluster_5116.1.54,Mrg05,82.1,1.266926898,559.4
avgbs_cluster_6930.1.26,Mrg05,82.4,1.631406356,559.7
avgbs_105825.1.49,Mrg05,83.2,0.327186549,560.5
avgbs_106725.1.40,Mrg05,83.2,0.297512422,560.5
avgbs_124223.1.18,Mrg05,83.2,0,560.5
avgbs_cluster_17542.1.31,Mrg05,83.2,0.514982636,560.5
avgbs_cluster_17542.1.57,Mrg05,83.2,0.514982636,560.5
avgbs_cluster_26713.2.36,Mrg05,83.2,0.404089705,560.5
avgbs_cluster_26713.2.39,Mrg05,83.2,0.404089705,560.5
avgbs_57012.1.30,Mrg05,89.4,0.352302918,566.7
avgbs_61719.1.6,Mrg05,89.4,0.35785954,566.7
avgbs_15507.1.24,Mrg05,92.1,0,569.4
avgbs_cluster_16376.1.47,Mrg05,92.1,0.233447134,569.4
avgbs_111779.1.23,Mrg05,92.9,1.175535596,570.2
avgbs_16946.1.36,Mrg05,93,0.177371951,570.3
avgbs_cluster_18293.1.60,Mrg05,93,0.208293464,570.3
avgbs_cluster_18293.1.62,Mrg05,93,0.208293464,570.3
avgbs_cluster_34717.1.27,Mrg05,93,0.349024235,570.3
avgbs_cluster_34717.1.60,Mrg05,93,0.349024235,570.3
avgbs_cluster_6015.1.27,Mrg05,93,1.049710809,570.3
avgbs_cluster_6015.1.49,Mrg05,93,1.049710809,570.3
avgbs_cluster_62809.1.62,Mrg05,96.7,0,574
avgbs_cluster_62809.1.63,Mrg05,96.7,0,574
avgbs_cluster_62809.1.64,Mrg05,96.7,0,574
avgbs_92861.1.54,Mrg05,97.9,1.089625857,575.2
avgbs_106376.1.44,Mrg05,98.3,0,575.6
avgbs_200537.1.21,Mrg05,98.7,0,576
avgbs_77095.1.28,Mrg05,98.7,0,576
avgbs_cluster_17089.1.10,Mrg05,98.7,0,576
avgbs_cluster_17089.1.32,Mrg05,98.7,0,576
avgbs_cluster_17089.1.6,Mrg05,98.7,0,576
avgbs_cluster_37607.1.30,Mrg05,98.7,0.971649271,576
avgbs_cluster_37607.1.7,Mrg05,98.7,0.971649271,576
avgbs_cluster_37607.1.8,Mrg05,98.7,0.971649271,576
avgbs_cluster_39834.1.21,Mrg05,98.7,0.427625877,576
avgbs_cluster_39834.1.46,Mrg05,98.7,0.427625877,576
avgbs_333.1.42,Mrg05,100.4,0.977319053,577.7
avgbs_cluster_51774.1.33,Mrg05,100.6,1.130195422,577.9
avgbs_cluster_51774.1.35,Mrg05,100.6,1.130195422,577.9
avgbs_cluster_40850.1.31,Mrg05,101.7,1.186718214,579
avgbs_cluster_40850.1.62,Mrg05,101.7,1.186718214,579
avgbs_13556.1.15,Mrg05,103.9,0.083884329,581.2
avgbs_38257.1.26,Mrg05,105.7,0.114414221,583
avgbs_38797.1.31,Mrg05,105.7,0,583
avgbs_36113.1.48,Mrg05,109.5,0.389389263,586.8
avgbs_73115.1.35,Mrg05,109.5,0.409835337,586.8
avgbs_cluster_2049.1.7,Mrg05,109.5,0.043944499,586.8
avgbs_cluster_26986.1.15,Mrg05,109.5,0.23065721,586.8
avgbs_cluster_26986.1.57,Mrg05,109.5,0.23065721,586.8
avgbs_cluster_27878.2.9,Mrg05,109.5,0.000836559,586.8
avgbs_120706.1.24,Mrg05,109.7,0.041526445,587
avgbs_42267.1.26,Mrg05,110.1,0.025186502,587.4
avgbs_cluster_28534.1.10,Mrg05,110.1,0.111997284,587.4
avgbs_cluster_28534.1.46,Mrg05,110.1,0.111997284,587.4
avgbs_cluster_28534.1.8,Mrg05,110.1,0.111997284,587.4
avgbs_cluster_27231.1.63,Mrg05,111.3,0.401676485,588.6
avgbs_cluster_42166.1.49,Mrg05,111.3,0,588.6
avgbs_104350.1.27,Mrg05,111.6,0.426868055,588.9
avgbs_cluster_35965.1.53,Mrg05,112.3,0.230668065,589.6
avgbs_cluster_18399.1.16,Mrg05,112.4,0.158370772,589.7
avgbs_cluster_18399.1.63,Mrg05,112.4,0.09944867,589.7
avgbs_cluster_25204.1.58,Mrg05,113.6,0.164850477,590.9
avgbs_cluster_40705.1.23,Mrg05,114.1,0.291382116,591.4
avgbs_cluster_40705.1.29,Mrg05,114.1,0.291382116,591.4
avgbs_109116.1.47,Mrg05,114.7,0.131250426,592
avgbs_112355.1.13,Mrg05,114.7,0.644339172,592
avgbs_124110.1.36,Mrg05,114.7,0.399932689,592
avgbs_2008.1.34,Mrg05,114.7,0.399932689,592
avgbs_32277.1.45,Mrg05,114.7,0.529734204,592
avgbs_4441.1.58,Mrg05,114.7,0.033727193,592
avgbs_cluster_4877.1.43,Mrg05,114.7,0.664852759,592
avgbs_cluster_9561.1.17,Mrg05,114.7,0.060886661,592
avgbs_125210.1.59,Mrg05,125.1,0.451368162,602.4
avgbs_3983.1.41,Mrg05,125.1,0.067323828,602.4
avgbs_cluster_27516.1.8,Mrg05,125.1,0.761086268,602.4
avgbs_cluster_5816.1.23,Mrg05,125.1,0.374990141,602.4
avgbs_cluster_5816.1.41,Mrg05,125.1,0.374990141,602.4
avgbs_cluster_5816.1.43,Mrg05,125.1,0.374990141,602.4
avgbs_108120.1.54,Mrg05,127.5,0.075839285,604.8
avgbs_87332.1.29,Mrg05,127.5,0.06945978,604.8
avgbs_10569.1.14,Mrg05,130.9,0.082123991,608.2
avgbs_122697.1.55,Mrg05,130.9,0.329185409,608.2
avgbs_124462.1.54,Mrg05,130.9,0.909565559,608.2
avgbs_cluster_23391.1.46,Mrg05,130.9,0.656655889,608.2
avgbs_cluster_27787.1.18,Mrg05,130.9,0,608.2
avgbs_cluster_65411.1.30,Mrg05,130.9,0.84904215,608.2
avgbs_cluster_65411.1.38,Mrg05,130.9,0.84904215,608.2
avgbs_cluster_65411.1.49,Mrg05,130.9,0.84904215,608.2
avgbs_cluster_65411.1.54,Mrg05,130.9,0.84904215,608.2
avgbs_cluster_65411.1.7,Mrg05,130.9,0.84904215,608.2
avgbs_cluster_658.1.46,Mrg05,130.9,0.992938725,608.2
avgbs_cluster_658.1.47,Mrg05,130.9,0.992938725,608.2
avgbs_cluster_25933.1.16,Mrg05,131.1,0.2021131,608.4
avgbs_13142.1.54,Mrg05,135.5,0.936989576,612.8
avgbs_28217.1.33,Mrg05,135.5,0,612.8
avgbs_97451.1.11,Mrg05,135.5,0,612.8
avgbs_cluster_35251.1.7,Mrg05,135.5,0.854794163,612.8
avgbs_cluster_37164.1.35,Mrg05,135.5,1.952802463,612.8
avgbs_cluster_37164.1.39,Mrg05,135.5,1.952802463,612.8
avgbs_cluster_37164.1.40,Mrg05,135.5,1.952802463,612.8
avgbs_cluster_38268.1.55,Mrg05,135.5,0.482268793,612.8
avgbs_cluster_38268.1.57,Mrg05,135.5,0,612.8
avgbs_cluster_38845.1.14,Mrg05,135.5,1.205773077,612.8
avgbs_cluster_6121.1.45,Mrg05,135.5,1.339781288,612.8
avgbs_cluster_62.1.60,Mrg05,135.5,0.127581829,612.8
avgbs_cluster_7079.1.12,Mrg05,135.5,0.201471437,612.8
avgbs_cluster_7079.1.24,Mrg05,135.5,0.201471437,612.8
avgbs_cluster_16666.1.21,Mrg05,147.6,0,624.9
avgbs_cluster_16666.1.22,Mrg05,147.6,0,624.9
avgbs_cluster_16666.1.6,Mrg05,147.6,0,624.9
avgbs_cluster_41272.1.16,Mrg05,147.6,0,624.9
avgbs_cluster_32525.1.33,Mrg06,-1.9,0.31503497,623
avgbs_21383.1.51,Mrg06,0,0.173342791,624.9
avgbs_80876.1.31,Mrg06,0,0.231484808,624.9
avgbs_81828.1.19,Mrg06,0,0,624.9
avgbs_23968.1.42,Mrg06,14.5,0.053915809,639.4
avgbs_90115.1.34,Mrg06,14.5,0.654049616,639.4
avgbs_cluster_40088.1.36,Mrg06,15.5,0.268113712,640.4
avgbs_100573.1.40,Mrg06,18.8,0,643.7
avgbs_11862.1.18,Mrg06,18.8,0.256553068,643.7
avgbs_29614.1.47,Mrg06,18.8,0,643.7
avgbs_cluster_3660.1.52,Mrg06,18.8,0,643.7
avgbs_cluster_6222.1.33,Mrg06,18.8,0,643.7
avgbs_48816.1.39,Mrg06,20.7,0.140970211,645.6
avgbs_20312.1.29,Mrg06,21.9,0.14907462,646.8
avgbs_10401.1.62,Mrg06,25.2,0.072088717,650.1
avgbs_32854.1.25,Mrg06,25.2,0.522810442,650.1
avgbs_49496.1.45,Mrg06,25.2,0.190794991,650.1
avgbs_83045.1.61,Mrg06,25.2,0.190794991,650.1
avgbs_85652.1.26,Mrg06,25.2,0.481783944,650.1
avgbs_cluster_33847.1.17,Mrg06,25.8,0.031941274,650.7
avgbs_29732.1.59,Mrg06,26.6,0.029343053,651.5
avgbs_cluster_26660.1.40,Mrg06,26.6,0.080558849,651.5
avgbs_31464.1.47,Mrg06,27.5,0.421097347,652.4
avgbs_7331.1.58,Mrg06,27.5,0.477760908,652.4
avgbs_10060.1.36,Mrg06,28.1,0.528858683,653
avgbs_40129.1.63,Mrg06,28.1,0.457653382,653
avgbs_cluster_22798.1.55,Mrg06,28.1,0.373580173,653
avgbs_cluster_34282.1.54,Mrg06,28.6,0.068384559,653.5
avgbs_11934.1.9,Mrg06,29.1,0.20690109,654
avgbs_60509.1.36,Mrg06,29.1,0.08584141,654
avgbs_cluster_106.1.52,Mrg06,29.1,1.47639348,654
avgbs_cluster_17769.1.34,Mrg06,29.1,0.335309179,654
avgbs_cluster_2646.1.8,Mrg06,29.1,0.196515399,654
avgbs_119264.1.37,Mrg06,29.7,0.348390171,654.6
avgbs_53963.1.64,Mrg06,29.7,0.268165733,654.6
avgbs_76243.1.49,Mrg06,29.7,0.00963906,654.6
avgbs_125443.1.35,Mrg06,29.9,0.084093905,654.8
avgbs_106057.1.19,Mrg06,33.7,0.385405376,658.6
avgbs_cluster_25236.1.37,Mrg06,35.4,0.599896386,660.3
avgbs_cluster_25236.1.38,Mrg06,35.4,0.599896386,660.3
avgbs_cluster_31895.1.64,Mrg06,35.4,0.602294726,660.3
avgbs_120362.1.37,Mrg06,37.4,0.411538377,662.3
avgbs_cluster_11500.1.55,Mrg06,37.4,0.418099435,662.3
avgbs_cluster_20744.1.53,Mrg06,37.4,0.291259695,662.3
avgbs_cluster_6600.1.27,Mrg06,37.4,0.516708322,662.3
avgbs_cluster_6600.1.6,Mrg06,37.4,0.516708322,662.3
avgbs_114122.1.54,Mrg06,38,0.304671769,662.9
avgbs_187.1.18,Mrg06,38,0.315241112,662.9
avgbs_213138.1.61,Mrg06,38,0.001435734,662.9
avgbs_40526.1.18,Mrg06,38,0.088881743,662.9
avgbs_42773.1.64,Mrg06,38,0.56348886,662.9
avgbs_6126.1.55,Mrg06,38,0.128375154,662.9
avgbs_80265.1.22,Mrg06,38,0.554901764,662.9
avgbs_cluster_15437.1.64,Mrg06,38,0.414102119,662.9
avgbs_cluster_15437.1.8,Mrg06,38,0.414102119,662.9
avgbs_cluster_15437.1.9,Mrg06,38,0.414102119,662.9
avgbs_cluster_18799.1.47,Mrg06,38,0.00963906,662.9
avgbs_cluster_21091.1.61,Mrg06,38,0.292996725,662.9
avgbs_cluster_25151.1.21,Mrg06,38,0.008509595,662.9
avgbs_cluster_25151.1.36,Mrg06,38,0.008509595,662.9
avgbs_cluster_25151.1.54,Mrg06,38,0.008509595,662.9
avgbs_cluster_26336.1.28,Mrg06,38,0.27409475,662.9
avgbs_cluster_26968.1.25,Mrg06,38,0.146863924,662.9
avgbs_cluster_26968.1.9,Mrg06,38,0.146863924,662.9
avgbs_cluster_7443.1.16,Mrg06,38,0.712991179,662.9
avgbs_cluster_7443.1.32,Mrg06,38,0.712991179,662.9
avgbs_cluster_7443.1.58,Mrg06,38,0.588229876,662.9
avgbs_91986.1.19,Mrg06,41.8,0.497811612,666.7
avgbs_cluster_3171.1.40,Mrg06,41.8,0,666.7
avgbs_87709.1.19,Mrg06,44.5,0.410550469,669.4
avgbs_cluster_12523.1.48,Mrg06,44.5,0.326811214,669.4
avgbs_cluster_12523.1.7,Mrg06,44.5,0.326811214,669.4
avgbs_11942.1.42,Mrg06,45.2,0.835410777,670.1
avgbs_220721.1.58,Mrg06,45.2,0.369706718,670.1
avgbs_49862.1.46,Mrg06,45.2,0.054994889,670.1
avgbs_cluster_2702.1.51,Mrg06,45.2,0.043275986,670.1
avgbs_cluster_40531.1.11,Mrg06,45.2,0.405192338,670.1
avgbs_cluster_40531.1.47,Mrg06,45.2,0.405192338,670.1
avgbs_cluster_19365.1.61,Mrg06,49.3,0.696630811,674.2
avgbs_cluster_19365.1.64,Mrg06,49.3,0.696630811,674.2
avgbs_109028.1.16,Mrg06,51.3,0.043246435,676.2
avgbs_cluster_4093.1.11,Mrg06,51.3,0.255009955,676.2
avgbs_cluster_4093.1.28,Mrg06,51.3,0.255009955,676.2
avgbs_77147.1.52,Mrg06,51.5,0.508208197,676.4
avgbs_cluster_24743.1.13,Mrg06,51.5,0.614373266,676.4
avgbs_cluster_29838.1.26,Mrg06,51.6,0.524301753,676.5
avgbs_cluster_29838.1.61,Mrg06,51.6,0.524301753,676.5
avgbs_12160.1.39,Mrg06,51.7,0,676.6
avgbs_97286.1.30,Mrg06,51.7,0.93416487,676.6
avgbs_cluster_13763.1.6,Mrg06,51.7,0.207726643,676.6
avgbs_cluster_37739.1.37,Mrg06,51.7,0.088656703,676.6
avgbs_cluster_39334.1.47,Mrg06,51.7,0.046682744,676.6
avgbs_cluster_39334.1.64,Mrg06,51.7,0.046682744,676.6
avgbs_cluster_40809.1.50,Mrg06,51.7,0.472517634,676.6
avgbs_cluster_4786.1.6,Mrg06,51.7,0.307010896,676.6
avgbs_cluster_52666.1.49,Mrg06,51.7,0.41997133,676.6
avgbs_cluster_52666.1.57,Mrg06,51.7,0.41997133,676.6
avgbs_cluster_6837.1.12,Mrg06,51.7,0.486069452,676.6
avgbs_cluster_6837.1.21,Mrg06,51.7,0.486069452,676.6
avgbs_89481.1.11,Mrg06,53.7,0.111316575,678.6
avgbs_110253.1.61,Mrg06,53.8,0.413263399,678.7
avgbs_112603.1.61,Mrg06,54.4,0.076761627,679.3
avgbs_cluster_10406.1.43,Mrg06,55.6,0.63708829,680.5
avgbs_cluster_31665.1.34,Mrg06,55.6,0,680.5
avgbs_84933.1.7,Mrg06,56.1,0.094604926,681
avgbs_cluster_28343.1.50,Mrg06,56.8,0.212721758,681.7
avgbs_cluster_1898.1.11,Mrg06,56.9,0.010884303,681.8
avgbs_cluster_1898.1.26,Mrg06,56.9,0.1350602,681.8
avgbs_cluster_811.1.57,Mrg06,56.9,0.347029865,681.8
avgbs_108756.1.43,Mrg06,57.2,0.352859344,682.1
avgbs_cluster_32570.1.17,Mrg06,57.2,0.119491571,682.1
avgbs_cluster_32570.1.18,Mrg06,57.2,0.119491571,682.1
avgbs_cluster_32570.1.45,Mrg06,57.2,0.119491571,682.1
avgbs_cluster_38514.1.37,Mrg06,57.2,0.111430094,682.1
avgbs_cluster_38514.1.39,Mrg06,57.2,0.111430094,682.1
avgbs_cluster_38514.1.61,Mrg06,57.2,0.111430094,682.1
avgbs_51332.1.26,Mrg06,57.3,0.272333051,682.2
avgbs_cluster_41229.1.63,Mrg06,57.6,0.472362754,682.5
avgbs_97950.1.9,Mrg06,57.7,0.059164882,682.6
avgbs_cluster_47351.1.18,Mrg06,61.9,0.139022507,686.8
avgbs_cluster_47351.1.58,Mrg06,61.9,0.139022507,686.8
avgbs_124507.1.27,Mrg06,63.2,0.647760451,688.1
avgbs_cluster_13524.1.43,Mrg06,63.2,0.006944682,688.1
avgbs_cluster_18042.1.25,Mrg06,63.2,0,688.1
avgbs_cluster_4786.1.9,Mrg06,63.2,0.506001147,688.1
avgbs_cluster_75.1.57,Mrg06,63.2,0.415169798,688.1
avgbs_65838.1.51,Mrg06,64.7,0.178718094,689.6
avgbs_124310.1.45,Mrg06,65,0.166051677,689.9
avgbs_7853.1.35,Mrg06,65.3,0.02607036,690.2
avgbs_cluster_37167.1.30,Mrg06,66.1,0,691
avgbs_cluster_37167.1.38,Mrg06,66.1,0,691
avgbs_115137.1.54,Mrg06,67.6,0.586419359,692.5
avgbs_14969.1.14,Mrg06,67.6,0.021068359,692.5
avgbs_29639.1.49,Mrg06,67.6,0.026391453,692.5
avgbs_45588.1.45,Mrg06,67.6,0.105335335,692.5
avgbs_75484.1.31,Mrg06,67.6,0.041965343,692.5
avgbs_76941.1.62,Mrg06,67.6,0.161416411,692.5
avgbs_821.1.30,Mrg06,67.6,0,692.5
avgbs_94911.1.20,Mrg06,67.6,0.006800935,692.5
avgbs_cluster_1208.1.26,Mrg06,67.6,0,692.5
avgbs_cluster_12144.1.19,Mrg06,67.6,0.00606273,692.5
avgbs_cluster_12564.1.10,Mrg06,67.6,0.151503785,692.5
avgbs_cluster_12564.1.17,Mrg06,67.6,0.151503785,692.5
avgbs_cluster_12564.1.46,Mrg06,67.6,0.151503785,692.5
avgbs_cluster_1352.1.11,Mrg06,67.6,0.182042724,692.5
avgbs_cluster_1352.1.38,Mrg06,67.6,0.182042724,692.5
avgbs_cluster_1352.1.41,Mrg06,67.6,0.182042724,692.5
avgbs_cluster_17018.1.22,Mrg06,67.6,0.382637006,692.5
avgbs_cluster_17018.1.64,Mrg06,67.6,0.34100544,692.5
avgbs_cluster_1767.1.28,Mrg06,67.6,0.021068359,692.5
avgbs_cluster_1767.1.49,Mrg06,67.6,0.021068359,692.5
avgbs_cluster_17884.1.12,Mrg06,67.6,0.021068359,692.5
avgbs_cluster_17884.1.38,Mrg06,67.6,0.021068359,692.5
avgbs_cluster_20819.1.57,Mrg06,67.6,0.336570317,692.5
avgbs_cluster_20819.1.62,Mrg06,67.6,0.336570317,692.5
avgbs_cluster_26180.1.42,Mrg06,67.6,0.209687158,692.5
avgbs_cluster_26180.1.45,Mrg06,67.6,0.209687158,692.5
avgbs_cluster_31007.1.12,Mrg06,67.6,0.034045233,692.5
avgbs_cluster_31007.1.13,Mrg06,67.6,0.034045233,692.5
avgbs_cluster_31007.1.35,Mrg06,67.6,0.034045233,692.5
avgbs_cluster_3184.1.39,Mrg06,67.6,0.184040303,692.5
avgbs_cluster_3184.1.40,Mrg06,67.6,0.184040303,692.5
avgbs_cluster_3365.1.56,Mrg06,67.6,0.57966099,692.5
avgbs_cluster_3365.1.59,Mrg06,67.6,0.57966099,692.5
avgbs_cluster_36125.1.44,Mrg06,67.6,0.021068359,692.5
avgbs_cluster_36780.2.16,Mrg06,67.6,0,692.5
avgbs_cluster_40215.1.28,Mrg06,67.6,0.146887275,692.5
avgbs_cluster_4292.1.29,Mrg06,67.6,0,692.5
avgbs_cluster_4292.1.36,Mrg06,67.6,0,692.5
avgbs_cluster_45130.1.14,Mrg06,67.6,0.000107985,692.5
avgbs_cluster_45130.1.53,Mrg06,67.6,0.000107985,692.5
avgbs_cluster_656.1.59,Mrg06,67.6,0.029284386,692.5
avgbs_cluster_656.1.8,Mrg06,67.6,0.029284386,692.5
avgbs_22024.1.32,Mrg06,68.2,0,693.1
avgbs_114090.1.20,Mrg06,70.5,0.198504015,695.4
avgbs_cluster_4331.1.25,Mrg06,70.5,0.016375291,695.4
avgbs_19475.1.35,Mrg06,72.1,0.131488925,697
avgbs_88971.1.13,Mrg06,72.1,0.229282187,697
avgbs_98067.1.62,Mrg06,72.1,0.322083737,697
avgbs_cluster_15148.1.18,Mrg06,72.1,0.663956658,697
avgbs_cluster_39451.1.21,Mrg06,82.1,0,707
avgbs_cluster_39451.1.39,Mrg06,82.1,0,707
avgbs_cluster_22882.1.61,Mrg06,83.9,0.162554212,708.8
avgbs_cluster_22882.1.62,Mrg06,83.9,0.162554212,708.8
avgbs_cluster_22882.1.63,Mrg06,83.9,0.162554212,708.8
avgbs_69343.1.22,Mrg06,87,0.657262441,711.9
avgbs_98727.1.36,Mrg06,87,0.447867246,711.9
avgbs_218643.1.36,Mrg06,87.2,0.409376931,712.1
avgbs_614.1.49,Mrg06,87.2,0.753791045,712.1
avgbs_89518.1.62,Mrg06,87.2,0.102455245,712.1
avgbs_cluster_22714.1.19,Mrg06,87.2,0.22957158,712.1
avgbs_100100.1.64,Mrg06,98.5,2.323654863,723.4
avgbs_121605.1.26,Mrg06,99.1,0,724
avgbs_16162.1.21,Mrg06,99.1,1.029630701,724
avgbs_cluster_1582.1.15,Mrg06,99.1,2.516694553,724
avgbs_cluster_23520.1.30,Mrg06,99.1,0.099192203,724
avgbs_cluster_2371.1.19,Mrg06,99.1,1.192623762,724
avgbs_cluster_4554.1.9,Mrg06,99.1,0.09325563,724
avgbs_109117.1.22,Mrg06,102.3,1.11723654,727.2
avgbs_112977.1.62,Mrg06,102.3,0.150069802,727.2
avgbs_114613.1.46,Mrg06,102.3,2.253133962,727.2
avgbs_15416.1.22,Mrg06,102.3,0.320237947,727.2
avgbs_32166.1.26,Mrg06,102.3,0,727.2
avgbs_49002.1.41,Mrg06,102.3,0,727.2
avgbs_6K_95238.1.55,Mrg06,102.3,2.164579491,727.2
avgbs_6K_78935.1.56,Mrg06,104.5,2.717960717,729.4
avgbs_109473.1.7,Mrg06,108.4,0.022442385,733.3
avgbs_114096.1.50,Mrg06,108.8,0,733.7
avgbs_cluster_32471.1.49,Mrg06,108.8,1.417624348,733.7
avgbs_cluster_2479.1.29,Mrg06,113.9,0,738.8
avgbs_101867.1.47,Mrg06,116,0.613646234,740.9
avgbs_117841.1.50,Mrg06,116,0,740.9
avgbs_122282.1.41,Mrg06,116,1.495250881,740.9
avgbs_125149.1.40,Mrg06,116,0,740.9
avgbs_13844.1.8,Mrg06,116,0.218486649,740.9
avgbs_19750.1.59,Mrg06,116,0,740.9
avgbs_31130.1.36,Mrg06,116,0,740.9
avgbs_84962.1.35,Mrg06,116,0.578544004,740.9
avgbs_cluster_11724.1.59,Mrg06,116,0.505933502,740.9
avgbs_cluster_25425.1.54,Mrg06,116,0,740.9
avgbs_cluster_25425.1.59,Mrg06,116,0,740.9
avgbs_cluster_25425.1.60,Mrg06,116,0,740.9
avgbs_cluster_38547.1.10,Mrg06,116,0,740.9
avgbs_cluster_38547.1.64,Mrg06,116,0,740.9
avgbs_cluster_43543.1.50,Mrg06,116,0,740.9
avgbs_cluster_5032.1.40,Mrg06,116,0,740.9
avgbs_cluster_5032.1.60,Mrg06,116,0,740.9
avgbs_cluster_28450.1.8,Mrg06,146.8,0.3534595,771.7
avgbs_119356.1.61,Mrg08,20.4,0.177103179,792.1
avgbs_51768.1.64,Mrg08,31.5,0.161102367,803.2
avgbs_cluster_10424.1.20,Mrg08,31.6,0.219974561,803.3
avgbs_6K_2425.1.6,Mrg08,31.7,0,803.4
avgbs_118168.1.38,Mrg08,32.1,0.23731535,803.8
avgbs_89655.1.37,Mrg08,41.5,0.180660646,813.2
avgbs_124241.1.19,Mrg08,42.7,0.462862876,814.4
avgbs_cluster_22342.1.57,Mrg08,52.5,1.139539767,824.2
avgbs_6235.1.26,Mrg08,54.7,0.10065049,826.4
avgbs_124732.1.14,Mrg08,56.5,0.077195948,828.2
avgbs_cluster_35338.1.14,Mrg08,57.7,0.038656316,829.4
avgbs_cluster_35338.1.17,Mrg08,57.7,0.038656316,829.4
avgbs_cluster_35338.1.48,Mrg08,57.7,0.038656316,829.4
avgbs_108418.1.63,Mrg08,58,0.288674098,829.7
avgbs_108575.1.42,Mrg08,58,0.257641244,829.7
avgbs_89302.1.21,Mrg08,58,0.263732685,829.7
avgbs_cluster_15924.1.18,Mrg08,58,0.015032057,829.7
avgbs_cluster_15924.1.60,Mrg08,58,0.015032057,829.7
avgbs_49690.1.22,Mrg08,58.3,0.213002746,830
avgbs_21338.1.19,Mrg08,58.5,0.037022659,830.2
avgbs_cluster_16753.1.48,Mrg08,60.3,0.131241437,832
avgbs_213444.1.40,Mrg08,61,0.081495759,832.7
avgbs_100543.1.9,Mrg08,61.2,0.080967212,832.9
avgbs_cluster_3938.1.53,Mrg08,61.3,0.065608376,833
avgbs_cluster_26772.1.7,Mrg08,61.5,0.285693978,833.2
avgbs_112738.1.56,Mrg08,62.4,0.238943073,834.1
avgbs_118285.1.52,Mrg08,62.4,0,834.1
avgbs_23326.1.53,Mrg08,62.4,0,834.1
avgbs_65804.1.16,Mrg08,62.4,0,834.1
avgbs_6K_107615.1.61,Mrg08,62.4,0,834.1
avgbs_cluster_12986.1.8,Mrg08,62.4,0,834.1
avgbs_cluster_24227.1.35,Mrg08,62.4,0,834.1
avgbs_cluster_28549.1.23,Mrg08,62.4,0,834.1
avgbs_cluster_34162.1.57,Mrg08,62.4,0,834.1
avgbs_cluster_34220.1.39,Mrg08,62.4,0,834.1
avgbs_cluster_3515.1.57,Mrg08,62.4,0,834.1
avgbs_cluster_6432.1.62,Mrg08,62.4,0,834.1
avgbs_cluster_6522.1.24,Mrg08,62.4,0,834.1
avgbs_cluster_6522.1.52,Mrg08,62.4,0,834.1
avgbs_cluster_34220.1.17,Mrg08,63.1,0.069019333,834.8
avgbs_5004.1.28,Mrg08,63.7,0.033342368,835.4
avgbs_cluster_22594.1.42,Mrg08,64.5,0.10897147,836.2
avgbs_101383.1.46,Mrg08,71.1,0.253308193,842.8
avgbs_75515.1.6,Mrg08,71.1,0.325937092,842.8
avgbs_cluster_14492.1.6,Mrg08,71.1,0.14477381,842.8
avgbs_cluster_6615.1.24,Mrg08,71.1,1.083410208,842.8
avgbs_cluster_34617.1.33,Mrg08,72,0.441933437,843.7
avgbs_cluster_9365.1.36,Mrg08,77.1,0.043708198,848.8
avgbs_cluster_23686.1.30,Mrg08,77.8,0,849.5
avgbs_113841.1.36,Mrg08,81.4,0.114255995,853.1
avgbs_cluster_13927.1.45,Mrg08,81.4,0.016355156,853.1
avgbs_cluster_40459.1.15,Mrg08,81.5,0.541389799,853.2
avgbs_36938.1.25,Mrg08,86.2,0.339660057,857.9
avgbs_cluster_20192.1.20,Mrg08,86.2,0.378055246,857.9
avgbs_cluster_2764.1.31,Mrg08,86.2,0.016358685,857.9
avgbs_cluster_53251.1.24,Mrg08,86.2,1.452211031,857.9
avgbs_cluster_19139.1.42,Mrg08,87.4,0.389857773,859.1
avgbs_cluster_19139.1.44,Mrg08,87.4,0,859.1
avgbs_cluster_16555.1.26,Mrg08,92,0.601813263,863.7
avgbs_cluster_17507.1.32,Mrg08,92.4,0.673148922,864.1
avgbs_cluster_32026.1.10,Mrg08,93.3,0,865
avgbs_cluster_3173.1.11,Mrg08,93.5,0.444322334,865.2
avgbs_cluster_3173.1.7,Mrg08,93.5,0.444322334,865.2
avgbs_6K_112993.1.59,Mrg08,96.6,0.264070953,868.3
avgbs_6K_6231.1.9,Mrg08,97.3,0.611591844,869
avgbs_cluster_40756.1.47,Mrg08,99.6,1.050380176,871.3
avgbs_213541.1.32,Mrg08,105.5,0.942446339,877.2
avgbs_89273.1.19,Mrg08,105.5,0.04940362,877.2
avgbs_cluster_10083.1.14,Mrg08,105.5,1.538416956,877.2
avgbs_cluster_38870.1.62,Mrg08,107.1,0.454577363,878.8
avgbs_cluster_6459.1.42,Mrg08,109,0,880.7
avgbs_14278.1.17,Mrg08,109.9,0.320694466,881.6
avgbs_cluster_37107.1.29,Mrg08,110.1,0.867175729,881.8
avgbs_cluster_37107.1.53,Mrg08,110.1,0.867175729,881.8
avgbs_87472.1.59,Mrg08,110.2,0,881.9
avgbs_cluster_35970.1.47,Mrg08,111.3,0.093472027,883
avgbs_124847.1.49,Mrg08,112.5,0.001871617,884.2
avgbs_17797.1.54,Mrg08,112.5,0.498313338,884.2
avgbs_25121.1.19,Mrg08,112.5,0.124320339,884.2
avgbs_6K_821.1.55,Mrg08,112.5,0.27356783,884.2
avgbs_6K_99288.1.8,Mrg08,117.5,0.025489535,889.2
avgbs_cluster_28031.1.24,Mrg08,117.5,1.842461424,889.2
avgbs_18744.1.57,Mrg08,117.9,1.266833179,889.6
avgbs_20668.1.20,Mrg08,118.8,1.218124597,890.5
avgbs_cluster_23058.1.36,Mrg08,118.8,1.291831487,890.5
avgbs_cluster_36286.1.16,Mrg08,118.8,1.065793447,890.5
avgbs_76220.1.9,Mrg08,118.9,2.979589118,890.6
avgbs_113334.1.15,Mrg08,121.2,0,892.9
avgbs_114987.1.47,Mrg08,121.2,2.999444733,892.9
avgbs_125774.1.18,Mrg08,121.2,0.299812164,892.9
avgbs_cluster_18294.1.27,Mrg08,121.2,0.356053624,892.9
avgbs_cluster_27539.1.10,Mrg08,121.2,0,892.9
avgbs_cluster_27539.1.51,Mrg08,121.2,1.977834526,892.9
avgbs_cluster_35379.1.20,Mrg08,121.2,0,892.9
avgbs_cluster_6509.1.62,Mrg08,121.2,1.876360437,892.9
avgbs_cluster_7742.1.14,Mrg08,121.2,0.908333579,892.9
avgbs_cluster_584.1.51,Mrg08,122.2,1.024940211,893.9
avgbs_124191.1.40,Mrg08,123.6,2.290294973,895.3
avgbs_126302.1.17,Mrg08,123.6,0,895.3
avgbs_50532.1.22,Mrg08,123.6,0,895.3
avgbs_99510.1.39,Mrg08,123.6,0.133501434,895.3
avgbs_cluster_2189.1.61,Mrg08,123.6,0.911373184,895.3
avgbs_cluster_2189.1.7,Mrg08,123.6,0.911373184,895.3
avgbs_cluster_25201.1.27,Mrg08,123.6,0.508837373,895.3
avgbs_cluster_25201.1.51,Mrg08,123.6,0.568645987,895.3
avgbs_cluster_34698.1.24,Mrg08,123.6,1.2270295,895.3
avgbs_cluster_58448.1.45,Mrg08,123.6,1.336452838,895.3
avgbs_cluster_58448.1.53,Mrg08,123.6,1.336452838,895.3
avgbs_cluster_58448.1.57,Mrg08,123.6,1.336452838,895.3
avgbs_cluster_10508.1.24,Mrg08,125.3,0.186750766,897
avgbs_cluster_10508.1.32,Mrg08,125.3,0.186750766,897
avgbs_cluster_38966.1.57,Mrg08,125.3,0.518404791,897
avgbs_cluster_24970.1.60,Mrg08,129.3,0.268334886,901
avgbs_41368.1.61,Mrg08,129.6,0.533924795,901.3
avgbs_49672.1.20,Mrg08,129.6,0.371012675,901.3
avgbs_61773.1.54,Mrg08,129.6,1.597787934,901.3
avgbs_73320.1.37,Mrg08,129.6,0,901.3
avgbs_cluster_1597.1.17,Mrg08,129.6,1.143637707,901.3
avgbs_cluster_1901.1.43,Mrg08,129.6,0,901.3
avgbs_cluster_1901.1.57,Mrg08,129.6,0,901.3
avgbs_cluster_25190.1.23,Mrg08,129.6,1.382314082,901.3
avgbs_cluster_27156.1.35,Mrg08,129.6,0,901.3
avgbs_cluster_28031.1.49,Mrg08,129.6,2.277528582,901.3
avgbs_cluster_38565.1.31,Mrg08,129.6,0.704810431,901.3
avgbs_cluster_40327.1.22,Mrg08,129.6,1.384067369,901.3
avgbs_cluster_40327.1.64,Mrg08,129.6,1.384067369,901.3
avgbs_cluster_57940.1.11,Mrg08,129.6,1.011136751,901.3
avgbs_cluster_57940.1.41,Mrg08,129.6,1.011136751,901.3
avgbs_4207.1.57,Mrg08,131.4,0,903.1
avgbs_73334.1.45,Mrg08,132.9,0,904.6
avgbs_cluster_6313.1.19,Mrg08,133.3,0,905
avgbs_cluster_6313.1.52,Mrg08,133.3,0,905
avgbs_cluster_6313.1.59,Mrg08,133.3,0,905
avgbs_35852.1.14,Mrg08,134,0,905.7
avgbs_60047.1.41,Mrg08,134,0.243020299,905.7
avgbs_102137.1.60,Mrg08,134.1,0.075820353,905.8
avgbs_114668.1.53,Mrg08,137.4,0,909.1
avgbs_19061.1.25,Mrg08,137.4,0,909.1
avgbs_cluster_18144.1.53,Mrg08,137.4,0,909.1
avgbs_cluster_34984.1.28,Mrg08,137.4,0,909.1
avgbs_cluster_34984.1.46,Mrg08,137.4,0,909.1
avgbs_cluster_34984.1.8,Mrg08,137.4,0,909.1
avgbs_46672.1.62,Mrg08,140.5,0.121289798,912.2
avgbs_cluster_18144.2.59,Mrg08,140.8,0.424675593,912.5
avgbs_126110.1.37,Mrg08,141,0.146387301,912.7
avgbs_100138.1.18,Mrg08,142,0.26577919,913.7
avgbs_10880.1.9,Mrg08,142,0.168671538,913.7
avgbs_111376.1.37,Mrg08,142,1.317764867,913.7
avgbs_cluster_2354.1.24,Mrg08,142,0,913.7
avgbs_cluster_270.1.33,Mrg08,142,0.120077419,913.7
avgbs_cluster_32680.1.13,Mrg08,142,1.211956456,913.7
avgbs_cluster_32680.1.42,Mrg08,142,1.211956456,913.7
avgbs_cluster_35738.1.42,Mrg08,142,1.638032221,913.7
avgbs_cluster_35738.1.53,Mrg08,142,1.638032221,913.7
avgbs_cluster_49790.2.11,Mrg08,142,0,913.7
avgbs_cluster_49790.2.62,Mrg08,142,0,913.7
avgbs_cluster_49790.2.64,Mrg08,142,0,913.7
avgbs_15676.1.31,Mrg08,142.3,0.040699838,914
avgbs_cluster_28096.1.16,Mrg08,142.3,1.080107709,914
avgbs_cluster_28096.1.53,Mrg08,142.3,1.080107709,914
avgbs_cluster_28544.1.28,Mrg08,142.3,0.251197352,914
avgbs_cluster_36530.1.54,Mrg08,142.8,1.205561228,914.5
avgbs_cluster_4383.1.40,Mrg08,143.7,1.219187511,915.4
avgbs_cluster_4383.1.48,Mrg08,143.7,1.219187511,915.4
avgbs_105180.1.43,Mrg08,144.6,0.795976903,916.3
avgbs_cluster_2913.1.44,Mrg08,145.2,0.196635111,916.9
avgbs_7505.1.16,Mrg08,145.7,1.347299459,917.4
avgbs_10371.1.9,Mrg08,146.1,0.757769609,917.8
avgbs_cluster_20678.1.33,Mrg08,146.1,0.95317719,917.8
avgbs_cluster_35408.1.7,Mrg08,146.1,0.735754466,917.8
avgbs_216133.1.22,Mrg08,147.3,0.137874096,919
avgbs_cluster_23994.1.31,Mrg08,147.3,1.332851872,919
avgbs_cluster_35154.1.64,Mrg08,147.3,0,919
avgbs_cluster_38899.1.25,Mrg08,147.3,0,919
avgbs_32733.1.59,Mrg08,149,0.359964122,920.7
avgbs_200659.1.49,Mrg08,149.1,0,920.8
avgbs_76639.1.64,Mrg08,149.1,0.482482673,920.8
avgbs_97832.1.57,Mrg08,149.1,0.94910864,920.8
avgbs_cluster_11170.1.34,Mrg08,149.1,0.058633855,920.8
avgbs_cluster_11170.1.54,Mrg08,149.1,0.058633855,920.8
avgbs_cluster_38966.1.12,Mrg08,149.1,0,920.8
avgbs_15359.1.47,Mrg08,149.2,0.011154906,920.9
avgbs_cluster_26051.1.15,Mrg08,149.2,0.961053584,920.9
avgbs_cluster_43901.1.23,Mrg08,149.2,0,920.9
avgbs_cluster_5522.1.29,Mrg08,149.2,1.612732041,920.9
avgbs_cluster_5522.1.36,Mrg08,149.2,1.612732041,920.9
avgbs_cluster_5522.1.49,Mrg08,149.2,1.612732041,920.9
avgbs_cluster_775.1.11,Mrg08,150.9,1.412975083,922.6
avgbs_42793.1.51,Mrg08,151.9,0.112281529,923.6
avgbs_cluster_23994.1.47,Mrg08,151.9,1.71962349,923.6
avgbs_cluster_34269.1.22,Mrg08,151.9,0.08613703,923.6
avgbs_cluster_3759.1.62,Mrg08,151.9,0.350379907,923.6
avgbs_cluster_3759.1.64,Mrg08,151.9,0.350379907,923.6
avgbs_cluster_37894.1.46,Mrg08,151.9,0.02341071,923.6
avgbs_104405.1.22,Mrg08,153.1,0.321429114,924.8
avgbs_109927.1.14,Mrg08,153.1,0.020604025,924.8
avgbs_6K_13916.1.54,Mrg08,153.1,0,924.8
avgbs_27260.1.63,Mrg08,153.4,0.278929009,925.1
avgbs_cluster_22157.1.54,Mrg08,153.6,0.677379183,925.3
avgbs_114648.1.63,Mrg08,156.8,2.244624531,928.5
avgbs_cluster_16354.1.26,Mrg08,157,2.022262481,928.7
avgbs_cluster_16354.1.50,Mrg08,157,2.022262481,928.7
avgbs_cluster_16354.1.53,Mrg08,157,2.022262481,928.7
avgbs_cluster_9713.1.26,Mrg08,176,1.119062398,947.7
avgbs_cluster_9713.1.38,Mrg08,176,1.119062398,947.7
avgbs_cluster_9713.1.61,Mrg08,176,1.119062398,947.7
avgbs_cluster_35163.1.33,Mrg08,182.3,0.133983642,954
avgbs_cluster_35163.1.37,Mrg08,182.3,0.133983642,954
avgbs_cluster_13606.1.14,Mrg08,192.8,0,964.5
avgbs_38507.1.13,Mrg08,197.1,1.487182359,968.8
avgbs_41527.1.45,Mrg09,5.1,0.206726637,973.9
avgbs_31594.1.13,Mrg09,10.4,0.300923447,979.2
avgbs_10179.1.63,Mrg09,13.8,0.366973966,982.6
avgbs_20605.1.29,Mrg09,13.8,0.094991924,982.6
avgbs_cluster_8860.1.28,Mrg09,13.8,0.039209375,982.6
avgbs_cluster_8860.1.29,Mrg09,13.8,0.039209375,982.6
avgbs_cluster_8860.1.33,Mrg09,13.8,0.039209375,982.6
avgbs_cluster_5964.1.45,Mrg09,15.5,0.082212165,984.3
avgbs_72296.1.41,Mrg09,16,0.289031949,984.8
avgbs_7172.1.11,Mrg09,16.2,0,985
avgbs_37501.1.11,Mrg09,16.3,0,985.1
avgbs_cluster_30.1.54,Mrg09,16.3,0.431614356,985.1
avgbs_cluster_6676.1.28,Mrg09,16.3,0.419833327,985.1
avgbs_cluster_7517.1.15,Mrg09,16.3,0.233962406,985.1
avgbs_cluster_51932.1.43,Mrg09,20.8,0,989.6
avgbs_cluster_51932.1.61,Mrg09,20.8,0,989.6
avgbs_86782.1.50,Mrg09,22,0.361676025,990.8
avgbs_99998.1.36,Mrg09,22,0.245649938,990.8
avgbs_71467.1.19,Mrg09,22.2,0.018170007,991
avgbs_cluster_10837.1.36,Mrg09,22.2,0.030674552,991
avgbs_cluster_10837.1.7,Mrg09,22.2,0.030674552,991
avgbs_cluster_39212.1.35,Mrg09,22.5,0,991.3
avgbs_cluster_30410.1.29,Mrg09,25.2,0,994
avgbs_cluster_27744.1.36,Mrg09,28.5,0.219616812,997.3
avgbs_64396.1.24,Mrg09,30.4,0.407628055,999.2
avgbs_69745.1.56,Mrg09,31.6,0.250131231,1000.4
avgbs_123973.1.56,Mrg09,36,0,1004.8
avgbs_cluster_7265.1.52,Mrg09,36.2,0.508287883,1005
avgbs_28348.1.39,Mrg09,38.2,0,1007
avgbs_123839.1.36,Mrg09,40.3,0.159723777,1009.1
avgbs_20311.1.15,Mrg09,40.3,0.024877535,1009.1
avgbs_44769.1.31,Mrg09,40.3,0.539938081,1009.1
avgbs_50081.1.30,Mrg09,40.3,0.435637594,1009.1
avgbs_6K_100229.1.56,Mrg09,40.3,0.059982759,1009.1
avgbs_9710.1.6,Mrg09,40.3,0.965101466,1009.1
avgbs_cluster_9020.1.37,Mrg09,40.3,0.312787004,1009.1
avgbs_103663.1.13,Mrg09,42.6,0.523888989,1011.4
avgbs_115533.1.46,Mrg09,42.6,0.113908861,1011.4
avgbs_124656.1.9,Mrg09,42.6,0.24585094,1011.4
avgbs_83393.1.31,Mrg09,42.6,0,1011.4
avgbs_cluster_16108.1.31,Mrg09,42.6,0.111677682,1011.4
avgbs_cluster_22909.1.40,Mrg09,42.6,0.018592141,1011.4
avgbs_cluster_29568.1.47,Mrg09,42.6,0.0130642,1011.4
avgbs_cluster_45.1.14,Mrg09,42.6,0.351098246,1011.4
avgbs_cluster_19531.1.7,Mrg09,42.9,0.612994132,1011.7
avgbs_110529.1.18,Mrg09,43.4,0.302471442,1012.2
avgbs_110867.1.49,Mrg09,43.4,0.01044329,1012.2
avgbs_121340.1.44,Mrg09,43.4,0.302471442,1012.2
avgbs_24507.1.28,Mrg09,43.4,0.113908861,1012.2
avgbs_2652.1.7,Mrg09,43.4,0.026197896,1012.2
avgbs_4299.1.9,Mrg09,43.4,0.03343648,1012.2
avgbs_52407.1.8,Mrg09,43.4,0.135892287,1012.2
avgbs_68094.1.34,Mrg09,43.4,0.70478138,1012.2
avgbs_79604.1.39,Mrg09,43.4,0.436317458,1012.2
avgbs_80450.1.18,Mrg09,43.4,0.088457513,1012.2
avgbs_80910.1.23,Mrg09,43.4,0.460264537,1012.2
avgbs_94419.1.28,Mrg09,43.4,0.075568202,1012.2
avgbs_cluster_20361.1.30,Mrg09,43.4,0.154501032,1012.2
avgbs_cluster_20361.1.57,Mrg09,43.4,0.154501032,1012.2
avgbs_cluster_32345.1.47,Mrg09,43.4,0.617082796,1012.2
avgbs_103330.1.8,Mrg09,44.7,0.353603396,1013.5
avgbs_11341.1.62,Mrg09,44.7,0.462443785,1013.5
avgbs_118180.1.62,Mrg09,44.7,0.302471442,1013.5
avgbs_120060.1.20,Mrg09,44.7,0.660154587,1013.5
avgbs_120130.1.47,Mrg09,44.7,0.364893659,1013.5
avgbs_124663.1.28,Mrg09,44.7,0.246332005,1013.5
avgbs_125141.1.14,Mrg09,44.7,0.297160029,1013.5
avgbs_14459.1.6,Mrg09,44.7,0,1013.5
avgbs_1533.1.38,Mrg09,44.7,0,1013.5
avgbs_18454.1.16,Mrg09,44.7,0.466227769,1013.5
avgbs_23586.1.58,Mrg09,44.7,0.460264537,1013.5
avgbs_31212.1.57,Mrg09,44.7,0.449124108,1013.5
avgbs_36709.1.56,Mrg09,44.7,0.570486247,1013.5
avgbs_39058.1.63,Mrg09,44.7,0.460264537,1013.5
avgbs_50076.1.16,Mrg09,44.7,0,1013.5
avgbs_50978.1.58,Mrg09,44.7,0.581573418,1013.5
avgbs_56941.1.38,Mrg09,44.7,0.485525621,1013.5
avgbs_60965.1.13,Mrg09,44.7,0.412481452,1013.5
avgbs_7886.1.63,Mrg09,44.7,0.302471442,1013.5
avgbs_85886.1.50,Mrg09,44.7,0.356797072,1013.5
avgbs_86611.1.50,Mrg09,44.7,0.201499618,1013.5
avgbs_cluster_16856.1.25,Mrg09,44.7,0.39355483,1013.5
avgbs_cluster_21908.1.26,Mrg09,44.7,0.428915165,1013.5
avgbs_cluster_24893.1.6,Mrg09,44.7,0.30467229,1013.5
avgbs_cluster_2814.1.20,Mrg09,44.7,0.143644504,1013.5
avgbs_cluster_33230.1.48,Mrg09,44.7,0.119412328,1013.5
avgbs_cluster_38872.1.18,Mrg09,44.7,0.265644538,1013.5
avgbs_cluster_51174.1.27,Mrg09,44.7,0.57580077,1013.5
avgbs_cluster_51174.1.28,Mrg09,44.7,0.57580077,1013.5
avgbs_122617.1.28,Mrg09,45.6,0.154252458,1014.4
avgbs_cluster_5326.1.29,Mrg09,46,0.004934197,1014.8
avgbs_45430.1.7,Mrg09,47.1,0.037647098,1015.9
avgbs_91691.1.15,Mrg09,47.1,0.007287783,1015.9
avgbs_cluster_14436.1.14,Mrg09,47.1,0.382392128,1015.9
avgbs_cluster_14436.1.24,Mrg09,47.1,0.382392128,1015.9
avgbs_110564.1.25,Mrg09,48.2,0,1017
avgbs_16714.1.44,Mrg09,48.2,0.302471442,1017
avgbs_84833.1.45,Mrg09,48.2,0.738512337,1017
avgbs_cluster_6778.1.62,Mrg09,48.2,0.289271869,1017
avgbs_115432.1.19,Mrg09,49.2,0.460264537,1018
avgbs_116301.1.11,Mrg09,49.2,0.27485206,1018
avgbs_19762.1.16,Mrg09,49.2,0,1018
avgbs_37426.1.48,Mrg09,49.2,0,1018
avgbs_39782.1.64,Mrg09,49.2,0.430421327,1018
avgbs_4350.1.46,Mrg09,49.2,0.29784197,1018
avgbs_43580.1.15,Mrg09,49.2,0.503531591,1018
avgbs_65553.1.39,Mrg09,49.2,0.656833663,1018
avgbs_72307.1.45,Mrg09,49.2,0.789190155,1018
avgbs_cluster_22379.1.46,Mrg09,49.2,0,1018
avgbs_cluster_2707.1.12,Mrg09,49.2,0,1018
avgbs_cluster_2707.1.53,Mrg09,49.2,0.46733062,1018
avgbs_cluster_2707.1.56,Mrg09,49.2,0.068609119,1018
avgbs_92515.1.34,Mrg09,49.4,0.108440339,1018.2
avgbs_73229.1.58,Mrg09,50.1,0,1018.9
avgbs_115083.1.39,Mrg09,50.9,0.173373647,1019.7
avgbs_21265.1.14,Mrg09,50.9,0.096994268,1019.7
avgbs_28229.1.61,Mrg09,50.9,0.68103135,1019.7
avgbs_79119.1.34,Mrg09,50.9,0.03818098,1019.7
avgbs_80753.1.36,Mrg09,50.9,0.046015136,1019.7
avgbs_96277.1.64,Mrg09,50.9,0.044851087,1019.7
avgbs_cluster_10094.1.59,Mrg09,50.9,0.336329436,1019.7
avgbs_cluster_20332.1.17,Mrg09,50.9,0.337348882,1019.7
avgbs_cluster_36152.1.63,Mrg09,50.9,0.339358303,1019.7
avgbs_cluster_36152.1.64,Mrg09,50.9,0.339358303,1019.7
avgbs_cluster_39529.1.16,Mrg09,50.9,0.022585989,1019.7
avgbs_cluster_39529.1.38,Mrg09,50.9,0.515610918,1019.7
avgbs_cluster_39529.1.58,Mrg09,50.9,0.022585989,1019.7
avgbs_cluster_40898.1.19,Mrg09,50.9,0.375799672,1019.7
avgbs_cluster_40898.1.42,Mrg09,50.9,0.375799672,1019.7
avgbs_84274.1.48,Mrg09,53.1,0.508099953,1021.9
avgbs_cluster_11497.1.60,Mrg09,53.1,0.296334893,1021.9
avgbs_cluster_1344.1.56,Mrg09,53.1,0.487230099,1021.9
avgbs_cluster_1344.1.62,Mrg09,53.1,0.487230099,1021.9
avgbs_cluster_1874.1.9,Mrg09,53.1,0.553236175,1021.9
avgbs_cluster_34763.1.50,Mrg09,54.3,0.236189105,1023.1
avgbs_cluster_78.1.63,Mrg09,56.5,0.0260761,1025.3
avgbs_7957.1.53,Mrg09,61.8,0.008338756,1030.6
avgbs_65419.1.48,Mrg09,63.3,0.019947715,1032.1
avgbs_25574.1.11,Mrg09,63.6,0.113061523,1032.4
avgbs_72706.1.58,Mrg09,63.7,0,1032.5
avgbs_112719.1.47,Mrg09,64.7,0.165435802,1033.5
avgbs_cluster_30373.1.64,Mrg09,65.2,0.407805296,1034
avgbs_53710.1.11,Mrg09,66.4,0.760176908,1035.2
avgbs_cluster_37467.1.21,Mrg09,67.5,0.209945423,1036.3
avgbs_cluster_37467.1.22,Mrg09,67.5,0.209945423,1036.3
avgbs_cluster_25297.1.49,Mrg09,68.1,0.111292304,1036.9
avgbs_86509.1.10,Mrg09,68.3,0.020559621,1037.1
avgbs_cluster_24445.1.60,Mrg09,68.3,0.046194438,1037.1
avgbs_21547.1.30,Mrg09,71.5,0.282369843,1040.3
avgbs_cluster_38474.1.23,Mrg09,71.5,0.20377814,1040.3
avgbs_cluster_38474.1.31,Mrg09,71.5,0.20377814,1040.3
avgbs_cluster_19238.1.64,Mrg09,72.3,1.640443963,1041.1
avgbs_110054.1.50,Mrg09,73.5,0.325518757,1042.3
avgbs_115117.1.34,Mrg09,73.5,0.410192975,1042.3
avgbs_117384.1.38,Mrg09,73.5,0.268041078,1042.3
avgbs_84577.1.44,Mrg09,73.5,0.346182598,1042.3
avgbs_92056.1.28,Mrg09,73.5,0.212417089,1042.3
avgbs_cluster_10180.1.48,Mrg09,73.5,2.86708509,1042.3
avgbs_cluster_1327.1.10,Mrg09,73.5,0.187550219,1042.3
avgbs_cluster_1327.1.63,Mrg09,73.5,0.187550219,1042.3
avgbs_cluster_3723.1.45,Mrg09,73.5,0.203146351,1042.3
avgbs_32110.1.34,Mrg09,75.9,0.373991611,1044.7
avgbs_112850.1.49,Mrg09,78.3,0.144456506,1047.1
avgbs_32064.1.16,Mrg09,78.3,0.067941065,1047.1
avgbs_62515.1.53,Mrg09,78.3,0.930433699,1047.1
avgbs_77246.1.52,Mrg09,78.3,0.040437213,1047.1
avgbs_cluster_32001.1.11,Mrg09,78.3,0.040954119,1047.1
avgbs_cluster_34902.1.52,Mrg09,78.3,0.054779704,1047.1
avgbs_cluster_37548.1.25,Mrg09,78.3,0.346707809,1047.1
avgbs_cluster_22076.1.60,Mrg09,79.2,0.037498983,1048
avgbs_cluster_22076.1.61,Mrg09,79.2,0.037498983,1048
avgbs_111260.1.51,Mrg09,79.7,0.030676558,1048.5
avgbs_cluster_37967.1.53,Mrg09,80.2,0.271095396,1049
avgbs_6273.1.32,Mrg09,82.3,0.359118129,1051.1
avgbs_73970.1.13,Mrg09,82.3,1.009666877,1051.1
avgbs_78214.1.12,Mrg09,82.3,0.750910329,1051.1
avgbs_cluster_34554.1.61,Mrg09,82.3,0.745146312,1051.1
avgbs_cluster_31987.1.15,Mrg09,84.4,1.126948929,1053.2
avgbs_116088.1.13,Mrg09,84.9,0,1053.7
avgbs_121088.1.44,Mrg09,84.9,0.269844208,1053.7
avgbs_cluster_31807.1.33,Mrg09,85.6,0.07827546,1054.4
avgbs_7970.1.50,Mrg09,85.9,0.33168739,1054.7
avgbs_110773.1.7,Mrg09,86.1,0,1054.9
avgbs_6359.1.38,Mrg09,86.1,0.332185341,1054.9
avgbs_cluster_650.1.11,Mrg09,86.1,0,1054.9
avgbs_7452.1.17,Mrg09,86.3,0.584556363,1055.1
avgbs_12770.1.20,Mrg09,86.7,0.397105823,1055.5
avgbs_4829.1.6,Mrg09,86.7,0.426110501,1055.5
avgbs_cluster_18841.1.35,Mrg09,86.7,0.670064809,1055.5
avgbs_cluster_18841.1.47,Mrg09,86.7,0.670064809,1055.5
avgbs_cluster_35710.1.64,Mrg09,86.7,1.036482343,1055.5
avgbs_101226.1.46,Mrg09,86.8,0.078578755,1055.6
avgbs_215439.1.45,Mrg09,86.8,0.559110825,1055.6
avgbs_32237.1.40,Mrg09,86.8,0.009540048,1055.6
avgbs_33137.1.63,Mrg09,86.8,0.9697815,1055.6
avgbs_6K_32694.1.58,Mrg09,86.8,0,1055.6
avgbs_cluster_31987.1.26,Mrg09,86.8,0.308106692,1055.6
avgbs_cluster_32485.1.57,Mrg09,86.8,0,1055.6
avgbs_cluster_32485.1.58,Mrg09,86.8,0,1055.6
avgbs_cluster_32485.1.63,Mrg09,86.8,0,1055.6
avgbs_cluster_35447.1.18,Mrg09,86.8,0.869536866,1055.6
avgbs_cluster_35447.1.35,Mrg09,86.8,0.01337923,1055.6
avgbs_cluster_39401.1.62,Mrg09,86.8,0.022328382,1055.6
avgbs_cluster_39401.1.63,Mrg09,86.8,0.022328382,1055.6
avgbs_cluster_39401.1.64,Mrg09,86.8,0.022328382,1055.6
avgbs_cluster_467.1.14,Mrg09,86.8,0.152574536,1055.6
avgbs_cluster_4879.1.11,Mrg09,86.8,0.332185341,1055.6
avgbs_cluster_4879.1.61,Mrg09,86.8,0.332185341,1055.6
avgbs_cluster_34392.1.12,Mrg09,88.5,0,1057.3
avgbs_cluster_34392.1.24,Mrg09,88.5,0,1057.3
avgbs_cluster_15413.1.26,Mrg09,89,0.778811092,1057.8
avgbs_cluster_15413.1.51,Mrg09,89,0.778811092,1057.8
avgbs_cluster_467.1.9,Mrg09,89.9,0,1058.7
avgbs_106887.1.36,Mrg09,91.9,0.005531691,1060.7
avgbs_123740.1.16,Mrg09,91.9,0.333052595,1060.7
avgbs_200312.1.62,Mrg09,91.9,0.050514233,1060.7
avgbs_99086.1.26,Mrg09,91.9,0.088550771,1060.7
avgbs_cluster_12655.1.16,Mrg09,91.9,0,1060.7
avgbs_cluster_12655.1.23,Mrg09,91.9,0,1060.7
avgbs_cluster_12655.1.61,Mrg09,91.9,0,1060.7
avgbs_cluster_2768.1.33,Mrg09,91.9,0.101601663,1060.7
avgbs_cluster_3763.1.53,Mrg09,91.9,0.015324686,1060.7
avgbs_cluster_40502.1.27,Mrg09,91.9,0.014065739,1060.7
avgbs_cluster_2937.1.23,Mrg09,92.8,0.153288501,1061.6
avgbs_114373.1.36,Mrg09,93,0.125609292,1061.8
avgbs_cluster_10588.1.18,Mrg09,94.6,0.462291922,1063.4
avgbs_cluster_10588.1.60,Mrg09,94.6,0.462291922,1063.4
avgbs_98336.1.44,Mrg09,94.9,0.144325578,1063.7
avgbs_24711.1.13,Mrg09,96.5,0,1065.3
avgbs_6847.1.32,Mrg09,96.8,0.488903874,1065.6
avgbs_8444.1.29,Mrg09,98.1,0.13944375,1066.9
avgbs_cluster_9592.1.62,Mrg09,98.1,0.59455809,1066.9
avgbs_126333.1.20,Mrg09,100,0.052247167,1068.8
avgbs_cluster_40044.1.64,Mrg09,100.1,0,1068.9
avgbs_38609.1.6,Mrg09,101.2,0,1070
avgbs_cluster_9832.1.53,Mrg09,101.5,0.120685726,1070.3
avgbs_121013.1.43,Mrg09,101.8,0,1070.6
avgbs_cluster_2502.1.26,Mrg09,101.8,0.029988048,1070.6
avgbs_118051.1.17,Mrg09,103.8,0,1072.6
avgbs_120415.1.15,Mrg09,103.8,0,1072.6
avgbs_1217.1.11,Mrg09,103.8,0,1072.6
avgbs_20545.1.56,Mrg09,103.8,0,1072.6
avgbs_70400.1.25,Mrg09,103.8,0.394029814,1072.6
avgbs_98842.1.56,Mrg09,103.8,0.32792881,1072.6
avgbs_cluster_33791.1.37,Mrg09,103.8,0.695437614,1072.6
avgbs_cluster_5018.1.50,Mrg09,103.8,0,1072.6
avgbs_cluster_9832.1.49,Mrg09,103.8,0,1072.6
avgbs_cluster_40070.1.36,Mrg09,109,0.285980493,1077.8
avgbs_99655.1.51,Mrg09,110.5,0.156774089,1079.3
avgbs_117283.1.51,Mrg09,111.3,0.237363293,1080.1
avgbs_125292.1.17,Mrg09,111.3,0.431092524,1080.1
avgbs_75366.1.20,Mrg09,111.3,0.422625141,1080.1
avgbs_cluster_783.1.59,Mrg09,111.3,0,1080.1
avgbs_cluster_5467.1.37,Mrg09,111.4,0.17074896,1080.2
avgbs_115091.1.62,Mrg09,111.7,0.285842664,1080.5
avgbs_15000.1.22,Mrg09,111.7,0.838856599,1080.5
avgbs_15807.1.37,Mrg09,111.7,0.992938002,1080.5
avgbs_98816.1.14,Mrg09,111.7,0.177284682,1080.5
avgbs_cluster_2290.1.26,Mrg09,111.7,0.285842664,1080.5
avgbs_cluster_2290.1.51,Mrg09,111.7,0.285842664,1080.5
avgbs_cluster_32721.1.44,Mrg09,111.7,0.385184988,1080.5
avgbs_cluster_32721.1.62,Mrg09,111.7,0.385184988,1080.5
avgbs_cluster_34422.1.40,Mrg09,111.7,0,1080.5
avgbs_cluster_34422.1.44,Mrg09,111.7,0,1080.5
avgbs_cluster_7383.1.6,Mrg09,111.7,0.511670787,1080.5
avgbs_cluster_7383.1.7,Mrg09,111.7,0.511670787,1080.5
avgbs_110740.1.24,Mrg09,112,0.364966441,1080.8
avgbs_cluster_25913.1.32,Mrg09,115.6,0.065661057,1084.4
avgbs_107328.1.50,Mrg09,116.2,2.43321277,1085
avgbs_64382.1.52,Mrg09,116.2,0,1085
avgbs_6K_24823.1.63,Mrg09,116.2,0,1085
avgbs_86209.1.24,Mrg09,116.2,0,1085
avgbs_cluster_7006.1.31,Mrg09,116.2,1.617131332,1085
avgbs_cluster_7006.1.53,Mrg09,116.2,0,1085
avgbs_120585.1.47,Mrg09,116.4,0.096399019,1085.2
avgbs_14244.1.55,Mrg09,116.4,0.133865853,1085.2
avgbs_93021.1.16,Mrg09,116.4,0.009815787,1085.2
avgbs_cluster_36014.1.46,Mrg09,116.4,0,1085.2
avgbs_16988.1.46,Mrg09,121.6,0,1090.4
avgbs_82920.1.60,Mrg09,121.6,0.166737089,1090.4
avgbs_cluster_3113.1.64,Mrg09,121.6,0.689940221,1090.4
avgbs_cluster_40851.1.37,Mrg09,121.6,0.243197374,1090.4
avgbs_cluster_43850.1.22,Mrg09,123.6,0.785476956,1092.4
avgbs_113001.1.25,Mrg09,125.7,0.351472572,1094.5
avgbs_116795.1.25,Mrg09,125.7,0,1094.5
avgbs_82618.1.13,Mrg09,125.7,0,1094.5
avgbs_92653.1.30,Mrg09,125.7,0.780524649,1094.5
avgbs_93209.1.8,Mrg09,125.7,0.8380188,1094.5
avgbs_cluster_1307.1.12,Mrg09,125.7,0,1094.5
avgbs_cluster_1307.1.26,Mrg09,125.7,0,1094.5
avgbs_cluster_1307.1.41,Mrg09,125.7,0.706532174,1094.5
avgbs_cluster_22090.1.49,Mrg09,125.7,0.061075625,1094.5
avgbs_cluster_38994.1.14,Mrg09,125.7,0,1094.5
avgbs_cluster_7193.1.26,Mrg09,125.7,0,1094.5
avgbs_22059.1.9,Mrg09,129,1.317839852,1097.8
avgbs_5020.1.39,Mrg09,129,0.873177803,1097.8
avgbs_cluster_39105.1.17,Mrg09,129,0.73220135,1097.8
avgbs_cluster_39105.1.46,Mrg09,129,0.73220135,1097.8
avgbs_cluster_40607.1.11,Mrg09,130.4,1.209226365,1099.2
avgbs_6K_11246.1.52,Mrg09,131.6,0.285487729,1100.4
avgbs_96746.1.61,Mrg09,131.6,2.00399093,1100.4
avgbs_cluster_27561.1.15,Mrg09,131.6,1.232601424,1100.4
avgbs_cluster_40607.1.40,Mrg09,132.2,1.326306501,1101
avgbs_122292.1.52,Mrg09,132.7,0.753417493,1101.5
avgbs_21159.1.53,Mrg09,132.7,0.553962607,1101.5
avgbs_8429.1.42,Mrg09,132.7,0,1101.5
avgbs_98142.1.36,Mrg09,132.7,2.050989067,1101.5
avgbs_cluster_20532.1.34,Mrg09,132.7,1.050720106,1101.5
avgbs_cluster_3944.2.34,Mrg09,132.7,0,1101.5
avgbs_120526.1.11,Mrg09,135.5,0.316871355,1104.3
avgbs_113703.1.16,Mrg09,138.3,0,1107.1
avgbs_59269.1.25,Mrg11,3.7,0.130424212,1110.8
avgbs_92448.1.22,Mrg11,3.7,0.016807669,1110.8
avgbs_cluster_1130.1.21,Mrg11,3.7,0.005397674,1110.8
avgbs_cluster_11885.1.13,Mrg11,3.7,0,1110.8
avgbs_cluster_11885.1.22,Mrg11,3.7,0,1110.8
avgbs_cluster_11885.1.28,Mrg11,3.7,0,1110.8
avgbs_cluster_18659.1.33,Mrg11,3.7,0.303369401,1110.8
avgbs_cluster_636.1.56,Mrg11,3.7,0.03895733,1110.8
avgbs_108663.1.20,Mrg11,4.6,0.184473036,1111.7
avgbs_cluster_7079.1.27,Mrg11,6.7,0.053263528,1113.8
avgbs_cluster_17716.1.38,Mrg11,6.8,0.297329199,1113.9
avgbs_100653.1.9,Mrg11,7.2,1.151187743,1114.3
avgbs_42869.1.46,Mrg11,7.2,0.133774053,1114.3
avgbs_cluster_6340.1.12,Mrg11,7.4,0.081084003,1114.5
avgbs_10571.1.51,Mrg11,8.8,0.237674374,1115.9
avgbs_108649.1.11,Mrg11,8.8,0,1115.9
avgbs_108794.1.8,Mrg11,8.8,0,1115.9
avgbs_108953.1.30,Mrg11,8.8,0,1115.9
avgbs_110738.1.58,Mrg11,8.8,0,1115.9
avgbs_121984.1.9,Mrg11,8.8,0,1115.9
avgbs_19636.1.44,Mrg11,8.8,0.375603239,1115.9
avgbs_22737.1.12,Mrg11,8.8,0.857178985,1115.9
avgbs_28116.1.33,Mrg11,8.8,0,1115.9
avgbs_44737.1.27,Mrg11,8.8,0.020926179,1115.9
avgbs_6K_5806.1.14,Mrg11,8.8,0.143120517,1115.9
avgbs_6K_79511.1.62,Mrg11,8.8,0.5539254,1115.9
avgbs_72120.1.27,Mrg11,8.8,0.007496806,1115.9
avgbs_7875.1.61,Mrg11,8.8,0,1115.9
avgbs_7925.1.34,Mrg11,8.8,0.720068496,1115.9
avgbs_80009.1.7,Mrg11,8.8,0,1115.9
avgbs_88984.1.61,Mrg11,8.8,0.194776748,1115.9
avgbs_cluster_1508.1.7,Mrg11,8.8,0.373225594,1115.9
avgbs_cluster_1858.1.29,Mrg11,8.8,0.01667016,1115.9
avgbs_cluster_21471.1.15,Mrg11,8.8,0.353425889,1115.9
avgbs_cluster_23834.1.26,Mrg11,8.8,0.50714807,1115.9
avgbs_cluster_23834.1.49,Mrg11,8.8,0.50714807,1115.9
avgbs_cluster_23834.1.61,Mrg11,8.8,0.50714807,1115.9
avgbs_cluster_3081.1.15,Mrg11,8.8,0,1115.9
avgbs_cluster_3081.1.52,Mrg11,8.8,0,1115.9
avgbs_cluster_31841.1.17,Mrg11,8.8,1.525668214,1115.9
avgbs_cluster_34008.1.24,Mrg11,8.8,0,1115.9
avgbs_cluster_39223.1.37,Mrg11,8.8,0.392903631,1115.9
avgbs_cluster_39223.1.8,Mrg11,8.8,0.303536282,1115.9
avgbs_cluster_21527.1.56,Mrg11,9.7,0.444705966,1116.8
avgbs_18689.1.29,Mrg11,9.8,0.2222715,1116.9
avgbs_19207.1.58,Mrg11,9.8,0.118373642,1116.9
avgbs_81987.1.50,Mrg11,9.8,0.201727788,1116.9
avgbs_cluster_13857.1.17,Mrg11,9.8,0,1116.9
avgbs_cluster_22037.1.47,Mrg11,9.8,0,1116.9
avgbs_cluster_39187.1.15,Mrg11,9.8,0.451464502,1116.9
avgbs_cluster_39187.1.31,Mrg11,9.8,0.056517733,1116.9
avgbs_cluster_39670.1.32,Mrg11,9.8,0.249584878,1116.9
avgbs_cluster_4829.1.11,Mrg11,9.8,0.192206903,1116.9
avgbs_cluster_4829.1.6,Mrg11,9.8,0.192206903,1116.9
avgbs_1107.1.19,Mrg11,12.3,0,1119.4
avgbs_70019.1.41,Mrg11,12.3,0,1119.4
avgbs_cluster_29174.1.26,Mrg11,12.3,0.647307351,1119.4
avgbs_cluster_9314.1.53,Mrg11,12.3,0,1119.4
avgbs_cluster_9314.1.54,Mrg11,12.3,0,1119.4
avgbs_cluster_9314.1.8,Mrg11,12.3,0,1119.4
avgbs_cluster_9922.1.31,Mrg11,12.3,0.025321227,1119.4
avgbs_87696.1.50,Mrg11,13.7,1.231913458,1120.8
avgbs_72130.1.24,Mrg11,14.4,0.430136286,1121.5
avgbs_cluster_5099.1.14,Mrg11,21.4,0.058657063,1128.5
avgbs_cluster_5099.1.31,Mrg11,21.4,0.058657063,1128.5
avgbs_cluster_5099.1.34,Mrg11,21.4,0.058657063,1128.5
avgbs_219191.1.21,Mrg11,21.9,0.196071337,1129
avgbs_56119.1.54,Mrg11,21.9,0.131937659,1129
avgbs_cluster_19249.1.23,Mrg11,21.9,0.254476582,1129
avgbs_cluster_394.1.56,Mrg11,21.9,0.536355361,1129
avgbs_cluster_7691.1.34,Mrg11,21.9,0.039648495,1129
avgbs_12552.1.22,Mrg11,22.3,0,1129.4
avgbs_75454.1.21,Mrg11,22.3,0,1129.4
avgbs_cluster_6528.1.57,Mrg11,22.3,0.453774865,1129.4
avgbs_cluster_39498.1.63,Mrg11,22.4,0.468606065,1129.5
avgbs_cluster_39498.1.64,Mrg11,22.4,0.468606065,1129.5
avgbs_cluster_4207.1.47,Mrg11,22.4,0.605278439,1129.5
avgbs_cluster_10630.1.36,Mrg11,23,0,1130.1
avgbs_cluster_8928.1.52,Mrg11,23,0,1130.1
avgbs_cluster_37489.1.19,Mrg11,24.9,0.039279196,1132
avgbs_cluster_67837.1.30,Mrg11,25.1,0.458755574,1132.2
avgbs_cluster_67837.1.40,Mrg11,25.1,0.458755574,1132.2
avgbs_cluster_67837.1.58,Mrg11,25.1,0.458755574,1132.2
avgbs_cluster_25124.1.46,Mrg11,25.2,0.653663224,1132.3
avgbs_1406.1.21,Mrg11,26,1.019121864,1133.1
avgbs_46776.1.58,Mrg11,26,0.481666266,1133.1
avgbs_cluster_29596.1.29,Mrg11,26,0.750211526,1133.1
avgbs_cluster_32840.1.16,Mrg11,26,1.619050911,1133.1
avgbs_cluster_32840.1.17,Mrg11,26,1.619050911,1133.1
avgbs_cluster_32840.1.20,Mrg11,26,1.619050911,1133.1
avgbs_98931.1.10,Mrg11,28.6,0.057505484,1135.7
avgbs_cluster_37648.1.13,Mrg11,28.6,0.079590186,1135.7
avgbs_cluster_37648.1.35,Mrg11,28.6,0.079590186,1135.7
avgbs_cluster_4347.1.61,Mrg11,28.6,0.002936378,1135.7
avgbs_cluster_4347.1.62,Mrg11,28.6,0.002936378,1135.7
avgbs_cluster_4347.1.64,Mrg11,28.6,0.002936378,1135.7
avgbs_10497.1.7,Mrg11,31,0.417725902,1138.1
avgbs_cluster_1088.1.13,Mrg11,31.9,0.142169679,1139
avgbs_122900.1.33,Mrg11,32,0.040486964,1139.1
avgbs_35197.1.12,Mrg11,32.1,0.029445684,1139.2
avgbs_122898.1.28,Mrg11,32.4,1.048384408,1139.5
avgbs_14330.1.19,Mrg11,32.4,0.389474327,1139.5
avgbs_19876.1.34,Mrg11,32.4,0.169811731,1139.5
avgbs_43711.1.18,Mrg11,32.4,0.31986366,1139.5
avgbs_cluster_21554.1.41,Mrg11,32.4,0.668423709,1139.5
avgbs_cluster_37771.1.24,Mrg11,32.4,1.331565406,1139.5
avgbs_cluster_40448.1.62,Mrg11,32.4,0.370731899,1139.5
avgbs_cluster_35530.1.23,Mrg11,33.7,0,1140.8
avgbs_62906.1.35,Mrg11,39.2,0.266513447,1146.3
avgbs_72745.1.36,Mrg11,39.2,0.155415332,1146.3
avgbs_86297.1.53,Mrg11,39.2,0,1146.3
avgbs_cluster_11648.1.36,Mrg11,39.2,0,1146.3
avgbs_cluster_29598.1.45,Mrg11,39.2,0,1146.3
avgbs_90649.1.53,Mrg11,40.8,0,1147.9
avgbs_cluster_30809.1.14,Mrg11,41.2,0.236647086,1148.3
avgbs_cluster_26009.1.19,Mrg11,41.3,0.755053572,1148.4
avgbs_6K_85867.1.13,Mrg11,42,0.087413201,1149.1
avgbs_114952.1.16,Mrg11,45.6,0.216805966,1152.7
avgbs_120941.1.43,Mrg11,45.6,0.821061794,1152.7
avgbs_4282.1.16,Mrg11,45.6,0.519369177,1152.7
avgbs_67597.1.56,Mrg11,45.6,0.225129471,1152.7
avgbs_8093.1.39,Mrg11,45.6,0,1152.7
avgbs_93787.1.58,Mrg11,45.6,0.321347355,1152.7
avgbs_cluster_18129.1.6,Mrg11,45.6,0.1315857,1152.7
avgbs_cluster_23392.1.12,Mrg11,45.6,0.019168928,1152.7
avgbs_cluster_23392.1.60,Mrg11,45.6,0,1152.7
avgbs_cluster_768.1.26,Mrg11,45.6,0.320290803,1152.7
avgbs_cluster_11411.1.34,Mrg11,48.6,0,1155.7
avgbs_106717.1.59,Mrg11,48.8,0,1155.9
avgbs_115640.1.18,Mrg11,48.8,0.422410262,1155.9
avgbs_36473.1.21,Mrg11,48.8,0.795406744,1155.9
avgbs_45653.1.54,Mrg11,48.8,0.162473899,1155.9
avgbs_80438.1.33,Mrg11,48.8,0,1155.9
avgbs_cluster_27123.1.38,Mrg11,48.8,0.721786155,1155.9
avgbs_cluster_31914.1.16,Mrg11,48.8,0.284785088,1155.9
avgbs_cluster_34295.1.47,Mrg11,48.8,0.254019799,1155.9
avgbs_cluster_34295.1.9,Mrg11,48.8,0.254019799,1155.9
avgbs_cluster_5308.1.36,Mrg11,48.8,0,1155.9
avgbs_72741.1.47,Mrg11,49.8,0.296403163,1156.9
avgbs_112129.1.44,Mrg11,51,0.316440607,1158.1
avgbs_40418.1.23,Mrg11,51.4,0.21066281,1158.5
avgbs_119467.1.15,Mrg11,52.8,0.521568069,1159.9
avgbs_125968.1.14,Mrg11,52.8,0.414731656,1159.9
avgbs_20863.1.38,Mrg11,52.8,0.56389575,1159.9
avgbs_24994.1.43,Mrg11,52.8,0.320399348,1159.9
avgbs_80337.1.37,Mrg11,52.8,0.269693987,1159.9
avgbs_cluster_16683.1.12,Mrg11,52.8,0,1159.9
avgbs_cluster_16683.1.34,Mrg11,52.8,0.189302786,1159.9
avgbs_cluster_1859.1.56,Mrg11,52.8,0.970658683,1159.9
avgbs_cluster_20089.1.45,Mrg11,52.8,0.659681638,1159.9
avgbs_cluster_21829.1.28,Mrg11,52.8,0.727589424,1159.9
avgbs_cluster_21829.1.56,Mrg11,52.8,0.727589424,1159.9
avgbs_cluster_26676.1.57,Mrg11,52.8,0.626052567,1159.9
avgbs_cluster_28219.1.42,Mrg11,52.8,0.248891804,1159.9
avgbs_cluster_32456.1.17,Mrg11,52.8,0.844149252,1159.9
avgbs_cluster_3706.1.61,Mrg11,52.8,0,1159.9
avgbs_cluster_3706.1.63,Mrg11,52.8,0,1159.9
avgbs_cluster_3706.1.64,Mrg11,52.8,0,1159.9
avgbs_cluster_37225.1.45,Mrg11,52.8,0.367124399,1159.9
avgbs_cluster_4986.1.49,Mrg11,52.8,0.370345192,1159.9
avgbs_cluster_9085.1.25,Mrg11,52.8,0.182226673,1159.9
avgbs_cluster_9085.1.56,Mrg11,52.8,0.182226673,1159.9
avgbs_cluster_35690.1.37,Mrg11,52.9,0.164977494,1160
avgbs_cluster_35690.1.52,Mrg11,52.9,0.164977494,1160
avgbs_111208.1.17,Mrg11,54,0.660077815,1161.1
avgbs_111823.1.36,Mrg11,54,0.098690823,1161.1
avgbs_117090.1.10,Mrg11,54,0.098690823,1161.1
avgbs_118512.1.14,Mrg11,54,0.334395153,1161.1
avgbs_125557.1.29,Mrg11,54,0,1161.1
avgbs_15539.1.22,Mrg11,54,0.127148495,1161.1
avgbs_19288.1.46,Mrg11,54,0.231849742,1161.1
avgbs_4173.1.9,Mrg11,54,1.19842932,1161.1
avgbs_86218.1.19,Mrg11,54,0.192590595,1161.1
avgbs_cluster_23283.1.36,Mrg11,54,0.191523393,1161.1
avgbs_cluster_33279.1.52,Mrg11,54,0.722001719,1161.1
avgbs_cluster_3416.1.44,Mrg11,54,1.449054806,1161.1
avgbs_cluster_37300.1.27,Mrg11,54,0.130411042,1161.1
avgbs_cluster_38659.1.50,Mrg11,54,0.31179444,1161.1
avgbs_28706.1.56,Mrg11,56.3,0.692345888,1163.4
avgbs_cluster_3240.1.61,Mrg11,56.9,0.370202932,1164
avgbs_120781.1.43,Mrg11,60.5,0.094540494,1167.6
avgbs_20182.1.20,Mrg11,60.5,0.127148495,1167.6
avgbs_8617.1.25,Mrg11,60.5,0.278655087,1167.6
avgbs_cluster_13871.1.32,Mrg11,60.5,0.08102493,1167.6
avgbs_74894.1.35,Mrg11,65.9,0.045360009,1173
avgbs_cluster_37716.1.25,Mrg11,65.9,0.416583525,1173
avgbs_cluster_5464.1.22,Mrg11,65.9,0.024848666,1173
avgbs_cluster_5464.1.6,Mrg11,65.9,0.024848666,1173
avgbs_106518.1.49,Mrg11,67.5,0.291028889,1174.6
avgbs_cluster_6970.1.16,Mrg11,68.1,0.56912162,1175.2
avgbs_cluster_18120.1.50,Mrg11,68.6,0.52819215,1175.7
avgbs_cluster_8014.1.48,Mrg11,68.6,0.229483851,1175.7
avgbs_89343.1.17,Mrg11,68.8,0.196212388,1175.9
avgbs_104361.1.20,Mrg11,69.5,0.761717665,1176.6
avgbs_217815.1.59,Mrg11,69.5,0.111167763,1176.6
avgbs_25598.1.35,Mrg11,69.5,0.673785118,1176.6
avgbs_35775.1.18,Mrg11,69.5,0,1176.6
avgbs_85333.1.35,Mrg11,71.3,0.903253241,1178.4
avgbs_99879.1.40,Mrg11,73.2,0.744589509,1180.3
avgbs_cluster_3826.1.35,Mrg11,76.9,1.161701909,1184
avgbs_32986.1.32,Mrg11,77.8,1.34956055,1184.9
avgbs_53964.1.37,Mrg11,77.8,0,1184.9
avgbs_cluster_35525.1.23,Mrg11,81.4,0.114995872,1188.5
avgbs_cluster_35525.1.28,Mrg11,81.4,0.114995872,1188.5
avgbs_cluster_24973.1.11,Mrg11,82.2,0,1189.3
avgbs_cluster_24973.1.60,Mrg11,82.2,0,1189.3
avgbs_107338.1.7,Mrg11,86.9,0.372204451,1194
avgbs_117651.1.12,Mrg11,86.9,0.243824148,1194
avgbs_cluster_4486.1.32,Mrg11,87.6,0.00614144,1194.7
avgbs_87092.1.63,Mrg11,96.6,0.065783098,1203.7
avgbs_26094.1.9,Mrg11,98.8,0,1205.9
avgbs_cluster_28710.1.42,Mrg11,99.7,0.357415999,1206.8
avgbs_57417.1.19,Mrg11,100.9,0,1208
avgbs_87881.1.14,Mrg11,100.9,0.133498406,1208
avgbs_105110.1.43,Mrg11,106.7,0.980489142,1213.8
avgbs_cluster_20419.1.48,Mrg11,107.9,0,1215
avgbs_118291.1.41,Mrg11,108.6,0.103723485,1215.7
avgbs_201095.1.7,Mrg11,108.6,0.041875697,1215.7
avgbs_20315.1.36,Mrg11,108.6,0.280930902,1215.7
avgbs_33790.1.50,Mrg11,108.6,0.291672453,1215.7
avgbs_74047.1.53,Mrg11,108.6,0.401009139,1215.7
avgbs_78620.1.27,Mrg11,108.6,0.063949568,1215.7
avgbs_93119.1.60,Mrg11,108.6,0.455955148,1215.7
avgbs_cluster_17902.1.6,Mrg11,108.6,0,1215.7
avgbs_cluster_24606.1.37,Mrg11,108.6,0.370723813,1215.7
avgbs_cluster_28668.1.43,Mrg11,108.6,0.269089833,1215.7
avgbs_cluster_33612.1.43,Mrg11,108.6,0.264972006,1215.7
avgbs_cluster_33612.1.61,Mrg11,108.6,0.264972006,1215.7
avgbs_cluster_40580.1.29,Mrg11,108.7,0.352257699,1215.8
avgbs_cluster_40580.1.42,Mrg11,108.7,0.352257699,1215.8
avgbs_cluster_37844.1.58,Mrg11,108.8,0.358799199,1215.9
avgbs_cluster_37844.1.59,Mrg11,108.8,0.358799199,1215.9
avgbs_40171.1.35,Mrg11,109.1,0.339519056,1216.2
avgbs_9399.1.9,Mrg12,4.2,0,1220.4
avgbs_cluster_22088.1.64,Mrg12,5.2,0.476386655,1221.4
avgbs_cluster_2337.1.34,Mrg12,14.1,0.151064563,1230.3
avgbs_cluster_34499.1.20,Mrg12,15.5,0.141829581,1231.7
avgbs_cluster_34499.1.30,Mrg12,15.5,0.446063029,1231.7
avgbs_cluster_8242.1.63,Mrg12,15.5,0.015002528,1231.7
avgbs_cluster_8242.1.64,Mrg12,15.5,0.015002528,1231.7
avgbs_cluster_8387.1.29,Mrg12,15.9,0.088769165,1232.1
avgbs_cluster_3424.1.25,Mrg12,16.5,0.46093056,1232.7
avgbs_cluster_3424.1.50,Mrg12,16.5,0.46093056,1232.7
avgbs_cluster_22372.1.63,Mrg12,17,0,1233.2
avgbs_cluster_22372.1.64,Mrg12,17,0,1233.2
avgbs_cluster_27917.1.34,Mrg12,17,0,1233.2
avgbs_cluster_38951.1.21,Mrg12,17,0.015513667,1233.2
avgbs_cluster_3989.1.46,Mrg12,17,0.431938703,1233.2
avgbs_cluster_4803.1.58,Mrg12,21.1,0.195387579,1237.3
avgbs_cluster_18373.1.28,Mrg12,21.2,0,1237.4
avgbs_51254.1.64,Mrg12,22,0.069328032,1238.2
avgbs_cluster_37531.1.52,Mrg12,22,0.069328032,1238.2
avgbs_cluster_37531.1.58,Mrg12,22,0.069328032,1238.2
avgbs_cluster_8177.1.15,Mrg12,22,0,1238.2
avgbs_cluster_8177.1.49,Mrg12,22,0,1238.2
avgbs_109949.1.35,Mrg12,25,0.155103337,1241.2
avgbs_32156.1.12,Mrg12,25,0,1241.2
avgbs_3255.1.29,Mrg12,25,0.226775617,1241.2
avgbs_cluster_20436.1.17,Mrg12,25,0.118745804,1241.2
avgbs_1850.1.28,Mrg12,26.4,0.190972714,1242.6
avgbs_32898.1.33,Mrg12,26.4,0.401756023,1242.6
avgbs_56598.1.26,Mrg12,26.4,0,1242.6
avgbs_cluster_207.1.7,Mrg12,26.4,0.824754802,1242.6
avgbs_cluster_41088.1.47,Mrg12,26.4,0.24946058,1242.6
avgbs_cluster_41088.1.48,Mrg12,26.4,0.24946058,1242.6
avgbs_79662.1.52,Mrg12,29.5,0.102871878,1245.7
avgbs_9232.1.15,Mrg12,29.5,0.180043687,1245.7
avgbs_cluster_27996.1.45,Mrg12,29.5,0.438020592,1245.7
avgbs_cluster_36446.1.17,Mrg12,29.5,0.097081107,1245.7
avgbs_cluster_7423.1.63,Mrg12,29.5,0,1245.7
avgbs_93505.1.42,Mrg12,33.4,0.027875444,1249.6
avgbs_cluster_10038.1.25,Mrg12,33.4,0,1249.6
avgbs_cluster_10038.1.50,Mrg12,33.4,0,1249.6
avgbs_cluster_10038.1.6,Mrg12,33.4,0,1249.6
avgbs_cluster_2588.1.12,Mrg12,33.4,0.460199296,1249.6
avgbs_cluster_2588.1.13,Mrg12,33.4,0.460199296,1249.6
avgbs_cluster_32822.1.15,Mrg12,33.4,0.027875444,1249.6
avgbs_cluster_32822.1.54,Mrg12,33.4,0.027875444,1249.6
avgbs_125235.1.37,Mrg12,35.3,0.237391789,1251.5
avgbs_36024.1.46,Mrg12,35.3,0.30188138,1251.5
avgbs_cluster_15064.1.36,Mrg12,35.3,0.04035116,1251.5
avgbs_cluster_40765.1.58,Mrg12,35.3,0.024885769,1251.5
avgbs_cluster_40765.1.59,Mrg12,35.3,0.024885769,1251.5
avgbs_cluster_6159.1.50,Mrg12,35.3,0.015645623,1251.5
avgbs_cluster_48102.1.21,Mrg12,35.4,0,1251.6
avgbs_cluster_48102.1.64,Mrg12,35.4,0,1251.6
avgbs_cluster_6140.1.31,Mrg12,35.4,0.081858484,1251.6
avgbs_cluster_6140.1.54,Mrg12,35.4,0.316865655,1251.6
avgbs_99656.1.17,Mrg12,36.3,0.020434339,1252.5
avgbs_9119.1.43,Mrg12,37.5,0.247441339,1253.7
avgbs_cluster_22905.1.11,Mrg12,37.5,0.013504765,1253.7
avgbs_cluster_22905.1.16,Mrg12,37.5,0.013504765,1253.7
avgbs_cluster_22905.1.64,Mrg12,37.5,0.013504765,1253.7
avgbs_cluster_25.1.11,Mrg12,37.5,0.003408593,1253.7
avgbs_cluster_38947.1.40,Mrg12,37.5,0.30001325,1253.7
avgbs_6920.1.44,Mrg12,39.4,0,1255.6
avgbs_65788.1.47,Mrg12,40.2,0,1256.4
avgbs_cluster_24294.1.13,Mrg12,40.2,0,1256.4
avgbs_cluster_24294.1.22,Mrg12,40.2,0,1256.4
avgbs_cluster_40577.1.24,Mrg12,40.2,0.197417444,1256.4
avgbs_cluster_40577.1.26,Mrg12,40.2,0.197417444,1256.4
avgbs_cluster_24442.1.33,Mrg12,40.8,0,1257
avgbs_cluster_38719.1.45,Mrg12,40.9,0,1257.1
avgbs_cluster_38719.1.58,Mrg12,40.9,0,1257.1
avgbs_cluster_67454.1.12,Mrg12,40.9,0,1257.1
avgbs_cluster_67454.1.32,Mrg12,40.9,0,1257.1
avgbs_121511.1.50,Mrg12,41.4,0.107512867,1257.6
avgbs_cluster_1603.1.26,Mrg12,41.5,0.01151286,1257.7
avgbs_cluster_7061.1.59,Mrg12,41.5,0,1257.7
avgbs_104201.1.36,Mrg12,44.5,0,1260.7
avgbs_17219.1.39,Mrg12,44.5,0,1260.7
avgbs_69337.1.42,Mrg12,46.3,0,1262.5
avgbs_cluster_1043.1.64,Mrg12,46.3,0,1262.5
avgbs_cluster_1882.1.54,Mrg12,46.3,0,1262.5
avgbs_cluster_1882.1.57,Mrg12,46.3,0,1262.5
avgbs_cluster_43932.1.23,Mrg12,46.3,0,1262.5
avgbs_cluster_9144.1.12,Mrg12,51.8,0,1268
avgbs_cluster_10308.1.12,Mrg12,53.5,0.124581656,1269.7
avgbs_cluster_10308.1.29,Mrg12,53.5,0.23657784,1269.7
avgbs_cluster_3625.1.22,Mrg12,53.5,0,1269.7
avgbs_cluster_3625.1.63,Mrg12,53.5,0,1269.7
avgbs_cluster_3625.1.64,Mrg12,53.5,0,1269.7
avgbs_cluster_51068.1.30,Mrg12,53.5,0.106092974,1269.7
avgbs_cluster_51068.1.58,Mrg12,53.5,0.106092974,1269.7
avgbs_14000.1.30,Mrg12,55,0.199774278,1271.2
avgbs_40505.1.21,Mrg12,55,0.049192666,1271.2
avgbs_cluster_21550.1.54,Mrg12,55,0.105790995,1271.2
avgbs_cluster_21550.1.59,Mrg12,55,0.105790995,1271.2
avgbs_cluster_33909.1.54,Mrg12,55,0,1271.2
avgbs_cluster_39493.1.32,Mrg12,55,0.16884715,1271.2
avgbs_cluster_39493.1.59,Mrg12,55,0.16884715,1271.2
avgbs_93686.1.30,Mrg12,55.3,0,1271.5
avgbs_cluster_1719.1.49,Mrg12,55.8,0,1272
avgbs_cluster_27785.1.7,Mrg12,56.6,0.038397193,1272.8
avgbs_216179.1.21,Mrg12,56.7,0,1272.9
avgbs_78609.1.52,Mrg12,56.7,0.146182349,1272.9
avgbs_cluster_12209.1.28,Mrg12,56.7,0.233459408,1272.9
avgbs_cluster_12209.1.63,Mrg12,56.7,0.258487499,1272.9
avgbs_cluster_22902.1.50,Mrg12,56.7,0.403499991,1272.9
avgbs_cluster_33876.1.64,Mrg12,56.7,0.440899049,1272.9
avgbs_cluster_34797.1.26,Mrg12,56.7,0,1272.9
avgbs_cluster_37046.1.23,Mrg12,56.7,0.832040498,1272.9
avgbs_cluster_4680.1.42,Mrg12,56.7,0.010564945,1272.9
avgbs_18560.1.37,Mrg12,57.8,0.207520442,1274
avgbs_18695.1.25,Mrg12,57.8,0.466033432,1274
avgbs_78641.1.7,Mrg12,57.8,0,1274
avgbs_99832.1.18,Mrg12,57.8,0.604739722,1274
avgbs_cluster_26039.1.15,Mrg12,57.8,0,1274
avgbs_27490.1.64,Mrg12,58.5,0.682997495,1274.7
avgbs_cluster_3072.1.47,Mrg12,58.5,0,1274.7
avgbs_11416.1.38,Mrg12,63.5,0.693853249,1279.7
avgbs_120693.1.45,Mrg12,63.5,0.570919806,1279.7
avgbs_66465.1.18,Mrg12,63.5,0.218526109,1279.7
avgbs_77952.1.30,Mrg12,63.5,0.930862567,1279.7
avgbs_84971.1.26,Mrg12,63.5,0.013475243,1279.7
avgbs_86291.1.40,Mrg12,63.5,0,1279.7
avgbs_89013.1.17,Mrg12,63.5,0.049876311,1279.7
avgbs_91688.1.26,Mrg12,63.5,0.693853249,1279.7
avgbs_91792.1.60,Mrg12,63.5,0,1279.7
avgbs_cluster_1081.1.11,Mrg12,63.5,0.026388394,1279.7
avgbs_cluster_13959.1.27,Mrg12,63.5,0,1279.7
avgbs_cluster_19199.1.44,Mrg12,63.5,0.864436763,1279.7
avgbs_cluster_19199.1.58,Mrg12,63.5,0.864436763,1279.7
avgbs_cluster_30245.2.38,Mrg12,63.5,0.707027095,1279.7
avgbs_cluster_35174.1.14,Mrg12,63.5,0.963085846,1279.7
avgbs_cluster_35174.1.43,Mrg12,63.5,0.093304825,1279.7
avgbs_cluster_35174.1.49,Mrg12,63.5,0.963085846,1279.7
avgbs_cluster_36176.1.10,Mrg12,63.5,0,1279.7
avgbs_cluster_36176.1.37,Mrg12,63.5,0,1279.7
avgbs_cluster_36815.1.8,Mrg12,63.5,0.789381582,1279.7
avgbs_cluster_27931.1.40,Mrg12,66,0,1282.2
avgbs_96243.1.38,Mrg12,67.8,0.46908822,1284
avgbs_96887.1.17,Mrg12,67.8,0.084884825,1284
avgbs_cluster_18143.1.11,Mrg12,67.8,1.130190933,1284
avgbs_cluster_16919.1.12,Mrg12,68.1,0,1284.3
avgbs_cluster_16919.1.36,Mrg12,68.1,0,1284.3
avgbs_cluster_40874.1.33,Mrg12,71,0,1287.2
avgbs_cluster_67921.1.23,Mrg12,71.8,0.38435878,1288
avgbs_cluster_67921.1.38,Mrg12,71.8,0.38435878,1288
avgbs_cluster_67921.1.6,Mrg12,71.8,0.38435878,1288
avgbs_14933.1.43,Mrg12,78.5,0.116292437,1294.7
avgbs_cluster_14670.1.22,Mrg12,84.5,0.570537646,1300.7
avgbs_cluster_14670.1.27,Mrg12,84.5,0.570537646,1300.7
avgbs_cluster_14670.1.31,Mrg12,84.5,0.570537646,1300.7
avgbs_cluster_6899.1.20,Mrg12,84.7,0.768932412,1300.9
avgbs_120401.1.32,Mrg12,86,0.774387943,1302.2
avgbs_cluster_7196.1.6,Mrg12,102.6,0.08623017,1318.8
avgbs_118666.1.41,Mrg12,104.4,0.820657163,1320.6
avgbs_84996.1.62,Mrg12,104.7,0.02007019,1320.9
avgbs_6K_92246.1.58,Mrg12,107.9,1.339251941,1324.1
avgbs_52033.1.50,Mrg12,109.3,0.015858392,1325.5
avgbs_cluster_3848.1.53,Mrg12,117.5,0,1333.7
avgbs_cluster_3848.1.63,Mrg12,117.5,0,1333.7
avgbs_cluster_19880.1.12,Mrg12,119.4,0.235082287,1335.6
avgbs_25339.1.21,Mrg13,6.2,0.238043066,1341.8
avgbs_38361.1.16,Mrg13,6.2,0.044829367,1341.8
avgbs_5065.1.28,Mrg13,6.2,0.191426453,1341.8
avgbs_63849.1.27,Mrg13,6.2,0.115033071,1341.8
avgbs_8308.1.37,Mrg13,6.2,0.417251064,1341.8
avgbs_9480.1.50,Mrg13,6.2,0.387795965,1341.8
avgbs_cluster_16203.1.64,Mrg13,6.2,0.847487717,1341.8
avgbs_cluster_7251.1.15,Mrg13,7.8,0.293636632,1343.4
avgbs_cluster_7251.1.34,Mrg13,7.8,0.293636632,1343.4
avgbs_cluster_7251.1.55,Mrg13,7.8,0.039470416,1343.4
avgbs_119576.1.9,Mrg13,8.6,0.611529266,1344.2
avgbs_4262.1.15,Mrg13,16.2,0.873929559,1351.8
avgbs_19742.1.14,Mrg13,16.9,0.688217385,1352.5
avgbs_17202.1.57,Mrg13,18.2,0.417164152,1353.8
avgbs_87226.1.31,Mrg13,18.2,0,1353.8
avgbs_cluster_32801.1.29,Mrg13,18.2,0,1353.8
avgbs_cluster_32801.1.59,Mrg13,18.2,0,1353.8
avgbs_16827.1.57,Mrg13,18.5,1.14509447,1354.1
avgbs_56187.1.39,Mrg13,26.2,0.013301205,1361.8
avgbs_cluster_20815.1.15,Mrg13,29,0,1364.6
avgbs_cluster_20815.1.23,Mrg13,29,0.583432477,1364.6
avgbs_1921.1.51,Mrg13,29.7,0.235979356,1365.3
avgbs_35495.1.59,Mrg13,29.7,0.203329161,1365.3
avgbs_cluster_11206.1.8,Mrg13,29.7,0.182725463,1365.3
avgbs_11478.1.57,Mrg13,31,0.002415515,1366.6
avgbs_118072.1.19,Mrg13,31,0.339734211,1366.6
avgbs_14660.1.27,Mrg13,31,0.257183888,1366.6
avgbs_51305.1.20,Mrg13,31,0.512643675,1366.6
avgbs_84942.1.34,Mrg13,31,0.243545099,1366.6
avgbs_cluster_30488.1.6,Mrg13,31,0.471189467,1366.6
avgbs_11575.1.25,Mrg13,32.8,0,1368.4
avgbs_111008.1.15,Mrg13,35.9,0.551511203,1371.5
avgbs_111778.1.34,Mrg13,35.9,0.431214512,1371.5
avgbs_118428.1.20,Mrg13,35.9,0,1371.5
avgbs_16839.1.28,Mrg13,35.9,0.355561061,1371.5
avgbs_20926.1.16,Mrg13,35.9,0.163923224,1371.5
avgbs_26723.1.29,Mrg13,35.9,0.356900798,1371.5
avgbs_35747.1.6,Mrg13,35.9,0.443459103,1371.5
avgbs_46182.1.38,Mrg13,35.9,0.398423337,1371.5
avgbs_53370.1.19,Mrg13,35.9,0.512643675,1371.5
avgbs_80845.1.23,Mrg13,35.9,0.079580336,1371.5
avgbs_82220.1.16,Mrg13,35.9,0.258280341,1371.5
avgbs_91957.1.55,Mrg13,35.9,0.457730343,1371.5
avgbs_94095.1.23,Mrg13,35.9,0.564235238,1371.5
avgbs_96769.1.27,Mrg13,35.9,0.453977835,1371.5
avgbs_cluster_13517.1.12,Mrg13,35.9,0.607233332,1371.5
avgbs_cluster_13517.1.20,Mrg13,35.9,0.607233332,1371.5
avgbs_cluster_21110.1.6,Mrg13,35.9,0.393958419,1371.5
avgbs_cluster_2822.1.53,Mrg13,35.9,0.453977835,1371.5
avgbs_cluster_2822.1.63,Mrg13,35.9,0.453977835,1371.5
avgbs_cluster_35390.1.60,Mrg13,35.9,0.347120792,1371.5
avgbs_cluster_41063.1.18,Mrg13,35.9,0,1371.5
avgbs_cluster_8375.1.10,Mrg13,35.9,0.178148608,1371.5
avgbs_111450.1.50,Mrg13,36.7,0.089304721,1372.3
avgbs_25328.1.58,Mrg13,36.7,0.391164238,1372.3
avgbs_cluster_21695.1.14,Mrg13,36.7,0.472030213,1372.3
avgbs_cluster_35268.1.12,Mrg13,36.7,0.143238496,1372.3
avgbs_cluster_35381.1.25,Mrg13,36.7,0.484793543,1372.3
avgbs_cluster_37037.1.49,Mrg13,36.7,0.475356247,1372.3
avgbs_cluster_38167.1.64,Mrg13,36.7,0.079580336,1372.3
avgbs_cluster_41005.1.48,Mrg13,36.7,0.124540059,1372.3
avgbs_cluster_3578.1.57,Mrg13,37.9,0.232635031,1373.5
avgbs_110326.1.28,Mrg13,39.4,0.079580336,1375
avgbs_124127.1.31,Mrg13,39.4,0.150527636,1375
avgbs_125646.1.33,Mrg13,39.4,0.505563886,1375
avgbs_217956.1.9,Mrg13,39.4,0.256037031,1375
avgbs_28429.1.53,Mrg13,39.4,0.453977835,1375
avgbs_35568.1.60,Mrg13,39.4,0,1375
avgbs_53177.1.43,Mrg13,39.4,0.55221269,1375
avgbs_6141.1.31,Mrg13,39.4,0,1375
avgbs_97143.1.43,Mrg13,39.4,0.542580376,1375
avgbs_cluster_21454.1.51,Mrg13,39.4,0.03445206,1375
avgbs_cluster_23231.1.38,Mrg13,39.4,0,1375
avgbs_cluster_23231.1.46,Mrg13,39.4,0.020181328,1375
avgbs_cluster_37140.1.50,Mrg13,39.4,0.121779598,1375
avgbs_cluster_37140.1.57,Mrg13,39.4,0.079580336,1375
avgbs_cluster_40726.1.12,Mrg13,39.4,0.157277042,1375
avgbs_cluster_40726.1.22,Mrg13,39.4,0.157277042,1375
avgbs_125072.1.39,Mrg13,39.5,0.398423337,1375.1
avgbs_124157.1.45,Mrg13,40.3,0.171037841,1375.9
avgbs_cluster_257.1.6,Mrg13,40.3,0.107055833,1375.9
avgbs_cluster_257.1.7,Mrg13,40.3,0.195420136,1375.9
avgbs_cluster_35432.1.49,Mrg13,40.3,0.544031821,1375.9
avgbs_202296.1.50,Mrg13,40.8,0.015775393,1376.4
avgbs_71612.1.57,Mrg13,40.8,0.162247888,1376.4
avgbs_9069.1.20,Mrg13,40.8,0.150224796,1376.4
avgbs_cluster_22249.1.59,Mrg13,40.8,0.653239165,1376.4
avgbs_cluster_37169.1.11,Mrg13,40.8,0.143533419,1376.4
avgbs_13956.1.59,Mrg13,41.2,0.532881605,1376.8
avgbs_35442.1.56,Mrg13,41.2,0.397033478,1376.8
avgbs_66996.1.51,Mrg13,41.2,0.317105258,1376.8
avgbs_7031.1.18,Mrg13,41.2,0.47045114,1376.8
avgbs_cluster_12779.1.44,Mrg13,41.2,0.63750055,1376.8
avgbs_cluster_12779.1.46,Mrg13,41.2,0.63750055,1376.8
avgbs_cluster_37368.1.56,Mrg13,41.2,0.691695841,1376.8
avgbs_10572.1.18,Mrg13,41.6,0.642577275,1377.2
avgbs_117942.1.44,Mrg13,41.6,0.719113125,1377.2
avgbs_cluster_298.1.54,Mrg13,41.6,0,1377.2
avgbs_cluster_298.1.64,Mrg13,41.6,0,1377.2
avgbs_cluster_3457.1.20,Mrg13,41.6,0.642577275,1377.2
avgbs_cluster_3457.1.54,Mrg13,41.6,0.642577275,1377.2
avgbs_cluster_3457.1.61,Mrg13,41.6,0.642577275,1377.2
avgbs_115202.1.60,Mrg13,42.1,0.240907579,1377.7
avgbs_1153.1.63,Mrg13,42.1,0.421280203,1377.7
avgbs_119258.1.20,Mrg13,42.1,0.254913672,1377.7
avgbs_124282.1.64,Mrg13,42.1,0.400548978,1377.7
avgbs_124585.1.38,Mrg13,42.1,0.378937565,1377.7
avgbs_124641.1.11,Mrg13,42.1,0.353343975,1377.7
avgbs_126322.1.26,Mrg13,42.1,0.432199007,1377.7
avgbs_207563.1.64,Mrg13,42.1,0.487354348,1377.7
avgbs_208123.1.40,Mrg13,42.1,0.488105997,1377.7
avgbs_71702.1.42,Mrg13,42.1,0.086534892,1377.7
avgbs_85582.1.39,Mrg13,42.1,0.455842879,1377.7
avgbs_86555.1.7,Mrg13,42.1,0.47090733,1377.7
avgbs_88448.1.46,Mrg13,42.1,0.047666844,1377.7
avgbs_99900.1.15,Mrg13,42.1,0.240907579,1377.7
avgbs_cluster_22114.1.28,Mrg13,42.1,0.374682479,1377.7
avgbs_cluster_95.1.64,Mrg13,42.6,0.7082006,1378.2
avgbs_109799.1.19,Mrg13,44.6,0.421382903,1380.2
avgbs_120174.1.18,Mrg13,44.6,0.885128793,1380.2
avgbs_cluster_25883.1.44,Mrg13,44.6,0.66852188,1380.2
avgbs_cluster_26923.1.7,Mrg13,44.6,0.633498432,1380.2
avgbs_cluster_26923.1.8,Mrg13,44.6,0.633498432,1380.2
avgbs_67973.1.49,Mrg13,45.3,1.425178555,1380.9
avgbs_cluster_27386.1.62,Mrg13,45.3,0.446812713,1380.9
avgbs_6K_99943.1.54,Mrg13,45.8,0.418936684,1381.4
avgbs_113658.1.31,Mrg13,46.4,0.804532191,1382
avgbs_113735.1.59,Mrg13,46.4,0.441436432,1382
avgbs_116335.1.28,Mrg13,49.8,0.197117465,1385.4
avgbs_121492.1.63,Mrg13,49.8,0.495229912,1385.4
avgbs_120754.1.46,Mrg13,49.9,0.066187491,1385.5
avgbs_124694.1.9,Mrg13,49.9,0.504878387,1385.5
avgbs_cluster_36244.1.60,Mrg13,49.9,0.899591221,1385.5
avgbs_cluster_7522.1.63,Mrg13,49.9,0.796899836,1385.5
avgbs_cluster_9500.1.6,Mrg13,49.9,0.865761183,1385.5
avgbs_30453.1.62,Mrg13,58,0.414335932,1393.6
avgbs_cluster_26212.1.41,Mrg13,58,0.465397794,1393.6
avgbs_cluster_26212.1.61,Mrg13,58,0.465397794,1393.6
avgbs_23112.1.9,Mrg13,59.4,0.017178233,1395
avgbs_17230.1.64,Mrg13,59.5,0.19509073,1395.1
avgbs_102363.1.17,Mrg13,60,0.103610809,1395.6
avgbs_10496.1.40,Mrg13,60,0.09423392,1395.6
avgbs_105848.1.51,Mrg13,60,0.088049635,1395.6
avgbs_109004.1.7,Mrg13,60,0.041176608,1395.6
avgbs_24657.1.14,Mrg13,60,0.167700675,1395.6
avgbs_24890.1.61,Mrg13,60,0.144576274,1395.6
avgbs_28895.1.49,Mrg13,60,0.065378071,1395.6
avgbs_42342.1.52,Mrg13,60,0.050983851,1395.6
avgbs_6465.1.14,Mrg13,60,0.117968547,1395.6
avgbs_65952.1.10,Mrg13,60,0.493082969,1395.6
avgbs_67611.1.64,Mrg13,60,0.092742483,1395.6
avgbs_6K_73221.1.7,Mrg13,60,0.057616735,1395.6
avgbs_6K_92268.1.62,Mrg13,60,0.038577916,1395.6
avgbs_70250.1.50,Mrg13,60,0.160151743,1395.6
avgbs_80864.1.41,Mrg13,60,0.068227875,1395.6
avgbs_cluster_10087.1.34,Mrg13,60,0.041176608,1395.6
avgbs_cluster_14393.1.61,Mrg13,60,0.010026077,1395.6
avgbs_cluster_1970.1.17,Mrg13,60,0.176060061,1395.6
avgbs_cluster_27791.1.48,Mrg13,60,0.084641144,1395.6
avgbs_cluster_31882.1.17,Mrg13,60,0.069627465,1395.6
avgbs_cluster_3501.1.54,Mrg13,60,0.089951476,1395.6
avgbs_cluster_3501.1.6,Mrg13,60,0.063741953,1395.6
avgbs_110790.1.44,Mrg13,61.3,0.0834339,1396.9
avgbs_39170.1.33,Mrg13,62,0.632260434,1397.6
avgbs_118483.1.54,Mrg13,62.4,0.705926754,1398
avgbs_110072.1.60,Mrg13,62.6,0.013457634,1398.2
avgbs_116690.1.35,Mrg13,65.6,0.306288552,1401.2
avgbs_43411.1.64,Mrg13,65.6,0.033407313,1401.2
avgbs_59790.1.41,Mrg13,65.6,0.33303563,1401.2
avgbs_106529.1.15,Mrg13,66,0.867728912,1401.6
avgbs_124224.1.16,Mrg13,66.4,0.684291891,1402
avgbs_33075.1.15,Mrg13,66.4,0.684291891,1402
avgbs_59780.1.50,Mrg13,66.4,0.43223992,1402
avgbs_cluster_15538.1.52,Mrg13,66.4,0.199402633,1402
avgbs_cluster_33092.1.10,Mrg13,66.4,0.099700602,1402
avgbs_cluster_33092.1.9,Mrg13,66.4,0.099700602,1402
avgbs_116329.1.39,Mrg13,67.8,0.286473755,1403.4
avgbs_cluster_34750.1.23,Mrg13,68.7,0.309536697,1404.3
avgbs_cluster_34750.1.48,Mrg13,68.7,0.309536697,1404.3
avgbs_7983.1.17,Mrg13,69.5,0.070845005,1405.1
avgbs_cluster_15466.1.27,Mrg13,69.9,0.20062617,1405.5
avgbs_107460.1.48,Mrg13,71.4,0.073079382,1407
avgbs_108878.1.63,Mrg13,71.4,0.198086755,1407
avgbs_14134.1.22,Mrg13,71.4,0.239285548,1407
avgbs_32134.1.22,Mrg13,71.4,0.068857337,1407
avgbs_42060.1.55,Mrg13,71.4,0.041083116,1407
avgbs_cluster_16716.1.44,Mrg13,71.4,0.27686555,1407
avgbs_cluster_26219.1.59,Mrg13,71.4,0.029557073,1407
avgbs_63039.1.36,Mrg13,72.6,0.101268129,1408.2
avgbs_111466.1.63,Mrg13,73.1,0.030658762,1408.7
avgbs_7347.1.48,Mrg13,73.1,0.457738628,1408.7
avgbs_74521.1.6,Mrg13,73.1,0,1408.7
avgbs_108758.1.32,Mrg13,73.6,0.149205614,1409.2
avgbs_120053.1.42,Mrg13,73.6,0.541888255,1409.2
avgbs_125958.1.37,Mrg13,73.6,0,1409.2
avgbs_87303.1.50,Mrg13,73.6,0,1409.2
avgbs_cluster_27786.1.48,Mrg13,73.6,0.357449563,1409.2
avgbs_cluster_34505.1.27,Mrg13,73.6,0.176168248,1409.2
avgbs_cluster_5292.1.46,Mrg13,73.6,0,1409.2
avgbs_114676.1.49,Mrg13,74,0.201184324,1409.6
avgbs_cluster_4828.1.18,Mrg13,74.1,0,1409.7
avgbs_cluster_4828.1.22,Mrg13,74.1,0,1409.7
avgbs_cluster_4828.1.27,Mrg13,74.1,0,1409.7
avgbs_20962.1.42,Mrg13,76,0.201184324,1411.6
avgbs_cluster_3483.1.29,Mrg13,76,0.540765056,1411.6
avgbs_69266.1.44,Mrg13,78.5,1.020870778,1414.1
avgbs_46577.1.24,Mrg13,79.3,0.797952942,1414.9
avgbs_120446.1.64,Mrg13,79.8,0.016265735,1415.4
avgbs_34647.1.30,Mrg13,81.8,0.198559956,1417.4
avgbs_cluster_7269.1.52,Mrg13,83.8,0.846678604,1419.4
avgbs_cluster_7269.1.64,Mrg13,83.8,0.846678604,1419.4
avgbs_33592.1.40,Mrg13,86.5,1.177144148,1422.1
avgbs_9105.1.15,Mrg13,95.8,0,1431.4
avgbs_202657.1.23,Mrg13,96.7,1.347124417,1432.3
avgbs_40516.1.63,Mrg13,96.7,0.354024898,1432.3
avgbs_cluster_22881.1.30,Mrg13,96.7,0.559527031,1432.3
avgbs_cluster_22881.1.32,Mrg13,96.7,0.283419347,1432.3
avgbs_cluster_33829.1.31,Mrg13,96.7,0.494993312,1432.3
avgbs_cluster_36227.1.55,Mrg13,96.7,0,1432.3
avgbs_cluster_36227.1.61,Mrg13,96.7,0,1432.3
avgbs_cluster_4856.1.64,Mrg13,96.7,0.237068901,1432.3
avgbs_cluster_5489.1.11,Mrg13,96.7,0.657188981,1432.3
avgbs_cluster_5489.1.41,Mrg13,96.7,0.657188981,1432.3
avgbs_cluster_6299.1.25,Mrg13,96.7,0.403070905,1432.3
avgbs_cluster_6299.1.45,Mrg13,96.7,0.403070905,1432.3
avgbs_cluster_17883.1.59,Mrg13,102.6,0,1438.2
avgbs_19846.1.13,Mrg13,103.1,1.668270814,1438.7
avgbs_27532.1.50,Mrg13,105.2,0.411236528,1440.8
avgbs_cluster_5829.1.37,Mrg13,105.2,0.240403104,1440.8
avgbs_cluster_5829.1.62,Mrg13,105.2,0.240403104,1440.8
avgbs_cluster_33979.1.34,Mrg13,105.5,0.123251416,1441.1
avgbs_cluster_27709.1.61,Mrg13,106,0.090847644,1441.6
avgbs_204946.1.18,Mrg13,106.3,0.023956624,1441.9
avgbs_102716.1.56,Mrg13,106.5,0.987860258,1442.1
avgbs_110914.1.27,Mrg13,106.5,0.380969412,1442.1
avgbs_1708.1.27,Mrg13,106.5,0,1442.1
avgbs_34750.1.52,Mrg13,106.5,1.283961612,1442.1
avgbs_61215.1.42,Mrg13,106.5,0,1442.1
avgbs_80590.1.47,Mrg13,106.5,0.126450323,1442.1
avgbs_cluster_13234.1.39,Mrg13,106.5,0.011705546,1442.1
avgbs_cluster_13234.1.60,Mrg13,106.5,0,1442.1
avgbs_cluster_20733.1.59,Mrg13,106.5,0,1442.1
avgbs_14269.1.15,Mrg13,107.3,0.383000138,1442.9
avgbs_53008.1.53,Mrg13,107.3,0.12429027,1442.9
avgbs_18019.1.22,Mrg13,108.5,0.193725924,1444.1
avgbs_37613.1.36,Mrg13,108.5,0.352105638,1444.1
avgbs_8053.1.64,Mrg13,108.5,0,1444.1
avgbs_92666.1.30,Mrg13,108.5,0,1444.1
avgbs_cluster_22085.1.55,Mrg13,108.5,0.349650878,1444.1
avgbs_cluster_23248.1.24,Mrg13,108.5,0.136323509,1444.1
avgbs_cluster_23248.1.39,Mrg13,108.5,0.136323509,1444.1
avgbs_cluster_23248.1.60,Mrg13,108.5,0.136323509,1444.1
avgbs_cluster_27709.1.39,Mrg13,108.5,0.695996529,1444.1
avgbs_cluster_32540.1.31,Mrg13,108.5,0,1444.1
avgbs_cluster_39240.1.30,Mrg13,108.5,1.768200319,1444.1
avgbs_cluster_39240.1.32,Mrg13,108.5,1.768200319,1444.1
avgbs_cluster_39240.1.47,Mrg13,108.5,1.768200319,1444.1
avgbs_cluster_5213.1.48,Mrg13,108.5,0.108071479,1444.1
avgbs_cluster_5213.1.53,Mrg13,108.5,0.108071479,1444.1
avgbs_cluster_5213.1.60,Mrg13,108.5,0.108071479,1444.1
avgbs_213929.1.44,Mrg13,111.7,0.300103382,1447.3
avgbs_7370.1.15,Mrg13,111.7,0,1447.3
avgbs_cluster_20097.1.23,Mrg13,111.7,0.028756663,1447.3
avgbs_cluster_21153.1.37,Mrg13,111.7,0.084665457,1447.3
avgbs_cluster_21153.1.56,Mrg13,111.7,0.084665457,1447.3
avgbs_12091.1.49,Mrg13,114.6,0,1450.2
avgbs_21100.1.51,Mrg13,114.6,0,1450.2
avgbs_221928.1.27,Mrg13,114.6,0.796792967,1450.2
avgbs_94638.1.46,Mrg13,114.6,0,1450.2
avgbs_cluster_38015.1.36,Mrg13,114.6,0,1450.2
avgbs_cluster_41479.1.57,Mrg13,114.6,0.334784632,1450.2
avgbs_cluster_22640.1.12,Mrg13,115.4,0.150649517,1451
avgbs_18478.1.43,Mrg15,0,1.360576683,1451
avgbs_124283.1.62,Mrg15,2.9,1.192294535,1453.9
avgbs_cluster_28340.1.50,Mrg15,3.8,0.049079233,1454.8
avgbs_7862.1.20,Mrg15,5.1,0.640301801,1456.1
avgbs_cluster_7184.1.64,Mrg15,6.7,0.995273307,1457.7
avgbs_70945.1.43,Mrg15,7.3,1.055280469,1458.3
avgbs_212480.1.62,Mrg15,7.5,0,1458.5
avgbs_cluster_2551.1.12,Mrg15,7.5,0.006499212,1458.5
avgbs_cluster_14442.1.41,Mrg15,8.1,0,1459.1
avgbs_124299.1.42,Mrg15,8.2,0.30988661,1459.2
avgbs_cluster_37678.1.56,Mrg15,10,1.168654714,1461
avgbs_cluster_37678.1.64,Mrg15,10,1.168654714,1461
avgbs_119002.1.56,Mrg15,10.3,0,1461.3
avgbs_91680.1.59,Mrg15,10.3,0.170233116,1461.3
avgbs_26770.1.20,Mrg15,11.6,0,1462.6
avgbs_6K_70341.1.61,Mrg15,11.6,0.424639435,1462.6
avgbs_8073.1.40,Mrg15,11.6,0.090069753,1462.6
avgbs_40705.1.21,Mrg15,13.9,0,1464.9
avgbs_6820.1.42,Mrg15,13.9,0.412330689,1464.9
avgbs_cluster_8133.1.8,Mrg15,14.4,0,1465.4
avgbs_10862.1.14,Mrg15,15,0.041813159,1466
avgbs_4805.1.44,Mrg15,15,0.200024126,1466
avgbs_92091.1.28,Mrg15,15,0.055821896,1466
avgbs_cluster_30185.1.27,Mrg15,15,0.130549371,1466
avgbs_cluster_8133.1.26,Mrg15,15,0,1466
avgbs_105759.1.49,Mrg15,16.4,0,1467.4
avgbs_cluster_11382.1.39,Mrg15,16.4,0.096689979,1467.4
avgbs_cluster_11382.1.59,Mrg15,16.4,0.096689979,1467.4
avgbs_17101.1.49,Mrg15,16.5,0.653730433,1467.5
avgbs_63587.1.27,Mrg15,17.3,0.046268801,1468.3
avgbs_107017.1.27,Mrg15,18,0,1469
avgbs_cluster_540.1.51,Mrg15,19.4,0.075302729,1470.4
avgbs_cluster_540.1.54,Mrg15,19.4,0.075302729,1470.4
avgbs_cluster_5142.1.24,Mrg15,20.6,0.101532155,1471.6
avgbs_112514.1.36,Mrg15,21.4,0.032461909,1472.4
avgbs_125426.1.49,Mrg15,21.4,0,1472.4
avgbs_34812.1.54,Mrg15,21.4,0.287580856,1472.4
avgbs_51158.1.52,Mrg15,21.4,0.075228401,1472.4
avgbs_51344.1.17,Mrg15,21.4,0.497932864,1472.4
avgbs_86684.1.28,Mrg15,21.4,0,1472.4
avgbs_cluster_10603.1.27,Mrg15,21.4,0,1472.4
avgbs_cluster_40817.1.18,Mrg15,21.4,0.069797939,1472.4
avgbs_cluster_40817.1.40,Mrg15,21.4,0.069797939,1472.4
avgbs_cluster_41332.1.57,Mrg15,21.4,0,1472.4
avgbs_cluster_5925.1.21,Mrg15,21.4,0,1472.4
avgbs_cluster_8897.1.19,Mrg15,21.4,0,1472.4
avgbs_106272.1.21,Mrg15,22,0.776373387,1473
avgbs_108895.1.20,Mrg15,22,0.329629751,1473
avgbs_122522.1.31,Mrg15,22,0.291672453,1473
avgbs_1861.1.7,Mrg15,22,0.015761164,1473
avgbs_204783.1.53,Mrg15,22,0.374305185,1473
avgbs_22159.1.43,Mrg15,22,0.372160512,1473
avgbs_76515.1.64,Mrg15,22,0.391939702,1473
avgbs_cluster_12534.1.34,Mrg15,22.1,0,1473.1
avgbs_112947.1.31,Mrg15,23.6,0,1474.6
avgbs_18812.1.60,Mrg15,23.6,0.675869159,1474.6
avgbs_63606.1.44,Mrg15,23.6,0.496913197,1474.6
avgbs_cluster_12109.1.16,Mrg15,23.6,0.516129974,1474.6
avgbs_cluster_12513.1.63,Mrg15,23.6,0.109493102,1474.6
avgbs_cluster_34971.1.27,Mrg15,23.6,0.08996076,1474.6
avgbs_cluster_34971.1.42,Mrg15,23.6,0.08996076,1474.6
avgbs_cluster_34971.1.64,Mrg15,23.6,0.08996076,1474.6
avgbs_cluster_26588.1.64,Mrg15,24.2,0,1475.2
avgbs_12791.1.48,Mrg15,24.6,0.040925947,1475.6
avgbs_40892.1.31,Mrg15,25.5,0,1476.5
avgbs_72139.1.30,Mrg15,25.5,0.63381172,1476.5
avgbs_77177.1.37,Mrg15,25.5,0,1476.5
avgbs_114369.1.56,Mrg15,25.9,0,1476.9
avgbs_109002.1.11,Mrg15,26.4,0.143111922,1477.4
avgbs_115193.1.42,Mrg15,26.4,0.201119899,1477.4
avgbs_cluster_24247.1.55,Mrg15,26.4,0.125912691,1477.4
avgbs_cluster_24247.1.62,Mrg15,26.4,0.125912691,1477.4
avgbs_cluster_35368.1.48,Mrg15,26.4,0.602760807,1477.4
avgbs_cluster_40873.1.48,Mrg15,26.4,0.258345411,1477.4
avgbs_10668.1.63,Mrg15,27.2,0.165806038,1478.2
avgbs_117101.1.43,Mrg15,27.2,0.510023555,1478.2
avgbs_117163.1.53,Mrg15,27.2,0.190358217,1478.2
avgbs_118540.1.10,Mrg15,27.2,0.286585575,1478.2
avgbs_119649.1.52,Mrg15,27.2,0.326090648,1478.2
avgbs_51170.1.48,Mrg15,27.2,0.286585575,1478.2
avgbs_53992.1.34,Mrg15,27.2,0.360905275,1478.2
avgbs_6K_64994.1.51,Mrg15,27.2,0.095215999,1478.2
avgbs_87466.1.39,Mrg15,27.2,0.09945917,1478.2
avgbs_cluster_16344.1.10,Mrg15,27.2,0.493152236,1478.2
avgbs_cluster_16344.1.37,Mrg15,27.2,0.493152236,1478.2
avgbs_13466.1.53,Mrg15,28,0.401124337,1479
avgbs_118448.1.22,Mrg15,29.4,0.327527596,1480.4
avgbs_10004.1.9,Mrg15,31.3,0.003319151,1482.3
avgbs_109.1.42,Mrg15,31.3,0,1482.3
avgbs_114722.1.49,Mrg15,31.3,0.112076493,1482.3
avgbs_125802.1.44,Mrg15,31.3,0.096763698,1482.3
avgbs_200545.1.62,Mrg15,31.3,0.412085863,1482.3
avgbs_cluster_38684.1.44,Mrg15,31.3,0.697447418,1482.3
avgbs_103966.1.16,Mrg15,32.7,0.041323367,1483.7
avgbs_121589.1.63,Mrg15,32.7,0.551136068,1483.7
avgbs_121609.1.19,Mrg15,32.7,0.574256193,1483.7
avgbs_124991.1.19,Mrg15,32.7,0.020274717,1483.7
avgbs_25824.1.60,Mrg15,32.7,0.457435783,1483.7
avgbs_2894.1.18,Mrg15,32.7,0.228733108,1483.7
avgbs_55931.1.13,Mrg15,32.7,0,1483.7
avgbs_61378.1.10,Mrg15,32.7,0.524905397,1483.7
avgbs_6K_73795.1.63,Mrg15,32.7,0.308005257,1483.7
avgbs_700.1.18,Mrg15,32.7,0,1483.7
avgbs_7381.1.10,Mrg15,32.7,0.478135612,1483.7
avgbs_75576.1.40,Mrg15,32.7,0.508407296,1483.7
avgbs_8194.1.56,Mrg15,32.7,0.143813769,1483.7
avgbs_85054.1.9,Mrg15,32.7,0,1483.7
avgbs_88269.1.13,Mrg15,32.7,0,1483.7
avgbs_cluster_32438.1.29,Mrg15,32.7,0.021049949,1483.7
avgbs_cluster_39717.1.55,Mrg15,32.7,0.400800079,1483.7
avgbs_cluster_40685.1.30,Mrg15,32.7,0.398479387,1483.7
avgbs_cluster_40685.1.56,Mrg15,32.7,0.398479387,1483.7
avgbs_cluster_4138.1.6,Mrg15,32.7,0.459410001,1483.7
avgbs_cluster_7011.1.64,Mrg15,32.7,0.433629462,1483.7
avgbs_cluster_41106.1.52,Mrg15,33,0,1484
avgbs_123691.1.20,Mrg15,33.5,0,1484.5
avgbs_30052.1.34,Mrg15,33.5,0,1484.5
avgbs_31722.1.31,Mrg15,33.5,0,1484.5
avgbs_42681.1.63,Mrg15,33.5,0.62326793,1484.5
avgbs_cluster_209.1.61,Mrg15,33.5,0,1484.5
avgbs_cluster_40880.1.47,Mrg15,33.5,0,1484.5
avgbs_cluster_9835.1.19,Mrg15,33.5,0,1484.5
avgbs_cluster_9835.1.41,Mrg15,33.5,0,1484.5
avgbs_69747.1.44,Mrg15,33.6,0,1484.6
avgbs_9128.1.42,Mrg15,33.6,0,1484.6
avgbs_cluster_16219.1.62,Mrg15,33.6,0,1484.6
avgbs_cluster_42865.1.44,Mrg15,33.6,0,1484.6
avgbs_100518.1.10,Mrg15,35.1,0,1486.1
avgbs_106964.1.9,Mrg15,35.1,0,1486.1
avgbs_107497.1.42,Mrg15,35.1,0,1486.1
avgbs_109756.1.39,Mrg15,35.1,0,1486.1
avgbs_114187.1.21,Mrg15,35.1,0,1486.1
avgbs_114491.1.40,Mrg15,35.1,0,1486.1
avgbs_114636.1.44,Mrg15,35.1,0,1486.1
avgbs_116165.1.55,Mrg15,35.1,0,1486.1
avgbs_122366.1.43,Mrg15,35.1,0,1486.1
avgbs_122447.1.41,Mrg15,35.1,0,1486.1
avgbs_125180.1.35,Mrg15,35.1,0.095137689,1486.1
avgbs_15395.1.37,Mrg15,35.1,0,1486.1
avgbs_26686.1.8,Mrg15,35.1,0,1486.1
avgbs_28829.1.57,Mrg15,35.1,0,1486.1
avgbs_3111.1.49,Mrg15,35.1,0,1486.1
avgbs_38737.1.46,Mrg15,35.1,0,1486.1
avgbs_38766.1.64,Mrg15,35.1,0,1486.1
avgbs_44012.1.13,Mrg15,35.1,0,1486.1
avgbs_46836.1.34,Mrg15,35.1,0,1486.1
avgbs_51724.1.42,Mrg15,35.1,0.06238222,1486.1
avgbs_56317.1.17,Mrg15,35.1,0,1486.1
avgbs_57243.1.6,Mrg15,35.1,0,1486.1
avgbs_65615.1.54,Mrg15,35.1,0,1486.1
avgbs_67661.1.12,Mrg15,35.1,0,1486.1
avgbs_6K_70684.1.11,Mrg15,35.1,0,1486.1
avgbs_7397.1.23,Mrg15,35.1,0,1486.1
avgbs_91541.1.36,Mrg15,35.1,0,1486.1
avgbs_91809.1.15,Mrg15,35.1,0.175386714,1486.1
avgbs_97982.1.36,Mrg15,35.1,0,1486.1
avgbs_cluster_20847.1.44,Mrg15,35.1,0,1486.1
avgbs_cluster_26355.1.56,Mrg15,35.1,0,1486.1
avgbs_cluster_28280.1.44,Mrg15,35.1,0,1486.1
avgbs_cluster_28280.1.48,Mrg15,35.1,0,1486.1
avgbs_cluster_28280.1.52,Mrg15,35.1,0,1486.1
avgbs_cluster_31415.1.15,Mrg15,35.1,0.312022266,1486.1
avgbs_cluster_32432.1.61,Mrg15,35.1,0,1486.1
avgbs_cluster_33254.1.33,Mrg15,35.1,0,1486.1
avgbs_cluster_35446.1.24,Mrg15,35.1,0.180469719,1486.1
avgbs_cluster_35446.1.62,Mrg15,35.1,0.180469719,1486.1
avgbs_cluster_37152.1.36,Mrg15,35.1,0,1486.1
avgbs_cluster_40566.1.53,Mrg15,35.1,0,1486.1
avgbs_cluster_6498.1.24,Mrg15,35.1,0,1486.1
avgbs_22277.1.26,Mrg15,44.6,0.313771349,1495.6
avgbs_204910.1.45,Mrg15,49.5,0.177715898,1500.5
avgbs_52592.1.19,Mrg15,49.5,0.2745682,1500.5
avgbs_92365.1.32,Mrg15,49.5,0.396324874,1500.5
avgbs_99651.1.12,Mrg15,49.5,0.119710162,1500.5
avgbs_cluster_4868.1.55,Mrg15,49.5,0.300641614,1500.5
avgbs_112178.1.33,Mrg15,50.3,0.252236551,1501.3
avgbs_21656.1.16,Mrg15,50.3,0,1501.3
avgbs_cluster_16846.1.28,Mrg15,50.3,0,1501.3
avgbs_cluster_17921.1.25,Mrg15,50.3,0.348329123,1501.3
avgbs_cluster_17921.1.26,Mrg15,50.3,0.348329123,1501.3
avgbs_cluster_17921.1.35,Mrg15,50.3,0.348329123,1501.3
avgbs_cluster_34522.1.17,Mrg15,50.3,0.160916796,1501.3
avgbs_cluster_34522.1.40,Mrg15,50.3,0.160916796,1501.3
avgbs_cluster_4161.1.64,Mrg15,50.3,0.172556888,1501.3
avgbs_cluster_4478.1.31,Mrg15,50.3,0.314655785,1501.3
avgbs_cluster_4478.1.59,Mrg15,50.3,0.314655785,1501.3
avgbs_cluster_9300.1.17,Mrg15,50.3,0.171091533,1501.3
avgbs_83489.1.51,Mrg15,51.5,0,1502.5
avgbs_119248.1.39,Mrg15,52,0.029380086,1503
avgbs_103793.1.24,Mrg15,52.7,0.314004295,1503.7
avgbs_107357.1.48,Mrg15,52.7,0.291858688,1503.7
avgbs_107386.1.22,Mrg15,52.7,0.427806951,1503.7
avgbs_17685.1.63,Mrg15,52.7,0.146646315,1503.7
avgbs_65413.1.52,Mrg15,52.7,0.263277691,1503.7
avgbs_76050.1.16,Mrg15,52.7,0.338591753,1503.7
avgbs_cluster_28328.1.29,Mrg15,52.7,0.174505474,1503.7
avgbs_cluster_28328.1.31,Mrg15,52.7,0.174505474,1503.7
avgbs_cluster_28328.1.64,Mrg15,52.7,0.174505474,1503.7
avgbs_cluster_39210.1.21,Mrg15,52.7,0.226264691,1503.7
avgbs_cluster_39612.1.36,Mrg15,52.7,0.285234275,1503.7
avgbs_cluster_19777.1.42,Mrg15,53.2,0.00884025,1504.2
avgbs_18409.1.51,Mrg15,53.7,0.636020985,1504.7
avgbs_cluster_39505.1.41,Mrg15,53.7,1.785956195,1504.7
avgbs_cluster_39505.1.58,Mrg15,53.7,1.785956195,1504.7
avgbs_115950.1.42,Mrg15,58.2,0,1509.2
avgbs_122956.1.19,Mrg15,58.2,0.210627747,1509.2
avgbs_12340.1.32,Mrg15,58.2,0,1509.2
avgbs_125430.1.60,Mrg15,58.2,0.178359529,1509.2
avgbs_cluster_2483.1.7,Mrg15,58.2,0.220498831,1509.2
avgbs_cluster_26805.1.36,Mrg15,58.2,0,1509.2
avgbs_cluster_29844.1.16,Mrg15,58.2,0.210627747,1509.2
avgbs_cluster_29844.1.35,Mrg15,58.2,0.210627747,1509.2
avgbs_cluster_37346.1.41,Mrg15,58.2,0.017840236,1509.2
avgbs_cluster_37346.1.57,Mrg15,58.2,0.017840236,1509.2
avgbs_cluster_29545.1.49,Mrg15,60,0.079250983,1511
avgbs_cluster_39697.1.29,Mrg15,60,0,1511
avgbs_cluster_39697.1.30,Mrg15,60,0,1511
avgbs_cluster_26416.1.40,Mrg15,67.6,0.379982849,1518.6
avgbs_cluster_26416.1.53,Mrg15,67.6,0.026497677,1518.6
avgbs_cluster_32484.1.63,Mrg15,67.6,0.26450053,1518.6
avgbs_90956.1.27,Mrg15,68.7,0.157554526,1519.7
avgbs_74410.1.42,Mrg15,70.2,0.136838648,1521.2
avgbs_cluster_24174.1.59,Mrg15,70.2,0.629443687,1521.2
avgbs_cluster_3829.1.51,Mrg15,70.4,0.516038616,1521.4
avgbs_cluster_3829.1.52,Mrg15,70.4,0.516038616,1521.4
avgbs_108419.1.64,Mrg15,72.6,0.042951714,1523.6
avgbs_109631.1.42,Mrg15,72.9,0.054045625,1523.9
avgbs_112278.1.44,Mrg15,72.9,0.30512238,1523.9
avgbs_113329.1.7,Mrg15,72.9,0,1523.9
avgbs_115512.1.17,Mrg15,72.9,0.061142981,1523.9
avgbs_12343.1.18,Mrg15,72.9,0.063774251,1523.9
avgbs_19669.1.28,Mrg15,72.9,0.19672174,1523.9
avgbs_6K_103854.1.11,Mrg15,72.9,0.027999123,1523.9
avgbs_6K_107664.1.57,Mrg15,72.9,0.364006847,1523.9
avgbs_9243.1.12,Mrg15,72.9,0.409536626,1523.9
avgbs_99122.1.22,Mrg15,72.9,0.817217455,1523.9
avgbs_cluster_2034.1.10,Mrg15,72.9,0.282316435,1523.9
avgbs_cluster_2034.1.7,Mrg15,72.9,0.282316435,1523.9
avgbs_cluster_34626.1.60,Mrg15,72.9,0.36783228,1523.9
avgbs_cluster_40564.1.53,Mrg15,72.9,0,1523.9
avgbs_116891.1.44,Mrg15,77.5,0.336749904,1528.5
avgbs_188.1.42,Mrg15,77.5,0.261487606,1528.5
avgbs_19715.1.18,Mrg15,77.5,0,1528.5
avgbs_28224.1.27,Mrg15,77.6,0.268108242,1528.6
avgbs_cluster_23657.1.46,Mrg15,77.6,0.479143537,1528.6
avgbs_cluster_35220.1.10,Mrg15,77.6,0.023617509,1528.6
avgbs_cluster_24081.1.59,Mrg15,79.2,0.073800171,1530.2
avgbs_cluster_40053.1.54,Mrg15,80.7,0.091161224,1531.7
avgbs_cluster_41917.1.12,Mrg15,82,0.217548233,1533
avgbs_cluster_4979.1.54,Mrg15,82.3,0.054442043,1533.3
avgbs_cluster_32332.1.23,Mrg15,84,0.27632029,1535
avgbs_cluster_32332.1.25,Mrg15,84,0.27632029,1535
avgbs_16053.1.40,Mrg15,85.8,0.365980895,1536.8
avgbs_cluster_35220.1.16,Mrg15,85.8,0,1536.8
avgbs_cluster_35220.1.44,Mrg15,85.8,0.108678443,1536.8
avgbs_cluster_39300.1.46,Mrg15,85.8,0.108678443,1536.8
avgbs_cluster_39300.1.62,Mrg15,85.8,0.046007854,1536.8
avgbs_cluster_7124.1.47,Mrg15,85.8,0.073879405,1536.8
avgbs_cluster_7124.1.53,Mrg15,85.8,0.073879405,1536.8
avgbs_cluster_7124.1.59,Mrg15,85.8,0.073879405,1536.8
avgbs_cluster_25398.1.25,Mrg15,87,0,1538
avgbs_115362.1.10,Mrg15,87.2,0.314624704,1538.2
avgbs_21857.1.37,Mrg15,87.2,0.210647319,1538.2
avgbs_cluster_13997.1.34,Mrg15,88.2,0,1539.2
avgbs_cluster_40711.1.26,Mrg15,88.2,0.263548848,1539.2
avgbs_cluster_40711.1.29,Mrg15,88.2,0.263548848,1539.2
avgbs_cluster_5952.1.18,Mrg15,88.2,0.336804462,1539.2
avgbs_cluster_5952.1.29,Mrg15,88.2,0.336804462,1539.2
avgbs_cluster_39689.1.27,Mrg15,91.9,0,1542.9
avgbs_75373.1.18,Mrg15,92.4,0.454570883,1543.4
avgbs_cluster_31181.1.55,Mrg17,2.4,0.406707913,1545.8
avgbs_cluster_3322.1.38,Mrg17,7.3,0.010718236,1550.7
avgbs_cluster_3322.1.46,Mrg17,7.3,0.010718236,1550.7
avgbs_35390.1.28,Mrg17,7.6,0.061868409,1551
avgbs_10912.1.16,Mrg17,10.5,0.945561241,1553.9
avgbs_cluster_37333.1.8,Mrg17,10.5,0.394491785,1553.9
avgbs_2995.1.52,Mrg17,12.8,0.232105956,1556.2
avgbs_cluster_38113.1.8,Mrg17,13.3,0.161672844,1556.7
avgbs_126111.1.49,Mrg17,13.7,0.4209201,1557.1
avgbs_6K_26325.1.59,Mrg17,14,0.548463486,1557.4
avgbs_7345.1.11,Mrg17,14.7,0.02099835,1558.1
avgbs_cluster_33010.1.58,Mrg17,15.3,0.090152424,1558.7
avgbs_cluster_328.1.12,Mrg17,17.7,0.038829315,1561.1
avgbs_cluster_328.1.40,Mrg17,17.7,0.038829315,1561.1
avgbs_3677.1.61,Mrg17,19.4,1.425559673,1562.8
avgbs_cluster_18458.1.10,Mrg17,19.4,1.340691472,1562.8
avgbs_cluster_18458.1.46,Mrg17,19.4,1.340691472,1562.8
avgbs_123016.1.40,Mrg17,19.5,0.289814929,1562.9
avgbs_10682.1.47,Mrg17,24.5,2.293561419,1567.9
avgbs_537.1.31,Mrg17,24.5,0,1567.9
avgbs_80505.1.13,Mrg17,24.5,0,1567.9
avgbs_9437.1.17,Mrg17,24.5,0,1567.9
avgbs_5920.1.17,Mrg17,24.6,0.839867655,1568
avgbs_cluster_96.1.63,Mrg17,24.7,0.57709738,1568.1
avgbs_9931.1.42,Mrg17,24.9,2.009167211,1568.3
avgbs_99962.1.22,Mrg17,25.8,0,1569.2
avgbs_82635.1.20,Mrg17,26.1,1.761793289,1569.5
avgbs_cluster_27274.1.38,Mrg17,26.2,0.082278639,1569.6
avgbs_79.1.35,Mrg17,27.9,1.594356554,1571.3
avgbs_45822.1.54,Mrg17,28.4,0,1571.8
avgbs_cluster_25955.1.53,Mrg17,29.1,1.275920522,1572.5
avgbs_40282.1.26,Mrg17,30.2,0.238564129,1573.6
avgbs_cluster_27714.1.7,Mrg17,30.2,0.748400934,1573.6
avgbs_52590.1.28,Mrg17,30.3,0.425510968,1573.7
avgbs_56302.1.6,Mrg17,30.3,0.284084815,1573.7
avgbs_cluster_25955.1.21,Mrg17,30.9,0.390580395,1574.3
avgbs_112940.1.56,Mrg17,31.2,0.418959949,1574.6
avgbs_cluster_20867.1.21,Mrg17,31.5,0,1574.9
avgbs_100830.1.37,Mrg17,31.8,0.226682729,1575.2
avgbs_104397.1.51,Mrg17,32.2,0.041578199,1575.6
avgbs_109532.1.25,Mrg17,32.2,0.134381685,1575.6
avgbs_125803.1.26,Mrg17,32.2,0.088435395,1575.6
avgbs_14208.1.45,Mrg17,32.2,0.003462495,1575.6
avgbs_21350.1.23,Mrg17,32.2,0.236782826,1575.6
avgbs_32200.1.23,Mrg17,32.2,0.284736737,1575.6
avgbs_6360.1.36,Mrg17,32.2,0.149991726,1575.6
avgbs_65313.1.6,Mrg17,32.2,0.09360737,1575.6
avgbs_6K_1427.1.6,Mrg17,32.2,0.089534243,1575.6
avgbs_74532.1.23,Mrg17,32.2,0.073189786,1575.6
avgbs_87098.1.32,Mrg17,32.2,0.079010115,1575.6
avgbs_88861.1.34,Mrg17,32.2,0.079010115,1575.6
avgbs_cluster_36150.1.12,Mrg17,32.2,0.024628218,1575.6
avgbs_cluster_41070.1.18,Mrg17,32.2,0.000647357,1575.6
avgbs_cluster_41070.1.22,Mrg17,32.2,0.191956604,1575.6
avgbs_cluster_8530.1.43,Mrg17,32.2,0.079010115,1575.6
avgbs_116791.1.33,Mrg17,32.8,0.289139885,1576.2
avgbs_120766.1.10,Mrg17,32.8,0.178971625,1576.2
avgbs_38882.1.16,Mrg17,32.8,0.633209308,1576.2
avgbs_77096.1.29,Mrg17,32.8,0,1576.2
avgbs_cluster_32761.1.25,Mrg17,32.8,0.556959193,1576.2
avgbs_cluster_41145.1.60,Mrg17,32.8,0,1576.2
avgbs_cluster_7712.1.64,Mrg17,32.8,0.067956671,1576.2
avgbs_cluster_21460.1.19,Mrg17,32.9,0.345225401,1576.3
avgbs_102221.1.53,Mrg17,33.2,0,1576.6
avgbs_123763.1.24,Mrg17,33.2,0.294340529,1576.6
avgbs_17662.1.44,Mrg17,33.2,0.158991367,1576.6
avgbs_2151.1.47,Mrg17,33.2,0.414323446,1576.6
avgbs_26961.1.7,Mrg17,33.2,0,1576.6
avgbs_27877.1.21,Mrg17,33.2,0,1576.6
avgbs_39026.1.57,Mrg17,33.2,0.116463585,1576.6
avgbs_99551.1.50,Mrg17,33.2,0.182899994,1576.6
avgbs_cluster_30120.1.28,Mrg17,33.2,0,1576.6
avgbs_cluster_31782.1.64,Mrg17,33.2,0.242595605,1576.6
avgbs_cluster_33086.1.26,Mrg17,33.2,0.119681736,1576.6
avgbs_cluster_897.1.22,Mrg17,33.2,0.128350294,1576.6
avgbs_cluster_18427.1.62,Mrg17,33.4,0.272753531,1576.8
avgbs_26532.1.64,Mrg17,33.5,0.269599339,1576.9
avgbs_21946.1.64,Mrg17,33.6,0.190859009,1577
avgbs_53889.1.21,Mrg17,33.6,0.186065863,1577
avgbs_1015.1.63,Mrg17,34,0,1577.4
avgbs_110323.1.13,Mrg17,34,0.294059812,1577.4
avgbs_114653.1.19,Mrg17,34,0.208262179,1577.4
avgbs_123224.1.12,Mrg17,34,0,1577.4
avgbs_41395.1.22,Mrg17,34,0.185587364,1577.4
avgbs_61.1.58,Mrg17,34,0,1577.4
avgbs_61650.1.39,Mrg17,34,0,1577.4
avgbs_86308.1.35,Mrg17,34,0,1577.4
avgbs_cluster_18495.1.9,Mrg17,34,0,1577.4
avgbs_cluster_30463.1.18,Mrg17,34,0,1577.4
avgbs_107605.1.22,Mrg17,36.6,0.114732538,1580
avgbs_111717.1.24,Mrg17,36.6,0.095606479,1580
avgbs_7430.1.28,Mrg17,36.6,0.26332398,1580
avgbs_cluster_16789.1.36,Mrg17,36.6,0.068068964,1580
avgbs_100922.1.13,Mrg17,37.3,0.324223052,1580.7
avgbs_113760.1.28,Mrg17,37.3,0.1627513,1580.7
avgbs_124347.1.51,Mrg17,37.3,0.248191114,1580.7
avgbs_125066.1.19,Mrg17,37.3,0.222368741,1580.7
avgbs_17834.1.11,Mrg17,37.3,0.220098839,1580.7
avgbs_20932.1.64,Mrg17,37.3,0.362616549,1580.7
avgbs_3175.1.38,Mrg17,37.3,0.329292453,1580.7
avgbs_35341.1.57,Mrg17,37.3,0.423901346,1580.7
avgbs_52843.1.35,Mrg17,37.3,0.212192668,1580.7
avgbs_6886.1.58,Mrg17,37.3,0.257532996,1580.7
avgbs_6K_113531.1.62,Mrg17,37.3,0.023627817,1580.7
avgbs_6K_78834.1.11,Mrg17,37.3,0.169487818,1580.7
avgbs_77406.1.48,Mrg17,37.3,0.025370303,1580.7
avgbs_936.1.20,Mrg17,37.3,0.427556843,1580.7
avgbs_9566.1.58,Mrg17,37.3,0.107085309,1580.7
avgbs_9995.1.62,Mrg17,37.3,0.179314297,1580.7
avgbs_cluster_11726.1.20,Mrg17,37.3,0.081790101,1580.7
avgbs_cluster_11726.1.21,Mrg17,37.3,0.081790101,1580.7
avgbs_cluster_12808.1.61,Mrg17,37.3,0.048223279,1580.7
avgbs_cluster_1504.1.26,Mrg17,37.3,0.577865982,1580.7
avgbs_cluster_2723.1.50,Mrg17,37.3,0.208861912,1580.7
avgbs_cluster_35640.1.58,Mrg17,37.3,0.324223052,1580.7
avgbs_cluster_36165.1.13,Mrg17,37.3,0.398199467,1580.7
avgbs_cluster_36165.1.29,Mrg17,37.3,0.209743516,1580.7
avgbs_cluster_39131.1.11,Mrg17,37.3,0.397195397,1580.7
avgbs_cluster_39131.1.26,Mrg17,37.3,0.19742327,1580.7
avgbs_cluster_39131.1.41,Mrg17,37.3,0.671331668,1580.7
avgbs_cluster_40606.1.12,Mrg17,37.3,0.104323267,1580.7
avgbs_cluster_5461.1.58,Mrg17,37.3,0.294580306,1580.7
avgbs_cluster_5461.1.61,Mrg17,37.3,0.294580306,1580.7
avgbs_cluster_4802.1.21,Mrg17,39.7,0.193896717,1583.1
avgbs_cluster_4802.1.40,Mrg17,39.7,0.193896717,1583.1
avgbs_114206.1.59,Mrg17,39.8,0.220569045,1583.2
avgbs_14004.1.51,Mrg17,40.1,0.267854801,1583.5
avgbs_86619.1.57,Mrg17,47.3,0,1590.7
avgbs_13947.1.45,Mrg17,47.9,0.213158191,1591.3
avgbs_32853.1.11,Mrg17,48.7,0.195066039,1592.1
avgbs_104996.1.40,Mrg17,49.4,0.090415431,1592.8
avgbs_111219.1.61,Mrg17,49.4,0.050152069,1592.8
avgbs_86473.1.40,Mrg17,49.5,0.637128611,1592.9
avgbs_14190.1.32,Mrg17,49.8,1.059545932,1593.2
avgbs_102354.1.46,Mrg17,49.9,0,1593.3
avgbs_83544.1.59,Mrg17,49.9,0.759493452,1593.3
avgbs_106374.1.44,Mrg17,50.8,1.277298499,1594.2
avgbs_86695.1.45,Mrg17,50.8,0.194372713,1594.2
avgbs_40308.1.11,Mrg17,51,0.262893046,1594.4
avgbs_48778.1.11,Mrg17,51,0,1594.4
avgbs_200333.1.49,Mrg17,51.3,0.344897706,1594.7
avgbs_cluster_20994.1.23,Mrg17,51.3,0,1594.7
avgbs_120630.1.26,Mrg17,51.6,0.083414594,1595
avgbs_cluster_38771.1.47,Mrg17,56.1,0.226976133,1599.5
avgbs_118413.1.53,Mrg17,56.5,0.068061829,1599.9
avgbs_86973.1.35,Mrg17,56.5,0.528635333,1599.9
avgbs_cluster_17763.1.46,Mrg17,56.5,0.036329283,1599.9
avgbs_cluster_17763.1.57,Mrg17,56.5,0.036329283,1599.9
avgbs_cluster_17763.1.8,Mrg17,56.5,0.036329283,1599.9
avgbs_cluster_28477.1.62,Mrg17,56.5,0.022600539,1599.9
avgbs_cluster_28477.1.63,Mrg17,56.5,0.022600539,1599.9
avgbs_cluster_6626.1.33,Mrg17,56.5,0,1599.9
avgbs_7961.1.56,Mrg17,57.3,0,1600.7
avgbs_cluster_20124.1.24,Mrg17,57.4,0.009114842,1600.8
avgbs_cluster_20124.1.45,Mrg17,57.4,0.009114842,1600.8
avgbs_cluster_20124.1.47,Mrg17,57.4,0.009114842,1600.8
avgbs_81242.1.24,Mrg17,61.5,0.253780127,1604.9
avgbs_cluster_29761.1.38,Mrg17,61.5,0,1604.9
avgbs_cluster_29761.1.47,Mrg17,61.5,0,1604.9
avgbs_cluster_39630.1.30,Mrg17,61.5,0,1604.9
avgbs_cluster_39828.1.10,Mrg17,61.5,0.274693859,1604.9
avgbs_cluster_43289.1.57,Mrg17,62.2,0,1605.6
avgbs_109843.1.63,Mrg17,62.4,0.179601631,1605.8
avgbs_79469.1.58,Mrg17,62.9,0.376970468,1606.3
avgbs_cluster_34864.1.12,Mrg17,62.9,0.261484016,1606.3
avgbs_cluster_34864.1.13,Mrg17,62.9,0.261484016,1606.3
avgbs_cluster_36242.1.19,Mrg17,62.9,0.534390749,1606.3
avgbs_cluster_38419.1.54,Mrg17,62.9,0,1606.3
avgbs_cluster_38771.1.30,Mrg17,63,0,1606.4
avgbs_113724.1.8,Mrg17,63.1,0.345903819,1606.5
avgbs_cluster_1526.1.51,Mrg17,63.1,0.345335406,1606.5
avgbs_cluster_43278.1.29,Mrg17,63.1,0,1606.5
avgbs_110374.1.40,Mrg17,63.2,0.334345051,1606.6
avgbs_114097.1.9,Mrg17,63.3,0,1606.7
avgbs_119436.1.31,Mrg17,63.3,0,1606.7
avgbs_26647.1.56,Mrg17,63.3,0.297225479,1606.7
avgbs_cluster_25479.1.12,Mrg17,63.3,0.400965116,1606.7
avgbs_cluster_25479.1.15,Mrg17,63.3,0.389806653,1606.7
avgbs_cluster_25479.1.28,Mrg17,63.3,0.400965116,1606.7
avgbs_568.1.42,Mrg17,65.7,0.700130909,1609.1
avgbs_64773.1.26,Mrg17,66.1,0.274755015,1609.5
avgbs_cluster_21346.1.12,Mrg17,66.1,0.63816852,1609.5
avgbs_cluster_21346.1.38,Mrg17,66.1,0.63816852,1609.5
avgbs_cluster_21346.1.57,Mrg17,66.1,0.632358834,1609.5
avgbs_cluster_39123.1.51,Mrg17,66.1,0,1609.5
avgbs_cluster_4457.1.11,Mrg17,66.1,0.42571183,1609.5
avgbs_cluster_4457.1.20,Mrg17,66.1,0.42571183,1609.5
avgbs_38213.1.14,Mrg17,68.2,0.326743985,1611.6
avgbs_cluster_149.1.7,Mrg17,68.2,0.061232341,1611.6
avgbs_cluster_28420.1.27,Mrg17,68.2,0.442258445,1611.6
avgbs_cluster_28420.1.33,Mrg17,68.2,0.442258445,1611.6
avgbs_cluster_36242.1.24,Mrg17,68.2,0.560408237,1611.6
avgbs_cluster_6081.1.60,Mrg17,68.3,0.20086148,1611.7
avgbs_99796.1.40,Mrg17,68.4,0.350744763,1611.8
avgbs_cluster_40321.1.20,Mrg17,68.4,0.111270329,1611.8
avgbs_105744.1.48,Mrg17,68.5,0.349925447,1611.9
avgbs_122942.1.35,Mrg17,68.5,0.070479576,1611.9
avgbs_62154.1.18,Mrg17,68.5,0.068253871,1611.9
avgbs_77763.1.19,Mrg17,68.5,0.373534199,1611.9
avgbs_cluster_36303.1.50,Mrg17,68.5,0.443425511,1611.9
avgbs_cluster_36303.1.52,Mrg17,68.5,0.443425511,1611.9
avgbs_cluster_36303.1.9,Mrg17,68.5,0.443425511,1611.9
avgbs_6K_6872.1.6,Mrg17,69.3,0.319616857,1612.7
avgbs_97815.1.55,Mrg17,70.2,0.156524752,1613.6
avgbs_200686.1.25,Mrg17,70.5,0.638077692,1613.9
avgbs_40307.1.12,Mrg17,70.5,0.279858974,1613.9
avgbs_44312.1.23,Mrg17,70.5,0.231147348,1613.9
avgbs_71104.1.47,Mrg17,70.5,1.00261159,1613.9
avgbs_7464.1.63,Mrg17,70.5,0.434033716,1613.9
avgbs_83226.1.31,Mrg17,70.5,0,1613.9
avgbs_cluster_15688.1.45,Mrg17,70.5,0.044501382,1613.9
avgbs_cluster_36640.1.49,Mrg17,70.5,0.302634555,1613.9
avgbs_104679.1.37,Mrg17,75.6,0,1619
avgbs_110539.1.42,Mrg17,75.6,0.747175231,1619
avgbs_114691.1.64,Mrg17,75.6,0,1619
avgbs_206981.1.44,Mrg17,75.6,2.590996757,1619
avgbs_68227.1.12,Mrg17,75.6,0.903873456,1619
avgbs_7508.1.54,Mrg17,75.6,0,1619
avgbs_81244.1.18,Mrg17,75.6,0.080219796,1619
avgbs_9992.1.36,Mrg17,75.6,0.418132563,1619
avgbs_cluster_35404.1.17,Mrg17,75.6,0.704392154,1619
avgbs_cluster_35404.1.8,Mrg17,75.6,0.704392154,1619
avgbs_cluster_42683.1.64,Mrg17,75.6,0.935453942,1619
avgbs_cluster_34317.1.57,Mrg17,77.6,0,1621
avgbs_cluster_39299.1.60,Mrg17,78,0.498113124,1621.4
avgbs_29928.1.7,Mrg17,78.8,0.315435505,1622.2
avgbs_78035.1.26,Mrg17,78.8,0,1622.2
avgbs_88481.1.34,Mrg17,78.8,0,1622.2
avgbs_99677.1.15,Mrg17,78.8,0,1622.2
avgbs_cluster_34317.1.46,Mrg17,78.8,0,1622.2
avgbs_cluster_34998.1.26,Mrg17,78.8,0,1622.2
avgbs_10565.1.54,Mrg17,78.9,0.13470217,1622.3
avgbs_111743.1.21,Mrg17,78.9,0,1622.3
avgbs_120481.1.50,Mrg17,78.9,0.372314733,1622.3
avgbs_21130.1.60,Mrg17,78.9,0,1622.3
avgbs_28193.1.54,Mrg17,78.9,0.378664105,1622.3
avgbs_29270.1.35,Mrg17,78.9,0,1622.3
avgbs_34251.1.62,Mrg17,78.9,0,1622.3
avgbs_49522.1.31,Mrg17,78.9,0.504649546,1622.3
avgbs_cluster_18888.1.12,Mrg17,78.9,0,1622.3
avgbs_cluster_18888.1.31,Mrg17,78.9,0,1622.3
avgbs_cluster_18888.1.37,Mrg17,78.9,0,1622.3
avgbs_cluster_231.1.42,Mrg17,78.9,0,1622.3
avgbs_cluster_231.1.43,Mrg17,78.9,0,1622.3
avgbs_cluster_231.1.44,Mrg17,78.9,0,1622.3
avgbs_cluster_3296.1.41,Mrg17,78.9,0,1622.3
avgbs_cluster_3296.1.48,Mrg17,78.9,0.000574599,1622.3
avgbs_cluster_3296.1.58,Mrg17,78.9,0.000574599,1622.3
avgbs_cluster_39296.1.31,Mrg17,78.9,0,1622.3
avgbs_cluster_39964.1.39,Mrg17,78.9,0,1622.3
avgbs_cluster_40627.1.51,Mrg17,78.9,0.141345099,1622.3
avgbs_cluster_453.1.20,Mrg17,78.9,0,1622.3
avgbs_cluster_453.1.53,Mrg17,78.9,0,1622.3
avgbs_cluster_5934.1.41,Mrg17,78.9,0,1622.3
avgbs_73225.1.24,Mrg17,79.8,0.389462286,1623.2
avgbs_9145.1.19,Mrg17,80,0,1623.4
avgbs_cluster_38875.1.12,Mrg17,80,0,1623.4
avgbs_cluster_38875.1.27,Mrg17,80,0,1623.4
avgbs_125219.1.39,Mrg17,80.1,0,1623.5
avgbs_cluster_36329.1.27,Mrg17,80.2,0,1623.6
avgbs_cluster_36329.1.49,Mrg17,80.2,0,1623.6
avgbs_cluster_27088.1.36,Mrg17,82.3,0,1625.7
avgbs_68546.1.58,Mrg17,83.6,0.10745429,1627
avgbs_cluster_36463.1.26,Mrg17,83.6,0,1627
avgbs_cluster_36463.1.46,Mrg17,83.6,0.441446757,1627
avgbs_cluster_36463.1.53,Mrg17,83.6,0,1627
avgbs_cluster_8814.1.32,Mrg17,83.6,0.125212943,1627
avgbs_cluster_9083.1.20,Mrg17,83.6,0,1627
avgbs_cluster_9083.1.21,Mrg17,83.6,0,1627
avgbs_17631.1.39,Mrg17,83.8,0,1627.2
avgbs_cluster_36329.1.59,Mrg17,83.8,0,1627.2
avgbs_10969.1.46,Mrg17,83.9,0,1627.3
avgbs_116164.1.52,Mrg17,83.9,0.11371291,1627.3
avgbs_1664.1.32,Mrg17,83.9,0.718872784,1627.3
avgbs_19758.1.41,Mrg17,83.9,0.313794065,1627.3
avgbs_76497.1.36,Mrg17,83.9,0.263013709,1627.3
avgbs_cluster_27088.1.33,Mrg17,83.9,0.215572243,1627.3
avgbs_cluster_29851.1.14,Mrg17,83.9,0.364019142,1627.3
avgbs_115302.1.12,Mrg17,84.3,0.218386833,1627.7
avgbs_119168.1.40,Mrg17,84.3,0.527217127,1627.7
avgbs_26617.1.53,Mrg17,84.3,0.358981874,1627.7
avgbs_90212.1.19,Mrg17,84.3,0,1627.7
avgbs_cluster_17195.1.41,Mrg17,84.3,0.166953564,1627.7
avgbs_2425.1.6,Mrg17,84.4,0.514511638,1627.8
avgbs_cluster_329.1.23,Mrg17,84.4,0.517844102,1627.8
avgbs_cluster_329.1.38,Mrg17,84.4,0.517844102,1627.8
avgbs_101583.1.41,Mrg17,85.3,0.668550539,1628.7
avgbs_120807.1.29,Mrg17,85.3,0.201534249,1628.7
avgbs_cluster_21548.1.39,Mrg17,85.3,0.389517467,1628.7
avgbs_cluster_40900.1.58,Mrg17,85.3,0.163642622,1628.7
avgbs_cluster_22452.1.34,Mrg17,85.7,0.198965598,1629.1
avgbs_cluster_22452.1.36,Mrg17,85.7,0.198965598,1629.1
avgbs_3000.1.55,Mrg17,86.8,0.849105699,1630.2
avgbs_cluster_48375.1.8,Mrg17,87,0,1630.4
avgbs_118202.1.52,Mrg17,87.8,0.181922091,1631.2
avgbs_29775.1.18,Mrg17,87.8,0.82818261,1631.2
avgbs_cluster_24815.1.26,Mrg17,87.8,0.089928374,1631.2
avgbs_cluster_24815.1.6,Mrg17,87.8,0.089928374,1631.2
avgbs_cluster_2797.1.64,Mrg17,87.8,1.30113055,1631.2
avgbs_cluster_6753.1.62,Mrg17,87.8,0,1631.2
avgbs_cluster_36984.1.29,Mrg17,88,0.09877324,1631.4
avgbs_109439.1.17,Mrg17,88.8,0.27273799,1632.2
avgbs_125332.1.13,Mrg17,88.8,0,1632.2
avgbs_10904.1.12,Mrg17,89.4,0,1632.8
avgbs_117348.1.56,Mrg17,89.4,0,1632.8
avgbs_77317.1.24,Mrg17,89.4,0.325365532,1632.8
avgbs_77955.1.63,Mrg17,89.4,0.217343881,1632.8
avgbs_cluster_2384.1.38,Mrg17,89.4,0.281925124,1632.8
avgbs_cluster_30055.1.26,Mrg17,89.4,0,1632.8
avgbs_cluster_3296.1.60,Mrg17,89.4,0.066961038,1632.8
avgbs_cluster_36884.1.39,Mrg17,89.4,0.340012394,1632.8
avgbs_cluster_38629.1.32,Mrg17,89.4,0,1632.8
avgbs_cluster_38629.1.49,Mrg17,89.4,0,1632.8
avgbs_cluster_39559.1.55,Mrg17,89.4,0.176396925,1632.8
avgbs_cluster_9083.1.45,Mrg17,89.4,0.28590539,1632.8
avgbs_cluster_15267.1.42,Mrg17,90,0.03153375,1633.4
avgbs_cluster_24659.1.41,Mrg17,91.2,0,1634.6
avgbs_cluster_29535.1.31,Mrg17,92.1,0.281159384,1635.5
avgbs_cluster_29535.1.56,Mrg17,92.1,0.281159384,1635.5
avgbs_10437.1.35,Mrg17,92.5,0,1635.9
avgbs_124566.1.16,Mrg17,92.5,0,1635.9
avgbs_124567.1.12,Mrg17,92.5,0.799896047,1635.9
avgbs_15768.1.39,Mrg17,92.5,0,1635.9
avgbs_68530.1.10,Mrg17,92.5,0.295369939,1635.9
avgbs_92588.1.32,Mrg17,92.5,0.691621162,1635.9
avgbs_cluster_2467.1.10,Mrg17,92.5,1.274647613,1635.9
avgbs_cluster_2615.1.53,Mrg17,92.5,0.179078961,1635.9
avgbs_cluster_2615.1.63,Mrg17,92.5,0.179078961,1635.9
avgbs_cluster_39699.1.16,Mrg17,92.5,0.39644428,1635.9
avgbs_cluster_39862.1.14,Mrg17,92.5,0,1635.9
avgbs_cluster_39862.1.36,Mrg17,92.5,0,1635.9
avgbs_35484.1.34,Mrg17,94.7,0,1638.1
avgbs_cluster_26190.1.50,Mrg17,94.7,0,1638.1
avgbs_cluster_26190.1.58,Mrg17,94.7,0,1638.1
avgbs_cluster_34316.1.51,Mrg17,94.7,0.414349168,1638.1
avgbs_cluster_34316.1.54,Mrg17,94.7,0.414349168,1638.1
avgbs_cluster_35290.1.41,Mrg17,94.7,0.618819559,1638.1
avgbs_cluster_40023.1.48,Mrg17,94.7,0,1638.1
avgbs_70717.1.64,Mrg17,95,0.65502345,1638.4
avgbs_94808.1.39,Mrg17,95.4,0.092860636,1638.8
avgbs_cluster_31743.1.51,Mrg17,95.4,0,1638.8
avgbs_cluster_6548.1.30,Mrg17,95.4,0.720550726,1638.8
avgbs_cluster_6548.1.33,Mrg17,95.4,0.720550726,1638.8
avgbs_cluster_24808.1.17,Mrg17,97.4,0.207642642,1640.8
avgbs_101243.1.45,Mrg17,97.7,0.668356881,1641.1
avgbs_9151.1.47,Mrg17,98.1,0.115111993,1641.5
avgbs_cluster_35217.1.59,Mrg17,98.3,0.581691539,1641.7
avgbs_cluster_35217.1.9,Mrg17,98.3,0.581691539,1641.7
avgbs_119891.1.13,Mrg17,100.3,0.4833037,1643.7
avgbs_109852.1.30,Mrg17,100.7,0.749533646,1644.1
avgbs_18626.1.10,Mrg17,100.7,0.567122307,1644.1
avgbs_cluster_32075.1.34,Mrg17,100.7,0.246441981,1644.1
avgbs_cluster_4495.1.17,Mrg17,100.7,0.749533646,1644.1
avgbs_cluster_4495.1.40,Mrg17,100.7,0.749533646,1644.1
avgbs_cluster_6246.1.36,Mrg17,100.7,0.745896758,1644.1
avgbs_cluster_7064.1.17,Mrg17,100.7,0.46397245,1644.1
avgbs_cluster_7064.1.22,Mrg17,100.7,0.46397245,1644.1
avgbs_cluster_7064.1.6,Mrg17,100.7,0.46397245,1644.1
avgbs_cluster_8565.1.51,Mrg17,102.3,0.763774632,1645.7
avgbs_cluster_22813.1.58,Mrg17,104.8,0,1648.2
avgbs_52894.1.31,Mrg17,108.2,0,1651.6
avgbs_20525.1.48,Mrg17,108.8,0.054690288,1652.2
avgbs_cluster_7851.1.29,Mrg17,108.9,0.058167344,1652.3
avgbs_cluster_7851.1.55,Mrg17,108.9,0.058167344,1652.3
avgbs_cluster_1187.1.32,Mrg17,109.9,0.738677654,1653.3
avgbs_cluster_1187.1.56,Mrg17,109.9,0.738677654,1653.3
avgbs_105463.1.20,Mrg17,110.4,0.602552364,1653.8
avgbs_124720.1.43,Mrg17,110.4,0.358504507,1653.8
avgbs_67302.1.12,Mrg17,110.4,0,1653.8
avgbs_cluster_23345.1.19,Mrg17,110.4,0.520448715,1653.8
avgbs_cluster_23345.1.27,Mrg17,110.4,0,1653.8
avgbs_cluster_23345.1.29,Mrg17,110.4,0.520448715,1653.8
avgbs_cluster_30724.1.10,Mrg17,110.4,0,1653.8
avgbs_102449.1.34,Mrg17,112.4,0.469384384,1655.8
avgbs_cluster_33539.1.21,Mrg17,112.4,0.146456798,1655.8
avgbs_cluster_33539.1.49,Mrg17,112.4,0.146456798,1655.8
avgbs_34774.1.12,Mrg18,-1.1,0,1654.7
avgbs_cluster_2508.1.10,Mrg18,-0.8,0.245382373,1655
avgbs_cluster_2508.1.7,Mrg18,-0.8,0.245382373,1655
avgbs_28703.1.27,Mrg18,0,0.101605987,1655.8
avgbs_52007.1.54,Mrg18,0,0.452961658,1655.8
avgbs_cluster_28089.1.54,Mrg18,1.2,0.677777517,1657
avgbs_cluster_36540.1.50,Mrg18,1.5,0.798425497,1657.3
avgbs_cluster_28077.1.61,Mrg18,1.7,0,1657.5
avgbs_203746.1.32,Mrg18,4.3,0.262721452,1660.1
avgbs_cluster_39952.1.56,Mrg18,4.3,0.18172621,1660.1
avgbs_cluster_10890.1.15,Mrg18,7.3,0.009144009,1663.1
avgbs_cluster_10890.1.53,Mrg18,7.3,0.009144009,1663.1
avgbs_cluster_35151.1.54,Mrg18,7.3,0.240038313,1663.1
avgbs_cluster_35151.1.55,Mrg18,7.3,0.240038313,1663.1
avgbs_cluster_9912.1.62,Mrg18,7.4,0.260675852,1663.2
avgbs_cluster_9912.1.63,Mrg18,7.4,0.260675852,1663.2
avgbs_cluster_9912.1.64,Mrg18,7.4,0.260675852,1663.2
avgbs_200259.1.51,Mrg18,7.5,0.357192174,1663.3
avgbs_cluster_36540.1.38,Mrg18,7.5,0.889116096,1663.3
avgbs_cluster_16802.1.58,Mrg18,7.9,0.230440378,1663.7
avgbs_cluster_16802.1.63,Mrg18,7.9,0.230440378,1663.7
avgbs_cluster_16802.1.64,Mrg18,7.9,0.230440378,1663.7
avgbs_cluster_35594.1.26,Mrg18,7.9,0.836891956,1663.7
avgbs_cluster_35594.1.34,Mrg18,7.9,0.836891956,1663.7
avgbs_cluster_41129.1.57,Mrg18,7.9,0.255169696,1663.7
avgbs_83913.1.12,Mrg18,9,0.086880031,1664.8
avgbs_cluster_11441.1.53,Mrg18,9.5,0.367653208,1665.3
avgbs_29974.1.22,Mrg18,10.9,0.358472203,1666.7
avgbs_cluster_34668.1.23,Mrg18,10.9,0,1666.7
avgbs_cluster_5272.1.62,Mrg18,10.9,0.161590115,1666.7
avgbs_38970.1.7,Mrg18,11.1,0,1666.9
avgbs_39046.1.48,Mrg18,11.1,0.473233542,1666.9
avgbs_6942.1.30,Mrg18,11.6,0.16067149,1667.4
avgbs_108818.1.34,Mrg18,14.3,0.44602485,1670.1
avgbs_cluster_91.1.51,Mrg18,14.7,0.421358638,1670.5
avgbs_cluster_19117.1.15,Mrg18,15.9,1.144974965,1671.7
avgbs_5781.1.12,Mrg18,16,0.078970436,1671.8
avgbs_101665.1.38,Mrg18,16.5,0.31649966,1672.3
avgbs_122252.1.32,Mrg18,16.5,1.056273224,1672.3
avgbs_124046.1.22,Mrg18,16.5,0.442726912,1672.3
avgbs_43051.1.28,Mrg18,16.5,0.636392195,1672.3
avgbs_74420.1.20,Mrg18,16.5,0,1672.3
avgbs_cluster_39521.1.55,Mrg18,16.5,0,1672.3
avgbs_cluster_488.1.27,Mrg18,16.5,0,1672.3
avgbs_cluster_488.1.42,Mrg18,16.5,0,1672.3
avgbs_119474.1.59,Mrg18,18.1,0,1673.9
avgbs_123241.1.20,Mrg18,18.1,0,1673.9
avgbs_6K_52130.1.13,Mrg18,18.1,0,1673.9
avgbs_6K_75415.1.11,Mrg18,18.1,0,1673.9
avgbs_8471.1.44,Mrg18,18.1,0.835872984,1673.9
avgbs_cluster_10244.1.6,Mrg18,18.1,0,1673.9
avgbs_cluster_1591.1.40,Mrg18,18.1,0,1673.9
avgbs_cluster_2769.1.38,Mrg18,18.1,0.475328789,1673.9
avgbs_cluster_2769.1.51,Mrg18,18.1,0,1673.9
avgbs_cluster_38881.1.37,Mrg18,18.1,0,1673.9
avgbs_cluster_43944.1.47,Mrg18,18.1,1.126678665,1673.9
avgbs_cluster_7668.1.35,Mrg18,18.1,0,1673.9
avgbs_cluster_7668.1.45,Mrg18,18.1,0.427580732,1673.9
avgbs_cluster_1591.1.7,Mrg18,20.2,1.509430379,1676
avgbs_cluster_1955.1.59,Mrg18,20.2,0.67854818,1676
avgbs_23848.1.37,Mrg18,20.4,0.009335846,1676.2
avgbs_cluster_6248.1.55,Mrg18,20.5,0.043605327,1676.3
avgbs_21420.1.41,Mrg18,20.6,1.98755412,1676.4
avgbs_cluster_15200.1.12,Mrg18,20.6,0,1676.4
avgbs_cluster_1955.1.17,Mrg18,20.6,0,1676.4
avgbs_cluster_8737.1.43,Mrg18,20.6,0.296943149,1676.4
avgbs_cluster_8737.1.48,Mrg18,20.6,0.296943149,1676.4
avgbs_cluster_38484.1.59,Mrg18,20.7,0.959456285,1676.5
avgbs_33061.1.20,Mrg18,21.1,0.623861604,1676.9
avgbs_cluster_15200.1.20,Mrg18,21.1,0.345239442,1676.9
avgbs_cluster_16178.1.58,Mrg18,21.1,0,1676.9
avgbs_cluster_16178.1.9,Mrg18,21.1,0,1676.9
avgbs_cluster_23290.1.51,Mrg18,21.1,2.543432762,1676.9
avgbs_cluster_23290.1.52,Mrg18,21.1,2.543432762,1676.9
avgbs_cluster_24806.1.52,Mrg18,21.1,0,1676.9
avgbs_cluster_30206.1.58,Mrg18,21.1,0.087312126,1676.9
avgbs_cluster_30206.1.60,Mrg18,21.1,0.087312126,1676.9
avgbs_cluster_8737.1.53,Mrg18,21.4,0,1677.2
avgbs_cluster_37660.1.24,Mrg18,22.7,1.329342598,1678.5
avgbs_cluster_37660.1.55,Mrg18,22.7,1.329342598,1678.5
avgbs_cluster_37660.1.61,Mrg18,22.7,1.329342598,1678.5
avgbs_cluster_16196.1.13,Mrg18,22.8,1.479346108,1678.6
avgbs_cluster_16196.1.29,Mrg18,22.8,1.479346108,1678.6
avgbs_cluster_16196.1.32,Mrg18,22.8,1.479346108,1678.6
avgbs_125929.1.27,Mrg18,27.7,0.793093161,1683.5
avgbs_50219.1.9,Mrg18,27.7,0.401192566,1683.5
avgbs_51729.1.57,Mrg18,27.7,0.372848488,1683.5
avgbs_52527.1.26,Mrg18,27.7,0.717381603,1683.5
avgbs_cluster_26239.1.60,Mrg18,27.7,0.784962894,1683.5
avgbs_cluster_27780.1.32,Mrg18,27.7,0.673717306,1683.5
avgbs_cluster_27780.1.39,Mrg18,27.7,0.673717306,1683.5
avgbs_cluster_27780.1.53,Mrg18,27.7,0.673717306,1683.5
avgbs_cluster_39996.1.20,Mrg18,27.7,0.782203164,1683.5
avgbs_cluster_40516.1.42,Mrg18,27.7,0.3882079,1683.5
avgbs_cluster_40516.1.43,Mrg18,27.7,0.204976828,1683.5
avgbs_cluster_21785.1.15,Mrg18,28.6,0.241644323,1684.4
avgbs_79452.1.24,Mrg18,30.9,0,1686.7
avgbs_104801.1.38,Mrg18,32.5,0.071568397,1688.3
avgbs_13658.1.46,Mrg18,32.5,0.022957716,1688.3
avgbs_35455.1.7,Mrg18,32.5,0.622257723,1688.3
avgbs_46626.1.27,Mrg18,32.5,0.09466707,1688.3
avgbs_55611.1.35,Mrg18,32.5,0.238499613,1688.3
avgbs_5724.1.51,Mrg18,32.5,0.026616314,1688.3
avgbs_70347.1.46,Mrg18,32.5,0.775446965,1688.3
avgbs_75039.1.34,Mrg18,32.5,0.049250673,1688.3
avgbs_cluster_37092.1.19,Mrg18,32.5,0.926953005,1688.3
avgbs_cluster_37092.1.36,Mrg18,32.5,0.926953005,1688.3
avgbs_19471.1.23,Mrg18,33.1,0.840747756,1688.9
avgbs_18994.1.64,Mrg18,34.4,0.299725403,1690.2
avgbs_82761.1.27,Mrg18,34.4,0.37065334,1690.2
avgbs_cluster_11504.1.38,Mrg18,34.4,0.178973183,1690.2
avgbs_cluster_11504.1.41,Mrg18,34.4,0.178973183,1690.2
avgbs_cluster_11504.1.58,Mrg18,34.4,0.178973183,1690.2
avgbs_cluster_19812.1.32,Mrg18,34.4,0.199343611,1690.2
avgbs_cluster_6292.1.41,Mrg18,34.4,0.228320161,1690.2
avgbs_124511.1.11,Mrg18,35.2,0.122652992,1691
avgbs_20179.1.64,Mrg18,35.2,0.666456657,1691
avgbs_7965.1.30,Mrg18,35.2,0.023658359,1691
avgbs_90977.1.48,Mrg18,35.2,0.29883843,1691
avgbs_103101.1.27,Mrg18,36.2,0.217495425,1692
avgbs_114776.1.56,Mrg18,36.2,0,1692
avgbs_121130.1.62,Mrg18,36.2,0.665880847,1692
avgbs_124397.1.55,Mrg18,36.2,0.434710511,1692
avgbs_12718.1.12,Mrg18,36.2,0.569952858,1692
avgbs_17821.1.27,Mrg18,36.2,0.157573538,1692
avgbs_cluster_2288.1.61,Mrg18,36.2,0.075138957,1692
avgbs_cluster_33848.1.36,Mrg18,37.9,0.019834335,1693.7
avgbs_cluster_33848.1.37,Mrg18,37.9,0.019834335,1693.7
avgbs_83807.1.26,Mrg18,39.6,0.446316508,1695.4
avgbs_105878.1.11,Mrg18,40,0.003712095,1695.8
avgbs_212875.1.40,Mrg18,40,0.331643995,1695.8
avgbs_37502.1.33,Mrg18,40,0.05354554,1695.8
avgbs_70970.1.35,Mrg18,40,0.266917723,1695.8
avgbs_74306.1.34,Mrg18,40,0,1695.8
avgbs_99951.1.44,Mrg18,40,0,1695.8
avgbs_cluster_11475.1.35,Mrg18,40,0.441831393,1695.8
avgbs_cluster_31991.1.20,Mrg18,40,0,1695.8
avgbs_cluster_5366.1.14,Mrg18,40,0.237525814,1695.8
avgbs_cluster_5366.1.55,Mrg18,40,0.237525814,1695.8
avgbs_cluster_862.1.54,Mrg18,40,0,1695.8
avgbs_cluster_862.1.57,Mrg18,40,0,1695.8
avgbs_6K_103591.1.7,Mrg18,40.3,0,1696.1
avgbs_26340.1.45,Mrg18,41.8,0.35290355,1697.6
avgbs_1018.1.47,Mrg18,42,0.898595935,1697.8
avgbs_100334.1.14,Mrg18,42.1,0,1697.9
avgbs_123327.1.40,Mrg18,42.1,0.147080578,1697.9
avgbs_4932.1.24,Mrg18,42.1,0.038699507,1697.9
avgbs_cluster_1596.1.7,Mrg18,42.1,0.119817313,1697.9
avgbs_47896.1.46,Mrg18,42.2,0.026675935,1698
avgbs_cluster_14874.1.28,Mrg18,42.3,0,1698.1
avgbs_cluster_22647.1.40,Mrg18,42.5,0.105415088,1698.3
avgbs_46563.1.38,Mrg18,43.2,0,1699
avgbs_cluster_14178.1.58,Mrg18,43.2,0,1699
avgbs_cluster_40647.1.36,Mrg18,43.2,0,1699
avgbs_cluster_4522.1.29,Mrg18,43.9,0,1699.7
avgbs_cluster_39255.1.44,Mrg18,44,0,1699.8
avgbs_85206.1.21,Mrg18,56,0.155277139,1711.8
avgbs_cluster_30279.1.24,Mrg18,57.6,0,1713.4
avgbs_87193.1.34,Mrg18,60.1,0.484539016,1715.9
avgbs_cluster_7643.1.8,Mrg18,60.3,0,1716.1
avgbs_cluster_35417.1.30,Mrg18,60.9,0,1716.7
avgbs_6K_9578.1.51,Mrg18,61.8,0.647034263,1717.6
avgbs_cluster_15864.1.57,Mrg18,62.7,0,1718.5
avgbs_cluster_32186.1.14,Mrg18,62.7,0,1718.5
avgbs_cluster_36829.1.38,Mrg18,64.5,0.256311946,1720.3
avgbs_cluster_36829.1.52,Mrg18,64.5,0.256311946,1720.3
avgbs_cluster_36829.1.62,Mrg18,64.5,0.256311946,1720.3
avgbs_124115.1.16,Mrg18,64.6,0.05994943,1720.4
avgbs_124496.1.35,Mrg18,67.7,0,1723.5
avgbs_cluster_24626.1.19,Mrg18,67.7,0,1723.5
avgbs_cluster_40895.1.43,Mrg18,67.7,0.071440424,1723.5
avgbs_cluster_44584.1.49,Mrg18,68.2,0,1724
avgbs_cluster_44584.1.52,Mrg18,68.2,0,1724
avgbs_cluster_44584.1.64,Mrg18,68.2,0,1724
avgbs_97875.1.34,Mrg18,68.3,0,1724.1
avgbs_cluster_18704.1.23,Mrg18,68.3,0.151181587,1724.1
avgbs_cluster_23712.1.10,Mrg18,68.3,0,1724.1
avgbs_cluster_23712.1.64,Mrg18,68.3,0,1724.1
avgbs_cluster_30279.1.37,Mrg18,68.3,0.477198559,1724.1
avgbs_cluster_4216.1.62,Mrg18,68.4,0.462630426,1724.2
avgbs_cluster_34168.1.49,Mrg18,68.6,0.037252974,1724.4
avgbs_cluster_34168.1.54,Mrg18,68.6,0.037252974,1724.4
avgbs_cluster_34168.1.58,Mrg18,68.6,0.037252974,1724.4
avgbs_cluster_32784.1.14,Mrg18,69,0.134262093,1724.8
avgbs_cluster_32784.1.61,Mrg18,69,0.134262093,1724.8
avgbs_cluster_35611.1.37,Mrg18,69,0.354120758,1724.8
avgbs_cluster_66722.1.38,Mrg18,69,0,1724.8
avgbs_cluster_99.1.36,Mrg18,69.1,0,1724.9
avgbs_cluster_99.1.49,Mrg18,69.1,0,1724.9
avgbs_19836.1.36,Mrg18,69.6,0,1725.4
avgbs_cluster_32519.1.64,Mrg18,69.6,0.159887704,1725.4
avgbs_84738.1.64,Mrg18,69.8,0.460437509,1725.6
avgbs_cluster_22463.1.18,Mrg18,69.9,0,1725.7
avgbs_cluster_22463.1.31,Mrg18,69.9,0,1725.7
avgbs_cluster_22463.1.38,Mrg18,69.9,0,1725.7
avgbs_cluster_22463.1.56,Mrg18,69.9,0,1725.7
avgbs_cluster_17430.1.21,Mrg18,74.9,0,1730.7
avgbs_cluster_17430.1.24,Mrg18,74.9,0,1730.7
avgbs_cluster_17430.1.48,Mrg18,74.9,0,1730.7
avgbs_216923.1.33,Mrg18,75.3,0.183504356,1731.1
avgbs_86754.1.56,Mrg18,83.6,0.14792607,1739.4
avgbs_cluster_14495.1.12,Mrg18,86.3,0.125517201,1742.1
avgbs_cluster_14495.1.52,Mrg18,86.3,0.053471314,1742.1
avgbs_cluster_14495.1.6,Mrg18,86.3,0.053471314,1742.1
avgbs_cluster_6710.1.14,Mrg19,-3.3,0,1738.8
avgbs_cluster_6710.1.15,Mrg19,-3.3,0,1738.8
avgbs_105234.1.24,Mrg19,4,0,1746.1
avgbs_35088.1.47,Mrg19,4,0,1746.1
avgbs_cluster_66637.1.26,Mrg19,7.7,0,1749.8
avgbs_cluster_66637.1.38,Mrg19,7.7,0,1749.8
avgbs_98689.1.39,Mrg19,10.2,0,1752.3
avgbs_6865.1.14,Mrg19,10.4,0.003641568,1752.5
avgbs_217106.1.43,Mrg19,19.7,0.606948193,1761.8
avgbs_19302.1.32,Mrg19,19.9,0.43772012,1762
avgbs_cluster_14450.1.21,Mrg19,23.7,0.263842003,1765.8
avgbs_cluster_1619.1.41,Mrg19,23.7,0.077237792,1765.8
avgbs_cluster_28190.1.21,Mrg19,23.7,0.764653561,1765.8
avgbs_22287.1.30,Mrg19,23.9,0.13304594,1766
avgbs_64232.1.26,Mrg19,28.7,0.86908139,1770.8
avgbs_cluster_37387.1.13,Mrg19,28.8,0.069628518,1770.9
avgbs_cluster_37387.1.50,Mrg19,28.8,0.069628518,1770.9
avgbs_cluster_21242.1.38,Mrg19,29,0.337462917,1771.1
avgbs_122309.1.14,Mrg19,31.3,0.241318755,1773.4
avgbs_36902.1.7,Mrg19,31.3,0.066451293,1773.4
avgbs_cluster_33564.1.47,Mrg19,31.3,0,1773.4
avgbs_cluster_33564.1.61,Mrg19,31.3,0,1773.4
avgbs_cluster_34325.1.23,Mrg19,31.3,0,1773.4
avgbs_cluster_34325.1.25,Mrg19,31.3,0,1773.4
avgbs_cluster_37930.1.58,Mrg19,31.3,0.177293191,1773.4
avgbs_cluster_37930.1.7,Mrg19,31.3,0.177293191,1773.4
avgbs_208.1.40,Mrg19,34,0.520226812,1776.1
avgbs_94188.1.13,Mrg19,40.7,0.122441044,1782.8
avgbs_85571.1.14,Mrg19,45.3,0.307185549,1787.4
avgbs_cluster_26080.1.7,Mrg19,45.3,0.088540678,1787.4
avgbs_112364.1.25,Mrg19,45.4,0.160393862,1787.5
avgbs_12225.1.17,Mrg19,45.4,0.186218044,1787.5
avgbs_73073.1.22,Mrg19,45.4,0.158386631,1787.5
avgbs_8135.1.14,Mrg19,45.4,0.29234282,1787.5
avgbs_99630.1.19,Mrg19,45.4,0.127853613,1787.5
avgbs_cluster_7106.1.11,Mrg19,47.2,0.028576535,1789.3
avgbs_100920.1.60,Mrg19,49.8,0.040481204,1791.9
avgbs_105103.1.34,Mrg19,49.8,0.106386143,1791.9
avgbs_106604.1.7,Mrg19,49.8,0.10425972,1791.9
avgbs_107698.1.30,Mrg19,49.8,0.294300761,1791.9
avgbs_111000.1.25,Mrg19,49.8,0.193544882,1791.9
avgbs_111630.1.26,Mrg19,49.8,0.312292207,1791.9
avgbs_112369.1.30,Mrg19,49.8,0.0770968,1791.9
avgbs_118301.1.16,Mrg19,49.8,0.206308207,1791.9
avgbs_125095.1.58,Mrg19,49.8,0.124111062,1791.9
avgbs_19783.1.35,Mrg19,49.8,0.179455195,1791.9
avgbs_207751.1.38,Mrg19,49.8,0.438468706,1791.9
avgbs_216354.1.57,Mrg19,49.8,1.317622623,1791.9
avgbs_21743.1.58,Mrg19,49.8,0.193489184,1791.9
avgbs_37014.1.9,Mrg19,49.8,0.048396215,1791.9
avgbs_38278.1.11,Mrg19,49.8,0.515584141,1791.9
avgbs_44680.1.43,Mrg19,49.8,0.208769986,1791.9
avgbs_5056.1.25,Mrg19,49.8,0,1791.9
avgbs_90024.1.8,Mrg19,49.8,0.204833408,1791.9
avgbs_cluster_16632.1.27,Mrg19,49.8,0.75953506,1791.9
avgbs_cluster_16632.1.28,Mrg19,49.8,0.75953506,1791.9
avgbs_cluster_16632.1.29,Mrg19,49.8,0.75953506,1791.9
avgbs_cluster_27320.1.25,Mrg19,49.8,0.031169661,1791.9
avgbs_cluster_34867.1.33,Mrg19,49.8,0.422474963,1791.9
avgbs_cluster_36700.1.49,Mrg19,49.8,0.158610714,1791.9
avgbs_cluster_6980.1.11,Mrg19,49.8,0.624954521,1791.9
avgbs_cluster_7106.1.19,Mrg19,49.8,0.07663012,1791.9
avgbs_cluster_9856.1.59,Mrg19,49.8,0.13620854,1791.9
avgbs_118437.1.45,Mrg19,50,0.211531168,1792.1
avgbs_6K_70597.1.11,Mrg19,50.9,0,1793
avgbs_cluster_2552.1.44,Mrg19,50.9,0.278748083,1793
avgbs_cluster_34780.1.30,Mrg19,52.1,0.401058051,1794.2
avgbs_107976.1.33,Mrg19,54.8,0,1796.9
avgbs_18526.1.22,Mrg19,54.8,0.008886424,1796.9
avgbs_107453.1.62,Mrg19,55.4,0,1797.5
avgbs_19661.1.60,Mrg19,55.4,0.277776925,1797.5
avgbs_36269.1.50,Mrg19,55.4,0.493159931,1797.5
avgbs_cluster_24662.1.43,Mrg19,55.4,0,1797.5
avgbs_cluster_24662.1.44,Mrg19,55.4,0,1797.5
avgbs_cluster_26185.1.14,Mrg19,55.4,0.077601756,1797.5
avgbs_cluster_37342.1.63,Mrg19,55.4,0,1797.5
avgbs_43181.1.28,Mrg19,57.2,0.459849049,1799.3
avgbs_25192.1.34,Mrg19,58.1,0,1800.2
avgbs_55977.1.34,Mrg19,58.1,0,1800.2
avgbs_cluster_35620.1.38,Mrg19,58.1,0.417742092,1800.2
avgbs_cluster_39301.1.62,Mrg19,58.1,0,1800.2
avgbs_cluster_215.1.13,Mrg19,59.2,0.416831487,1801.3
avgbs_cluster_215.1.37,Mrg19,59.2,0.416831487,1801.3
avgbs_cluster_39301.1.37,Mrg19,59.2,0.303110329,1801.3
avgbs_99948.1.55,Mrg19,60,0.057794715,1802.1
avgbs_cluster_30007.1.7,Mrg19,60.2,0.961029785,1802.3
avgbs_66846.1.45,Mrg19,64.2,0.078289235,1806.3
avgbs_cluster_9804.1.19,Mrg19,64.2,0,1806.3
avgbs_cluster_9804.1.64,Mrg19,64.2,0,1806.3
avgbs_10121.1.24,Mrg19,64.7,0.020545165,1806.8
avgbs_cluster_36473.1.52,Mrg19,64.7,0.206436902,1806.8
avgbs_200647.1.26,Mrg19,65.2,0.214290131,1807.3
avgbs_121374.1.18,Mrg19,65.3,0.687401639,1807.4
avgbs_43289.1.33,Mrg19,65.3,0.933022752,1807.4
avgbs_cluster_12950.1.31,Mrg19,65.4,0,1807.5
avgbs_cluster_12950.1.33,Mrg19,65.4,0,1807.5
avgbs_14975.1.40,Mrg19,65.5,0.41458106,1807.6
avgbs_cluster_11734.1.37,Mrg19,65.6,0.399980292,1807.7
avgbs_cluster_11734.1.50,Mrg19,65.6,0.399980292,1807.7
avgbs_94017.1.23,Mrg19,66,0,1808.1
avgbs_cluster_31120.1.45,Mrg19,66,0.178460825,1808.1
avgbs_cluster_31120.1.52,Mrg19,66,0.178460825,1808.1
avgbs_cluster_31120.1.8,Mrg19,66,0.178460825,1808.1
avgbs_109948.1.33,Mrg19,66.1,0.018298273,1808.2
avgbs_cluster_32091.1.12,Mrg19,66.5,0.289694936,1808.6
avgbs_cluster_16815.1.31,Mrg19,66.6,0,1808.7
avgbs_cluster_111.1.6,Mrg19,66.8,0,1808.9
avgbs_cluster_41159.1.35,Mrg19,66.8,0,1808.9
avgbs_cluster_4790.1.11,Mrg19,66.8,0.071447424,1808.9
avgbs_cluster_9358.1.8,Mrg19,66.8,0,1808.9
avgbs_cluster_35252.1.40,Mrg19,67.4,0.295221491,1809.5
avgbs_cluster_3086.1.37,Mrg19,67.6,0.425888931,1809.7
avgbs_cluster_3086.1.59,Mrg19,67.7,0,1809.8
avgbs_5175.1.10,Mrg19,67.8,0.023574286,1809.9
avgbs_cluster_40190.1.25,Mrg19,68,0.594865855,1810.1
avgbs_cluster_36473.1.26,Mrg19,68.1,0,1810.2
avgbs_cluster_24428.1.15,Mrg19,68.3,0.369410993,1810.4
avgbs_cluster_24428.1.20,Mrg19,68.3,0.369410993,1810.4
avgbs_cluster_3927.1.10,Mrg19,68.3,0,1810.4
avgbs_cluster_20943.1.12,Mrg19,68.7,0,1810.8
avgbs_104366.1.22,Mrg19,70.1,0,1812.2
avgbs_123902.1.56,Mrg19,70.1,1.74717108,1812.2
avgbs_61309.1.63,Mrg19,70.1,0.238826464,1812.2
avgbs_cluster_111.1.55,Mrg19,70.1,0,1812.2
avgbs_cluster_25485.1.6,Mrg19,70.1,0.083674189,1812.2
avgbs_cluster_25485.1.8,Mrg19,70.1,0.083674189,1812.2
avgbs_cluster_4373.1.20,Mrg19,70.1,0.95323238,1812.2
avgbs_cluster_6058.1.64,Mrg19,70.1,0.079838709,1812.2
avgbs_77681.1.6,Mrg19,75.2,0.236211353,1817.3
avgbs_cluster_40301.1.23,Mrg19,75.2,0.306714812,1817.3
avgbs_cluster_6554.1.10,Mrg19,75.2,0.205231552,1817.3
avgbs_cluster_22812.1.56,Mrg19,75.3,0.481443235,1817.4
avgbs_cluster_22812.1.59,Mrg19,75.3,0.481443235,1817.4
avgbs_cluster_32091.1.21,Mrg19,76.3,0.412886026,1818.4
avgbs_cluster_32091.1.36,Mrg19,76.3,0.412886026,1818.4
avgbs_896.1.26,Mrg19,77.7,0.22090517,1819.8
avgbs_77927.1.14,Mrg19,78.5,0.241037011,1820.6
avgbs_cluster_3356.1.26,Mrg19,92.2,0.204614398,1834.3
avgbs_cluster_24308.1.32,Mrg20,15.8,0,1850.1
avgbs_cluster_40701.1.9,Mrg20,16.2,0.223444818,1850.5
avgbs_14991.1.29,Mrg20,16.6,0.256028997,1850.9
avgbs_8966.1.26,Mrg20,16.6,0.093519833,1850.9
avgbs_cluster_15174.1.33,Mrg20,16.6,0.131504293,1850.9
avgbs_cluster_15174.1.34,Mrg20,16.6,0.131504293,1850.9
avgbs_cluster_15174.1.38,Mrg20,16.6,0.131504293,1850.9
avgbs_cluster_598.1.35,Mrg20,16.6,0.317606026,1850.9
avgbs_cluster_598.1.61,Mrg20,16.6,0.317606026,1850.9
avgbs_18725.1.20,Mrg20,18,0.054681694,1852.3
avgbs_27441.1.50,Mrg20,18,0,1852.3
avgbs_69258.1.23,Mrg20,18,0,1852.3
avgbs_77649.1.31,Mrg20,18,0.781961863,1852.3
avgbs_cluster_10281.1.47,Mrg20,18,0.354174308,1852.3
avgbs_cluster_18490.1.46,Mrg20,18,0.269076418,1852.3
avgbs_cluster_40167.1.27,Mrg20,18,0,1852.3
avgbs_cluster_6719.1.19,Mrg20,18,0.090334861,1852.3
avgbs_35150.1.53,Mrg20,18.7,0.208670864,1853
avgbs_38830.1.24,Mrg20,18.7,0.224892749,1853
avgbs_cluster_24796.1.18,Mrg20,18.8,0,1853.1
avgbs_cluster_24796.1.35,Mrg20,19.2,0,1853.5
avgbs_cluster_2816.1.6,Mrg20,19.2,0.075439943,1853.5
avgbs_21015.1.61,Mrg20,19.3,0,1853.6
avgbs_107878.1.7,Mrg20,19.6,0,1853.9
avgbs_cluster_116.1.51,Mrg20,19.8,0.001387645,1854.1
avgbs_38429.1.53,Mrg20,20,0,1854.3
avgbs_cluster_26997.1.44,Mrg20,20.1,0,1854.4
avgbs_cluster_803.1.26,Mrg20,20.4,0,1854.7
avgbs_119712.1.45,Mrg20,21.5,0,1855.8
avgbs_38997.1.30,Mrg20,21.5,0.235445715,1855.8
avgbs_8477.1.60,Mrg20,21.5,0,1855.8
avgbs_cluster_40233.1.24,Mrg20,21.5,0,1855.8
avgbs_235.1.26,Mrg20,26.6,0.023841963,1860.9
avgbs_73840.1.39,Mrg20,26.6,0.114691868,1860.9
avgbs_cluster_4160.1.30,Mrg20,26.6,0.046949888,1860.9
avgbs_7498.1.47,Mrg20,41.6,0,1875.9
avgbs_7707.1.60,Mrg20,41.6,0.117876971,1875.9
avgbs_87549.1.18,Mrg20,41.6,0.263199029,1875.9
avgbs_cluster_37364.1.52,Mrg20,41.6,0.917078521,1875.9
avgbs_cluster_37364.1.57,Mrg20,41.6,0.917078521,1875.9
avgbs_18585.1.48,Mrg20,42.3,0.320709343,1876.6
avgbs_cluster_27150.1.30,Mrg20,44.9,0.333944914,1879.2
avgbs_4800.1.52,Mrg20,59.3,0.201378983,1893.6
avgbs_cluster_29934.1.56,Mrg20,59.3,0,1893.6
avgbs_51923.1.27,Mrg20,63.4,0.128155872,1897.7
avgbs_97398.1.50,Mrg20,70.8,0.184359148,1905.1
avgbs_cluster_37383.1.50,Mrg20,74.3,0.022181234,1908.6
avgbs_cluster_37383.1.59,Mrg20,74.3,0.022181234,1908.6
avgbs_120857.1.15,Mrg20,79.7,0,1914
avgbs_6K_40752.1.8,Mrg20,84.2,0.237988593,1918.5
avgbs_46448.1.26,Mrg20,87.2,0.079723125,1921.5
avgbs_cluster_40422.1.63,Mrg20,90.9,0.042786878,1925.2
avgbs_cluster_40422.1.64,Mrg20,90.9,0.042786878,1925.2
avgbs_cluster_22094.1.43,Mrg20,91.5,0.218735223,1925.8
avgbs_90896.1.64,Mrg20,93.8,0.137326217,1928.1
avgbs_23787.1.34,Mrg20,97.1,0.051013263,1931.4
avgbs_71321.1.18,Mrg20,97.1,0.138172663,1931.4
avgbs_cluster_10398.1.41,Mrg20,97.1,0.252834367,1931.4
avgbs_cluster_29974.1.51,Mrg20,97.1,0.028768011,1931.4
avgbs_cluster_3027.1.22,Mrg20,97.1,0,1931.4
avgbs_cluster_3027.1.33,Mrg20,97.1,0,1931.4
avgbs_221969.1.55,Mrg20,98.8,0.479121287,1933.1
avgbs_cluster_31789.1.35,Mrg20,99.8,0.087483489,1934.1
avgbs_cluster_4784.1.44,Mrg20,99.8,0.168066354,1934.1
avgbs_cluster_4784.1.58,Mrg20,99.8,0.168066354,1934.1
avgbs_10481.1.35,Mrg20,120.1,0.079729444,1954.4
avgbs_106265.1.19,Mrg20,120.1,0.076585486,1954.4
avgbs_1097.1.24,Mrg20,120.1,0,1954.4
avgbs_119526.1.45,Mrg20,120.1,0,1954.4
avgbs_122705.1.35,Mrg20,120.1,0.204656625,1954.4
avgbs_208343.1.35,Mrg20,120.1,0.462821233,1954.4
avgbs_cluster_21979.1.50,Mrg20,120.1,0.418790275,1954.4
avgbs_cluster_33813.1.48,Mrg20,120.1,0.131492804,1954.4
avgbs_cluster_33813.1.9,Mrg20,120.1,0.131492804,1954.4
avgbs_cluster_38597.1.32,Mrg20,120.1,0.12622699,1954.4
avgbs_cluster_40712.1.47,Mrg20,120.1,0.086534886,1954.4
avgbs_cluster_40712.1.52,Mrg20,120.1,0.086534886,1954.4
avgbs_cluster_40712.1.57,Mrg20,120.1,0.086534886,1954.4
avgbs_cluster_45501.1.30,Mrg20,120.1,0.071342337,1954.4
avgbs_cluster_45501.1.40,Mrg20,120.1,0.071342337,1954.4
avgbs_6152.1.20,Mrg20,122.8,0.037864522,1957.1
avgbs_80343.1.17,Mrg20,122.8,0.249114356,1957.1
avgbs_85038.1.29,Mrg20,122.8,0.651007915,1957.1
avgbs_85891.1.24,Mrg20,122.8,0.090518239,1957.1
avgbs_cluster_11142.1.39,Mrg20,122.8,0.473615402,1957.1
avgbs_cluster_11142.1.48,Mrg20,122.8,0.473615402,1957.1
avgbs_cluster_19052.1.34,Mrg20,122.8,0,1957.1
avgbs_cluster_19052.1.9,Mrg20,122.8,0,1957.1
avgbs_cluster_20934.1.26,Mrg20,122.8,0,1957.1
avgbs_cluster_20934.1.6,Mrg20,122.8,0,1957.1
avgbs_cluster_36138.1.37,Mrg20,122.8,0.251783582,1957.1
avgbs_cluster_37933.1.15,Mrg20,122.8,0.078372155,1957.1
avgbs_cluster_37933.1.62,Mrg20,122.8,0.078372155,1957.1
avgbs_21110.1.44,Mrg20,135.8,0,1970.1
avgbs_6K_92025.1.13,Mrg20,135.8,0,1970.1
avgbs_cluster_38163.1.58,Mrg20,135.8,0.172647755,1970.1
avgbs_cluster_40264.1.16,Mrg20,135.8,0.097718943,1970.1
avgbs_cluster_40264.1.64,Mrg20,135.8,0.097718943,1970.1
avgbs_cluster_6126.1.12,Mrg20,135.8,0.347852436,1970.1
avgbs_cluster_6126.1.47,Mrg20,135.8,0.347852436,1970.1
avgbs_103831.1.16,Mrg20,138.5,0.536883403,1972.8
avgbs_65443.1.30,Mrg20,138.5,0,1972.8
avgbs_73627.1.26,Mrg20,138.5,0.079729444,1972.8
avgbs_cluster_2104.1.50,Mrg20,138.5,0,1972.8
avgbs_cluster_2104.1.56,Mrg20,138.5,0,1972.8
avgbs_cluster_8417.1.44,Mrg20,138.5,0,1972.8
avgbs_cluster_8417.1.56,Mrg20,138.5,0,1972.8
avgbs_6K_80511.1.64,Mrg20,143.6,0.383064287,1977.9
avgbs_100079.1.51,Mrg20,147.3,0.425353044,1981.6
avgbs_108658.1.21,Mrg20,147.3,0.390181134,1981.6
avgbs_111156.1.20,Mrg20,147.3,0.10468005,1981.6
avgbs_21268.1.63,Mrg20,147.3,0,1981.6
avgbs_24870.1.32,Mrg20,147.3,0.368120617,1981.6
avgbs_2997.1.53,Mrg20,147.3,0.15610905,1981.6
avgbs_6K_2960.1.55,Mrg20,147.3,0.229612993,1981.6
avgbs_77446.1.41,Mrg20,147.3,0.403275749,1981.6
avgbs_cluster_11386.1.18,Mrg20,147.3,0.059646133,1981.6
avgbs_cluster_11386.1.19,Mrg20,147.3,0.059646133,1981.6
avgbs_cluster_11386.1.32,Mrg20,147.3,0.059646133,1981.6
avgbs_cluster_12579.1.39,Mrg20,147.3,0.204852821,1981.6
avgbs_cluster_12579.1.49,Mrg20,147.3,0.204852821,1981.6
avgbs_cluster_12579.1.53,Mrg20,147.3,0.204852821,1981.6
avgbs_cluster_13946.1.60,Mrg20,147.3,0.29545551,1981.6
avgbs_cluster_13946.1.62,Mrg20,147.3,0.051602699,1981.6
avgbs_cluster_13946.1.63,Mrg20,147.3,0.051602699,1981.6
avgbs_cluster_13946.1.64,Mrg20,147.3,0.051602699,1981.6
avgbs_cluster_21529.1.11,Mrg20,147.3,1.294910322,1981.6
avgbs_cluster_21529.1.36,Mrg20,147.3,1.294910322,1981.6
avgbs_cluster_23503.1.54,Mrg20,147.3,0.579599692,1981.6
avgbs_cluster_23503.1.61,Mrg20,147.3,0.579599692,1981.6
avgbs_cluster_26720.1.44,Mrg20,147.3,0.381829504,1981.6
avgbs_cluster_2684.1.16,Mrg20,147.3,0.011324952,1981.6
avgbs_cluster_2684.1.25,Mrg20,147.3,0.011324952,1981.6
avgbs_cluster_3073.1.17,Mrg20,147.3,0.391507447,1981.6
avgbs_cluster_33543.1.19,Mrg20,147.3,0.047946314,1981.6
avgbs_cluster_35292.1.41,Mrg20,147.3,0.052197403,1981.6
avgbs_cluster_35292.1.50,Mrg20,147.3,0.052197403,1981.6
avgbs_cluster_35292.1.51,Mrg20,147.3,0.052197403,1981.6
avgbs_cluster_39124.1.19,Mrg20,147.3,0.107943173,1981.6
avgbs_cluster_39124.1.28,Mrg20,147.3,0.107943173,1981.6
avgbs_cluster_39124.1.34,Mrg20,147.3,0.107943173,1981.6
avgbs_cluster_3924.1.6,Mrg20,147.3,0.446004951,1981.6
avgbs_cluster_40894.1.33,Mrg20,147.3,0.464830101,1981.6
avgbs_93020.1.34,Mrg20,149.3,0.057250272,1983.6
avgbs_39819.1.42,Mrg20,151.7,0.70579889,1986
avgbs_cluster_41093.1.21,Mrg20,152.8,0.060574544,1987.1
avgbs_cluster_41093.1.36,Mrg20,152.8,0.060574544,1987.1
avgbs_213380.1.19,Mrg20,156.7,0.194829199,1991
avgbs_cluster_27581.1.15,Mrg20,156.7,0.040681995,1991
avgbs_cluster_27581.1.38,Mrg20,156.7,0.040681995,1991
avgbs_cluster_34830.1.21,Mrg20,156.7,0.481086256,1991
avgbs_cluster_37491.1.31,Mrg20,156.7,0.413081014,1991
avgbs_121695.1.29,Mrg20,177.8,0.421112856,2012.1
avgbs_cluster_34292.1.22,Mrg20,181.2,0.041194778,2015.5
avgbs_cluster_34292.1.43,Mrg20,181.2,0.041194778,2015.5
avgbs_120738.1.64,Mrg20,181.6,0,2015.9
avgbs_124635.1.36,Mrg20,183.8,0.4834195,2018.1
avgbs_109068.1.49,Mrg20,184.2,1.124249998,2018.5
avgbs_cluster_17646.1.46,Mrg20,184.2,0.792292084,2018.5
avgbs_113853.1.15,Mrg20,185.4,0.220587837,2019.7
avgbs_12900.1.64,Mrg20,185.4,0.555240158,2019.7
avgbs_6253.1.60,Mrg20,185.4,0.36658431,2019.7
avgbs_89617.1.26,Mrg20,185.4,0.265340241,2019.7
avgbs_cluster_10630.2.9,Mrg20,185.4,0,2019.7
avgbs_cluster_12738.1.43,Mrg20,185.4,0.952493261,2019.7
avgbs_cluster_12738.1.61,Mrg20,185.4,0.952493261,2019.7
avgbs_cluster_12738.1.63,Mrg20,185.4,0.952493261,2019.7
avgbs_cluster_4023.1.23,Mrg20,185.4,0.236267759,2019.7
avgbs_cluster_4023.1.63,Mrg20,185.4,0.236267759,2019.7
avgbs_cluster_4128.1.9,Mrg20,185.4,0,2019.7
avgbs_cluster_47115.1.23,Mrg20,185.4,0.47436457,2019.7
avgbs_cluster_47115.1.47,Mrg20,185.4,0.47436457,2019.7
avgbs_cluster_11311.1.39,Mrg20,191.7,0.768574672,2026
avgbs_cluster_11311.1.64,Mrg20,191.7,0.768574672,2026
avgbs_85225.1.56,Mrg20,193,1.215168544,2027.3
avgbs_301.1.23,Mrg20,193.1,0,2027.4
avgbs_cluster_40934.1.44,Mrg20,193.1,0,2027.4
avgbs_7158.1.51,Mrg20,193.6,1.407976112,2027.9
avgbs_77509.1.57,Mrg20,193.6,1.076049895,2027.9
avgbs_cluster_1969.1.40,Mrg20,193.6,0,2027.9
avgbs_cluster_1969.1.61,Mrg20,193.6,0,2027.9
avgbs_32144.1.34,Mrg20,194.6,0.425469871,2028.9
avgbs_107834.1.46,Mrg20,195.3,0.638524507,2029.6
avgbs_cluster_3731.1.24,Mrg20,196.1,0.507457567,2030.4
avgbs_cluster_25093.1.58,Mrg20,196.2,0.397501438,2030.5
avgbs_65871.1.45,Mrg20,196.3,0.465644053,2030.6
avgbs_120353.1.64,Mrg20,196.8,0.906977054,2031.1
avgbs_cluster_10695.1.30,Mrg20,197.8,0.306964396,2032.1
avgbs_101340.1.33,Mrg20,198.1,0.199092488,2032.4
avgbs_cluster_12215.1.6,Mrg20,198.1,0.027301577,2032.4
avgbs_26347.1.54,Mrg20,198.2,0.326551159,2032.5
avgbs_40212.1.64,Mrg20,198.4,0,2032.7
avgbs_10863.1.47,Mrg20,198.5,0,2032.8
avgbs_85990.1.58,Mrg20,202.6,0,2036.9
avgbs_99055.1.19,Mrg20,202.6,0.141836496,2036.9
avgbs_75179.1.45,Mrg20,202.7,0.207666455,2037
avgbs_96754.1.26,Mrg20,203.2,0.219518329,2037.5
avgbs_cluster_32321.1.50,Mrg20,204.6,0,2038.9
avgbs_cluster_32321.1.62,Mrg20,204.6,0,2038.9
avgbs_96922.1.35,Mrg20,204.8,0.003983672,2039.1
avgbs_cluster_12189.1.29,Mrg20,204.8,0,2039.1
avgbs_cluster_12189.1.38,Mrg20,204.8,0,2039.1
avgbs_cluster_21532.1.30,Mrg20,204.8,0.164559177,2039.1
avgbs_cluster_29748.2.25,Mrg20,204.8,0.102308616,2039.1
avgbs_cluster_6764.1.38,Mrg20,204.9,0.670115509,2039.2
avgbs_cluster_6764.1.56,Mrg20,204.9,0.670115509,2039.2
avgbs_cluster_6764.1.59,Mrg20,204.9,0.670115509,2039.2
avgbs_cluster_23910.1.29,Mrg20,205.4,0.436689292,2039.7
avgbs_cluster_23910.1.39,Mrg20,205.4,0.436689292,2039.7
avgbs_cluster_4199.1.22,Mrg20,205.4,0.516760191,2039.7
avgbs_107744.1.8,Mrg20,208.9,0.430484034,2043.2
avgbs_200847.1.26,Mrg20,209.4,0.33871095,2043.7
avgbs_cluster_28338.1.48,Mrg20,209.4,0,2043.7
avgbs_cluster_38455.1.46,Mrg20,209.4,0.371864693,2043.7
avgbs_cluster_23922.1.28,Mrg20,214.4,1.486128585,2048.7
avgbs_10092.1.57,Mrg20,214.5,0.465170763,2048.8
avgbs_1432.1.19,Mrg20,216.2,0.090818426,2050.5
avgbs_97916.1.43,Mrg20,216.2,0.939644634,2050.5
avgbs_cluster_6203.1.51,Mrg20,216.6,0.427350194,2050.9
avgbs_cluster_6203.1.60,Mrg20,216.6,0.427350194,2050.9
avgbs_120629.1.47,Mrg20,216.9,1.009245507,2051.2
avgbs_cluster_37186.1.21,Mrg20,217.3,0.000516097,2051.6
avgbs_cluster_37186.1.59,Mrg20,217.3,0.000516097,2051.6
avgbs_cluster_37186.1.7,Mrg20,217.3,0.000516097,2051.6
avgbs_107217.1.30,Mrg20,218.3,0.550423959,2052.6
avgbs_73081.1.31,Mrg20,218.3,0.460291465,2052.6
avgbs_cluster_36009.1.7,Mrg20,218.3,0.810726808,2052.6
avgbs_91772.1.56,Mrg20,219.3,0.191306725,2053.6
avgbs_cluster_18853.1.15,Mrg20,222.5,1.046320287,2056.8
avgbs_cluster_18853.1.34,Mrg20,222.5,1.046320287,2056.8
avgbs_103146.1.14,Mrg20,226.6,0.614875503,2060.9
avgbs_114784.1.9,Mrg20,226.6,0.078617404,2060.9
avgbs_126286.1.31,Mrg20,226.6,0.660591281,2060.9
avgbs_2479.1.47,Mrg20,226.6,0.943715726,2060.9
avgbs_6K_1994.1.51,Mrg20,226.6,0.076669334,2060.9
avgbs_74239.1.23,Mrg20,226.6,0.262315227,2060.9
avgbs_cluster_1014.1.13,Mrg20,226.6,1.270255917,2060.9
avgbs_cluster_1014.1.18,Mrg20,226.6,1.270255917,2060.9
avgbs_cluster_1014.1.8,Mrg20,226.6,1.270255917,2060.9
avgbs_cluster_28341.1.28,Mrg20,226.6,0.218070976,2060.9
avgbs_cluster_28341.1.60,Mrg20,226.6,0.218070976,2060.9
avgbs_cluster_30703.1.41,Mrg20,226.6,0.982860456,2060.9
avgbs_cluster_30703.1.54,Mrg20,226.6,0.982860456,2060.9
avgbs_cluster_32678.1.38,Mrg20,226.6,0.984705985,2060.9
avgbs_cluster_33538.1.13,Mrg20,226.6,0.770295423,2060.9
avgbs_cluster_33538.1.50,Mrg20,226.6,0.655539092,2060.9
avgbs_cluster_37384.1.27,Mrg20,226.6,0.433931115,2060.9
avgbs_cluster_40886.1.22,Mrg20,226.6,0.628562088,2060.9
avgbs_cluster_43845.1.13,Mrg20,226.6,0.669968104,2060.9
avgbs_cluster_47855.1.14,Mrg20,226.6,0.681065909,2060.9
avgbs_cluster_47855.1.35,Mrg20,226.6,0.681065909,2060.9
avgbs_cluster_7777.1.55,Mrg20,226.6,0.264646504,2060.9
avgbs_cluster_7777.1.62,Mrg20,226.6,0.264646504,2060.9
avgbs_cluster_7777.1.63,Mrg20,226.6,0.264646504,2060.9
avgbs_cluster_27314.1.12,Mrg20,230.1,0.727716335,2064.4
avgbs_cluster_27314.1.33,Mrg20,230.1,0.727716335,2064.4
avgbs_cluster_27314.1.54,Mrg20,230.1,0.727716335,2064.4
avgbs_cluster_3981.1.37,Mrg20,230.1,0.795700101,2064.4
avgbs_cluster_3981.1.40,Mrg20,230.1,0.795700101,2064.4
avgbs_cluster_3981.1.50,Mrg20,230.1,0.795700101,2064.4
avgbs_cluster_492.1.30,Mrg20,230.1,0.812299039,2064.4
avgbs_cluster_492.1.59,Mrg20,230.1,0.812299039,2064.4
avgbs_cluster_9753.1.42,Mrg20,230.1,0.810432475,2064.4
avgbs_109124.1.19,Mrg20,231.4,0.399826479,2065.7
avgbs_98892.1.56,Mrg20,231.4,0.950150925,2065.7
avgbs_cluster_7121.1.20,Mrg20,231.4,0,2065.7
avgbs_cluster_7121.1.63,Mrg20,231.4,0,2065.7
avgbs_16156.1.17,Mrg20,232.1,0.728790797,2066.4
avgbs_cluster_22341.1.22,Mrg20,232.1,0.759022394,2066.4
avgbs_cluster_35149.1.25,Mrg20,232.1,0.56316286,2066.4
avgbs_cluster_36943.1.49,Mrg20,232.1,0.460205507,2066.4
avgbs_cluster_36943.1.63,Mrg20,232.1,0.460205507,2066.4
avgbs_125673.1.10,Mrg20,234.2,0.756603343,2068.5
avgbs_cluster_3921.1.21,Mrg20,234.2,0.249652607,2068.5
avgbs_cluster_3921.1.45,Mrg20,234.2,0.249652607,2068.5
avgbs_cluster_6732.1.14,Mrg20,238.2,0.004313225,2072.5
avgbs_cluster_6732.1.56,Mrg20,238.2,0.004313225,2072.5
avgbs_119897.1.26,Mrg20,239.2,0.289197463,2073.5
avgbs_114763.1.43,Mrg20,243.9,1.007112082,2078.2
avgbs_cluster_10228.1.52,Mrg20,243.9,0.292391892,2078.2
avgbs_6K_76591.1.11,Mrg20,244.9,0.725222866,2079.2
avgbs_cluster_86.1.25,Mrg20,245.2,0.071787333,2079.5
avgbs_13373.1.15,Mrg20,248.6,0.884709481,2082.9
avgbs_113590.1.16,Mrg20,249.7,0.959718302,2084
avgbs_6K_28982.1.51,Mrg20,249.7,0.850424411,2084
avgbs_cluster_15590.1.41,Mrg20,249.7,0.299109563,2084
avgbs_cluster_15590.1.7,Mrg20,249.7,0.299109563,2084
avgbs_cluster_16670.1.36,Mrg20,249.7,0.715003734,2084
avgbs_cluster_27592.1.40,Mrg20,249.7,0.379024095,2084
avgbs_cluster_27592.1.42,Mrg20,249.7,0.379024095,2084
avgbs_cluster_3827.1.52,Mrg20,249.7,1.051910188,2084
avgbs_cluster_35672.1.13,Mrg20,251,0.659200873,2085.3
avgbs_cluster_35672.1.44,Mrg20,251,0.659200873,2085.3
avgbs_201865.1.64,Mrg20,253.7,0.944181463,2088
avgbs_cluster_2480.1.43,Mrg20,261,0.75399592,2095.3
avgbs_cluster_2480.1.63,Mrg20,261,0.75399592,2095.3
avgbs_cluster_10366.1.47,Mrg21,-3,0,2092.3
avgbs_cluster_25144.1.46,Mrg21,0.6,0,2095.9
avgbs_86543.1.25,Mrg21,2.1,0,2097.4
avgbs_121027.1.47,Mrg21,3.2,0.786653955,2098.5
avgbs_124817.1.38,Mrg21,3.2,0.325318341,2098.5
avgbs_13693.1.41,Mrg21,24.2,0.610721312,2119.5
avgbs_121395.1.18,Mrg21,25.5,0.014159047,2120.8
avgbs_66677.1.49,Mrg21,25.5,0.032291937,2120.8
avgbs_95054.1.61,Mrg21,25.8,0.00153336,2121.1
avgbs_100544.1.29,Mrg21,27.3,0.351027109,2122.6
avgbs_107010.1.10,Mrg21,27.3,0.047195397,2122.6
avgbs_110567.1.56,Mrg21,27.3,0.036570599,2122.6
avgbs_115108.1.40,Mrg21,27.3,0.036847801,2122.6
avgbs_118279.1.38,Mrg21,27.3,0.077890637,2122.6
avgbs_122978.1.63,Mrg21,27.3,0.021406114,2122.6
avgbs_18311.1.58,Mrg21,27.3,0.139537828,2122.6
avgbs_217356.1.26,Mrg21,27.3,0.015269177,2122.6
avgbs_23492.1.41,Mrg21,27.3,0.493225592,2122.6
avgbs_3444.1.13,Mrg21,27.3,0.068369031,2122.6
avgbs_35086.1.19,Mrg21,27.3,0.05787427,2122.6
avgbs_44482.1.23,Mrg21,27.3,0.204885923,2122.6
avgbs_66854.1.50,Mrg21,27.3,0.250018072,2122.6
avgbs_79972.1.29,Mrg21,27.3,0.06352137,2122.6
avgbs_80388.1.64,Mrg21,27.3,0.029319696,2122.6
avgbs_89279.1.28,Mrg21,27.3,0.017115805,2122.6
avgbs_90197.1.20,Mrg21,27.3,0.176906111,2122.6
avgbs_cluster_15103.1.30,Mrg21,27.3,0.373584204,2122.6
avgbs_cluster_1978.1.13,Mrg21,27.3,0.043250235,2122.6
avgbs_cluster_1978.1.43,Mrg21,27.3,0.066266837,2122.6
avgbs_cluster_2058.1.35,Mrg21,27.3,0.079868961,2122.6
avgbs_cluster_2058.1.51,Mrg21,27.3,0.079868961,2122.6
avgbs_cluster_22635.1.19,Mrg21,27.3,0.052105122,2122.6
avgbs_cluster_27394.1.40,Mrg21,27.3,0.630287207,2122.6
avgbs_cluster_27394.1.53,Mrg21,27.3,0.630287207,2122.6
avgbs_cluster_34677.1.39,Mrg21,27.3,0.066266837,2122.6
avgbs_cluster_38306.1.34,Mrg21,27.3,0.430737357,2122.6
avgbs_cluster_38809.1.26,Mrg21,27.3,0.035839512,2122.6
avgbs_cluster_38809.1.64,Mrg21,27.3,0.035839512,2122.6
avgbs_cluster_8844.1.24,Mrg21,27.3,0,2122.6
avgbs_cluster_8844.1.44,Mrg21,27.3,0,2122.6
avgbs_103975.1.39,Mrg21,28.3,0.066030622,2123.6
avgbs_108180.1.43,Mrg21,28.3,0.432121219,2123.6
avgbs_108659.1.44,Mrg21,28.3,0.117561184,2123.6
avgbs_15623.1.62,Mrg21,28.3,0.334068785,2123.6
avgbs_220788.1.18,Mrg21,28.3,0.060805352,2123.6
avgbs_42930.1.41,Mrg21,28.3,0.02469416,2123.6
avgbs_86455.1.31,Mrg21,28.3,0.009787893,2123.6
avgbs_8938.1.43,Mrg21,28.3,0.057696812,2123.6
avgbs_91789.1.24,Mrg21,28.3,0.120811348,2123.6
avgbs_cluster_15103.1.37,Mrg21,28.3,0.373038898,2123.6
avgbs_cluster_16179.1.25,Mrg21,28.3,0.099422262,2123.6
avgbs_cluster_16179.1.27,Mrg21,28.3,0.099422262,2123.6
avgbs_cluster_25825.1.7,Mrg21,28.3,0.042543891,2123.6
avgbs_cluster_34117.1.29,Mrg21,28.3,0.158893743,2123.6
avgbs_cluster_34117.1.41,Mrg21,28.3,0.158893743,2123.6
avgbs_cluster_36116.1.13,Mrg21,28.3,0.010147942,2123.6
avgbs_cluster_36539.1.37,Mrg21,28.3,0.378028109,2123.6
avgbs_cluster_36539.1.54,Mrg21,28.3,0.378028109,2123.6
avgbs_cluster_39452.1.57,Mrg21,28.3,0.056866583,2123.6
avgbs_cluster_39452.1.8,Mrg21,28.3,0.609505532,2123.6
avgbs_cluster_40022.1.13,Mrg21,28.3,0.085734544,2123.6
avgbs_cluster_40390.1.12,Mrg21,28.3,0.261277444,2123.6
avgbs_cluster_47988.1.14,Mrg21,28.3,0.29942891,2123.6
avgbs_cluster_47988.1.21,Mrg21,28.3,0.29942891,2123.6
avgbs_cluster_23828.1.31,Mrg21,31.3,0.077251444,2126.6
avgbs_121542.1.26,Mrg21,32.1,0.013971502,2127.4
avgbs_91917.1.30,Mrg21,32.1,0.283481031,2127.4
avgbs_cluster_36019.1.61,Mrg21,32.1,0.093672147,2127.4
avgbs_cluster_36019.1.63,Mrg21,32.1,0.093672147,2127.4
avgbs_79583.1.57,Mrg21,37.8,0.468793345,2133.1
avgbs_cluster_22277.1.45,Mrg21,39.5,1.354243654,2134.8
avgbs_cluster_22277.1.54,Mrg21,39.5,1.354243654,2134.8
avgbs_cluster_30396.1.28,Mrg21,39.5,1.516334127,2134.8
avgbs_cluster_31453.1.10,Mrg21,69.8,0,2165.1
avgbs_cluster_31453.1.34,Mrg21,69.8,0,2165.1
avgbs_cluster_39792.1.35,Mrg21,69.8,0,2165.1
avgbs_51526.1.30,Mrg21,78.7,1.541148437,2174
avgbs_cluster_39297.1.59,Mrg21,78.7,0.852568054,2174
avgbs_cluster_39297.1.61,Mrg21,78.7,0.852568054,2174
avgbs_47631.1.32,Mrg21,81.6,0.466057755,2176.9
avgbs_77667.1.21,Mrg21,81.6,0.00345459,2176.9
avgbs_cluster_23950.1.46,Mrg21,81.6,0.744666965,2176.9
avgbs_cluster_23950.1.49,Mrg21,81.6,0.744666965,2176.9
avgbs_51483.1.60,Mrg21,82,0.078623712,2177.3
avgbs_cluster_1276.1.54,Mrg21,82,0,2177.3
avgbs_cluster_1276.1.58,Mrg21,82,0,2177.3
avgbs_cluster_1575.1.29,Mrg21,82.1,0,2177.4
avgbs_cluster_1575.1.37,Mrg21,82.1,0,2177.4
avgbs_cluster_39318.1.49,Mrg21,82.1,0.019859524,2177.4
avgbs_cluster_1721.1.12,Mrg21,84.9,1.414743857,2180.2
avgbs_82944.1.16,Mrg21,111.3,0,2206.6
avgbs_1891.1.28,Mrg21,113.2,0,2208.5
avgbs_6K_111208.1.58,Mrg21,113.2,0.475381061,2208.5
avgbs_cluster_26995.1.44,Mrg21,113.2,0.639046486,2208.5
avgbs_cluster_32790.1.20,Mrg21,113.2,0.408598316,2208.5
avgbs_cluster_32790.1.23,Mrg21,113.2,0.408598316,2208.5
avgbs_cluster_32790.1.25,Mrg21,113.2,0.408598316,2208.5
avgbs_cluster_32312.1.29,Mrg21,114.7,0.568711476,2210
avgbs_cluster_16595.1.11,Mrg21,119.3,0.390631643,2214.6
avgbs_cluster_16595.1.20,Mrg21,119.3,0.390631643,2214.6
avgbs_cluster_3944.1.38,Mrg21,119.7,0.443331668,2215
avgbs_cluster_43433.1.13,Mrg21,119.7,0.442075849,2215
avgbs_cluster_27655.1.27,Mrg21,122.6,0.16019388,2217.9
avgbs_cluster_42082.1.23,Mrg21,122.6,0.038292576,2217.9
avgbs_11723.1.59,Mrg21,122.8,0.025549044,2218.1
avgbs_119304.1.27,Mrg21,122.8,0.173401861,2218.1
avgbs_55214.1.19,Mrg21,122.8,0,2218.1
avgbs_93789.1.22,Mrg21,122.8,0.592607545,2218.1
avgbs_cluster_15878.1.46,Mrg21,122.8,0,2218.1
avgbs_cluster_39944.1.51,Mrg21,122.8,0,2218.1
avgbs_cluster_42948.1.56,Mrg21,122.8,0.238593449,2218.1
avgbs_cluster_8856.1.57,Mrg21,122.8,0.353707054,2218.1
avgbs_cluster_8856.1.7,Mrg21,122.8,0.353707054,2218.1
avgbs_cluster_5157.1.48,Mrg21,123.5,0,2218.8
avgbs_cluster_34561.2.23,Mrg21,124,0.20464275,2219.3
avgbs_cluster_34561.2.32,Mrg21,124,0.20464275,2219.3
avgbs_126295.1.37,Mrg21,124.1,0.313526705,2219.4
avgbs_20544.1.29,Mrg21,124.1,0.093444584,2219.4
avgbs_cluster_35548.1.50,Mrg21,124.1,0,2219.4
avgbs_cluster_35548.1.64,Mrg21,124.1,0.307013802,2219.4
avgbs_cluster_36034.1.57,Mrg21,124.1,0,2219.4
avgbs_222114.1.54,Mrg21,124.3,0.201016478,2219.6
avgbs_cluster_30116.1.50,Mrg21,124.3,0.276571732,2219.6
avgbs_102228.1.59,Mrg21,125.8,0.097124889,2221.1
avgbs_116468.1.8,Mrg21,125.8,1.448822256,2221.1
avgbs_22090.1.40,Mrg21,125.8,0,2221.1
avgbs_38917.1.35,Mrg21,125.8,0.59571813,2221.1
avgbs_39820.1.25,Mrg21,125.8,0.922052772,2221.1
avgbs_42260.1.19,Mrg21,125.8,0.893111535,2221.1
avgbs_76841.1.12,Mrg21,125.8,0.236703272,2221.1
avgbs_84218.1.20,Mrg21,125.8,0.307013802,2221.1
avgbs_93310.1.20,Mrg21,125.8,0.002700388,2221.1
avgbs_cluster_13491.1.11,Mrg21,125.8,0,2221.1
avgbs_cluster_1537.1.14,Mrg21,125.8,0.516659608,2221.1
avgbs_cluster_1537.1.20,Mrg21,125.8,0.516659608,2221.1
avgbs_cluster_31399.1.36,Mrg21,125.8,1.061719581,2221.1
avgbs_cluster_3156.1.50,Mrg21,125.8,0.741892023,2221.1
avgbs_cluster_3156.1.53,Mrg21,125.8,0.741892023,2221.1
avgbs_cluster_3540.1.42,Mrg21,125.8,0.248441492,2221.1
avgbs_cluster_36892.1.54,Mrg21,125.8,2.230730592,2221.1
avgbs_cluster_38648.1.56,Mrg21,125.8,0,2221.1
avgbs_cluster_38648.1.64,Mrg21,125.8,0.065197816,2221.1
avgbs_cluster_506.1.10,Mrg21,125.8,0,2221.1
avgbs_cluster_506.1.64,Mrg21,125.8,0,2221.1
avgbs_cluster_506.1.8,Mrg21,125.8,0,2221.1
avgbs_cluster_39164.1.38,Mrg21,126.2,0.12925898,2221.5
avgbs_cluster_39164.1.62,Mrg21,126.2,0.12925898,2221.5
avgbs_cluster_37682.1.21,Mrg21,126.4,0,2221.7
avgbs_cluster_37682.1.63,Mrg21,126.4,0,2221.7
avgbs_cluster_37682.1.64,Mrg21,126.4,0,2221.7
avgbs_113757.1.52,Mrg21,128.4,0.099818897,2223.7
avgbs_120076.1.53,Mrg21,130.4,0.260257726,2225.7
avgbs_90063.1.57,Mrg21,130.8,0,2226.1
avgbs_68758.1.46,Mrg21,140.1,0.261180641,2235.4
avgbs_cluster_21400.1.51,Mrg21,140.1,0.671283968,2235.4
avgbs_cluster_21400.1.52,Mrg21,140.1,0.671283968,2235.4
avgbs_cluster_2514.1.41,Mrg21,140.1,0.009627312,2235.4
avgbs_cluster_26953.1.53,Mrg21,140.1,0,2235.4
avgbs_cluster_26953.1.54,Mrg21,140.1,0,2235.4
avgbs_cluster_30632.1.13,Mrg21,140.1,0,2235.4
avgbs_cluster_30632.1.60,Mrg21,140.1,0,2235.4
avgbs_cluster_31714.1.42,Mrg21,140.1,0,2235.4
avgbs_cluster_31714.1.49,Mrg21,140.1,0.612763674,2235.4
avgbs_cluster_33548.1.14,Mrg21,140.1,0,2235.4
avgbs_cluster_33548.1.30,Mrg21,140.1,0,2235.4
avgbs_cluster_40123.1.45,Mrg21,140.1,0.616899545,2235.4
avgbs_cluster_5509.1.17,Mrg21,140.1,0.248441492,2235.4
avgbs_cluster_66.1.51,Mrg21,140.1,0,2235.4
avgbs_10849.1.39,Mrg21,142,0.336774651,2237.3
avgbs_117484.1.34,Mrg21,142,0.068448826,2237.3
avgbs_12818.1.9,Mrg21,142,0,2237.3
avgbs_cluster_16653.1.33,Mrg21,142,0,2237.3
avgbs_cluster_16653.1.50,Mrg21,142,0,2237.3
avgbs_cluster_23227.1.52,Mrg21,142,0.063353661,2237.3
avgbs_cluster_28126.1.35,Mrg21,143.1,0.475273376,2238.4
avgbs_cluster_28126.1.38,Mrg21,143.1,0.475273376,2238.4
avgbs_cluster_30211.1.45,Mrg21,143.6,1.209226365,2238.9
avgbs_18950.1.29,Mrg21,145.3,0,2240.6
avgbs_204773.1.38,Mrg21,145.3,0.09149579,2240.6
avgbs_20910.1.60,Mrg21,145.3,0.80292244,2240.6
avgbs_cluster_25116.1.64,Mrg21,145.3,0.583139705,2240.6
avgbs_cluster_40592.1.14,Mrg21,146,0.395804002,2241.3
avgbs_cluster_40592.1.17,Mrg21,146,0.395804002,2241.3
avgbs_cluster_40592.1.64,Mrg21,146,0.395804002,2241.3
avgbs_118451.1.23,Mrg21,148.2,0.051989964,2243.5
avgbs_42103.1.51,Mrg21,148.2,0.100779405,2243.5
avgbs_58338.1.60,Mrg21,148.2,0.137378379,2243.5
avgbs_64259.1.11,Mrg21,148.2,1.087112506,2243.5
avgbs_cluster_15668.1.34,Mrg21,148.2,0.168981195,2243.5
avgbs_cluster_19988.1.56,Mrg21,148.2,0.490219873,2243.5
avgbs_cluster_21358.1.29,Mrg21,148.2,0.429299714,2243.5
avgbs_cluster_2643.1.44,Mrg21,148.2,0.45992566,2243.5
avgbs_19947.1.49,Mrg21,155.7,0,2251
avgbs_86398.1.37,Mrg21,155.7,0,2251
avgbs_cluster_37690.1.17,Mrg21,155.7,0,2251
avgbs_cluster_37690.1.19,Mrg21,155.7,0,2251
avgbs_cluster_37704.1.22,Mrg21,155.7,0,2251
avgbs_cluster_568.1.24,Mrg21,156,0,2251.3
avgbs_cluster_568.1.6,Mrg21,156,0,2251.3
avgbs_125451.1.14,Mrg21,158.4,0,2253.7
avgbs_cluster_35092.1.7,Mrg21,158.4,0.731881023,2253.7
avgbs_cluster_5728.1.64,Mrg21,162.2,0,2257.5
avgbs_cluster_26922.1.46,Mrg21,164.7,0.458274564,2260
avgbs_cluster_26922.1.62,Mrg21,164.7,0.458274564,2260
avgbs_cluster_67802.1.31,Mrg21,164.7,0.116556689,2260
avgbs_cluster_67802.1.38,Mrg21,164.7,0.116556689,2260
avgbs_93267.1.35,Mrg21,167.7,0.495274784,2263
avgbs_cluster_40891.1.60,Mrg21,167.7,0.582793771,2263
avgbs_cluster_59336.1.21,Mrg21,167.7,0.583635313,2263
avgbs_cluster_59336.1.37,Mrg21,167.7,0.583635313,2263
avgbs_cluster_59336.1.43,Mrg21,167.7,0.583635313,2263
avgbs_10789.1.59,Mrg21,172,0.850982345,2267.3
avgbs_23379.1.13,Mrg21,172,0.640951574,2267.3
avgbs_41785.1.44,Mrg21,172,0.655219983,2267.3
avgbs_71350.1.18,Mrg21,172,0.437629508,2267.3
avgbs_cluster_10513.1.10,Mrg21,172,0,2267.3
avgbs_cluster_10513.1.22,Mrg21,172,0,2267.3
avgbs_cluster_10513.1.38,Mrg21,172,0,2267.3
avgbs_cluster_38211.1.17,Mrg21,172,0,2267.3
avgbs_cluster_40596.1.53,Mrg21,172,0.047215654,2267.3
avgbs_cluster_53908.1.18,Mrg21,172,0.683630585,2267.3
avgbs_cluster_53908.1.36,Mrg21,172,0.683630585,2267.3
avgbs_cluster_53908.1.42,Mrg21,172,0.683630585,2267.3
avgbs_cluster_3359.1.29,Mrg21,175.1,0.107644441,2270.4
avgbs_cluster_54094.1.31,Mrg21,176.2,0.569971793,2271.5
avgbs_64000.1.55,Mrg21,178.3,0.183726379,2273.6
avgbs_cluster_8951.1.59,Mrg21,178.3,0.014296558,2273.6
avgbs_11240.1.47,Mrg21,180.4,0.395081887,2275.7
avgbs_108692.1.38,Mrg21,181.1,0.701291098,2276.4
avgbs_110603.1.46,Mrg21,181.1,0.707782302,2276.4
avgbs_21101.1.38,Mrg21,181.1,0.019140678,2276.4
avgbs_27211.1.8,Mrg21,181.1,0.645410683,2276.4
avgbs_36276.1.50,Mrg21,181.1,0.119134119,2276.4
avgbs_36277.1.50,Mrg21,181.1,0.471073295,2276.4
avgbs_37293.1.61,Mrg21,181.1,0.167215714,2276.4
avgbs_49917.1.18,Mrg21,181.1,0.704274463,2276.4
avgbs_72419.1.56,Mrg21,181.1,0.535570764,2276.4
avgbs_cluster_2501.1.22,Mrg21,181.1,1.178860495,2276.4
avgbs_cluster_3225.1.37,Mrg21,181.1,0,2276.4
avgbs_cluster_35951.1.37,Mrg21,181.1,0.248004566,2276.4
avgbs_cluster_35951.1.53,Mrg21,181.1,0.020524884,2276.4
avgbs_cluster_39691.1.58,Mrg21,181.1,0.431739862,2276.4
avgbs_80330.1.18,Mrg21,183.3,0.660212148,2278.6
avgbs_65813.1.19,Mrg21,186.9,0.254252338,2282.2
avgbs_81026.1.8,Mrg21,186.9,0.430035829,2282.2
avgbs_cluster_10157.1.15,Mrg21,187.6,0.094683464,2282.9
avgbs_cluster_10157.1.48,Mrg21,187.6,0.094683464,2282.9
avgbs_cluster_2046.1.16,Mrg21,187.6,0.574912505,2282.9
avgbs_cluster_22418.1.11,Mrg21,187.6,0.337159432,2282.9
avgbs_cluster_22418.1.22,Mrg21,187.6,0.337159432,2282.9
avgbs_cluster_29682.1.29,Mrg21,187.6,0.303669133,2282.9
avgbs_cluster_29682.1.58,Mrg21,187.6,0.303669133,2282.9
avgbs_5138.1.50,Mrg21,188.8,0.113896326,2284.1
avgbs_87534.1.61,Mrg21,190.3,0.299907915,2285.6
avgbs_cluster_2295.1.26,Mrg21,190.4,0.12128166,2285.7
avgbs_cluster_2295.1.33,Mrg21,190.4,0.12128166,2285.7
avgbs_cluster_39746.1.59,Mrg21,190.4,0.373053731,2285.7
avgbs_99396.1.15,Mrg21,190.9,0,2286.2
avgbs_cluster_20257.1.57,Mrg21,193.1,0.497384032,2288.4
avgbs_6K_84661.1.59,Mrg21,195.7,0.300415042,2291
avgbs_70573.1.41,Mrg21,195.7,0.534146505,2291
avgbs_83283.1.35,Mrg21,195.7,1.074177349,2291
avgbs_cluster_8535.1.25,Mrg21,197.1,0,2292.4
avgbs_cluster_8535.1.47,Mrg21,197.1,0,2292.4
avgbs_cluster_8535.1.48,Mrg21,197.1,0,2292.4
avgbs_92648.1.36,Mrg21,197.6,0.113260184,2292.9
avgbs_cluster_37809.1.57,Mrg21,198.4,0.305869545,2293.7
avgbs_cluster_37809.1.60,Mrg21,198.4,0.305869545,2293.7
avgbs_cluster_33170.1.58,Mrg21,198.5,0.177450971,2293.8
avgbs_6K_86198.1.64,Mrg21,198.6,0.12546516,2293.9
avgbs_cluster_18011.1.52,Mrg21,198.7,0.261260833,2294
avgbs_cluster_22740.1.15,Mrg21,198.9,0,2294.2
avgbs_cluster_22740.1.43,Mrg21,198.9,0,2294.2
avgbs_cluster_22740.1.59,Mrg21,198.9,0,2294.2
avgbs_cluster_6219.1.34,Mrg21,199.1,0.626068917,2294.4
avgbs_cluster_6219.1.57,Mrg21,199.1,0.626068917,2294.4
avgbs_cluster_6219.1.62,Mrg21,199.1,0.626068917,2294.4
avgbs_114777.1.26,Mrg21,199.4,0.326370638,2294.7
avgbs_cluster_23584.1.28,Mrg21,199.4,0.637672148,2294.7
avgbs_cluster_23584.1.41,Mrg21,199.4,0.637672148,2294.7
avgbs_cluster_23584.1.62,Mrg21,199.4,0.637672148,2294.7
avgbs_203615.1.61,Mrg21,199.6,0.198304196,2294.9
avgbs_21256.1.57,Mrg21,199.7,0.02741447,2295
avgbs_cluster_35273.1.11,Mrg21,200.6,0,2295.9
avgbs_cluster_35273.1.12,Mrg21,200.6,0,2295.9
avgbs_cluster_35273.1.13,Mrg21,200.6,0,2295.9
avgbs_cluster_35424.1.15,Mrg21,200.9,0.892619718,2296.2
avgbs_cluster_35424.1.22,Mrg21,200.9,0.302873138,2296.2
avgbs_cluster_35424.1.43,Mrg21,200.9,0.892619718,2296.2
avgbs_cluster_41031.1.11,Mrg21,203.4,0.685043616,2298.7
avgbs_100660.1.50,Mrg21,203.9,0,2299.2
avgbs_14761.1.47,Mrg21,203.9,0,2299.2
avgbs_cluster_7095.1.60,Mrg21,205.3,0.731724693,2300.6
avgbs_cluster_7095.1.61,Mrg21,205.3,0.731724693,2300.6
avgbs_cluster_7095.1.63,Mrg21,205.3,0.731724693,2300.6
avgbs_cluster_7614.1.16,Mrg21,205.3,0.276506526,2300.6
avgbs_cluster_7614.1.17,Mrg21,205.3,0.276506526,2300.6
avgbs_100.1.64,Mrg21,205.7,0.563312491,2301
avgbs_104588.1.19,Mrg21,205.7,0.132012586,2301
avgbs_105272.1.46,Mrg21,205.7,0,2301
avgbs_36941.1.15,Mrg21,205.7,0,2301
avgbs_87451.1.64,Mrg21,205.7,0,2301
avgbs_cluster_2253.1.20,Mrg21,205.7,0.212711113,2301
avgbs_cluster_2253.1.28,Mrg21,205.7,0.212711113,2301
avgbs_cluster_2253.1.64,Mrg21,205.7,0.129975938,2301
avgbs_cluster_37053.1.53,Mrg21,206.1,0.154405225,2301.4
avgbs_cluster_4261.1.43,Mrg21,207.6,0,2302.9
avgbs_cluster_4261.1.45,Mrg21,207.6,0,2302.9
avgbs_cluster_40185.1.26,Mrg21,207.8,0,2303.1
avgbs_cluster_34308.1.34,Mrg21,209.8,0,2305.1
avgbs_16218.1.59,Mrg21,209.9,0.15956614,2305.2
avgbs_cluster_55.1.59,Mrg21,210.5,0,2305.8
avgbs_cluster_40185.1.22,Mrg21,211.9,1.271792574,2307.2
avgbs_23837.1.59,Mrg21,212,0,2307.3
avgbs_cluster_7805.1.47,Mrg21,212.1,0,2307.4
avgbs_cluster_7805.1.59,Mrg21,212.1,0,2307.4
avgbs_cluster_7805.1.9,Mrg21,212.1,0,2307.4
avgbs_cluster_3799.1.18,Mrg21,213.3,0.92750716,2308.6
avgbs_cluster_3799.1.40,Mrg21,213.3,0.92750716,2308.6
avgbs_cluster_3799.1.45,Mrg21,213.3,0.801734434,2308.6
avgbs_115857.1.52,Mrg21,213.7,0.799039989,2309
avgbs_cluster_34057.1.38,Mrg23,8.7,0.18759996,2317.7
avgbs_cluster_2316.1.26,Mrg23,12,0.032192077,2321
avgbs_cluster_2316.1.53,Mrg23,12,0.032192077,2321
avgbs_cluster_9315.1.25,Mrg23,12,0.096694119,2321
avgbs_cluster_28349.1.36,Mrg23,15.5,0,2324.5
avgbs_cluster_28349.1.43,Mrg23,15.5,0,2324.5
avgbs_cluster_25065.1.13,Mrg23,19,0.02494081,2328
avgbs_cluster_35070.1.29,Mrg23,19,0.034075969,2328
avgbs_cluster_38858.1.44,Mrg23,19,0.060222033,2328
avgbs_cluster_17483.1.31,Mrg23,20.4,0.278062455,2329.4
avgbs_cluster_17483.1.51,Mrg23,20.4,0.278062455,2329.4
avgbs_cluster_40054.1.23,Mrg23,22.2,0.015528475,2331.2
avgbs_cluster_26717.1.24,Mrg23,23.2,0,2332.2
avgbs_cluster_39140.1.41,Mrg23,23.2,0,2332.2
avgbs_cluster_6447.1.14,Mrg23,23.2,0,2332.2
avgbs_cluster_6447.1.37,Mrg23,23.2,0.436470873,2332.2
avgbs_cluster_5356.1.41,Mrg23,25.3,0,2334.3
avgbs_cluster_6654.1.13,Mrg23,28.5,0.101280024,2337.5
avgbs_111695.1.18,Mrg23,30.2,0,2339.2
avgbs_123352.1.56,Mrg23,30.2,0,2339.2
avgbs_53336.1.23,Mrg23,30.2,0,2339.2
avgbs_65538.1.56,Mrg23,30.2,0,2339.2
avgbs_6K_8948.1.12,Mrg23,30.2,0,2339.2
avgbs_cluster_12.1.62,Mrg23,30.2,0,2339.2
avgbs_cluster_18321.1.49,Mrg23,30.2,0.738519679,2339.2
avgbs_cluster_26315.1.43,Mrg23,30.2,0.446700603,2339.2
avgbs_cluster_26315.1.54,Mrg23,30.2,0.329135023,2339.2
avgbs_cluster_39412.1.64,Mrg23,36.6,0.249566996,2345.6
avgbs_cluster_37786.1.12,Mrg23,38,0,2347
avgbs_cluster_37786.1.55,Mrg23,38,0,2347
avgbs_107910.1.32,Mrg23,39.2,0,2348.2
avgbs_cluster_31142.1.31,Mrg23,40.5,0.271222893,2349.5
avgbs_35460.1.60,Mrg23,40.7,0.10528481,2349.7
avgbs_cluster_848.1.17,Mrg23,40.7,0,2349.7
avgbs_cluster_848.1.64,Mrg23,40.7,0,2349.7
avgbs_112365.1.22,Mrg23,46.3,0.184726901,2355.3
avgbs_71007.1.62,Mrg23,46.3,0.213192856,2355.3
avgbs_cluster_12017.1.18,Mrg23,46.3,0,2355.3
avgbs_cluster_12017.1.43,Mrg23,46.3,0,2355.3
avgbs_cluster_26206.1.50,Mrg23,46.3,0.539659228,2355.3
avgbs_102256.1.61,Mrg23,48.3,0.079635226,2357.3
avgbs_38663.1.56,Mrg23,48.3,1.831423394,2357.3
avgbs_53463.1.53,Mrg23,48.3,0,2357.3
avgbs_cluster_17412.1.44,Mrg23,48.3,0.125007017,2357.3
avgbs_116786.1.33,Mrg23,49.5,0.791628906,2358.5
avgbs_86103.1.37,Mrg23,49.5,0.961271279,2358.5
avgbs_cluster_8576.1.32,Mrg23,49.5,0.500274062,2358.5
avgbs_cluster_8576.1.42,Mrg23,49.5,0.500274062,2358.5
avgbs_119183.1.14,Mrg23,53.7,0.033859972,2362.7
avgbs_28484.1.50,Mrg23,53.7,0.103152423,2362.7
avgbs_81885.1.38,Mrg23,53.7,0,2362.7
avgbs_cluster_23890.1.54,Mrg23,53.7,0.015467145,2362.7
avgbs_cluster_25230.1.24,Mrg23,53.7,0,2362.7
avgbs_119421.1.42,Mrg23,53.8,0,2362.8
avgbs_78971.1.25,Mrg23,53.8,0.08137709,2362.8
avgbs_81602.1.41,Mrg23,53.8,0,2362.8
avgbs_cluster_24169.1.25,Mrg23,53.8,0,2362.8
avgbs_77179.1.20,Mrg23,55.2,1.467005838,2364.2
avgbs_7556.1.48,Mrg23,56.1,0.353140707,2365.1
avgbs_cluster_38606.1.38,Mrg23,57,0,2366
avgbs_101742.1.28,Mrg23,57.8,0.928612446,2366.8
avgbs_105847.1.14,Mrg23,57.8,2.676945539,2366.8
avgbs_106941.1.33,Mrg23,57.8,1.321681397,2366.8
avgbs_107197.1.9,Mrg23,57.8,1.080324823,2366.8
avgbs_110633.1.44,Mrg23,57.8,1.40535696,2366.8
avgbs_117021.1.57,Mrg23,57.8,1.505920202,2366.8
avgbs_121607.1.61,Mrg23,57.8,1.173015883,2366.8
avgbs_121809.1.61,Mrg23,57.8,1.587024371,2366.8
avgbs_125809.1.54,Mrg23,57.8,2.379779891,2366.8
avgbs_125865.1.35,Mrg23,57.8,1.792120281,2366.8
avgbs_214846.1.60,Mrg23,57.8,1.056842757,2366.8
avgbs_22429.1.24,Mrg23,57.8,1.468262875,2366.8
avgbs_25586.1.47,Mrg23,57.8,1.414623331,2366.8
avgbs_3050.1.54,Mrg23,57.8,2.457230236,2366.8
avgbs_35431.1.12,Mrg23,57.8,2.510571674,2366.8
avgbs_49786.1.38,Mrg23,57.8,1.649896322,2366.8
avgbs_51922.1.28,Mrg23,57.8,1.283933186,2366.8
avgbs_69904.1.10,Mrg23,57.8,1.051496814,2366.8
avgbs_6K_115938.1.59,Mrg23,57.8,1.563444622,2366.8
avgbs_6K_1598.1.12,Mrg23,57.8,1.164830661,2366.8
avgbs_6K_47031.1.6,Mrg23,57.8,1.313357986,2366.8
avgbs_77606.1.16,Mrg23,57.8,1.457289641,2366.8
avgbs_cluster_1543.1.27,Mrg23,57.8,1.25801882,2366.8
avgbs_cluster_22255.1.43,Mrg23,57.8,1.18583908,2366.8
avgbs_cluster_40105.1.46,Mrg23,57.8,1.189512862,2366.8
avgbs_cluster_608.1.45,Mrg23,57.8,0.836065918,2366.8
avgbs_cluster_9968.1.26,Mrg23,57.8,0.762507081,2366.8
avgbs_124911.1.38,Mrg23,59.1,0.933942772,2368.1
avgbs_40344.1.35,Mrg23,59.1,2.695556119,2368.1
avgbs_44900.1.47,Mrg23,59.1,2.153311335,2368.1
avgbs_90678.1.27,Mrg23,59.1,1.384534012,2368.1
avgbs_114982.1.64,Mrg23,60.4,1.060341047,2369.4
avgbs_119958.1.41,Mrg23,60.4,0.893415654,2369.4
avgbs_34277.1.20,Mrg23,60.4,0,2369.4
avgbs_70802.1.32,Mrg23,60.4,0.566357506,2369.4
avgbs_cluster_12296.1.23,Mrg23,60.4,0,2369.4
avgbs_cluster_25887.1.41,Mrg23,60.4,1.302013953,2369.4
avgbs_cluster_25887.1.47,Mrg23,60.4,1.302013953,2369.4
avgbs_cluster_35201.1.26,Mrg23,60.4,1.064817917,2369.4
avgbs_215520.1.35,Mrg23,62,0,2371
avgbs_cluster_41133.1.57,Mrg23,62,0.611737608,2371
avgbs_101302.1.39,Mrg23,62.1,1.465000561,2371.1
avgbs_15874.1.55,Mrg23,62.1,0,2371.1
avgbs_44317.1.46,Mrg23,62.1,0.855098598,2371.1
avgbs_6351.1.63,Mrg23,62.1,1.955228077,2371.1
avgbs_99664.1.31,Mrg23,62.1,0.848085033,2371.1
avgbs_cluster_16269.1.46,Mrg23,62.1,1.200920306,2371.1
avgbs_cluster_20094.1.32,Mrg23,62.1,1.002664901,2371.1
avgbs_cluster_21349.1.64,Mrg23,62.1,0.242385094,2371.1
avgbs_cluster_3738.1.13,Mrg23,62.1,0,2371.1
avgbs_cluster_3738.1.54,Mrg23,62.1,0,2371.1
avgbs_cluster_40198.1.45,Mrg23,62.1,0.935949504,2371.1
avgbs_cluster_40520.1.11,Mrg23,62.8,0.723054615,2371.8
avgbs_22721.1.64,Mrg23,62.9,0.623375447,2371.9
avgbs_cluster_29217.1.50,Mrg23,63.7,0,2372.7
avgbs_cluster_29217.1.53,Mrg23,63.7,0,2372.7
avgbs_105921.1.39,Mrg23,64.6,0,2373.6
avgbs_1412.1.14,Mrg23,64.6,0.587511743,2373.6
avgbs_27248.1.12,Mrg23,64.6,0.49104371,2373.6
avgbs_4263.1.32,Mrg23,64.6,0.310006698,2373.6
avgbs_93252.1.62,Mrg23,64.6,0.231736252,2373.6
avgbs_78521.1.34,Mrg23,65.3,0,2374.3
avgbs_15136.1.14,Mrg23,65.9,1.129093356,2374.9
avgbs_19038.1.63,Mrg23,68.3,2.349377678,2377.3
avgbs_cluster_35984.1.7,Mrg23,68.3,2.764055854,2377.3
avgbs_109814.1.32,Mrg23,69.1,0.184851207,2378.1
avgbs_73565.1.9,Mrg23,69.2,1.817269605,2378.2
avgbs_cluster_15.1.14,Mrg23,69.2,1.68278693,2378.2
avgbs_54512.1.62,Mrg23,69.3,1.006299403,2378.3
avgbs_121450.1.24,Mrg23,71.4,0,2380.4
avgbs_4681.1.28,Mrg23,71.6,0,2380.6
avgbs_39089.1.53,Mrg23,71.8,0.014411713,2380.8
avgbs_20120.1.62,Mrg23,73.3,0,2382.3
avgbs_17695.1.43,Mrg23,73.4,0.05717845,2382.4
avgbs_cluster_41133.1.45,Mrg23,73.4,1.168282959,2382.4
avgbs_11137.1.28,Mrg23,74.4,0.175243434,2383.4
avgbs_cluster_19469.1.34,Mrg23,74.5,0.426146951,2383.5
avgbs_cluster_28002.1.34,Mrg23,79.1,0.251810593,2388.1
avgbs_cluster_39127.1.21,Mrg23,81.5,0.063792584,2390.5
avgbs_cluster_39127.1.27,Mrg23,81.5,0.063792584,2390.5
avgbs_cluster_39127.1.31,Mrg23,81.5,0.063792584,2390.5
avgbs_9234.1.60,Mrg23,92.8,0,2401.8
avgbs_28795.1.43,Mrg23,110.6,0.175583365,2419.6
avgbs_cluster_4114.1.48,Mrg23,110.6,0,2419.6
avgbs_cluster_4114.1.55,Mrg23,110.6,0,2419.6
avgbs_47539.1.29,Mrg24,2.7,1.081102362,2422.3
avgbs_9037.1.34,Mrg24,2.7,0.19591817,2422.3
avgbs_115721.1.46,Mrg24,5.4,0,2425
avgbs_48212.1.56,Mrg24,5.4,0.166894076,2425
avgbs_82201.1.50,Mrg24,5.4,0.384942695,2425
avgbs_82822.1.36,Mrg24,5.4,0,2425
avgbs_96101.1.8,Mrg24,5.4,0,2425
avgbs_cluster_2045.1.28,Mrg24,5.4,0,2425
avgbs_cluster_36011.1.38,Mrg24,5.4,0.559487459,2425
avgbs_cluster_39144.1.26,Mrg24,5.4,0,2425
avgbs_cluster_39144.1.48,Mrg24,5.4,0,2425
avgbs_cluster_4340.1.24,Mrg24,5.4,0.402080069,2425
avgbs_cluster_4340.1.56,Mrg24,5.4,0.402080069,2425
avgbs_cluster_18547.1.40,Mrg24,10.1,1.173312252,2429.7
avgbs_cluster_18547.1.52,Mrg24,10.1,1.173312252,2429.7
avgbs_cluster_35464.1.12,Mrg24,10.1,0.246100821,2429.7
avgbs_cluster_35464.1.32,Mrg24,10.1,0.246100821,2429.7
avgbs_cluster_15027.1.28,Mrg24,10.7,1.93748803,2430.3
avgbs_cluster_38110.1.41,Mrg24,10.7,0,2430.3
avgbs_cluster_38110.1.47,Mrg24,10.7,0,2430.3
avgbs_6K_9676.1.6,Mrg24,19.4,0,2439
avgbs_cluster_21860.1.39,Mrg24,19.4,0.336735791,2439
avgbs_cluster_21860.1.44,Mrg24,19.4,0,2439
avgbs_cluster_37564.1.63,Mrg24,19.4,1.548799919,2439
avgbs_7994.1.20,Mrg24,19.9,0.241018771,2439.5
avgbs_216978.1.31,Mrg24,20.6,0.3027723,2440.2
avgbs_32347.1.43,Mrg24,21.2,0.718618449,2440.8
avgbs_cluster_3533.1.62,Mrg24,21.2,0.133974226,2440.8
avgbs_cluster_3533.1.38,Mrg24,21.5,0,2441.1
avgbs_cluster_20683.1.12,Mrg24,21.6,0.643916908,2441.2
avgbs_cluster_40656.1.12,Mrg24,22.9,0.063062255,2442.5
avgbs_cluster_40656.1.23,Mrg24,22.9,0.063062255,2442.5
avgbs_cluster_40656.1.44,Mrg24,22.9,0.063062255,2442.5
avgbs_112697.1.38,Mrg24,23.1,0,2442.7
avgbs_115199.1.21,Mrg24,23.1,0.106595016,2442.7
avgbs_122908.1.31,Mrg24,23.1,0,2442.7
avgbs_316.1.22,Mrg24,23.1,0,2442.7
avgbs_51040.1.19,Mrg24,23.1,0.661230867,2442.7
avgbs_75803.1.17,Mrg24,23.1,0,2442.7
avgbs_8080.1.36,Mrg24,23.1,0.407923189,2442.7
avgbs_82071.1.49,Mrg24,23.1,0,2442.7
avgbs_cluster_15758.1.55,Mrg24,23.1,0,2442.7
avgbs_cluster_17103.1.6,Mrg24,23.1,0.105299354,2442.7
avgbs_cluster_38467.1.14,Mrg24,23.1,0.208084847,2442.7
avgbs_cluster_6973.1.24,Mrg24,23.1,0,2442.7
avgbs_cluster_6973.1.57,Mrg24,23.1,0,2442.7
avgbs_cluster_8711.1.50,Mrg24,23.1,0.375320774,2442.7
avgbs_90097.1.23,Mrg24,23.3,0.219492964,2442.9
avgbs_45894.1.53,Mrg24,24.4,0.461652721,2444
avgbs_cluster_5721.1.59,Mrg24,24.7,0.899413882,2444.3
avgbs_cluster_5721.1.62,Mrg24,24.7,0.899413882,2444.3
avgbs_cluster_5721.1.63,Mrg24,24.7,0.899413882,2444.3
avgbs_21719.1.63,Mrg24,26.6,0.492486365,2446.2
avgbs_cluster_47911.1.41,Mrg24,26.6,0.610110226,2446.2
avgbs_cluster_47911.1.47,Mrg24,26.6,0.610110226,2446.2
avgbs_cluster_47911.1.61,Mrg24,26.6,0.610110226,2446.2
avgbs_2868.1.19,Mrg24,30.8,0.06215284,2450.4
avgbs_cluster_36132.1.50,Mrg24,31.6,0.138868958,2451.2
avgbs_cluster_36132.1.59,Mrg24,31.6,0.138868958,2451.2
avgbs_200816.1.27,Mrg24,36.1,0.275623665,2455.7
avgbs_61738.1.63,Mrg24,36.1,0.145004064,2455.7
avgbs_cluster_7743.1.44,Mrg24,36.1,0.523487602,2455.7
avgbs_20842.1.12,Mrg24,36.3,0.477378139,2455.9
avgbs_cluster_25208.1.20,Mrg24,36.3,0.388573156,2455.9
avgbs_cluster_25208.1.47,Mrg24,36.3,0.388573156,2455.9
avgbs_cluster_4893.1.11,Mrg24,36.3,0.155013415,2455.9
avgbs_cluster_4893.1.37,Mrg24,36.3,0.155013415,2455.9
avgbs_cluster_4893.1.38,Mrg24,36.3,0.155013415,2455.9
avgbs_19684.1.60,Mrg24,36.8,0.05857424,2456.4
avgbs_7608.1.60,Mrg24,36.8,0.216076829,2456.4
avgbs_116951.1.14,Mrg24,36.9,0.12476691,2456.5
avgbs_55491.1.39,Mrg24,37,0.091354945,2456.6
avgbs_200486.1.64,Mrg24,37.1,0.109671425,2456.7
avgbs_42379.1.63,Mrg24,37.1,0.061601799,2456.7
avgbs_19291.1.20,Mrg24,37.3,0.271685447,2456.9
avgbs_19900.1.49,Mrg24,37.3,0.082417822,2456.9
avgbs_29039.1.25,Mrg24,37.3,0.215275429,2456.9
avgbs_64397.1.35,Mrg24,37.3,0.111857588,2456.9
avgbs_cluster_4896.1.14,Mrg24,37.3,0.077609354,2456.9
avgbs_cluster_4896.1.61,Mrg24,37.3,0.077609354,2456.9
avgbs_cluster_5381.1.62,Mrg24,37.6,0.92592205,2457.2
avgbs_cluster_5381.1.64,Mrg24,37.6,0.92592205,2457.2
avgbs_cluster_643.1.17,Mrg24,38.7,0.082065456,2458.3
avgbs_cluster_643.1.22,Mrg24,38.7,0.082065456,2458.3
avgbs_106815.1.53,Mrg24,41,0.544804368,2460.6
avgbs_14102.1.21,Mrg24,41,0.031976336,2460.6
avgbs_31434.1.52,Mrg24,41,0.272801228,2460.6
avgbs_cluster_13990.1.34,Mrg24,41,0.092734132,2460.6
avgbs_cluster_13990.1.61,Mrg24,41,0.092734132,2460.6
avgbs_cluster_18879.1.32,Mrg24,41,0.137823502,2460.6
avgbs_cluster_23226.1.52,Mrg24,41,0.189870209,2460.6
avgbs_cluster_39360.1.45,Mrg24,41,0.113052527,2460.6
avgbs_cluster_33060.1.13,Mrg24,41.2,0.3651889,2460.8
avgbs_40252.1.48,Mrg24,41.7,0.165261267,2461.3
avgbs_100875.1.33,Mrg24,41.8,0.052684897,2461.4
avgbs_106243.1.63,Mrg24,41.8,0,2461.4
avgbs_109553.1.40,Mrg24,41.8,0.168303654,2461.4
avgbs_110071.1.23,Mrg24,41.8,0.523917924,2461.4
avgbs_116021.1.47,Mrg24,41.8,0.565447985,2461.4
avgbs_120739.1.46,Mrg24,41.8,0,2461.4
avgbs_124659.1.49,Mrg24,41.8,1.061870897,2461.4
avgbs_125076.1.15,Mrg24,41.8,0.742303598,2461.4
avgbs_13394.1.17,Mrg24,41.8,0.009657185,2461.4
avgbs_15314.1.16,Mrg24,41.8,0.217928439,2461.4
avgbs_18173.1.30,Mrg24,41.8,0.268897122,2461.4
avgbs_18944.1.40,Mrg24,41.8,0.018137599,2461.4
avgbs_2085.1.20,Mrg24,41.8,0.12476691,2461.4
avgbs_5915.1.63,Mrg24,41.8,0.293315545,2461.4
avgbs_65539.1.55,Mrg24,41.8,0.440482492,2461.4
avgbs_6K_33528.1.58,Mrg24,41.8,0.733235347,2461.4
avgbs_85001.1.21,Mrg24,41.8,0.316401058,2461.4
avgbs_8627.1.15,Mrg24,41.8,0.457173115,2461.4
avgbs_9554.1.15,Mrg24,41.8,0.249880319,2461.4
avgbs_cluster_11451.1.17,Mrg24,41.8,1.09703521,2461.4
avgbs_cluster_16942.1.25,Mrg24,41.8,0.039969657,2461.4
avgbs_cluster_16942.1.49,Mrg24,41.8,0.039969657,2461.4
avgbs_cluster_2628.1.26,Mrg24,41.8,0.440482492,2461.4
avgbs_cluster_2628.1.63,Mrg24,41.8,0.440482492,2461.4
avgbs_cluster_29437.1.20,Mrg24,41.8,1.345072392,2461.4
avgbs_cluster_29437.1.37,Mrg24,41.8,1.345072392,2461.4
avgbs_cluster_3137.1.16,Mrg24,41.8,0.456536991,2461.4
avgbs_cluster_33215.1.27,Mrg24,41.8,0.466272584,2461.4
avgbs_cluster_34467.1.16,Mrg24,41.8,0,2461.4
avgbs_cluster_34467.1.61,Mrg24,41.8,0,2461.4
avgbs_cluster_34949.1.41,Mrg24,41.8,0.336082891,2461.4
avgbs_cluster_35863.1.30,Mrg24,41.8,0,2461.4
avgbs_cluster_36611.1.58,Mrg24,41.8,0,2461.4
avgbs_cluster_39915.2.48,Mrg24,41.8,0.047949605,2461.4
avgbs_cluster_40583.1.48,Mrg24,41.8,0.025827312,2461.4
avgbs_cluster_5191.1.13,Mrg24,41.8,0.780047029,2461.4
avgbs_cluster_21030.1.11,Mrg24,42.2,0.559666753,2461.8
avgbs_cluster_39082.1.11,Mrg24,42.2,0.146322485,2461.8
avgbs_cluster_24939.1.57,Mrg24,42.5,0.30256777,2462.1
avgbs_cluster_24939.1.58,Mrg24,42.5,0.30256777,2462.1
avgbs_cluster_24939.1.59,Mrg24,42.5,0.30256777,2462.1
avgbs_cluster_40839.1.21,Mrg24,44,0.041049261,2463.6
avgbs_cluster_40839.1.27,Mrg24,44,0.041049261,2463.6
avgbs_111053.1.44,Mrg24,45,1.968298478,2464.6
avgbs_36359.1.34,Mrg24,45,0.027304189,2464.6
avgbs_42243.1.15,Mrg24,45,0.636672829,2464.6
avgbs_68000.1.21,Mrg24,45,0.076250915,2464.6
avgbs_75389.1.31,Mrg24,45,0,2464.6
avgbs_cluster_1253.1.12,Mrg24,45,0.031638557,2464.6
avgbs_cluster_32777.1.62,Mrg24,45,0.075691329,2464.6
avgbs_211629.1.50,Mrg24,46.6,0.284132819,2466.2
avgbs_40403.1.20,Mrg24,47.5,0.874225413,2467.1
avgbs_120371.1.16,Mrg24,49,0,2468.6
avgbs_cluster_32402.1.19,Mrg24,50.5,0.810807774,2470.1
avgbs_cluster_32402.1.33,Mrg24,50.5,0.810807774,2470.1
avgbs_cluster_13188.1.57,Mrg24,54,0.255522595,2473.6
avgbs_80185.1.22,Mrg24,56.1,0.169696596,2475.7
avgbs_cluster_34031.1.31,Mrg24,56.1,0.449597017,2475.7
avgbs_cluster_34031.1.57,Mrg24,56.1,0.449597017,2475.7
avgbs_cluster_43668.1.44,Mrg24,57.4,0.376386016,2477
avgbs_119392.1.50,Mrg24,60.2,0.3330049,2479.8
avgbs_55106.1.6,Mrg24,60.2,0.645647181,2479.8
avgbs_67344.1.11,Mrg24,60.2,0.186187352,2479.8
avgbs_67530.1.43,Mrg24,60.2,0.12809911,2479.8
avgbs_cluster_13726.1.18,Mrg24,60.2,0.268269479,2479.8
avgbs_cluster_13726.1.39,Mrg24,60.2,0.268269479,2479.8
avgbs_cluster_1925.1.11,Mrg24,60.2,0.023241247,2479.8
avgbs_cluster_1925.1.27,Mrg24,60.2,0.023241247,2479.8
avgbs_cluster_2181.1.19,Mrg24,60.2,0.279676511,2479.8
avgbs_cluster_2181.1.34,Mrg24,60.2,0.279676511,2479.8
avgbs_cluster_2181.1.38,Mrg24,60.2,0.279676511,2479.8
avgbs_cluster_2586.1.31,Mrg24,60.2,0.627093929,2479.8
avgbs_cluster_26040.1.8,Mrg24,60.2,0.514901633,2479.8
avgbs_cluster_28129.1.24,Mrg24,60.2,0.07537448,2479.8
avgbs_cluster_28353.1.7,Mrg24,60.2,0.788478388,2479.8
avgbs_cluster_32683.1.27,Mrg24,60.2,0.29761515,2479.8
avgbs_cluster_32683.1.49,Mrg24,60.2,0.29761515,2479.8
avgbs_cluster_383.1.33,Mrg24,60.2,0.131633738,2479.8
avgbs_cluster_40514.1.61,Mrg24,60.2,0.041810617,2479.8
avgbs_cluster_40514.1.62,Mrg24,60.2,0.041810617,2479.8
avgbs_cluster_4164.1.45,Mrg24,60.2,0.498515876,2479.8
avgbs_cluster_6756.1.6,Mrg24,60.2,0.02131502,2479.8
avgbs_cluster_769.1.31,Mrg24,60.2,0.197030114,2479.8
avgbs_cluster_2358.1.63,Mrg24,60.7,0,2480.3
avgbs_cluster_2358.1.64,Mrg24,60.7,0,2480.3
avgbs_cluster_16441.1.26,Mrg24,60.9,0.349229413,2480.5
avgbs_cluster_25009.1.46,Mrg24,61.1,0.23024216,2480.7
avgbs_cluster_25009.1.62,Mrg24,61.1,0.23024216,2480.7
avgbs_cluster_39005.1.23,Mrg24,61.1,0,2480.7
avgbs_cluster_39005.1.42,Mrg24,61.1,0,2480.7
avgbs_cluster_6795.1.43,Mrg24,61.1,0,2480.7
avgbs_cluster_6795.1.56,Mrg24,61.1,0,2480.7
avgbs_cluster_52720.1.64,Mrg24,62.3,0.099776553,2481.9
avgbs_cluster_52720.1.8,Mrg24,62.3,0.099776553,2481.9
avgbs_110930.1.58,Mrg24,69.6,0.585300432,2489.2
avgbs_18868.1.9,Mrg24,69.6,0.54151609,2489.2
avgbs_120648.1.62,Mrg24,74.8,0.200941793,2494.4
avgbs_17691.1.10,Mrg24,74.8,0.269133668,2494.4
avgbs_78538.1.54,Mrg24,74.8,0.007092882,2494.4
avgbs_cluster_18122.1.22,Mrg24,74.8,0.093004973,2494.4
avgbs_cluster_18122.1.57,Mrg24,74.8,0.093004973,2494.4
avgbs_cluster_18122.1.64,Mrg24,74.8,0.093004973,2494.4
avgbs_cluster_31885.1.53,Mrg24,74.8,0.008874376,2494.4
avgbs_104628.1.46,Mrg24,78.6,0.243469703,2498.2
avgbs_11860.1.52,Mrg24,78.6,0.046397119,2498.2
avgbs_48611.1.34,Mrg24,78.6,0.105293587,2498.2
avgbs_86640.1.26,Mrg24,78.6,0.046025729,2498.2
avgbs_cluster_10939.1.32,Mrg24,78.6,0.159222226,2498.2
avgbs_cluster_10939.1.47,Mrg24,78.6,0.159222226,2498.2
avgbs_cluster_36475.1.11,Mrg24,78.6,0.010837028,2498.2
avgbs_cluster_40420.1.14,Mrg24,78.6,0.239326939,2498.2
avgbs_cluster_62564.1.34,Mrg24,78.6,0.065463411,2498.2
avgbs_cluster_48068.1.15,Mrg24,80.4,0.068147651,2500
avgbs_cluster_48068.1.24,Mrg24,80.4,0.068147651,2500
avgbs_631.1.59,Mrg24,85.6,0,2505.2
avgbs_cluster_26934.1.21,Mrg24,85.6,0,2505.2
avgbs_cluster_4180.1.57,Mrg24,85.6,0.032311908,2505.2
avgbs_13620.1.32,Mrg24,89.4,1.201273375,2509
avgbs_cluster_24208.1.40,Mrg24,89.4,0.952225378,2509
avgbs_cluster_24208.1.58,Mrg24,89.4,0.952225378,2509
avgbs_cluster_39075.1.20,Mrg24,89.4,0.990030354,2509
avgbs_79449.1.33,Mrg24,94.1,0.583288324,2513.7
avgbs_18284.1.40,Mrg24,95.3,2.480213495,2514.9
avgbs_65377.1.17,Mrg24,95.3,0.926511762,2514.9
avgbs_67183.1.55,Mrg24,95.3,0.325295196,2514.9
avgbs_74065.1.25,Mrg24,95.3,0,2514.9
avgbs_98339.1.39,Mrg24,95.3,0.430595392,2514.9
avgbs_cluster_1077.1.59,Mrg24,95.3,0.576708598,2514.9
avgbs_cluster_12768.1.41,Mrg24,95.3,0.213100326,2514.9
avgbs_cluster_16397.1.34,Mrg24,95.3,0.897320653,2514.9
avgbs_cluster_16397.1.46,Mrg24,95.3,0.897320653,2514.9
avgbs_cluster_16397.1.62,Mrg24,95.3,0.897320653,2514.9
avgbs_cluster_33993.1.36,Mrg24,95.3,0.448021647,2514.9
avgbs_cluster_40679.1.13,Mrg24,95.3,1.002807817,2514.9
avgbs_cluster_40679.1.42,Mrg24,95.3,1.002807817,2514.9
avgbs_cluster_40679.1.47,Mrg24,95.3,1.002807817,2514.9
avgbs_cluster_41917.2.11,Mrg24,95.3,0,2514.9
avgbs_124853.1.29,Mrg28,11,0.529653218,2525.9
avgbs_49249.1.47,Mrg28,15,0,2529.9
avgbs_99554.1.17,Mrg28,15.4,0.181699432,2530.3
avgbs_18990.1.58,Mrg28,20,0.020370267,2534.9
avgbs_cluster_18202.1.34,Mrg28,20,0.206717318,2534.9
avgbs_cluster_3580.1.48,Mrg28,20,0.639529872,2534.9
avgbs_102808.1.28,Mrg28,20.3,0,2535.2
avgbs_10420.1.53,Mrg28,20.3,0,2535.2
avgbs_112898.1.18,Mrg28,20.3,0,2535.2
avgbs_14880.1.22,Mrg28,20.3,0,2535.2
avgbs_cluster_11338.1.11,Mrg28,20.3,0,2535.2
avgbs_cluster_11338.1.26,Mrg28,20.3,0,2535.2
avgbs_cluster_7523.1.55,Mrg28,20.3,0,2535.2
avgbs_cluster_15388.1.12,Mrg28,23.1,0.020316231,2538
avgbs_1658.1.21,Mrg28,23.6,0.097609787,2538.5
avgbs_101573.1.48,Mrg28,28,0.645738436,2542.9
avgbs_40189.1.25,Mrg28,29.8,0.168578019,2544.7
avgbs_cluster_5009.1.25,Mrg28,30.1,0.470930829,2545
avgbs_cluster_5009.1.55,Mrg28,30.1,0.470930829,2545
avgbs_102674.1.21,Mrg28,31.8,0.193009481,2546.7
avgbs_105954.1.32,Mrg28,31.8,0.409957724,2546.7
avgbs_35705.1.14,Mrg28,31.8,0.196953705,2546.7
avgbs_cluster_10953.1.64,Mrg28,31.8,0.621543471,2546.7
avgbs_cluster_35822.1.53,Mrg28,32.2,0.119090977,2547.1
avgbs_119732.1.52,Mrg28,32.6,0.3918775,2547.5
avgbs_19699.1.42,Mrg28,32.6,0.315312764,2547.5
avgbs_27407.1.59,Mrg28,32.6,0.320486682,2547.5
avgbs_cluster_25493.1.47,Mrg28,32.6,0.213434473,2547.5
avgbs_cluster_28029.1.59,Mrg28,32.6,0.173520306,2547.5
avgbs_cluster_36517.1.23,Mrg28,32.6,0,2547.5
avgbs_cluster_36517.1.60,Mrg28,32.6,0,2547.5
avgbs_6312.1.13,Mrg28,35.9,0.102917112,2550.8
avgbs_cluster_17613.1.28,Mrg28,35.9,0.305629876,2550.8
avgbs_cluster_31280.1.57,Mrg28,35.9,0.056189817,2550.8
avgbs_cluster_35793.1.23,Mrg28,35.9,0.273530222,2550.8
avgbs_cluster_3620.1.40,Mrg28,35.9,0.144732395,2550.8
avgbs_cluster_67354.1.29,Mrg28,35.9,0,2550.8
avgbs_76789.1.27,Mrg28,36.7,0.124246231,2551.6
avgbs_110614.1.49,Mrg28,36.8,0.074593043,2551.7
avgbs_110679.1.50,Mrg28,36.8,0.702226997,2551.7
avgbs_205123.1.22,Mrg28,36.8,0.15502443,2551.7
avgbs_35598.1.19,Mrg28,36.8,0.460025955,2551.7
avgbs_79987.1.36,Mrg28,36.8,0.036749994,2551.7
avgbs_cluster_13912.1.24,Mrg28,36.8,0.53320604,2551.7
avgbs_cluster_25802.1.28,Mrg28,36.8,0.685372405,2551.7
avgbs_cluster_34905.1.20,Mrg28,36.8,0.451297197,2551.7
avgbs_cluster_39665.1.37,Mrg28,36.8,0.119041004,2551.7
avgbs_cluster_39899.1.36,Mrg28,36.8,0.600505986,2551.7
avgbs_102612.1.40,Mrg28,43.8,0.041251781,2558.7
avgbs_106735.1.11,Mrg28,43.8,0.686464423,2558.7
avgbs_11250.1.54,Mrg28,43.8,0.174383366,2558.7
avgbs_119411.1.28,Mrg28,43.8,0.327603942,2558.7
avgbs_125682.1.54,Mrg28,43.8,0.317252698,2558.7
avgbs_14525.1.24,Mrg28,43.8,0.452784115,2558.7
avgbs_16715.1.9,Mrg28,43.8,0.141323938,2558.7
avgbs_202641.1.61,Mrg28,43.8,0.07433212,2558.7
avgbs_202642.1.40,Mrg28,43.8,0.354752665,2558.7
avgbs_22331.1.59,Mrg28,43.8,0.042896421,2558.7
avgbs_29209.1.25,Mrg28,43.8,0.581921972,2558.7
avgbs_3543.1.50,Mrg28,43.8,0.426409255,2558.7
avgbs_44638.1.36,Mrg28,43.8,0.210745136,2558.7
avgbs_6206.1.25,Mrg28,43.8,0.626851563,2558.7
avgbs_cluster_10892.1.51,Mrg28,43.8,0.584001565,2558.7
avgbs_cluster_11768.1.58,Mrg28,43.8,0.612953488,2558.7
avgbs_cluster_12214.1.62,Mrg28,43.8,0.696090796,2558.7
avgbs_cluster_12621.1.7,Mrg28,43.8,0.465244982,2558.7
avgbs_cluster_15602.1.39,Mrg28,43.8,0.194566698,2558.7
avgbs_cluster_18283.1.23,Mrg28,43.8,0.532105638,2558.7
avgbs_cluster_20478.1.19,Mrg28,43.8,0.789104676,2558.7
avgbs_cluster_23299.1.46,Mrg28,43.8,0.166405471,2558.7
avgbs_cluster_29624.1.33,Mrg28,43.8,0.331847574,2558.7
avgbs_cluster_30286.1.45,Mrg28,43.8,0.067939523,2558.7
avgbs_cluster_31411.1.54,Mrg28,43.8,0.056068871,2558.7
avgbs_cluster_32737.1.25,Mrg28,43.8,0.051526501,2558.7
avgbs_cluster_35141.1.43,Mrg28,43.8,0.174383366,2558.7
avgbs_cluster_3526.1.53,Mrg28,43.8,0,2558.7
avgbs_cluster_35279.1.35,Mrg28,43.8,0.109393217,2558.7
avgbs_cluster_36521.1.30,Mrg28,43.8,0.146566337,2558.7
avgbs_cluster_36630.1.28,Mrg28,43.8,0.063229501,2558.7
avgbs_cluster_37059.1.22,Mrg28,43.8,0.527068104,2558.7
avgbs_cluster_38245.1.19,Mrg28,43.8,0.218978358,2558.7
avgbs_cluster_39654.1.45,Mrg28,43.8,0.465560432,2558.7
avgbs_cluster_39863.1.23,Mrg28,43.8,0.563751926,2558.7
avgbs_cluster_39943.1.49,Mrg28,43.8,0.100144701,2558.7
avgbs_cluster_41118.2.54,Mrg28,43.8,0.209664858,2558.7
avgbs_cluster_51705.1.51,Mrg28,43.8,0.476695846,2558.7
avgbs_cluster_8011.1.44,Mrg28,43.8,0.058861355,2558.7
avgbs_120065.1.32,Mrg28,44.4,0.510461901,2559.3
avgbs_2686.1.48,Mrg28,44.4,0.174383366,2559.3
avgbs_35771.1.59,Mrg28,44.4,0.097944062,2559.3
avgbs_39778.1.14,Mrg28,44.4,0.664605941,2559.3
avgbs_64114.1.26,Mrg28,44.4,0.250245338,2559.3
avgbs_655.1.9,Mrg28,44.4,0.114948579,2559.3
avgbs_7906.1.22,Mrg28,44.4,0.27532024,2559.3
avgbs_8699.1.21,Mrg28,44.4,0.269917494,2559.3
avgbs_cluster_20142.1.46,Mrg28,44.4,1.111834855,2559.3
avgbs_cluster_20142.1.50,Mrg28,44.4,0.59660823,2559.3
avgbs_cluster_39478.1.9,Mrg28,44.4,0.015873088,2559.3
avgbs_cluster_39926.1.41,Mrg28,44.4,0.653686,2559.3
avgbs_cluster_39926.1.51,Mrg28,44.4,0.653686,2559.3
avgbs_cluster_5841.1.63,Mrg28,44.4,0.930402823,2559.3
avgbs_cluster_5841.1.64,Mrg28,44.4,0.930402823,2559.3
avgbs_cluster_34792.1.11,Mrg28,51.5,0.31318515,2566.4
avgbs_120549.1.11,Mrg28,52,0.176948354,2566.9
avgbs_7432.1.16,Mrg28,52,0.045988965,2566.9
avgbs_122207.1.52,Mrg28,54.2,0.149035847,2569.1
avgbs_38943.1.33,Mrg28,54.2,0.191809918,2569.1
avgbs_cluster_37707.1.17,Mrg28,54.2,0.094908272,2569.1
avgbs_cluster_37707.1.53,Mrg28,54.2,0.094908272,2569.1
avgbs_202776.1.57,Mrg28,56.7,0.435971868,2571.6
avgbs_8709.1.40,Mrg28,56.7,0.454528518,2571.6
avgbs_88010.1.34,Mrg28,56.7,0.168565448,2571.6
avgbs_94173.1.30,Mrg28,56.7,0.28734318,2571.6
avgbs_cluster_25607.1.28,Mrg28,56.7,0.396350723,2571.6
avgbs_cluster_2718.1.48,Mrg28,56.7,0.386020746,2571.6
avgbs_cluster_2718.1.49,Mrg28,56.7,0.386020746,2571.6
avgbs_cluster_4396.1.42,Mrg28,56.7,0.077549212,2571.6
avgbs_cluster_4396.1.56,Mrg28,56.7,0.077549212,2571.6
avgbs_cluster_9494.1.47,Mrg28,56.7,0.364169772,2571.6
avgbs_cluster_4623.1.17,Mrg28,57.1,0.277911004,2572
avgbs_cluster_4623.1.53,Mrg28,57.1,0.277911004,2572
avgbs_85035.1.6,Mrg28,57.7,0.585867214,2572.6
avgbs_cluster_13792.1.20,Mrg28,58.1,0,2573
avgbs_cluster_13792.1.23,Mrg28,58.1,0,2573
avgbs_cluster_13792.1.53,Mrg28,58.3,0.036737164,2573.2
avgbs_cluster_33880.1.11,Mrg28,58.3,1.477261315,2573.2
avgbs_cluster_33880.1.56,Mrg28,58.3,1.477261315,2573.2
avgbs_4561.1.56,Mrg28,58.8,0.634459943,2573.7
avgbs_cluster_31185.1.33,Mrg28,58.8,0,2573.7
avgbs_cluster_25607.1.18,Mrg28,59,0.826490022,2573.9
avgbs_116123.1.8,Mrg28,59.2,0.444248843,2574.1
avgbs_cluster_3916.1.22,Mrg28,59.2,0.279506761,2574.1
avgbs_cluster_3916.1.25,Mrg28,59.2,0.279506761,2574.1
avgbs_cluster_40278.1.47,Mrg28,59.2,0.470294092,2574.1
avgbs_cluster_18686.1.38,Mrg28,59.7,0.018775803,2574.6
avgbs_cluster_23205.1.8,Mrg28,60.1,0.06175114,2575
avgbs_123178.1.29,Mrg28,61.4,0.379659974,2576.3
avgbs_cluster_4926.1.15,Mrg28,61.4,0.038372749,2576.3
avgbs_cluster_4926.1.37,Mrg28,61.4,0.038372749,2576.3
avgbs_cluster_4926.1.51,Mrg28,61.4,0.038372749,2576.3
avgbs_cluster_7613.1.11,Mrg28,61.4,0.148833927,2576.3
avgbs_cluster_7613.1.41,Mrg28,61.4,0.144449465,2576.3
avgbs_cluster_37741.1.30,Mrg28,65.4,0,2580.3
avgbs_14388.1.41,Mrg28,73.6,0.484896908,2588.5
avgbs_116623.1.15,Mrg28,75.4,0.074679893,2590.3
avgbs_107426.1.9,Mrg28,79.1,0.447960835,2594
avgbs_20851.1.15,Mrg28,79.1,0.097680143,2594
avgbs_103432.1.10,Mrg28,79.8,0.223294304,2594.7
avgbs_2876.1.22,Mrg28,79.8,0.650945529,2594.7
avgbs_cluster_13103.1.36,Mrg28,79.8,0.552247416,2594.7
avgbs_cluster_1600.1.13,Mrg28,81.4,0.243721665,2596.3
avgbs_cluster_1600.1.46,Mrg28,81.4,0.243721665,2596.3
avgbs_cluster_40785.1.32,Mrg28,81.4,0.118287634,2596.3
avgbs_cluster_40270.1.42,Mrg28,81.7,0.299103926,2596.6
avgbs_82168.1.18,Mrg28,96.2,0.097487513,2611.1
avgbs_47.1.52,Mrg28,98.3,0,2613.2
avgbs_cluster_455.1.35,Mrg28,103.7,0.314682505,2618.6
avgbs_cluster_9623.1.25,Mrg33,-7.9,0.602450523,2610.7
avgbs_cluster_9623.1.35,Mrg33,-7.9,0.602450523,2610.7
avgbs_3869.1.13,Mrg33,2.7,0.138180409,2621.3
avgbs_45685.1.29,Mrg33,13,0.009603619,2631.6
avgbs_cluster_2373.1.11,Mrg33,23.1,0.202543931,2641.7
avgbs_cluster_2373.1.50,Mrg33,23.1,0.202543931,2641.7
avgbs_121114.1.53,Mrg33,24.1,0.044436924,2642.7
avgbs_cluster_26878.1.15,Mrg33,24.1,0.359066812,2642.7
avgbs_cluster_26878.1.8,Mrg33,24.1,0.359066812,2642.7
avgbs_cluster_41101.1.29,Mrg33,24.1,0.245670628,2642.7
avgbs_113620.1.43,Mrg33,26.3,0,2644.9
avgbs_29521.1.55,Mrg33,26.3,0,2644.9
avgbs_cluster_1090.1.57,Mrg33,26.3,0,2644.9
avgbs_112130.1.15,Mrg33,27.1,0.459584007,2645.7
avgbs_cluster_2347.1.47,Mrg33,27.1,0.357162486,2645.7
avgbs_cluster_51961.1.17,Mrg33,27.1,0.31983631,2645.7
avgbs_cluster_51961.1.31,Mrg33,27.1,0.31983631,2645.7
avgbs_11034.1.51,Mrg33,28.3,0,2646.9
avgbs_46114.1.55,Mrg33,32.3,0.413104294,2650.9
avgbs_cluster_8827.1.6,Mrg33,32.3,0.485657003,2650.9
avgbs_cluster_7015.1.27,Mrg33,34,0.294628243,2652.6
avgbs_cluster_22598.1.28,Mrg33,36.8,0.321405311,2655.4
avgbs_108753.1.23,Mrg33,37.3,0.058521009,2655.9
avgbs_23341.1.15,Mrg33,37.5,0.282462899,2656.1
avgbs_105639.1.12,Mrg33,37.6,0,2656.2
avgbs_66937.1.19,Mrg33,37.6,0,2656.2
avgbs_121120.1.11,Mrg33,38.4,0,2657
avgbs_cluster_32578.1.51,Mrg33,38.4,0.958176682,2657
avgbs_cluster_34110.1.61,Mrg33,38.8,0,2657.4
avgbs_cluster_18512.1.15,Mrg33,40.2,0,2658.8
avgbs_26591.1.17,Mrg33,40.7,0.011599495,2659.3
avgbs_8366.1.34,Mrg33,40.9,0.378654329,2659.5
avgbs_58440.1.8,Mrg33,41.4,0.100183944,2660
avgbs_cluster_7015.1.57,Mrg33,41.8,0.271303054,2660.4
avgbs_cluster_26470.1.12,Mrg33,42.8,0,2661.4
avgbs_cluster_26470.1.32,Mrg33,42.8,0,2661.4
avgbs_119096.1.54,Mrg33,42.9,0.451412719,2661.5
avgbs_96489.1.25,Mrg33,42.9,0.346522358,2661.5
avgbs_cluster_38815.1.23,Mrg33,42.9,0.450645645,2661.5
avgbs_120946.1.64,Mrg33,43.5,0.00926987,2662.1
avgbs_109611.1.16,Mrg33,44.2,0.120761486,2662.8
avgbs_cluster_16675.1.32,Mrg33,44.4,0,2663
avgbs_cluster_16675.1.43,Mrg33,44.4,0,2663
avgbs_cluster_16675.1.57,Mrg33,44.4,0,2663
avgbs_cluster_38171.1.9,Mrg33,44.4,0.191452286,2663
avgbs_cluster_23300.1.37,Mrg33,45.8,0.158009511,2664.4
avgbs_cluster_32810.1.19,Mrg33,47.3,0.790924043,2665.9
avgbs_cluster_32810.1.20,Mrg33,47.3,0.790924043,2665.9
avgbs_200593.1.40,Mrg33,48.4,0,2667
avgbs_cluster_40100.1.22,Mrg33,51.9,0.2239417,2670.5
avgbs_cluster_40100.1.63,Mrg33,51.9,0.2239417,2670.5
avgbs_cluster_17952.2.58,Mrg33,56.2,0.001827575,2674.8
avgbs_9934.1.31,Mrg33,56.5,0.068571867,2675.1
avgbs_cluster_17952.2.52,Mrg33,56.7,0.105907523,2675.3
avgbs_cluster_9246.1.12,Mrg33,57.8,0.2629658,2676.4
avgbs_117341.1.53,Mrg33,58.2,0.74555965,2676.8
avgbs_14977.1.45,Mrg33,58.2,0.638632548,2676.8
avgbs_34784.1.62,Mrg33,58.2,0.32943184,2676.8
avgbs_cluster_1261.1.12,Mrg33,58.2,0.394724461,2676.8
avgbs_cluster_1261.1.6,Mrg33,58.2,0.394724461,2676.8
avgbs_cluster_6357.1.38,Mrg33,58.2,0.32943184,2676.8
avgbs_120322.1.60,Mrg33,59,0.2253653,2677.6
avgbs_cluster_44941.1.41,Mrg33,59,0.153408736,2677.6
avgbs_cluster_10112.1.62,Mrg33,59.2,0.233444783,2677.8
avgbs_cluster_50181.1.47,Mrg33,59.4,0.122892193,2678
avgbs_cluster_50181.1.64,Mrg33,59.4,0.122892193,2678
avgbs_cluster_9528.1.25,Mrg33,60.1,0,2678.7
avgbs_cluster_9528.1.7,Mrg33,60.1,0,2678.7
avgbs_10827.1.46,Mrg33,64,0.39091105,2682.6
avgbs_18502.1.60,Mrg33,64,0.381536329,2682.6
avgbs_35246.1.24,Mrg33,64,0.75834539,2682.6
avgbs_61855.1.63,Mrg33,64,0.368693039,2682.6
avgbs_cluster_40554.1.27,Mrg33,64,0.381536329,2682.6
avgbs_cluster_40554.1.33,Mrg33,64,0.381536329,2682.6
avgbs_cluster_40554.1.36,Mrg33,64,0.381536329,2682.6
avgbs_cluster_5247.1.17,Mrg33,64,0.381536329,2682.6
avgbs_cluster_5247.1.25,Mrg33,64,0.381536329,2682.6
avgbs_19493.1.13,Mrg33,65,0.133300569,2683.6
avgbs_71829.1.20,Mrg33,65,0.029350328,2683.6
avgbs_cluster_40459.2.53,Mrg33,65,0.609561892,2683.6
avgbs_cluster_7031.1.37,Mrg33,65,0.417609364,2683.6
avgbs_110287.1.25,Mrg33,65.9,0.344839206,2684.5
avgbs_113770.1.24,Mrg33,65.9,0.19722882,2684.5
avgbs_125424.1.40,Mrg33,65.9,0.023436643,2684.5
avgbs_203564.1.53,Mrg33,65.9,0.371435215,2684.5
avgbs_35582.1.35,Mrg33,65.9,0.13254498,2684.5
avgbs_36394.1.52,Mrg33,65.9,0.064891636,2684.5
avgbs_63087.1.14,Mrg33,65.9,0.181470041,2684.5
avgbs_cluster_2762.1.34,Mrg33,65.9,0.025854972,2684.5
avgbs_cluster_2762.1.47,Mrg33,65.9,0.025854972,2684.5
avgbs_cluster_18227.1.22,Mrg33,68.7,0.236156446,2687.3
avgbs_122948.1.60,Mrg33,69,0,2687.6
avgbs_68808.1.45,Mrg33,73,0.456302086,2691.6
avgbs_96503.1.40,Mrg33,73,0.054295554,2691.6
avgbs_cluster_1265.1.10,Mrg33,73,0,2691.6
avgbs_cluster_1265.1.6,Mrg33,73,0,2691.6
avgbs_cluster_2024.1.37,Mrg33,73,0.428517189,2691.6
avgbs_cluster_2024.1.39,Mrg33,73,0.428517189,2691.6
avgbs_cluster_23213.1.12,Mrg33,73,0,2691.6
avgbs_cluster_23213.1.47,Mrg33,73,0,2691.6
avgbs_cluster_28886.1.51,Mrg33,73,0,2691.6
avgbs_79463.1.64,Mrg33,73.4,0.444727072,2692
avgbs_99141.1.27,Mrg33,73.4,0.293833168,2692
avgbs_cluster_25200.1.46,Mrg33,73.4,0.359471057,2692
avgbs_cluster_47784.1.45,Mrg33,73.4,0.218154864,2692
avgbs_cluster_52324.1.21,Mrg33,73.4,0.054112969,2692
avgbs_cluster_52324.1.24,Mrg33,73.4,0.054112969,2692
avgbs_cluster_39872.1.51,Mrg33,75.4,1.292691568,2694
avgbs_cluster_40188.1.64,Mrg33,75.4,0.732540679,2694
avgbs_10618.1.19,Mrg33,82,0.038447708,2700.6
avgbs_cluster_34714.1.63,Mrg33,82,0.172703916,2700.6
avgbs_cluster_34714.1.64,Mrg33,82,0.172703916,2700.6
avgbs_519.1.6,Mrg33,91.5,0,2710.1
avgbs_65522.1.49,Mrg33,91.5,0.076465733,2710.1
avgbs_8117.1.18,Mrg33,91.5,0.19786978,2710.1
avgbs_cluster_33462.1.10,Mrg33,91.5,0.008857143,2710.1
avgbs_cluster_6122.1.61,Mrg33,91.5,0,2710.1
avgbs_cluster_4302.1.25,Mrg33,95.8,0,2714.4
avgbs_cluster_4302.1.55,Mrg33,95.8,0,2714.4
avgbs_cluster_34228.1.31,Mrg33,97.1,0,2715.7
avgbs_cluster_34228.1.42,Mrg33,97.1,0,2715.7
avgbs_cluster_36856.1.59,Mrg33,97.7,0,2716.3
avgbs_cluster_36856.1.61,Mrg33,97.7,0,2716.3
avgbs_cluster_36856.1.63,Mrg33,97.7,0,2716.3
avgbs_cluster_35006.1.10,Mrg33,102.6,0,2721.2
avgbs_cluster_18051.1.54,Mrg33,105.5,0,2724.1
avgbs_5039.1.37,Mrg33,108.3,0,2726.9