SNP,Chromosome,Position,P.value,maf,nobs,effect
avgbs_100.1.64,Mrg21,205.7,0.75781165,0.136842105,190,2.871026225
avgbs_10004.1.9,Mrg15,31.3,0.513351775,0.052631579,190,9.441898148
avgbs_100079.1.51,Mrg20,147.3,0.196412914,0.071052632,190,16.76395327
avgbs_100100.1.64,Mrg6,98.5,0.077252476,0.094736842,190,20.11795058
avgbs_10012.1.33,Mrg3,37.1,0.322420451,0.073684211,190,12.38551982
avgbs_100130.1.43,Mrg1,52.6,0.46528218,0.315789474,190,-5.115973124
avgbs_100138.1.18,Mrg8,142,0.35078562,0.439473684,190,-6.15176566
avgbs_100334.1.14,Mrg18,42.1,0.489955488,0.010526316,190,-21.85762411
avgbs_100518.1.10,Mrg15,35.1,0.643178309,0.031578947,190,8.850415015
avgbs_100543.1.9,Mrg8,61.2,0.206234554,0.063157895,190,17.1376463
avgbs_100544.1.29,Mrg21,27.3,0.354620717,0.110526316,190,9.04582039
avgbs_100573.1.40,Mrg6,18.8,0.422260341,0.034210526,190,15.27677835
avgbs_10060.1.36,Mrg6,28.1,0.72004235,0.073684211,190,4.354472741
avgbs_100653.1.9,Mrg11,7.2,0.14380097,0.2,190,-12.21302954
avgbs_100660.1.50,Mrg21,203.9,0.763421679,0.042105263,190,-4.902478264
avgbs_100830.1.37,Mrg17,31.8,0.113732504,0.139473684,190,15.25438739
avgbs_100875.1.33,Mrg24,41.8,0.68987869,0.134210526,190,3.746074959
avgbs_10092.1.57,Mrg20,214.5,0.893064847,0.436842105,190,0.891027079
avgbs_100920.1.60,Mrg19,49.8,0.253221203,0.105263158,190,12.41031266
avgbs_100922.1.13,Mrg17,37.3,0.575131569,0.142105263,190,5.154335662
avgbs_101134.1.33,Mrg2,67.4,0.805306247,0.036842105,190,4.123017499
avgbs_10121.1.24,Mrg19,64.7,0.444070564,0.342105263,190,5.292126129
avgbs_101226.1.46,Mrg9,86.8,0.201138621,0.105263158,190,13.74281863
avgbs_101243.1.45,Mrg17,97.7,0.159663227,0.144736842,190,13.3004182
avgbs_101302.1.39,Mrg23,62.1,0.10880716,0.336842105,190,11.34636221
avgbs_101340.1.33,Mrg20,198.1,0.091400587,0.207894737,190,-14.13667065
avgbs_101383.1.46,Mrg8,71.1,0.942759304,0.168421053,190,0.602361335
avgbs_101443.1.41,Mrg1,105.9,0.760508883,0.326315789,190,2.068939442
avgbs_1015.1.63,Mrg17,34,0.855573491,0.010526316,190,5.593838652
avgbs_101573.1.48,Mrg28,28,0.832541871,0.323684211,190,1.424760908
avgbs_101583.1.41,Mrg17,85.3,0.36809405,0.194736842,190,7.670353626
avgbs_101665.1.38,Mrg18,16.5,0.296825258,0.463157895,190,7.04330716
avgbs_101742.1.28,Mrg23,57.8,0.207692954,0.35,190,8.892809423
avgbs_10179.1.63,Mrg9,13.8,0.047740889,0.157894737,190,18.92767251
avgbs_1018.1.47,Mrg18,42,0.09952453,0.273684211,190,12.37452955
avgbs_101867.1.47,Mrg6,116,0.903490484,0.094736842,190,-1.292720446
avgbs_102016.1.10,Mrg3,50.9,0.601840493,0.076315789,190,6.356482547
avgbs_102137.1.60,Mrg8,134.1,0.775073034,0.310526316,190,1.963168337
avgbs_102221.1.53,Mrg17,33.2,0.125974328,0.026315789,190,31.73059685
avgbs_102228.1.59,Mrg21,125.8,0.053359167,0.184210526,190,16.66204877
avgbs_102256.1.61,Mrg23,48.3,0.986293407,0.113157895,190,-0.171288281
avgbs_102354.1.46,Mrg17,49.9,0.42600507,0.036842105,190,13.71757253
avgbs_102363.1.17,Mrg13,60,0.188383885,0.223684211,190,10.46440208
avgbs_102449.1.34,Mrg17,112.4,0.51779452,0.334210526,190,-4.543621046
avgbs_102612.1.40,Mrg28,43.8,0.376544161,0.318421053,190,6.202183189
avgbs_102627.1.16,Mrg1,108.4,0.794551347,0.039473684,190,4.456281855
avgbs_102674.1.21,Mrg28,31.8,0.72202202,0.273684211,190,2.549298887
avgbs_102716.1.56,Mrg13,106.5,0.092006623,0.147368421,190,-15.99499034
avgbs_102808.1.28,Mrg28,20.3,0.845005965,0.034210526,190,-3.446000691
avgbs_103101.1.27,Mrg18,36.2,0.435612254,0.394736842,190,-5.173923913
avgbs_103146.1.14,Mrg20,226.6,0.575532515,0.2,190,-4.494339364
avgbs_103284.1.60,Mrg5,50.5,0.578050185,0.065789474,190,7.280687488
avgbs_103330.1.8,Mrg9,44.7,0.290720343,0.078947368,190,12.84191667
avgbs_103432.1.10,Mrg28,79.8,0.586302085,0.118421053,190,5.658677398
avgbs_103601.1.46,Mrg1,117.4,0.416107167,0.123684211,190,8.27887587
avgbs_103663.1.13,Mrg9,42.6,0.128755517,0.076315789,190,19.16636091
avgbs_10371.1.9,Mrg8,146.1,0.144924832,0.073684211,190,18.85804225
avgbs_103793.1.24,Mrg15,52.7,0.653699375,0.176315789,190,3.809037343
avgbs_103822.1.30,Mrg5,56.5,0.16676418,0.092105263,190,15.9438245
avgbs_103831.1.16,Mrg20,138.5,0.405149154,0.092105263,190,9.433107208
avgbs_103966.1.16,Mrg15,32.7,0.791185576,0.413157895,190,-1.710428583
avgbs_103975.1.39,Mrg21,28.3,0.090043885,0.073684211,190,21.60840436
avgbs_10401.1.62,Mrg6,25.2,0.425887579,0.071052632,190,10.16246521
avgbs_10419.1.26,Mrg1,83.9,0.551322028,0.171052632,190,-5.112947786
avgbs_10420.1.53,Mrg28,20.3,0.828855555,0.031578947,190,-3.886741395
avgbs_104201.1.36,Mrg12,44.5,0.862971052,0.039473684,190,2.827708136
avgbs_104350.1.27,Mrg5,111.6,0.588931429,0.097368421,190,5.890752406
avgbs_104361.1.20,Mrg11,69.5,0.734555797,0.128947368,190,3.226461154
avgbs_104366.1.22,Mrg19,70.1,0.281559358,0.010526316,190,34.60547429
avgbs_10437.1.35,Mrg17,92.5,0.854230364,0.026315789,190,-3.600416667
avgbs_104397.1.51,Mrg17,32.2,0.074309889,0.186842105,190,15.75730526
avgbs_104405.1.22,Mrg8,153.1,0.885199572,0.055263158,190,-2.001750238
avgbs_104588.1.19,Mrg21,205.7,0.757971501,0.060526316,190,4.136822611
avgbs_104621.1.63,Mrg5,27.4,0.276097355,0.397368421,190,7.363394371
avgbs_104628.1.46,Mrg24,78.6,0.556185205,0.110526316,190,6.035187729
avgbs_104666.1.47,Mrg1,45,0.536442124,0.315789474,190,-4.308920074
avgbs_104679.1.37,Mrg17,75.6,0.354020949,0.026315789,190,18.89147523
avgbs_104801.1.38,Mrg18,32.5,0.261756223,0.363157895,190,7.753353148
avgbs_10481.1.35,Mrg20,120.1,0.396496345,0.121052632,190,8.455685911
avgbs_10496.1.40,Mrg13,60,0.513185309,0.142105263,190,6.107106363
avgbs_10497.1.7,Mrg11,31,0.769970055,0.094736842,190,-3.156052164
avgbs_104996.1.40,Mrg17,49.4,0.858490332,0.155263158,190,-1.551561194
avgbs_105103.1.34,Mrg19,49.8,0.546986789,0.186842105,190,4.993364254
avgbs_105110.1.43,Mrg11,106.7,0.985927594,0.176315789,190,0.146648311
avgbs_105180.1.43,Mrg8,144.6,0.438269785,0.094736842,190,-8.584185239
avgbs_105234.1.24,Mrg19,4,0.885859407,0.018421053,190,-3.46719503
avgbs_105272.1.46,Mrg21,205.7,0.734824942,0.047368421,190,-5.209179433
avgbs_105463.1.20,Mrg17,110.4,0.409212851,0.105263158,190,-8.739699755
avgbs_105639.1.12,Mrg33,37.6,0.274832571,0.015789474,190,28.74401738
avgbs_10565.1.54,Mrg17,78.9,0.320482129,0.065789474,190,13.54860275
avgbs_10569.1.14,Mrg5,130.9,0.707001099,0.134210526,190,3.565026374
avgbs_10571.1.51,Mrg11,8.8,0.001859926,0.084210526,190,-38.47893579
avgbs_10572.1.18,Mrg13,41.6,0.205640851,0.052631579,190,18.6940625
avgbs_105744.1.48,Mrg17,68.5,0.609615927,0.276315789,190,3.693333775
avgbs_105759.1.49,Mrg15,16.4,0.734219409,0.042105263,190,5.359852908
avgbs_105825.1.49,Mrg5,83.2,0.505061657,0.105263158,190,7.010042892
avgbs_105847.1.14,Mrg23,57.8,0.27359265,0.052631579,190,16.08991898
avgbs_105848.1.51,Mrg13,60,0.41225213,0.171052632,190,7.108262468
avgbs_105878.1.11,Mrg18,40,0.108196415,0.057894737,190,22.86707825
avgbs_105921.1.39,Mrg23,64.6,0.693193521,0.015789474,190,10.06788102
avgbs_105954.1.32,Mrg28,31.8,0.815080553,0.163157895,190,2.032176707
avgbs_106021.1.48,Mrg5,48.2,0.322495049,0.078947368,190,11.99777381
avgbs_106057.1.19,Mrg6,33.7,0.61362385,0.310526316,190,-3.730055748
avgbs_10618.1.19,Mrg33,82,0.391366389,0.107894737,190,9.052478603
avgbs_106242.1.10,Mrg1,80.9,0.048262677,0.084210526,190,23.7920094
avgbs_106243.1.63,Mrg24,41.8,0.627506984,0.031578947,190,-8.873380888
avgbs_106265.1.19,Mrg20,120.1,0.450740078,0.131578947,190,7.492947049
avgbs_10627.1.18,Mrg4,32.7,0.267896566,0.055263158,190,16.12309668
avgbs_106272.1.21,Mrg15,22,0.329518041,0.147368421,190,8.990967629
avgbs_106371.1.16,Mrg2,87.3,0.268864441,0.010526316,190,35.56558067
avgbs_106374.1.44,Mrg17,50.8,0.439942568,0.207894737,190,6.196339219
avgbs_106376.1.44,Mrg5,98.3,0.346087517,0.010526316,190,30.13971631
avgbs_10638.1.46,Mrg1,103.1,0.234894768,0.05,190,18.19008784
avgbs_106518.1.49,Mrg11,67.5,0.010106085,0.060526316,190,-36.7359177
avgbs_106529.1.15,Mrg13,66,0.05547087,0.068421053,190,24.84715324
avgbs_106604.1.7,Mrg19,49.8,0.196582887,0.094736842,190,14.55365391
avgbs_106646.1.26,Mrg1,71.9,0.065919306,0.113157895,190,-19.50851368
avgbs_10668.1.63,Mrg15,27.2,0.229797511,0.078947368,190,14.66139286
avgbs_106717.1.59,Mrg11,48.8,0.089222214,0.021052632,190,-39.42791779
avgbs_106725.1.40,Mrg5,83.2,0.561350278,0.218421053,190,-4.571548628
avgbs_106735.1.11,Mrg28,43.8,0.89516939,0.089473684,190,1.442516009
avgbs_106815.1.53,Mrg24,41,0.10892243,0.136842105,190,-16.05186709
avgbs_10682.1.47,Mrg17,24.5,0.022627631,0.084210526,190,28.04491137
avgbs_106841.1.50,Mrg2,85.2,0.569141043,0.036842105,190,9.708253643
avgbs_106887.1.36,Mrg9,91.9,0.08677341,0.102631579,190,19.21655177
avgbs_106941.1.33,Mrg23,57.8,0.124884648,0.326315789,190,10.93091628
avgbs_106964.1.9,Mrg15,35.1,0.199511246,0.026315789,190,26.44654279
avgbs_107010.1.10,Mrg21,27.3,0.694492904,0.163157895,190,3.381058108
avgbs_107017.1.27,Mrg15,18,0.008250791,0.021052632,190,-66.34836608
avgbs_107070.1.27,Mrg2,87.3,0.361514177,0.431578947,190,6.040304332
avgbs_107197.1.9,Mrg23,57.8,0.205197617,0.334210526,190,8.884542464
avgbs_107217.1.30,Mrg20,218.3,0.66617855,0.292105263,190,3.034236493
avgbs_107328.1.50,Mrg9,116.2,0.955110301,0.144736842,190,0.499591226
avgbs_107338.1.7,Mrg11,86.9,0.3546724,0.215789474,190,-7.34080421
avgbs_107340.1.38,Mrg3,101.6,0.001167813,0.284210526,190,-24.30073529
avgbs_107357.1.48,Mrg15,52.7,0.67963391,0.168421053,190,3.514228557
avgbs_107386.1.22,Mrg15,52.7,0.656504448,0.168421053,190,3.82783251
avgbs_107394.1.14,Mrg3,25.4,0.989128902,0.268421053,190,0.095801759
avgbs_107426.1.9,Mrg28,79.1,0.14151952,0.25,190,11.29468492
avgbs_107453.1.62,Mrg19,55.4,0.617538938,0.021052632,190,11.13181004
avgbs_107460.1.48,Mrg13,71.4,0.091227195,0.215789474,190,13.67147276
avgbs_107497.1.42,Mrg15,35.1,0.11975972,0.015789474,190,41.44878565
avgbs_107597.1.31,Mrg3,65,0.318775734,0.147368421,190,9.199879666
avgbs_107605.1.22,Mrg17,36.6,0.058494605,0.047368421,190,29.7588206
avgbs_107698.1.30,Mrg19,49.8,0.493950654,0.189473684,190,5.638343254
avgbs_107744.1.8,Mrg20,208.9,0.316021856,0.118421053,190,10.35015081
avgbs_107834.1.46,Mrg20,195.3,0.241225996,0.05,190,17.93795109
avgbs_107847.1.31,Mrg3,129.9,0.720319612,0.4,190,-2.372338494
avgbs_107878.1.7,Mrg20,19.6,0.000446241,0.026315789,190,-74.07115991
avgbs_10789.1.59,Mrg21,172,0.432844304,0.218421053,190,6.231523988
avgbs_107910.1.32,Mrg23,39.2,0.127238504,0.047368421,190,-25.35272325
avgbs_107976.1.33,Mrg19,54.8,0.617538938,0.021052632,190,11.13181004
avgbs_107992.1.37,Mrg5,41.5,0.908360228,0.342105263,190,-0.785215365
avgbs_108120.1.54,Mrg5,127.5,0.639855193,0.089473684,190,5.32396419
avgbs_108180.1.43,Mrg21,28.3,0.125148124,0.142105263,190,14.57986395
avgbs_10827.1.46,Mrg33,64,0.600504017,0.073684211,190,6.303078188
avgbs_108395.1.49,Mrg3,9,0.64498442,0.147368421,190,4.15091031
avgbs_108418.1.63,Mrg8,58,0.361299345,0.339473684,190,6.459766241
avgbs_108419.1.64,Mrg15,72.6,0.865825061,0.202631579,190,1.368270624
avgbs_10849.1.39,Mrg21,142,0.188294701,0.242105263,190,10.21693374
avgbs_108575.1.42,Mrg8,58,0.360338113,0.323684211,190,6.395221216
avgbs_10862.1.14,Mrg15,15,0.05799068,0.068421053,190,25.62529654
avgbs_10863.1.47,Mrg20,198.5,0.524393044,0.034210526,190,-11.06919052
avgbs_108649.1.11,Mrg11,8.8,0.395342418,0.036842105,190,14.67888206
avgbs_108658.1.21,Mrg20,147.3,0.437041733,0.121052632,190,7.72822236
avgbs_108659.1.44,Mrg21,28.3,0.295985094,0.060526316,190,13.88517301
avgbs_108663.1.20,Mrg11,4.6,0.775559754,0.492105263,190,1.825876588
avgbs_108681.1.60,Mrg1,39.3,0.211678614,0.426315789,190,-8.370914434
avgbs_108692.1.38,Mrg21,181.1,0.236914129,0.223684211,190,9.374742984
avgbs_108753.1.23,Mrg33,37.3,0.025577891,0.186842105,190,-19.13892159
avgbs_108756.1.43,Mrg6,57.2,0.471017481,0.486842105,190,-4.678530375
avgbs_108758.1.32,Mrg13,73.6,0.166046926,0.213157895,190,11.23269851
avgbs_108794.1.8,Mrg11,8.8,0.201822805,0.039473684,190,22.01105724
avgbs_10880.1.9,Mrg8,142,0.538263613,0.236842105,190,-4.730189424
avgbs_108818.1.34,Mrg18,14.3,0.99844794,0.292105263,190,-0.013353563
avgbs_10882.1.36,Mrg5,82,0.35807579,0.215789474,190,7.287275263
avgbs_108878.1.63,Mrg13,71.4,0.046209501,0.215789474,190,16.47349038
avgbs_108887.1.19,Mrg1,136.5,0.164535557,0.184210526,190,11.96915064
avgbs_108895.1.20,Mrg15,22,0.910038971,0.068421053,190,-1.396404643
avgbs_108953.1.30,Mrg11,8.8,0.964584427,0.036842105,190,0.760111017
avgbs_108975.1.35,Mrg2,87.3,0.340381583,0.015789474,190,24.97830882
avgbs_109.1.42,Mrg15,31.3,0.19527992,0.013157895,190,25.7982293
avgbs_109002.1.11,Mrg15,26.4,0.210373431,0.471052632,190,8.295056558
avgbs_109004.1.7,Mrg13,60,0.376090909,0.352631579,190,6.034942412
avgbs_109028.1.16,Mrg6,51.3,0.901051087,0.476315789,190,-0.805553941
avgbs_10904.1.12,Mrg17,89.4,0.412382501,0.036842105,190,-14.13908242
avgbs_109068.1.49,Mrg20,184.2,0.855131782,0.176315789,190,-1.509591895
avgbs_109074.1.53,Mrg1,23.8,0.990710978,0.328947368,190,0.077844921
avgbs_109116.1.47,Mrg5,114.7,0.700350968,0.126315789,190,-3.683148218
avgbs_109117.1.22,Mrg6,102.3,0.38078817,0.102631579,190,9.472937486
avgbs_10912.1.16,Mrg17,10.5,0.047780033,0.202631579,190,16.54126892
avgbs_109124.1.19,Mrg20,231.4,0.424105906,0.35,190,5.622403232
avgbs_109193.1.21,Mrg2,87.3,0.324529438,0.284210526,190,7.188482032
avgbs_109439.1.17,Mrg17,88.8,0.442542956,0.344736842,190,-5.316419711
avgbs_109455.1.38,Mrg3,25.4,0.625586491,0.136842105,190,4.540967011
avgbs_109473.1.7,Mrg6,108.4,0.65525682,0.113157895,190,4.652305652
avgbs_109532.1.25,Mrg17,32.2,0.099758206,0.173684211,190,14.59078598
avgbs_109553.1.40,Mrg24,41.8,0.575798222,0.144736842,190,5.133292103
avgbs_109611.1.16,Mrg33,44.2,0.329199406,0.334210526,190,6.9921664
avgbs_109631.1.42,Mrg15,72.9,0.324607311,0.063157895,190,13.24046699
avgbs_10969.1.46,Mrg17,83.9,0.254181327,0.044736842,190,-18.41207504
avgbs_1097.1.24,Mrg20,120.1,0.910327183,0.039473684,190,1.836814096
avgbs_109756.1.39,Mrg15,35.1,0.199511246,0.026315789,190,26.44654279
avgbs_109777.1.13,Mrg3,25,0.324390904,0.142105263,190,-9.329704192
avgbs_109799.1.19,Mrg13,44.6,0.529565213,0.107894737,190,-6.573481837
avgbs_109814.1.32,Mrg23,69.1,0.007989199,0.339473684,190,18.92112562
avgbs_109843.1.63,Mrg17,62.4,0.228510422,0.402631579,190,8.151672594
avgbs_109852.1.30,Mrg17,100.7,0.350006682,0.173684211,190,8.051453629
avgbs_109927.1.14,Mrg8,153.1,0.063374353,0.134210526,190,18.95445579
avgbs_109948.1.33,Mrg19,66.1,0.690757532,0.321052632,190,2.761700345
avgbs_109949.1.35,Mrg12,25,0.745810091,0.186842105,190,2.669038288
avgbs_109986.1.23,Mrg5,42.9,0.283374841,0.45,190,7.167251502
avgbs_110054.1.50,Mrg9,73.5,0.094928315,0.084210526,190,20.36745227
avgbs_110071.1.23,Mrg24,41.8,0.138949458,0.144736842,190,14.01956578
avgbs_110072.1.60,Mrg13,62.6,0.182220411,0.218421053,190,10.70888166
avgbs_110253.1.61,Mrg6,53.8,0.405686955,0.273684211,190,6.062742707
avgbs_110262.1.14,Mrg2,73.3,0.400034606,0.426315789,190,5.534116501
avgbs_110277.1.7,Mrg3,128.6,0.864841211,0.060526316,190,-2.117786905
avgbs_110287.1.25,Mrg33,65.9,0.554787119,0.168421053,190,-5.074830235
avgbs_110306.1.10,Mrg2,87.3,0.798055834,0.015789474,190,6.471512923
avgbs_110323.1.13,Mrg17,34,0.694163162,0.068421053,190,-4.954259923
avgbs_110326.1.28,Mrg13,39.4,0.103811408,0.071052632,190,21.27130884
avgbs_11034.1.51,Mrg33,28.3,0.783935278,0.042105263,190,4.310187729
avgbs_110374.1.40,Mrg17,63.2,0.195233818,0.389473684,190,8.968401339
avgbs_110493.1.15,Mrg1,83.9,0.76667845,0.302631579,190,-2.048502421
avgbs_110504.1.31,Mrg3,37.1,0.536407354,0.021052632,190,14.84809001
avgbs_110529.1.18,Mrg9,43.4,0.64818413,0.084210526,190,5.24585279
avgbs_110539.1.42,Mrg17,75.6,0.37517563,0.228947368,190,6.902161476
avgbs_110564.1.25,Mrg9,48.2,0.820097207,0.026315789,190,4.470731982
avgbs_110567.1.56,Mrg21,27.3,0.417660409,0.178947368,190,6.867789247
avgbs_110603.1.46,Mrg21,181.1,0.380974786,0.215789474,190,-6.93551079
avgbs_110614.1.49,Mrg28,36.8,0.833878441,0.334210526,190,-1.401497944
avgbs_110624.1.41,Mrg2,87.3,0.071154059,0.255263158,190,13.5761609
avgbs_110630.1.24,Mrg1,56.5,0.828706297,0.268421053,190,1.556207723
avgbs_110633.1.44,Mrg23,57.8,0.148849522,0.347368421,190,10.04472599
avgbs_110647.1.50,Mrg3,18.6,0.764054568,0.076315789,190,3.679704357
avgbs_110679.1.50,Mrg28,36.8,0.835058487,0.207894737,190,1.632112363
avgbs_1107.1.19,Mrg11,12.3,0.595025054,0.021052632,190,11.87080533
avgbs_110738.1.58,Mrg11,8.8,0.791204928,0.047368421,190,3.931971301
avgbs_11074.1.43,Mrg3,20.3,0.379784602,0.110526316,190,9.12288849
avgbs_110740.1.24,Mrg9,112,0.427263905,0.05,190,11.99030152
avgbs_11077.1.9,Mrg3,77.8,0.783655012,0.052631579,190,3.881759259
avgbs_110773.1.7,Mrg9,86.1,0.311296515,0.047368421,190,15.59921347
avgbs_110783.1.25,Mrg1,83.9,0.266254985,0.497368421,190,7.521560102
avgbs_110790.1.44,Mrg13,61.3,0.370083357,0.344736842,190,6.200550069
avgbs_110804.1.56,Mrg5,56.5,0.188875923,0.023684211,190,29.38305414
avgbs_110867.1.49,Mrg9,43.4,0.794330952,0.081578947,190,-3.030614749
avgbs_110890.1.62,Mrg5,8.8,0.955581126,0.413157895,190,-0.35819515
avgbs_110914.1.27,Mrg13,106.5,0.289702898,0.063157895,190,14.26729869
avgbs_110930.1.58,Mrg24,69.6,0.371680393,0.160526316,190,-7.969090465
avgbs_110939.1.48,Mrg3,40.7,0.337916718,0.073684211,190,11.98165415
avgbs_110942.1.25,Mrg2,87.3,0.03696146,0.273684211,190,-15.78098197
avgbs_111000.1.25,Mrg19,49.8,0.071138016,0.110526316,190,19.20375634
avgbs_111008.1.15,Mrg13,35.9,0.417361301,0.160526316,190,7.211196957
avgbs_111053.1.44,Mrg24,45,0.085221362,0.086842105,190,-20.19724501
avgbs_111156.1.20,Mrg20,147.3,0.767778593,0.076315789,190,3.549232072
avgbs_111208.1.17,Mrg11,54,0.837598374,0.239473684,190,-1.598006489
avgbs_111219.1.61,Mrg17,49.4,0.292735727,0.123684211,190,-10.5372871
avgbs_111260.1.51,Mrg9,79.7,0.171256096,0.065789474,190,18.44906688
avgbs_11137.1.28,Mrg23,74.4,0.353620261,0.110526316,190,9.652896943
avgbs_111376.1.37,Mrg8,142,0.831522857,0.084210526,190,-2.591611204
avgbs_111450.1.50,Mrg13,36.7,0.365292099,0.142105263,190,-8.545989124
avgbs_111455.1.48,Mrg3,82.8,0.750766703,0.147368421,190,-2.836909355
avgbs_111466.1.63,Mrg13,73.1,0.854069325,0.094736842,190,1.970219638
avgbs_111522.1.58,Mrg3,124.3,0.183192529,0.328947368,190,-9.561221831
avgbs_111545.1.55,Mrg3,50.1,0.22300959,0.073684211,190,15.36342668
avgbs_111630.1.26,Mrg19,49.8,0.493950654,0.189473684,190,5.638343254
avgbs_111687.1.16,Mrg2,85,0.240616308,0.171052632,190,10.70807243
avgbs_111695.1.18,Mrg23,30.2,0.689521139,0.010526316,190,12.45670434
avgbs_111717.1.24,Mrg17,36.6,0.911767505,0.131578947,190,1.022638889
avgbs_111743.1.21,Mrg17,78.9,0.549654949,0.039473684,190,-10.06020577
avgbs_111778.1.34,Mrg13,35.9,0.416343271,0.165789474,190,7.133347446
avgbs_111779.1.23,Mrg5,92.9,0.989329548,0.147368421,190,-0.119286413
avgbs_111823.1.36,Mrg11,54,0.42360276,0.078947368,190,-9.634178571
avgbs_111870.1.38,Mrg1,92,0.077822856,0.073684211,190,22.50625846
avgbs_111921.1.24,Mrg2,118.5,0.744178515,0.021052632,190,7.200610439
avgbs_11205.1.29,Mrg3,104.3,0.41701553,0.068421053,190,10.44195368
avgbs_112129.1.44,Mrg11,51,0.729930444,0.126315789,190,3.29579882
avgbs_112130.1.15,Mrg33,27.1,0.539049361,0.086842105,190,-7.081539162
avgbs_112178.1.33,Mrg15,50.3,0.883876288,0.355263158,190,-0.95739889
avgbs_112278.1.44,Mrg15,72.9,0.424109378,0.094736842,190,-8.861115149
avgbs_112355.1.13,Mrg5,114.7,0.445351972,0.184210526,190,-6.438398999
avgbs_112364.1.25,Mrg19,45.4,0.248964346,0.078947368,190,-14.05529762
avgbs_112365.1.22,Mrg23,46.3,0.60856612,0.071052632,190,-6.448550744
avgbs_112369.1.30,Mrg19,49.8,0.332036249,0.1,190,10.56643519
avgbs_112377.1.50,Mrg1,57.2,0.725511373,0.336842105,190,-2.370934245
avgbs_11239.1.52,Mrg4,44.7,0.436758069,0.45,190,5.083883396
avgbs_112390.1.46,Mrg1,110.8,0.066464933,0.105263158,190,19.9635723
avgbs_11240.1.47,Mrg21,180.4,0.701481565,0.247368421,190,2.864995151
avgbs_112401.1.40,Mrg1,109,0.277286009,0.047368421,190,17.29100391
avgbs_11250.1.54,Mrg28,43.8,0.390033141,0.310526316,190,6.045636294
avgbs_112514.1.36,Mrg15,21.4,0.878396093,0.073684211,190,-1.86932162
avgbs_112603.1.61,Mrg6,54.4,0.744007324,0.5,190,2.079875887
avgbs_112697.1.38,Mrg24,23.1,0.923438275,0.047368421,190,1.409718386
avgbs_112719.1.47,Mrg9,64.7,0.221022043,0.063157895,190,16.57447331
avgbs_112738.1.56,Mrg8,62.4,0.176495829,0.063157895,190,18.79061122
avgbs_112850.1.49,Mrg9,78.3,0.194974504,0.063157895,190,17.58685042
avgbs_112898.1.18,Mrg28,20.3,0.500787699,0.047368421,190,10.23250077
avgbs_112938.1.46,Mrg1,108.4,0.511794564,0.036842105,190,11.23503936
avgbs_112940.1.56,Mrg17,31.2,0.019659397,0.189473684,190,20.71993125
avgbs_112947.1.31,Mrg15,23.6,0.488681339,0.015789474,190,17.94856283
avgbs_112972.1.28,Mrg3,53.9,0.983437859,0.136842105,190,-0.184998949
avgbs_112977.1.62,Mrg6,102.3,0.604582308,0.368421053,190,3.458597983
avgbs_113001.1.25,Mrg9,125.7,0.039356499,0.176315789,190,18.35904102
avgbs_113023.1.58,Mrg3,129.9,0.113640934,0.086842105,190,-19.15102817
avgbs_113050.1.12,Mrg2,87.3,0.146109768,0.328947368,190,10.34383419
avgbs_11326.1.18,Mrg5,50.5,0.082699549,0.055263158,190,25.63408457
avgbs_113329.1.7,Mrg15,72.9,0.166047445,0.028947368,190,29.47819695
avgbs_113334.1.15,Mrg8,121.2,0.686935428,0.044736842,190,-6.302791479
avgbs_11341.1.62,Mrg9,44.7,0.901044733,0.086842105,190,1.39051039
avgbs_113590.1.16,Mrg20,249.7,0.023876039,0.278947368,190,17.13504808
avgbs_113620.1.43,Mrg33,26.3,0.616727686,0.042105263,190,7.976267743
avgbs_113658.1.31,Mrg13,46.4,0.351322654,0.078947368,190,-11.2794881
avgbs_113703.1.16,Mrg9,138.3,0.216254262,0.015789474,190,32.68965018
avgbs_113724.1.8,Mrg17,63.1,0.207597363,0.207894737,190,10.36585789
avgbs_113735.1.59,Mrg13,46.4,0.383267571,0.086842105,190,-10.16581232
avgbs_113757.1.52,Mrg21,128.4,0.440340643,0.063157895,190,10.52320247
avgbs_113760.1.28,Mrg17,37.3,0.090352562,0.1,190,19.37419772
avgbs_113770.1.24,Mrg33,65.9,0.658623887,0.052631579,190,-7.356737421
avgbs_113786.1.26,Mrg4,44.7,0.162938288,0.134210526,190,-13.62224893
avgbs_113824.1.61,Mrg2,87.3,0.020475394,0.242105263,190,-18.43849795
avgbs_113838.1.48,Mrg4,55.8,0.923770403,0.394736842,190,0.613352384
avgbs_113841.1.36,Mrg8,81.4,0.197784039,0.289473684,190,-9.49399044
avgbs_113853.1.15,Mrg20,185.4,0.344849454,0.092105263,190,10.75019808
avgbs_114090.1.20,Mrg6,70.5,0.431863637,0.05,190,11.86743827
avgbs_114096.1.50,Mrg6,108.8,0.123558059,0.031578947,190,29.23740942
avgbs_114097.1.9,Mrg17,63.3,0.843577111,0.042105263,190,3.085170559
avgbs_114122.1.54,Mrg6,38,0.403164484,0.123684211,190,8.4107489
avgbs_11416.1.38,Mrg12,63.5,0.029906925,0.228947368,190,17.39624274
avgbs_114170.1.11,Mrg3,80.3,0.909345431,0.036842105,190,1.886142011
avgbs_114187.1.21,Mrg15,35.1,0.071259877,0.018421053,190,46.48137994
avgbs_114206.1.59,Mrg17,39.8,0.848769712,0.231578947,190,-1.418735082
avgbs_114277.1.43,Mrg1,64.8,0.518099959,0.407894737,190,4.373453942
avgbs_114294.1.13,Mrg3,63.6,0.682689716,0.397368421,190,2.667115332
avgbs_114369.1.56,Mrg15,25.9,0.356190481,0.031578947,190,17.21182065
avgbs_114373.1.36,Mrg9,93,0.079393349,0.365789474,190,12.17645969
avgbs_114491.1.40,Mrg15,35.1,0.11975972,0.015789474,190,41.44878565
avgbs_114541.1.39,Mrg4,37.9,0.211676207,0.152631579,190,-11.44906252
avgbs_114613.1.46,Mrg6,102.3,0.070829648,0.092105263,190,21.01155693
avgbs_114636.1.44,Mrg15,35.1,0.11975972,0.015789474,190,41.44878565
avgbs_114648.1.63,Mrg8,156.8,0.429429504,0.213157895,190,6.286206771
avgbs_114653.1.19,Mrg17,34,0.913394176,0.068421053,190,-1.372295255
avgbs_114668.1.53,Mrg8,137.4,0.024992531,0.031578947,190,-43.01938406
avgbs_114676.1.49,Mrg13,74,0.67143177,0.110526316,190,4.311321851
avgbs_114691.1.64,Mrg17,75.6,0.807349861,0.013157895,190,7.111560336
avgbs_114722.1.49,Mrg15,31.3,0.955700607,0.084210526,190,0.621256885
avgbs_114763.1.43,Mrg20,243.9,0.164654631,0.163157895,190,-12.4428793
avgbs_114773.1.47,Mrg1,92.3,0.013686134,0.107894737,190,26.91114809
avgbs_114776.1.56,Mrg18,36.2,0.072358986,0.013157895,190,-55.49400346
avgbs_114777.1.26,Mrg21,199.4,0.409664172,0.194736842,190,6.766388079
avgbs_11478.1.57,Mrg13,31,0.729043682,0.207894737,190,-2.763254888
avgbs_114784.1.9,Mrg20,226.6,0.241706078,0.089473684,190,-13.7150489
avgbs_114952.1.16,Mrg11,45.6,0.526280773,0.173684211,190,5.440545124
avgbs_114976.1.16,Mrg2,87.3,0.369041762,0.428947368,190,5.931446069
avgbs_114982.1.64,Mrg23,60.4,0.088525982,0.186842105,190,14.61763434
avgbs_114987.1.47,Mrg8,121.2,0.142530202,0.392105263,190,-9.983766567
avgbs_115010.1.20,Mrg1,45,0.676563598,0.026315789,190,8.301542793
avgbs_115083.1.39,Mrg9,50.9,0.589503108,0.086842105,190,6.196821996
avgbs_115091.1.62,Mrg9,111.7,0.161194803,0.068421053,190,18.36687763
avgbs_115108.1.40,Mrg21,27.3,0.679599283,0.165789474,190,3.553778247
avgbs_115117.1.34,Mrg9,73.5,0.729298332,0.105263158,190,-3.576519608
avgbs_115135.1.9,Mrg3,50.5,0.325063575,0.126315789,190,9.685466867
avgbs_115137.1.54,Mrg6,67.6,0.67127152,0.086842105,190,4.843234393
avgbs_115193.1.42,Mrg15,26.4,0.147752113,0.476315789,190,9.628254231
avgbs_115199.1.21,Mrg24,23.1,0.197010123,0.4,190,-8.739343126
avgbs_115202.1.60,Mrg13,42.1,0.704172349,0.134210526,190,3.560482599
avgbs_115256.1.32,Mrg1,114.5,0.505117427,0.047368421,190,10.12607044
avgbs_1153.1.63,Mrg13,42.1,0.197980543,0.060526316,190,18.02548467
avgbs_115302.1.12,Mrg17,84.3,0.283965111,0.184210526,190,9.0634351
avgbs_115362.1.10,Mrg15,87.2,0.340878389,0.089473684,190,10.89769707
avgbs_115432.1.19,Mrg9,49.2,0.762878962,0.084210526,190,3.436024306
avgbs_115512.1.17,Mrg15,72.9,0.037152007,0.171052632,190,-18.62837791
avgbs_115533.1.46,Mrg9,42.6,0.577324708,0.168421053,190,4.780527261
avgbs_115640.1.18,Mrg11,48.8,0.512491128,0.168421053,190,5.64555149
avgbs_115650.1.30,Mrg1,32.9,0.246614592,0.410526316,190,-7.829901172
avgbs_115721.1.46,Mrg24,5.4,0.885526602,0.015789474,190,-3.963143777
avgbs_11575.1.25,Mrg13,32.8,0.440084099,0.023684211,190,16.9537115
avgbs_115756.1.11,Mrg1,105.9,0.709483275,0.363157895,190,-2.475241297
avgbs_115789.1.23,Mrg3,120.1,0.490937462,0.036842105,190,-12.27835863
avgbs_115857.1.52,Mrg21,213.7,0.389875369,0.113157895,190,8.892009009
avgbs_115950.1.42,Mrg15,58.2,0.891516066,0.036842105,190,-2.263155412
avgbs_116021.1.47,Mrg24,41.8,0.312116903,0.073684211,190,-12.66138055
avgbs_116088.1.13,Mrg9,84.9,0.326807911,0.042105263,190,15.96171589
avgbs_116123.1.8,Mrg28,59.2,0.271281158,0.373684211,190,-7.506011841
avgbs_116164.1.52,Mrg17,83.9,0.135886157,0.221052632,190,12.01133427
avgbs_116165.1.55,Mrg15,35.1,0.916100503,0.010526316,190,3.218838652
avgbs_116254.1.62,Mrg3,53.9,0.683365436,0.460526316,190,2.831797162
avgbs_116290.1.26,Mrg2,81.5,0.005769515,0.244736842,190,-22.03491366
avgbs_116301.1.11,Mrg9,49.2,0.373329621,0.081578947,190,10.69160747
avgbs_116329.1.39,Mrg13,67.8,0.032120076,0.239473684,190,17.14672061
avgbs_116335.1.28,Mrg13,49.8,0.880589225,0.147368421,190,-1.326093107
avgbs_116468.1.8,Mrg21,125.8,0.623050744,0.094736842,190,5.36932332
avgbs_116510.1.34,Mrg3,62.7,0.447150462,0.228947368,190,5.886114679
avgbs_116613.1.10,Mrg5,9.7,0.109212245,0.092105263,190,-18.55991972
avgbs_116623.1.15,Mrg28,75.4,0.685340707,0.226315789,190,3.105790904
avgbs_116683.1.36,Mrg3,75.8,0.906971219,0.178947368,190,-0.960176297
avgbs_116690.1.35,Mrg13,65.6,0.016403235,0.052631579,190,-36.12577546
avgbs_116786.1.33,Mrg23,49.5,0.000306716,0.052631579,190,-56.08765885
avgbs_116791.1.33,Mrg17,32.8,0.016412308,0.136842105,190,23.73559207
avgbs_116795.1.25,Mrg9,125.7,0.200931717,0.036842105,190,22.39994958
avgbs_116834.1.53,Mrg3,46.3,0.392168459,0.055263158,190,12.34229317
avgbs_116891.1.44,Mrg15,77.5,0.66949785,0.057894737,190,5.971099031
avgbs_116906.1.55,Mrg5,57.3,0.177378436,0.244736842,190,10.33366179
avgbs_116951.1.14,Mrg24,36.9,0.283155062,0.155263158,190,-9.767641608
avgbs_117003.1.17,Mrg3,53.9,0.944101928,0.1,190,-0.716347064
avgbs_117009.1.56,Mrg3,65,0.833358323,0.371052632,190,-1.372727849
avgbs_117021.1.57,Mrg23,57.8,0.053840281,0.2,190,15.85579883
avgbs_117090.1.10,Mrg11,54,0.42360276,0.078947368,190,-9.634178571
avgbs_117101.1.43,Mrg15,27.2,0.703329995,0.181578947,190,3.182631409
avgbs_117163.1.53,Mrg15,27.2,0.273636029,0.147368421,190,10.13474794
avgbs_11723.1.59,Mrg21,122.8,0.395575827,0.089473684,190,9.682740423
avgbs_117254.1.22,Mrg3,47.7,0.248516888,0.092105263,190,13.22391495
avgbs_117283.1.51,Mrg9,111.3,0.165545591,0.078947368,190,17.01332143
avgbs_117341.1.53,Mrg33,58.2,0.707386424,0.465789474,190,2.410269671
avgbs_117348.1.56,Mrg17,89.4,0.349228976,0.013157895,190,-28.28369189
avgbs_117382.1.30,Mrg3,103.3,0.90905465,0.068421053,190,-1.411887042
avgbs_117384.1.38,Mrg9,73.5,0.360270741,0.126315789,190,-8.981293926
avgbs_117484.1.34,Mrg21,142,0.090995053,0.113157895,190,17.88415991
avgbs_117650.1.49,Mrg4,51,0.712460876,0.489473684,190,-2.341698306
avgbs_117651.1.12,Mrg11,86.9,0.06612146,0.057894737,190,-26.26761893
avgbs_117667.1.18,Mrg1,21.7,0.195809557,0.455263158,190,8.642810576
avgbs_117800.1.59,Mrg3,50.5,0.321997115,0.068421053,190,12.82830744
avgbs_117841.1.50,Mrg6,116,0.839164999,0.026315789,190,-3.982984234
avgbs_117863.1.31,Mrg4,17.5,0.207451195,0.060526316,190,17.63858361
avgbs_117942.1.44,Mrg13,41.6,0.205640851,0.052631579,190,18.6940625
avgbs_118051.1.17,Mrg9,103.8,0.229284157,0.042105263,190,19.70853938
avgbs_118072.1.19,Mrg13,31,0.524031194,0.160526316,190,-5.621617408
avgbs_118082.1.26,Mrg3,44.6,0.321017976,0.378947368,190,-6.727772735
avgbs_118117.1.64,Mrg5,56.5,0.173520844,0.097368421,190,15.29386016
avgbs_118168.1.38,Mrg8,32.1,0.271195125,0.068421053,190,15.28241154
avgbs_118180.1.62,Mrg9,44.7,0.64818413,0.084210526,190,5.24585279
avgbs_118197.1.50,Mrg1,36.4,0.300026653,0.026315789,190,-21.20622748
avgbs_118202.1.52,Mrg17,87.8,0.149585759,0.144736842,190,13.64067595
avgbs_118279.1.38,Mrg21,27.3,0.694492904,0.163157895,190,3.381058108
avgbs_118285.1.52,Mrg8,62.4,0.224329278,0.010526316,190,39.21335328
avgbs_118291.1.41,Mrg11,108.6,0.163594312,0.476315789,190,9.254262492
avgbs_118301.1.16,Mrg19,49.8,0.973033442,0.078947368,190,0.395862154
avgbs_118413.1.53,Mrg17,56.5,0.093933119,0.413157895,190,-11.35518425
avgbs_118428.1.20,Mrg13,35.9,0.219553824,0.031578947,190,24.1949393
avgbs_118437.1.45,Mrg19,50,0.066049116,0.110526316,190,19.83817856
avgbs_118448.1.22,Mrg15,29.4,0.870887853,0.084210526,190,1.833069923
avgbs_118451.1.23,Mrg21,148.2,0.114850319,0.236842105,190,12.60104667
avgbs_118461.1.53,Mrg5,44.2,0.22612477,0.239473684,190,9.373964757
avgbs_118483.1.54,Mrg13,62.4,0.435404839,0.202631579,190,-6.320351144
avgbs_118512.1.14,Mrg11,54,0.16576848,0.147368421,190,12.93542585
avgbs_118540.1.10,Mrg15,27.2,0.547572319,0.231578947,190,4.586975924
avgbs_118589.1.26,Mrg3,73.1,0.532548914,0.065789474,190,-8.19714786
avgbs_11860.1.52,Mrg24,78.6,0.13508833,0.068421053,190,19.63178962
avgbs_11862.1.18,Mrg6,18.8,0.425181069,0.265789474,190,5.920458154
avgbs_118634.1.12,Mrg1,82.8,0.647213599,0.115789474,190,-4.566687523
avgbs_118666.1.41,Mrg12,104.4,0.316456605,0.213157895,190,8.034040985
avgbs_119002.1.56,Mrg15,10.3,0.508515734,0.010526316,190,-20.90383422
avgbs_119096.1.54,Mrg33,42.9,0.694942043,0.436842105,190,2.528411441
avgbs_119157.1.24,Mrg2,87.3,0.499285534,0.010526316,190,21.37558732
avgbs_119168.1.40,Mrg17,84.3,0.362770838,0.236842105,190,6.980228289
avgbs_119183.1.14,Mrg23,53.7,0.132114467,0.063157895,190,-20.53768141
avgbs_119248.1.39,Mrg15,52,0.19317772,0.110526316,190,-13.521026
avgbs_119258.1.20,Mrg13,42.1,0.63520655,0.118421053,190,4.847833333
avgbs_119264.1.37,Mrg6,29.7,0.173163253,0.255263158,190,-10.36554342
avgbs_119304.1.27,Mrg21,122.8,0.4157486,0.102631579,190,8.7741523
avgbs_119323.1.43,Mrg1,74.4,0.840676542,0.328947368,190,-1.347922913
avgbs_11934.1.9,Mrg6,29.1,0.509981049,0.073684211,190,8.136737351
avgbs_119356.1.61,Mrg8,20.4,0.457732235,0.073684211,190,-9.388316976
avgbs_119392.1.50,Mrg24,60.2,0.62054083,0.168421053,190,4.232811676
avgbs_119403.1.57,Mrg3,75.8,0.944136515,0.063157895,190,-0.938457091
avgbs_119411.1.28,Mrg28,43.8,0.69269612,0.268421053,190,2.895984286
avgbs_11942.1.42,Mrg6,45.2,0.332159432,0.163157895,190,8.74672619
avgbs_119421.1.42,Mrg23,53.8,0.386328694,0.013157895,190,26.10592235
avgbs_119436.1.31,Mrg17,63.3,0.320510231,0.010526316,190,31.83569371
avgbs_119467.1.15,Mrg11,52.8,0.714378825,0.176315789,190,-3.092094954
avgbs_119474.1.59,Mrg18,18.1,0.005527063,0.031578947,190,-53.47347147
avgbs_119526.1.45,Mrg20,120.1,0.975093297,0.015789474,190,-0.776258913
avgbs_119576.1.9,Mrg13,8.6,0.212864846,0.194736842,190,-10.45784263
avgbs_119649.1.52,Mrg15,27.2,0.729813645,0.15,190,-3.083641814
avgbs_119712.1.45,Mrg20,21.5,0.737357488,0.026315789,190,6.640326577
avgbs_119732.1.52,Mrg28,32.6,0.206986732,0.489473684,190,-8.505998775
avgbs_119891.1.13,Mrg17,100.3,0.494294089,0.178947368,190,5.759769356
avgbs_119897.1.26,Mrg20,239.2,0.101153855,0.357894737,190,11.44180689
avgbs_119941.1.12,Mrg2,85.2,0.868921568,0.476315789,190,1.043387801
avgbs_119958.1.41,Mrg23,60.4,0.162680845,0.136842105,190,13.59527065
avgbs_119966.1.32,Mrg4,44.7,0.981794626,0.276315789,190,-0.158573732
avgbs_119997.1.64,Mrg1,104,0.661219403,0.297368421,190,-3.067420616
avgbs_120017.1.28,Mrg1,108.4,0.095202782,0.102631579,190,18.43340358
avgbs_120053.1.42,Mrg13,73.6,0.782500593,0.186842105,190,-2.245895788
avgbs_120060.1.20,Mrg9,44.7,0.242955632,0.063157895,190,15.78781016
avgbs_120065.1.32,Mrg28,44.4,0.772200253,0.252631579,190,2.105442464
avgbs_120076.1.53,Mrg21,130.4,0.450672575,0.081578947,190,9.008840985
avgbs_120080.1.42,Mrg3,7.7,0.760879665,0.142105263,190,-2.787331146
avgbs_120130.1.47,Mrg9,44.7,0.105863756,0.421052632,190,10.89109848
avgbs_120174.1.18,Mrg13,44.6,0.764364665,0.128947368,190,-2.845107046
avgbs_120322.1.60,Mrg33,59,0.661697038,0.152631579,190,3.880471371
avgbs_120353.1.64,Mrg20,196.8,0.381457262,0.068421053,190,-9.943126967
avgbs_120362.1.37,Mrg6,37.4,0.54621931,0.173684211,190,5.125449961
avgbs_120371.1.16,Mrg24,49,0.990765318,0.034210526,190,0.220163788
avgbs_120378.1.14,Mrg4,29.7,0.502545628,0.271052632,190,5.13246158
avgbs_120401.1.32,Mrg12,86,0.368994576,0.444736842,190,5.907918065
avgbs_120404.1.21,Mrg3,9,0.517808492,0.121052632,190,6.393250998
avgbs_120415.1.15,Mrg9,103.8,0.36697581,0.021052632,190,20.48496864
avgbs_12044.1.35,Mrg1,108.2,0.588913229,0.405263158,190,-3.589897962
avgbs_120446.1.64,Mrg13,79.8,0.614889547,0.197368421,190,4.132984607
avgbs_120481.1.50,Mrg17,78.9,0.646777073,0.318421053,190,3.169799284
avgbs_120526.1.11,Mrg9,135.5,0.188434201,0.2,190,11.04209892
avgbs_120549.1.11,Mrg28,52,0.654121263,0.310526316,190,3.189637327
avgbs_120585.1.47,Mrg9,116.4,0.136966038,0.068421053,190,19.53476659
avgbs_120629.1.47,Mrg20,216.9,0.398961755,0.205263158,190,-6.847569684
avgbs_120630.1.26,Mrg17,51.6,0.904216493,0.163157895,190,-1.016715274
avgbs_120648.1.62,Mrg24,74.8,0.976458477,0.123684211,190,0.279477664
avgbs_120693.1.45,Mrg12,63.5,0.176894779,0.15,190,12.56586288
avgbs_120698.1.15,Mrg5,10.6,0.475433862,0.292105263,190,-5.092614485
avgbs_120706.1.24,Mrg5,109.7,0.66281155,0.244736842,190,3.269377608
avgbs_120738.1.64,Mrg20,181.6,0.079891037,0.018421053,190,45.08836053
avgbs_120739.1.46,Mrg24,41.8,0.123700634,0.015789474,190,-40.9988525
avgbs_120754.1.46,Mrg13,49.9,0.665924542,0.184210526,190,-3.550842934
avgbs_120766.1.10,Mrg17,32.8,0.239834096,0.065789474,190,15.76697131
avgbs_120781.1.43,Mrg11,60.5,0.681708034,0.2,190,3.292022018
avgbs_120807.1.29,Mrg17,85.3,0.234982059,0.192105263,190,10.04951487
avgbs_120830.1.50,Mrg4,49.2,0.096618573,0.473684211,190,11.37899438
avgbs_120857.1.15,Mrg20,79.7,0.537648305,0.026315789,190,-12.39818694
avgbs_12091.1.49,Mrg13,114.6,0.563551705,0.021052632,190,12.92902106
avgbs_120941.1.43,Mrg11,45.6,0.180028851,0.336842105,190,9.486570252
avgbs_120946.1.64,Mrg33,43.5,0.056298408,0.273684211,190,14.40341995
avgbs_120947.1.55,Mrg3,45,0.776124962,0.444736842,190,-1.812623112
avgbs_120996.1.37,Mrg3,36.4,0.679233744,0.336842105,190,-2.802978207
avgbs_121013.1.43,Mrg9,101.8,0.354973363,0.028947368,190,18.4364963
avgbs_121027.1.47,Mrg21,3.2,0.800425532,0.068421053,190,3.15645281
avgbs_121073.1.10,Mrg3,73.1,0.87611606,0.031578947,190,-2.79067029
avgbs_121088.1.44,Mrg9,84.9,0.01306261,0.092105263,190,29.57845321
avgbs_12109.1.61,Mrg1,105.9,0.859239137,0.355263158,190,1.171989566
avgbs_121103.1.57,Mrg5,56.5,0.401426173,0.026315789,190,17.04539414
avgbs_121114.1.53,Mrg33,24.1,0.44125428,0.210526316,190,6.124871528
avgbs_121120.1.11,Mrg33,38.4,0.809267217,0.039473684,190,3.974089404
avgbs_121130.1.62,Mrg18,36.2,0.515347018,0.25,190,4.897087814
avgbs_121169.1.24,Mrg1,21.7,0.872144701,0.236842105,190,1.194182543
avgbs_121286.1.55,Mrg4,44.7,0.876221853,0.257894737,190,-1.122311907
avgbs_121340.1.44,Mrg9,43.4,0.64818413,0.084210526,190,5.24585279
avgbs_121374.1.18,Mrg19,65.3,0.452154618,0.465789474,190,-5.060307647
avgbs_121395.1.18,Mrg21,25.5,0.653661163,0.105263158,190,4.665778186
avgbs_121450.1.24,Mrg23,71.4,0.499592917,0.010526316,190,21.3597961
avgbs_121475.1.18,Mrg1,108.4,0.511794564,0.036842105,190,11.23503936
avgbs_121492.1.63,Mrg13,49.8,0.277022329,0.078947368,190,-13.47160326
avgbs_121511.1.50,Mrg12,41.4,0.307491869,0.068421053,190,13.23239805
avgbs_121531.1.25,Mrg3,3.5,0.987828153,0.447368421,190,-0.094968487
avgbs_121542.1.26,Mrg21,32.1,0.330894435,0.176315789,190,8.376469892
avgbs_121552.1.41,Mrg1,57.2,0.926448349,0.452631579,190,-0.580822927
avgbs_121555.1.58,Mrg1,64.8,0.50891624,0.181578947,190,5.553326242
avgbs_121589.1.63,Mrg15,32.7,0.960050464,0.452631579,190,0.315775407
avgbs_12160.1.39,Mrg6,51.7,0.483622175,0.036842105,190,-12.02086423
avgbs_121605.1.26,Mrg6,99.1,0.432308771,0.044736842,190,12.51891476
avgbs_121607.1.61,Mrg23,57.8,0.126380629,0.313157895,190,10.9732913
avgbs_121609.1.19,Mrg15,32.7,0.874367555,0.405263158,190,-1.013915679
avgbs_121695.1.29,Mrg20,177.8,0.385503059,0.092105263,190,9.847358365
avgbs_1217.1.11,Mrg9,103.8,0.305759663,0.010526316,190,32.85580674
avgbs_121703.1.64,Mrg2,23.2,0.791874534,0.052631579,190,3.728043981
avgbs_121737.1.40,Mrg2,87.3,0.236609763,0.328947368,190,8.467395782
avgbs_121809.1.61,Mrg23,57.8,0.141713733,0.347368421,190,10.29041445
avgbs_121984.1.9,Mrg11,8.8,0.012039162,0.036842105,190,44.84842734
avgbs_122056.1.8,Mrg2,87.6,0.366861657,0.013157895,190,27.2306998
avgbs_122179.1.41,Mrg3,37.1,0.2755865,0.071052632,190,14.06554036
avgbs_122207.1.52,Mrg28,54.2,0.094244371,0.371052632,190,-11.56405704
avgbs_12225.1.17,Mrg19,45.4,0.265696406,0.076315789,190,-13.89533195
avgbs_122252.1.32,Mrg18,16.5,0.740428534,0.384210526,190,2.17030473
avgbs_122282.1.41,Mrg6,116,0.213938029,0.05,190,19.62906596
avgbs_122292.1.52,Mrg9,132.7,0.246087305,0.107894737,190,12.55366525
avgbs_122309.1.14,Mrg19,31.3,0.251922823,0.431578947,190,7.644014429
avgbs_122366.1.43,Mrg15,35.1,0.916100503,0.010526316,190,3.218838652
avgbs_122437.1.44,Mrg1,76.6,0.423342665,0.1,190,8.664753899
avgbs_122447.1.41,Mrg15,35.1,0.199511246,0.026315789,190,26.44654279
avgbs_122522.1.31,Mrg15,22,0.696798627,0.081578947,190,4.567418932
avgbs_122525.1.18,Mrg5,41.6,0.074674254,0.121052632,190,18.22620466
avgbs_122617.1.28,Mrg9,45.6,0.209732559,0.315789474,190,8.951779148
avgbs_122697.1.55,Mrg5,130.9,0.907542819,0.15,190,1.04234222
avgbs_122705.1.35,Mrg20,120.1,0.415902557,0.115789474,190,8.36758655
avgbs_122791.1.47,Mrg1,105.9,0.614113137,0.089473684,190,-5.655027343
avgbs_122845.1.63,Mrg1,117.4,0.704754001,0.015789474,190,-9.660282977
avgbs_122898.1.28,Mrg11,32.4,0.471354799,0.265789474,190,5.293358254
avgbs_122900.1.33,Mrg11,32,0.903014784,0.105263158,190,-1.257435073
avgbs_122908.1.31,Mrg24,23.1,0.13540583,0.015789474,190,39.72574643
avgbs_122911.1.17,Mrg3,25.4,0.915632726,0.121052632,190,-1.012779333
avgbs_122942.1.35,Mrg17,68.5,0.994895584,0.218421053,190,-0.048452964
avgbs_122948.1.60,Mrg33,69,0.054138209,0.015789474,190,51.6409648
avgbs_122956.1.19,Mrg15,58.2,0.9263358,0.081578947,190,1.061562314
avgbs_122978.1.63,Mrg21,27.3,0.694492904,0.163157895,190,3.381058108
avgbs_123016.1.40,Mrg17,19.5,0.805706175,0.257894737,190,-1.771557932
avgbs_123116.1.38,Mrg4,44.7,0.628286746,0.207894737,190,-3.960053884
avgbs_123123.1.28,Mrg3,128.6,0.283509185,0.365789474,190,-7.45125522
avgbs_123135.1.15,Mrg2,10.8,0.456412207,0.215789474,190,-5.910222328
avgbs_123178.1.29,Mrg28,61.4,0.081365902,0.144736842,190,16.59896216
avgbs_123224.1.12,Mrg17,34,0.855573491,0.010526316,190,5.593838652
avgbs_123238.1.57,Mrg2,85.2,0.24807501,0.010526316,190,43.04237841
avgbs_123241.1.20,Mrg18,18.1,0.161230339,0.015789474,190,37.19410651
avgbs_1233.1.45,Mrg1,117.4,0.607336588,0.078947368,190,6.103702381
avgbs_123320.1.54,Mrg4,50,0.324127234,0.365789474,190,6.712726165
avgbs_123327.1.40,Mrg18,42.1,0.337033995,0.405263158,190,-6.495388001
avgbs_123352.1.56,Mrg23,30.2,0.529492392,0.039473684,190,10.9915265
avgbs_12340.1.32,Mrg15,58.2,0.683706612,0.021052632,190,-9.034940636
avgbs_12343.1.18,Mrg15,72.9,0.876810995,0.071052632,190,1.907808318
avgbs_123579.1.33,Mrg3,40.3,0.677553449,0.028947368,190,8.520472676
avgbs_123688.1.20,Mrg3,75.8,0.83213413,0.05,190,3.100344255
avgbs_123691.1.20,Mrg15,33.5,0.199511246,0.026315789,190,26.44654279
avgbs_123740.1.16,Mrg9,91.9,0.107526072,0.163157895,190,14.91902545
avgbs_123763.1.24,Mrg17,33.2,0.056116306,0.05,190,-29.70592355
avgbs_123839.1.36,Mrg9,40.3,0.258831873,0.05,190,17.26095679
avgbs_123845.1.40,Mrg3,45.7,0.873960163,0.460526316,190,0.999135374
avgbs_123856.1.42,Mrg3,18.6,0.723533994,0.1,190,3.741691033
avgbs_123902.1.56,Mrg19,70.1,0.372567552,0.063157895,190,12.21950637
avgbs_123933.1.12,Mrg5,57.2,0.22854739,0.036842105,190,21.87277965
avgbs_123973.1.56,Mrg9,36,0.528441117,0.015789474,190,16.2932598
avgbs_124046.1.22,Mrg18,16.5,0.836223468,0.426315789,190,-1.320603389
avgbs_124047.1.25,Mrg3,73.1,0.791106327,0.013157895,190,7.735966864
avgbs_124109.1.18,Mrg3,37.1,0.496218551,0.142105263,190,6.29407663
avgbs_124110.1.36,Mrg5,114.7,0.185688239,0.136842105,190,-12.72011413
avgbs_124115.1.16,Mrg18,64.6,0.083309571,0.078947368,190,-22.22109428
avgbs_124127.1.31,Mrg13,39.4,0.375798576,0.05,190,13.42572412
avgbs_124157.1.45,Mrg13,40.3,0.238699347,0.052631579,190,17.36010417
avgbs_124191.1.40,Mrg8,123.6,0.46384072,0.336842105,190,-4.98819121
avgbs_124223.1.18,Mrg5,83.2,0.817360436,0.015789474,190,-5.831071747
avgbs_124224.1.16,Mrg13,66.4,0.069571513,0.068421053,190,23.98698845
avgbs_124241.1.19,Mrg8,42.7,0.11432298,0.231578947,190,12.53093465
avgbs_124273.1.43,Mrg1,102.8,0.107087784,0.447368421,190,-10.9518832
avgbs_124274.1.57,Mrg1,117.4,0.223473332,0.228947368,190,9.726176093
avgbs_124282.1.64,Mrg13,42.1,0.516736963,0.1,190,6.969700292
avgbs_124283.1.62,Mrg15,2.9,0.794265703,0.207894737,190,-2.086036312
avgbs_124299.1.42,Mrg15,8.2,0.875643596,0.447368421,190,0.990601406
avgbs_124310.1.45,Mrg6,65,0.957544428,0.115789474,190,-0.516624955
avgbs_124331.1.16,Mrg3,80.2,0.375286616,0.047368421,190,14.01221887
avgbs_124347.1.51,Mrg17,37.3,0.255099949,0.068421053,190,14.81263491
avgbs_124388.1.63,Mrg3,37.1,0.779913297,0.036842105,190,5.076155286
avgbs_124397.1.55,Mrg18,36.2,0.938280526,0.376315789,190,0.498685623
avgbs_124462.1.54,Mrg5,130.9,0.383848739,0.057894737,190,12.77214844
avgbs_124474.1.18,Mrg3,37.1,0.353269193,0.136842105,190,-8.912967238
avgbs_124482.1.56,Mrg1,45.1,0.13540583,0.015789474,190,39.72574643
avgbs_124496.1.35,Mrg18,67.7,0.024992531,0.031578947,190,-43.01938406
avgbs_124507.1.27,Mrg6,63.2,0.893805395,0.097368421,190,-1.463020966
avgbs_124511.1.11,Mrg18,35.2,0.097905114,0.344736842,190,11.69098529
avgbs_124566.1.16,Mrg17,92.5,0.854230364,0.026315789,190,-3.600416667
avgbs_124567.1.12,Mrg17,92.5,0.424304344,0.171052632,190,6.920580684
avgbs_124585.1.38,Mrg13,42.1,0.965570124,0.178947368,190,-0.352558073
avgbs_124635.1.36,Mrg20,183.8,0.646562726,0.105263158,190,-4.705707558
avgbs_124641.1.11,Mrg13,42.1,0.656791551,0.134210526,190,4.135627959
avgbs_124656.1.9,Mrg9,42.6,0.32996333,0.257894737,190,-7.278161637
avgbs_124659.1.49,Mrg24,41.8,0.566694266,0.078947368,190,6.826154762
avgbs_124663.1.28,Mrg9,44.7,0.840515131,0.089473684,190,2.251109745
avgbs_124680.1.35,Mrg3,72.7,0.27501479,0.052631579,190,16.48147605
avgbs_124694.1.9,Mrg13,49.9,0.990499996,0.128947368,190,-0.111919558
avgbs_124720.1.43,Mrg17,110.4,0.209929841,0.115789474,190,-12.91918854
avgbs_124732.1.14,Mrg8,56.5,0.796602792,0.278947368,190,-1.824264466
avgbs_124817.1.38,Mrg21,3.2,0.602827756,0.315789474,190,3.608671317
avgbs_124847.1.49,Mrg8,112.5,0.985037049,0.160526316,190,0.158958474
avgbs_124853.1.29,Mrg28,11,0.951248322,0.231578947,190,-0.457152978
avgbs_124911.1.38,Mrg23,59.1,0.269796548,0.310526316,190,8.028509264
avgbs_124991.1.19,Mrg15,32.7,0.246976179,0.15,190,10.8296459
avgbs_125066.1.19,Mrg17,37.3,0.965631831,0.318421053,190,0.293244388
avgbs_125072.1.39,Mrg13,39.5,0.429113913,0.171052632,190,-6.846613877
avgbs_125076.1.15,Mrg24,41.8,0.42303424,0.147368421,190,7.338258745
avgbs_125095.1.58,Mrg19,49.8,0.111995588,0.105263158,190,17.21101716
avgbs_125141.1.14,Mrg9,44.7,0.64818413,0.084210526,190,5.24585279
avgbs_125149.1.40,Mrg6,116,0.642855171,0.010526316,190,14.51272163
avgbs_125180.1.35,Mrg15,35.1,0.784358224,0.092105263,190,2.919166008
avgbs_125210.1.59,Mrg5,125.1,0.352525839,0.171052632,190,8.094206515
avgbs_125219.1.39,Mrg17,80.1,0.19913033,0.026315789,190,-26.46974099
avgbs_125235.1.37,Mrg12,35.3,0.401488993,0.107894737,190,8.85411439
avgbs_125292.1.17,Mrg9,111.3,0.751825345,0.052631579,190,4.606476051
avgbs_125332.1.13,Mrg17,88.8,0.19913033,0.026315789,190,-26.46974099
avgbs_125333.1.37,Mrg4,44.7,0.412390715,0.094736842,190,9.387287078
avgbs_125424.1.40,Mrg33,65.9,0.476436586,0.073684211,190,-8.815017925
avgbs_125426.1.49,Mrg15,21.4,0.568396571,0.042105263,190,-9.124221612
avgbs_125430.1.60,Mrg15,58.2,0.9263358,0.081578947,190,1.061562314
avgbs_125443.1.35,Mrg6,29.9,0.240611021,0.323684211,190,-8.275240683
avgbs_125451.1.14,Mrg21,158.4,0.300756634,0.021052632,190,23.60854055
avgbs_125483.1.23,Mrg2,87.3,0.021459756,0.263157895,190,-17.65932899
avgbs_12552.1.22,Mrg11,22.3,0.218434895,0.010526316,190,39.73446365
avgbs_125557.1.29,Mrg11,54,0.52999159,0.010526316,190,19.82488918
avgbs_125646.1.33,Mrg13,39.4,0.851991928,0.152631579,190,1.661951142
avgbs_125673.1.10,Mrg20,234.2,0.352871753,0.336842105,190,6.452190258
avgbs_125682.1.54,Mrg28,43.8,0.348660393,0.297368421,190,6.800149293
avgbs_125750.1.52,Mrg2,72.7,0.490657392,0.044736842,190,10.94246433
avgbs_125774.1.18,Mrg8,121.2,0.626107277,0.057894737,190,6.672087142
avgbs_125802.1.44,Mrg15,31.3,0.316653055,0.144736842,190,9.360886109
avgbs_125803.1.26,Mrg17,32.2,0.11024099,0.163157895,190,14.36705933
avgbs_125809.1.54,Mrg23,57.8,0.016488493,0.221052632,190,19.5745252
avgbs_125865.1.35,Mrg23,57.8,0.044943102,0.215789474,190,16.31316944
avgbs_125885.1.60,Mrg1,39.3,0.325679579,0.394736842,190,-6.610489937
avgbs_125929.1.27,Mrg18,27.7,0.446914154,0.294736842,190,-5.586683146
avgbs_125958.1.37,Mrg13,73.6,0.634537119,0.047368421,190,-7.152091007
avgbs_125968.1.14,Mrg11,52.8,0.921095183,0.194736842,190,-0.779617485
avgbs_126110.1.37,Mrg8,141,0.652157678,0.394736842,190,2.959743796
avgbs_126111.1.49,Mrg17,13.7,0.129569943,0.068421053,190,-19.92315931
avgbs_126133.1.36,Mrg3,9,0.807767774,0.015789474,190,-6.148585116
avgbs_126197.1.44,Mrg2,87.3,0.152959962,0.339473684,190,9.966263548
avgbs_126264.1.62,Mrg1,75.3,0.871138541,0.068421053,190,2.012303527
avgbs_126286.1.31,Mrg20,226.6,0.259915895,0.202631579,190,9.649063329
avgbs_126295.1.37,Mrg21,124.1,0.784626095,0.134210526,190,2.545331997
avgbs_126302.1.17,Mrg8,123.6,0.550373957,0.044736842,190,-9.754172618
avgbs_126322.1.26,Mrg13,42.1,0.405859593,0.110526316,190,8.858094547
avgbs_126333.1.20,Mrg9,100,0.117269877,0.155263158,190,14.43994502
avgbs_12678.1.18,Mrg2,87.3,0.220476346,0.144736842,190,11.79063392
avgbs_12718.1.12,Mrg18,36.2,0.376003904,0.252631579,190,6.683869898
avgbs_1274.1.48,Mrg4,44.7,0.882406285,0.268421053,190,-1.044319544
avgbs_12770.1.20,Mrg9,86.7,0.537088782,0.234210526,190,4.710117242
avgbs_12791.1.48,Mrg15,24.6,0.056554916,0.160526316,190,17.44411209
avgbs_12792.1.31,Mrg2,42,0.15466102,0.042105263,190,23.46759673
avgbs_12818.1.9,Mrg21,142,0.035181963,0.018421053,190,-59.36842438
avgbs_12900.1.64,Mrg20,185.4,0.710711891,0.15,190,3.388234494
avgbs_13.1.41,Mrg2,81.5,0.131711174,0.25,190,11.67310335
avgbs_13009.1.64,Mrg3,73.6,0.60711536,0.021052632,190,-11.47218862
avgbs_1307.1.49,Mrg5,57.9,0.178539245,0.092105263,190,15.49799993
avgbs_13142.1.54,Mrg5,135.5,0.233865452,0.060526316,190,16.62415274
avgbs_13373.1.15,Mrg20,248.6,0.076348208,0.415789474,190,-12.12376102
avgbs_13394.1.17,Mrg24,41.8,0.18407726,0.147368421,190,-12.51141635
avgbs_13421.1.6,Mrg1,126.2,0.577940884,0.147368421,190,-5.147672189
avgbs_13466.1.53,Mrg15,28,0.230796453,0.189473684,190,10.06619318
avgbs_13556.1.15,Mrg5,103.9,0.658311312,0.178947368,190,3.74841815
avgbs_13620.1.32,Mrg24,89.4,0.577900416,0.094736842,190,6.099620478
avgbs_13657.1.28,Mrg5,81.4,0.186003439,0.031578947,190,24.98004982
avgbs_13658.1.46,Mrg18,32.5,0.371757713,0.273684211,190,6.571862202
avgbs_13693.1.41,Mrg21,24.2,0.36568083,0.071052632,190,11.59494032
avgbs_13835.1.20,Mrg3,73.1,0.76401296,0.013157895,190,8.78886004
avgbs_13844.1.8,Mrg6,116,0.600436228,0.052631579,190,7.516828704
avgbs_13947.1.45,Mrg17,47.9,0.912559683,0.234210526,190,-0.811810877
avgbs_13956.1.59,Mrg13,41.2,0.17940396,0.057894737,190,19.47452864
avgbs_14000.1.30,Mrg12,55,0.893283807,0.218421053,190,1.010837091
avgbs_14004.1.51,Mrg17,40.1,0.699095557,0.386842105,190,-2.544892892
avgbs_14059.1.34,Mrg3,75.8,0.529588819,0.189473684,190,5.2129588
avgbs_1406.1.21,Mrg11,26,0.472341318,0.147368421,190,-6.62913336
avgbs_14102.1.21,Mrg24,41,0.32652126,0.147368421,190,-9.145050383
avgbs_1412.1.14,Mrg23,64.6,0.62487515,0.297368421,190,-3.432266964
avgbs_14134.1.22,Mrg13,71.4,0.106330513,0.3,190,12.10324198
avgbs_14190.1.32,Mrg17,49.8,0.468059647,0.221052632,190,5.659328748
avgbs_14208.1.45,Mrg17,32.2,0.138471486,0.176315789,190,12.9493249
avgbs_14244.1.55,Mrg9,116.4,0.188762214,0.05,190,20.19614198
avgbs_14269.1.15,Mrg13,107.3,0.972862148,0.063157895,190,-0.433573268
avgbs_14278.1.17,Mrg8,109.9,0.938388141,0.3,190,0.524796366
avgbs_1432.1.19,Mrg20,216.2,0.469045825,0.455263158,190,4.742772268
avgbs_14330.1.19,Mrg11,32.4,0.833105603,0.089473684,190,2.399207864
avgbs_14388.1.41,Mrg28,73.6,0.97678504,0.102631579,190,-0.308366062
avgbs_1442.1.27,Mrg3,46.3,0.65792651,0.023684211,190,9.565493014
avgbs_14459.1.6,Mrg9,44.7,0.614159315,0.026315789,190,10.0821509
avgbs_14475.1.30,Mrg3,45.5,0.21573503,0.102631579,190,13.54082024
avgbs_14525.1.24,Mrg28,43.8,0.936434417,0.276315789,190,0.568243632
avgbs_14546.1.6,Mrg2,87.3,0.138691602,0.302631579,190,10.72053065
avgbs_14619.1.49,Mrg2,87.3,0.346447955,0.431578947,190,6.239079443
avgbs_14660.1.27,Mrg13,31,0.86856162,0.189473684,190,-1.346155522
avgbs_14761.1.47,Mrg21,203.9,0.879871234,0.036842105,190,-2.510667122
avgbs_14880.1.22,Mrg28,20.3,0.972024857,0.036842105,190,0.577203682
avgbs_14933.1.43,Mrg12,78.5,0.169504093,0.139473684,190,13.18809166
avgbs_14969.1.14,Mrg6,67.6,0.849259235,0.131578947,190,-1.764603535
avgbs_14975.1.40,Mrg19,65.5,0.631111566,0.097368421,190,5.217256286
avgbs_14977.1.45,Mrg33,58.2,0.526597527,0.471052632,190,4.120604578
avgbs_14991.1.29,Mrg20,16.6,0.054954612,0.310526316,190,-13.86453967
avgbs_15000.1.22,Mrg9,111.7,0.924426642,0.302631579,190,-0.649453129
avgbs_151.1.56,Mrg4,37.9,0.881424667,0.076315789,190,-1.774486519
avgbs_15136.1.14,Mrg23,65.9,0.294266165,0.410526316,190,-7.063362002
avgbs_15185.1.51,Mrg3,101.6,0.539606602,0.121052632,190,6.054097783
avgbs_15314.1.16,Mrg24,41.8,0.214507598,0.144736842,190,11.81805957
avgbs_1533.1.38,Mrg9,44.7,0.786694493,0.021052632,190,5.949266353
avgbs_15359.1.47,Mrg8,149.2,0.829323452,0.218421053,190,-1.672979867
avgbs_15363.1.40,Mrg1,74.8,0.568059285,0.010526316,190,17.97099956
avgbs_15388.1.33,Mrg3,44.6,0.670027303,0.465789474,190,-2.759271581
avgbs_15395.1.37,Mrg15,35.1,0.916100503,0.010526316,190,3.218838652
avgbs_15416.1.22,Mrg6,102.3,0.70970874,0.426315789,190,-2.391292662
avgbs_15480.1.35,Mrg3,25,0.117351738,0.036842105,190,27.61530868
avgbs_15499.1.33,Mrg3,101.6,0.001406404,0.278947368,190,-24.3561896
avgbs_15507.1.24,Mrg5,92.1,0.392018795,0.015789474,190,22.34294786
avgbs_15527.1.6,Mrg3,91.1,0.949982788,0.018421053,190,1.505491877
avgbs_15539.1.22,Mrg11,54,0.624591511,0.2,190,3.913144189
avgbs_15623.1.62,Mrg21,28.3,0.280152518,0.057894737,190,15.54777326
avgbs_15657.1.35,Mrg2,87.3,0.431228518,0.018421053,190,19.72461621
avgbs_15676.1.31,Mrg8,142.3,0.570455271,0.065789474,190,7.598948926
avgbs_15768.1.39,Mrg17,92.5,0.283032055,0.036842105,190,18.68912796
avgbs_15807.1.37,Mrg9,111.7,0.740002134,0.307894737,190,-2.285101997
avgbs_15874.1.55,Mrg23,62.1,0.281100577,0.021052632,190,24.62525762
avgbs_15921.1.22,Mrg2,87.3,0.378272489,0.078947368,190,-10.64253571
avgbs_15951.1.34,Mrg1,23.8,0.647021703,0.378947368,190,3.030831151
avgbs_16036.1.38,Mrg5,26.8,0.2236508,0.415789474,190,-8.176667339
avgbs_16053.1.40,Mrg15,85.8,0.164504761,0.055263158,190,-20.38804429
avgbs_16156.1.17,Mrg20,232.1,0.381003358,0.226315789,190,6.869608965
avgbs_16162.1.21,Mrg6,99.1,0.707480223,0.086842105,190,4.199363242
avgbs_16218.1.59,Mrg21,209.9,0.706044654,0.239473684,190,2.860742863
avgbs_1658.1.21,Mrg28,23.6,0.506707241,0.457894737,190,-4.347136872
avgbs_1664.1.32,Mrg17,83.9,0.747857443,0.331578947,190,2.229577465
avgbs_16714.1.44,Mrg9,48.2,0.64818413,0.084210526,190,5.24585279
avgbs_16715.1.9,Mrg28,43.8,0.530804873,0.310526316,190,4.390797474
avgbs_16820.1.44,Mrg4,44.7,0.338364599,0.171052632,190,-8.504623346
avgbs_16827.1.57,Mrg13,18.5,0.443537615,0.276315789,190,-5.573535094
avgbs_16839.1.28,Mrg13,35.9,0.898510294,0.136842105,190,1.134244032
avgbs_16946.1.36,Mrg5,93,0.746168947,0.494736842,190,2.106738118
avgbs_16988.1.46,Mrg9,121.6,0.244663772,0.039473684,190,19.99871097
avgbs_1708.1.27,Mrg13,106.5,0.225413342,0.010526316,190,39.11860594
avgbs_17101.1.49,Mrg15,16.5,0.389714817,0.247368421,190,6.534004616
avgbs_17202.1.57,Mrg13,18.2,0.508319276,0.071052632,190,-8.567993249
avgbs_17219.1.39,Mrg12,44.5,0.647223768,0.047368421,190,6.878487569
avgbs_17230.1.64,Mrg13,59.5,0.0318322,0.060526316,190,-30.53474265
avgbs_17457.1.10,Mrg5,58.7,0.142258042,0.097368421,190,16.53199111
avgbs_17503.1.62,Mrg3,103.3,0.87611606,0.031578947,190,-2.79067029
avgbs_17595.1.20,Mrg2,87.3,0.349527013,0.018421053,190,23.58092558
avgbs_17631.1.39,Mrg17,83.8,0.589688152,0.010526316,190,16.94772828
avgbs_17662.1.44,Mrg17,33.2,0.065974488,0.142105263,190,17.39294234
avgbs_17685.1.63,Mrg15,52.7,0.865042746,0.168421053,190,1.450691447
avgbs_17689.1.52,Mrg1,83.9,0.9196206,0.35,190,-0.677366789
avgbs_17691.1.10,Mrg24,74.8,0.805688927,0.107894737,190,-2.515533287
avgbs_17695.1.43,Mrg23,73.4,0.940402299,0.076315789,190,0.88424225
avgbs_17797.1.54,Mrg8,112.5,0.778440099,0.302631579,190,-1.940411232
avgbs_17821.1.27,Mrg18,36.2,0.535308486,0.260526316,190,4.595717121
avgbs_17824.1.12,Mrg1,108.4,0.203786418,0.047368421,190,-19.73419659
avgbs_17834.1.11,Mrg17,37.3,0.255099949,0.068421053,190,14.81263491
avgbs_17997.1.61,Mrg2,88.7,0.004135055,0.165789474,190,26.37985349
avgbs_18009.1.57,Mrg4,44.7,0.738676561,0.205263158,190,2.617707803
avgbs_18019.1.22,Mrg13,108.5,0.060621799,0.142105263,190,-17.95024284
avgbs_18173.1.30,Mrg24,41.8,0.125103757,0.155263158,190,14.57956324
avgbs_18284.1.40,Mrg24,95.3,0.265111207,0.081578947,190,13.4875784
avgbs_18311.1.58,Mrg21,27.3,0.513689056,0.173684211,190,5.665564266
avgbs_18409.1.51,Mrg15,53.7,0.460984727,0.186842105,190,6.046083974
avgbs_18454.1.16,Mrg9,44.7,0.762878962,0.084210526,190,3.436024306
avgbs_18478.1.43,Mrg15,1,0.766970739,0.218421053,190,-2.294253596
avgbs_1850.1.28,Mrg12,26.4,0.613081587,0.05,190,-7.533202754
avgbs_18502.1.60,Mrg33,64,0.456778608,0.078947368,190,8.938321429
avgbs_18526.1.22,Mrg19,54.8,0.223643806,0.068421053,190,15.87575963
avgbs_18554.1.38,Mrg3,47.7,0.451743743,0.031578947,190,15.32324261
avgbs_18560.1.37,Mrg12,57.8,0.091058951,0.263157895,190,12.77862798
avgbs_18585.1.48,Mrg20,42.3,0.314593046,0.068421053,190,13.60686483
avgbs_18591.1.52,Mrg1,111.8,0.451855078,0.065789474,190,-9.939361447
avgbs_1861.1.7,Mrg15,22,0.908056151,0.071052632,190,-1.41708998
avgbs_18626.1.10,Mrg17,100.7,0.434163619,0.189473684,190,6.58832882
avgbs_18689.1.29,Mrg11,9.8,0.37129828,0.326315789,190,-6.289677468
avgbs_18695.1.25,Mrg12,57.8,0.932909797,0.305263158,190,-0.57627104
avgbs_187.1.18,Mrg6,38,0.853229706,0.165789474,190,-1.599125309
avgbs_18725.1.20,Mrg20,18,0.139445694,0.171052632,190,13.07333518
avgbs_18732.1.26,Mrg1,57.2,0.224408749,0.168421053,190,-9.888271161
avgbs_1874.1.57,Mrg1,45,0.461823354,0.418421053,190,-4.923760808
avgbs_18744.1.57,Mrg8,117.9,0.313141967,0.321052632,190,-7.156443168
avgbs_188.1.42,Mrg15,77.5,0.703432893,0.063157895,190,-4.974537687
avgbs_18812.1.60,Mrg15,23.6,0.702363025,0.192105263,190,-3.096575499
avgbs_18868.1.9,Mrg24,69.6,0.368869516,0.155263158,190,-8.128065275
avgbs_18882.1.12,Mrg1,83.9,0.66318097,0.297368421,190,-3.048012491
avgbs_1891.1.28,Mrg21,113.2,0.902903766,0.021052632,190,2.653315412
avgbs_18944.1.40,Mrg24,41.8,0.525864377,0.076315789,190,7.924500902
avgbs_18950.1.29,Mrg21,145.3,0.651745675,0.028947368,190,8.800834626
avgbs_18990.1.58,Mrg28,20,0.491905262,0.365789474,190,4.623076971
avgbs_18994.1.64,Mrg18,34.4,0.235429888,0.3,190,8.574259729
avgbs_19038.1.63,Mrg23,68.3,0.126892313,0.084210526,190,18.24437111
avgbs_19061.1.25,Mrg8,137.4,0.010945656,0.015789474,190,-68.69025178
avgbs_19207.1.58,Mrg11,9.8,0.788049953,0.415789474,190,1.721418491
avgbs_1921.1.51,Mrg13,29.7,0.643252594,0.097368421,190,-5.027674119
avgbs_19217.1.47,Mrg3,83.8,0.704948973,0.031578947,190,6.881431159
avgbs_19279.1.11,Mrg4,60.3,0.818018989,0.078947368,190,-2.685607143
avgbs_19288.1.46,Mrg11,54,0.682059412,0.207894737,190,3.253546936
avgbs_19291.1.20,Mrg24,37.3,0.502948425,0.210526316,190,-5.434645669
avgbs_19302.1.32,Mrg19,19.9,0.216097794,0.060526316,190,17.29659072
avgbs_19471.1.23,Mrg18,33.1,0.542591513,0.073684211,190,7.501540517
avgbs_19475.1.35,Mrg6,72.1,0.912732133,0.336842105,190,0.727607761
avgbs_19491.1.63,Mrg3,122.9,0.401162991,0.010526316,190,-30.94394276
avgbs_19493.1.13,Mrg33,65,0.397265067,0.126315789,190,-8.288585592
avgbs_19636.1.44,Mrg11,8.8,0.525902357,0.492105263,190,4.121234739
avgbs_19661.1.60,Mrg19,55.4,0.468209126,0.234210526,190,5.563616989
avgbs_19669.1.28,Mrg15,72.9,0.385351224,0.113157895,190,9.101806324
avgbs_19684.1.60,Mrg24,36.8,0.01724465,0.2,190,-20.00927906
avgbs_19699.1.42,Mrg28,32.6,0.46632433,0.481578947,190,4.756627843
avgbs_19715.1.18,Mrg15,77.5,0.904349521,0.015789474,190,-3.009436275
avgbs_19742.1.14,Mrg13,16.9,0.43531376,0.244736842,190,-5.907314976
avgbs_19750.1.59,Mrg6,116,0.394419219,0.036842105,190,14.70854638
avgbs_19758.1.41,Mrg17,83.9,0.787874132,0.465789474,190,-1.725245967
avgbs_19762.1.16,Mrg9,49.2,0.614159315,0.026315789,190,10.0821509
avgbs_19783.1.35,Mrg19,49.8,0.08152384,0.113157895,190,18.44880574
avgbs_19836.1.36,Mrg18,69.6,0.842188897,0.047368421,190,-3.033128259
avgbs_19846.1.13,Mrg13,103.1,0.795695501,0.415789474,190,1.665819307
avgbs_19876.1.34,Mrg11,32.4,0.525921836,0.105263158,190,6.660079657
avgbs_19900.1.49,Mrg24,37.3,0.234085591,0.186842105,190,10.0907308
avgbs_19947.1.49,Mrg21,155.7,0.240368149,0.026315789,190,24.12802928
avgbs_200099.1.60,Mrg2,85.2,0.001905683,0.255263158,190,24.45709769
avgbs_200259.1.51,Mrg18,7.5,0.940934396,0.471052632,190,0.478438255
avgbs_200312.1.62,Mrg9,91.9,0.008231542,0.128947368,190,27.03158801
avgbs_200333.1.49,Mrg17,51.3,0.751478716,0.313157895,190,2.268332949
avgbs_200368.1.55,Mrg3,40.3,0.306217197,0.086842105,190,12.42211813
avgbs_200486.1.64,Mrg24,37.1,0.256891018,0.147368421,190,-10.6208019
avgbs_200517.1.62,Mrg5,57.3,0.563001648,0.089473684,190,6.512305197
avgbs_200537.1.21,Mrg5,98.7,0.36690963,0.013157895,190,27.22788081
avgbs_200545.1.62,Mrg15,31.3,0.361675027,0.068421053,190,11.78221335
avgbs_200573.1.52,Mrg3,70.1,0.383926267,0.055263158,190,12.56592904
avgbs_200574.1.31,Mrg3,4.9,0.523716099,0.010526316,190,20.13755541
avgbs_200593.1.40,Mrg33,48.4,0.738287279,0.010526316,190,12.00256524
avgbs_200647.1.26,Mrg19,65.2,0.360497846,0.265789474,190,-6.82010199
avgbs_200659.1.49,Mrg8,149.1,0.58856765,0.010526316,190,-17.00024379
avgbs_200686.1.25,Mrg17,70.5,0.60243394,0.497368421,190,3.420097633
avgbs_200722.1.60,Mrg2,87.3,0.030445194,0.042105263,190,36.13779762
avgbs_200729.1.20,Mrg3,42.7,0.209012483,0.081578947,190,15.84525746
avgbs_2008.1.34,Mrg5,114.7,0.185688239,0.136842105,190,-12.72011413
avgbs_200815.1.28,Mrg1,117.4,0.801943354,0.439473684,190,-1.597193056
avgbs_200816.1.27,Mrg24,36.1,0.323730316,0.157894737,190,-8.849071181
avgbs_200847.1.26,Mrg20,209.4,0.866967837,0.415789474,190,-1.064897888
avgbs_200893.1.61,Mrg3,62.7,0.539116316,0.052631579,190,8.85474537
avgbs_201095.1.7,Mrg11,108.6,0.490815361,0.465789474,190,4.598511052
avgbs_20115.1.31,Mrg3,40.3,0.790921764,0.021052632,190,5.826366487
avgbs_20120.1.62,Mrg23,73.3,0.499592917,0.010526316,190,21.3597961
avgbs_20129.1.6,Mrg3,80.3,0.704948973,0.031578947,190,6.881431159
avgbs_201759.1.38,Mrg1,105.9,0.663672935,0.389473684,190,2.87562222
avgbs_201762.1.27,Mrg1,52.4,0.8132665,0.026315789,190,4.905183233
avgbs_20179.1.64,Mrg18,35.2,0.097773775,0.268421053,190,12.51817123
avgbs_20182.1.20,Mrg11,60.5,0.624591511,0.2,190,3.913144189
avgbs_201865.1.64,Mrg20,253.7,0.380138019,0.052631579,190,13.15194892
avgbs_201898.1.40,Mrg4,44.7,0.283858748,0.131578947,190,-10.77522515
avgbs_202118.1.40,Mrg5,45.3,0.676117391,0.068421053,190,5.271348508
avgbs_20213.1.51,Mrg2,21.5,0.861006238,0.134210526,190,1.61946998
avgbs_202296.1.50,Mrg13,40.8,0.092263188,0.068421053,190,22.67610494
avgbs_202641.1.61,Mrg28,43.8,0.29275929,0.328947368,190,7.404893388
avgbs_202642.1.40,Mrg28,43.8,0.368948344,0.313157895,190,6.372806176
avgbs_202657.1.23,Mrg13,96.7,0.788521449,0.347368421,190,1.809533643
avgbs_202776.1.57,Mrg28,56.7,0.895742723,0.313157895,190,0.908200592
avgbs_20309.1.17,Mrg1,110.4,0.798348932,0.105263158,190,-2.624773284
avgbs_20311.1.15,Mrg9,40.3,0.144844224,0.126315789,190,14.54485756
avgbs_20312.1.29,Mrg6,21.9,0.372329763,0.215789474,190,7.06664791
avgbs_20315.1.36,Mrg11,108.6,0.664378517,0.194736842,190,-3.49360353
avgbs_203564.1.53,Mrg33,65.9,0.507033997,0.173684211,190,-5.651668356
avgbs_203615.1.61,Mrg21,199.6,0.191477545,0.057894737,190,18.46687511
avgbs_203746.1.32,Mrg18,4.3,0.98778107,0.415789474,190,0.098334873
avgbs_203907.1.36,Mrg4,38.1,0.909068683,0.194736842,190,-0.923550657
avgbs_204773.1.38,Mrg21,145.3,0.918847037,0.084210526,190,1.207214552
avgbs_204783.1.53,Mrg15,22,0.910038971,0.068421053,190,-1.396404643
avgbs_204910.1.45,Mrg15,49.5,0.679971516,0.089473684,190,4.602453106
avgbs_204946.1.18,Mrg13,106.3,0.345331567,0.181578947,190,8.027745193
avgbs_205123.1.22,Mrg28,36.8,0.382489313,0.313157895,190,6.150405342
avgbs_20525.1.48,Mrg17,108.8,0.170926181,0.139473684,190,13.14278363
avgbs_20544.1.29,Mrg21,124.1,0.509719533,0.071052632,190,8.538844716
avgbs_20545.1.56,Mrg9,103.8,0.36697581,0.021052632,190,20.48496864
avgbs_205661.1.33,Mrg5,54.4,0.940845068,0.284210526,190,-0.511766408
avgbs_205722.1.53,Mrg3,40.7,0.736904089,0.028947368,190,6.85068907
avgbs_20605.1.29,Mrg9,13.8,0.0386702,0.271052632,190,15.84652916
avgbs_20647.1.48,Mrg3,36.2,0.703771446,0.060526316,190,5.127861759
avgbs_206474.1.47,Mrg5,18.4,0.813230565,0.389473684,190,1.52558345
avgbs_20668.1.20,Mrg8,118.8,0.918576141,0.223684211,190,0.767702264
avgbs_206981.1.44,Mrg17,75.6,0.69160801,0.155263158,190,3.57570066
avgbs_20706.1.11,Mrg3,14.7,0.335745006,0.152631579,190,8.835035436
avgbs_207563.1.64,Mrg13,42.1,0.490441071,0.055263158,190,8.018765883
avgbs_207751.1.38,Mrg19,49.8,0.128183303,0.152631579,190,14.038823
avgbs_207966.1.25,Mrg4,43.5,0.751345117,0.468421053,190,-2.021009716
avgbs_208.1.40,Mrg19,34,0.173153316,0.115789474,190,14.26040278
avgbs_208123.1.40,Mrg13,42.1,0.696117038,0.136842105,190,3.655287039
avgbs_208343.1.35,Mrg20,120.1,0.597019363,0.057894737,190,7.43804807
avgbs_208382.1.53,Mrg4,37.9,0.275526496,0.068421053,190,14.47359852
avgbs_20842.1.12,Mrg24,36.3,0.629379625,0.131578947,190,4.618380376
avgbs_2085.1.20,Mrg24,41.8,0.283155062,0.155263158,190,-9.767641608
avgbs_20851.1.15,Mrg28,79.1,0.742023407,0.144736842,190,3.11712161
avgbs_20863.1.38,Mrg11,52.8,0.989775616,0.181578947,190,-0.102418703
avgbs_20900.1.58,Mrg3,73.1,0.717161341,0.036842105,190,-6.105612477
avgbs_20910.1.60,Mrg21,145.3,0.297872053,0.276315789,190,7.808120802
avgbs_209243.1.25,Mrg4,29.7,0.881340809,0.247368421,190,1.122833947
avgbs_20926.1.16,Mrg13,35.9,0.023052446,0.15,190,21.47866267
avgbs_20927.1.22,Mrg1,109.7,0.364876581,0.044736842,190,14.51548724
avgbs_20932.1.64,Mrg17,37.3,0.133577938,0.094736842,190,17.25937812
avgbs_2095.1.40,Mrg1,117.4,0.411114323,0.226315789,190,6.382929587
avgbs_20962.1.42,Mrg13,76,0.67143177,0.110526316,190,4.311321851
avgbs_21015.1.61,Mrg20,19.3,0.96271048,0.044736842,190,-0.712944463
avgbs_21100.1.51,Mrg13,114.6,0.563551705,0.021052632,190,12.92902106
avgbs_21101.1.38,Mrg21,181.1,0.416905096,0.405263158,190,-5.400646836
avgbs_21110.1.44,Mrg20,135.8,0.975093297,0.015789474,190,-0.776258913
avgbs_21130.1.60,Mrg17,78.9,0.589688152,0.010526316,190,16.94772828
avgbs_21159.1.53,Mrg9,132.7,0.135313195,0.123684211,190,15.13808966
avgbs_211629.1.50,Mrg24,46.6,0.632315202,0.215789474,190,-3.747388732
avgbs_21236.1.29,Mrg3,37.1,0.899766367,0.384210526,190,0.827406772
avgbs_212480.1.62,Mrg15,7.5,0.387127198,0.034210526,190,16.50470027
avgbs_21256.1.57,Mrg21,199.7,0.275390268,0.063157895,190,14.71316713
avgbs_21265.1.14,Mrg9,50.9,0.15203472,0.071052632,190,18.65307114
avgbs_21268.1.63,Mrg20,147.3,0.135299718,0.047368421,190,24.03049218
avgbs_212875.1.40,Mrg18,40,0.765291294,0.368421053,190,-1.968131648
avgbs_213138.1.61,Mrg6,38,0.182519773,0.276315789,190,10.01560504
avgbs_21338.1.19,Mrg8,58.5,0.896596882,0.410526316,190,-0.834521999
avgbs_213380.1.19,Mrg20,156.7,0.86293754,0.189473684,190,1.38077877
avgbs_213444.1.40,Mrg8,61,0.991601808,0.297368421,190,-0.071929017
avgbs_21345.1.6,Mrg1,109,0.306686872,0.047368421,190,15.75375614
avgbs_21346.1.21,Mrg3,75.4,0.648099177,0.055263158,190,6.459247857
avgbs_21350.1.23,Mrg17,32.2,0.123752875,0.184210526,190,13.18229071
avgbs_21354.1.62,Mrg3,68.8,0.024928266,0.268421053,190,-16.9845262
avgbs_213541.1.32,Mrg8,105.5,0.063968238,0.355263158,190,-12.96167516
avgbs_21383.1.51,Mrg6,1,0.592597213,0.271052632,190,3.899037797
avgbs_213929.1.44,Mrg13,111.7,0.055705985,0.452631579,190,-13.35369786
avgbs_214029.1.56,Mrg3,56.9,0.659103101,0.155263158,190,-3.905406733
avgbs_21420.1.41,Mrg18,20.6,0.380741264,0.194736842,190,7.208370503
avgbs_21425.1.39,Mrg5,82.1,0.881692365,0.142105263,190,-1.333607419
avgbs_214846.1.60,Mrg23,57.8,0.156668411,0.339473684,190,9.991366044
avgbs_214958.1.64,Mrg1,23.8,0.796625378,0.405263158,190,1.664467619
avgbs_2151.1.47,Mrg17,33.2,0.150343856,0.089473684,190,-16.96899084
avgbs_215439.1.45,Mrg9,86.8,0.075438262,0.239473684,190,14.36826816
avgbs_21547.1.30,Mrg9,71.5,0.454734306,0.110526316,190,-7.723282967
avgbs_215520.1.35,Mrg23,62,0.148967568,0.039473684,190,24.99182829
avgbs_216133.1.22,Mrg8,147.3,0.114838088,0.092105263,190,18.56097168
avgbs_21615.1.24,Mrg1,83.9,0.109378003,0.089473684,190,18.64612448
avgbs_216179.1.21,Mrg12,56.7,0.656278356,0.013157895,190,13.14561078
avgbs_216354.1.57,Mrg19,49.8,0.450000045,0.139473684,190,7.185069755
avgbs_21656.1.16,Mrg15,50.3,0.562444825,0.047368421,190,-8.763125384
avgbs_21691.1.14,Mrg2,67.4,0.086696237,0.473684211,190,11.67881018
avgbs_216923.1.33,Mrg18,75.3,0.767913221,0.186842105,190,-2.4038724
avgbs_216978.1.31,Mrg24,20.6,0.031449387,0.313157895,190,15.99971563
avgbs_217106.1.43,Mrg19,19.7,0.589195697,0.121052632,190,-5.446159728
avgbs_21719.1.63,Mrg24,26.6,0.551185605,0.323684211,190,-4.109624269
avgbs_217356.1.26,Mrg21,27.3,0.567087876,0.157894737,190,5.145607375
avgbs_21743.1.58,Mrg19,49.8,0.362811232,0.255263158,190,7.02812326
avgbs_217815.1.59,Mrg11,69.5,0.282475374,0.207894737,190,8.939532756
avgbs_21789.1.16,Mrg3,75.8,0.07734331,0.131578947,190,-17.42348232
avgbs_217956.1.9,Mrg13,39.4,0.606198551,0.131578947,190,4.942168114
avgbs_21857.1.37,Mrg15,87.2,0.434494901,0.134210526,190,7.480160799
avgbs_218643.1.36,Mrg6,87.2,0.130585581,0.144736842,190,14.33368085
avgbs_219191.1.21,Mrg11,21.9,0.321173251,0.110526316,190,10.48893674
avgbs_21946.1.64,Mrg17,33.6,0.131447449,0.110526316,190,-15.96150148
avgbs_220054.1.63,Mrg1,12.9,0.574164538,0.094736842,190,6.161373547
avgbs_22024.1.32,Mrg6,68.2,0.813318933,0.013157895,190,-6.883320969
avgbs_22030.1.30,Mrg3,47.7,0.912033961,0.028947368,190,2.217090618
avgbs_22059.1.9,Mrg9,129,0.811787311,0.063157895,190,3.08278324
avgbs_220721.1.58,Mrg6,45.2,0.602182692,0.160526316,190,4.572225898
avgbs_220788.1.18,Mrg21,28.3,0.99969537,0.081578947,190,-0.004430107
avgbs_22090.1.40,Mrg21,125.8,0.322949946,0.015789474,190,-25.92755125
avgbs_221314.1.48,Mrg3,77.8,0.989107887,0.047368421,190,0.198891191
avgbs_22159.1.43,Mrg15,22,0.617128127,0.144736842,190,4.571940675
avgbs_221928.1.27,Mrg13,114.6,0.092059436,0.073684211,190,21.89621764
avgbs_221969.1.55,Mrg20,98.8,0.206153934,0.055263158,190,18.48193802
avgbs_222114.1.54,Mrg21,124.3,0.269640151,0.142105263,190,10.1611332
avgbs_22277.1.26,Mrg15,44.6,0.770977266,0.292105263,190,-2.029665785
avgbs_22287.1.30,Mrg19,23.9,0.450899994,0.318421053,190,5.292162702
avgbs_22292.1.58,Mrg1,57.2,0.687792453,0.331578947,190,-2.732903544
avgbs_22331.1.59,Mrg28,43.8,0.619634714,0.197368421,190,3.791157855
avgbs_22429.1.24,Mrg23,57.8,0.242474065,0.357894737,190,8.112945915
avgbs_22438.1.17,Mrg1,84.2,0.842778353,0.481578947,190,1.249832571
avgbs_22604.1.53,Mrg2,70.6,0.006726426,0.021052632,190,-63.60088486
avgbs_2269.1.6,Mrg3,73.1,0.87611606,0.031578947,190,-2.79067029
avgbs_22721.1.64,Mrg23,62.9,0.704188523,0.389473684,190,-2.607965401
avgbs_22737.1.12,Mrg11,8.8,0.095168282,0.052631579,190,24.87543981
avgbs_22753.1.11,Mrg5,56.5,0.120159653,0.144736842,190,14.74811399
avgbs_23070.1.20,Mrg1,64.8,0.072325609,0.102631579,190,19.89818922
avgbs_23112.1.9,Mrg13,59.4,0.622476731,0.107894737,190,-5.042502721
avgbs_23326.1.53,Mrg8,62.4,0.224329278,0.010526316,190,39.21335328
avgbs_23340.1.27,Mrg2,81.5,0.372856936,0.418421053,190,5.902227412
avgbs_23341.1.15,Mrg33,37.5,0.0003612,0.239473684,190,-28.3273978
avgbs_23379.1.13,Mrg21,172,0.30423513,0.355263158,190,7.04942413
avgbs_23492.1.41,Mrg21,27.3,0.22726746,0.052631579,190,17.80519676
avgbs_235.1.26,Mrg20,26.6,0.101636512,0.144736842,190,15.56046202
avgbs_23586.1.58,Mrg9,44.7,0.762878962,0.084210526,190,3.436024306
avgbs_23787.1.34,Mrg20,97.1,0.831828706,0.134210526,190,-1.969444361
avgbs_23837.1.59,Mrg21,212,0.836157343,0.036842105,190,-3.449728402
avgbs_23848.1.37,Mrg18,20.4,0.233376948,0.497368421,190,-7.865414775
avgbs_23968.1.42,Mrg6,14.5,0.041878358,0.131578947,190,20.1527601
avgbs_2411.1.6,Mrg1,45,0.13540583,0.015789474,190,39.72574643
avgbs_2425.1.6,Mrg17,84.4,0.35131955,0.144736842,190,8.691293233
avgbs_24340.1.26,Mrg1,87.4,0.27045661,0.307894737,190,7.811821189
avgbs_24507.1.28,Mrg9,43.4,0.577324708,0.168421053,190,4.780527261
avgbs_24657.1.14,Mrg13,60,0.556614677,0.136842105,190,5.499823132
avgbs_24711.1.13,Mrg9,96.5,0.028305632,0.034210526,190,43.12946223
avgbs_2479.1.47,Mrg20,226.6,0.6751208,0.313157895,190,2.905950643
avgbs_24870.1.32,Mrg20,147.3,0.305079725,0.065789474,190,13.69250384
avgbs_24890.1.61,Mrg13,60,0.5620974,0.344736842,190,3.954937882
avgbs_24994.1.43,Mrg11,52.8,0.869470366,0.213157895,190,1.282323585
avgbs_25121.1.19,Mrg8,112.5,0.806725049,0.184210526,190,2.005995935
avgbs_25192.1.34,Mrg19,58.1,0.617538938,0.021052632,190,11.13181004
avgbs_25328.1.58,Mrg13,36.7,0.719697598,0.152631579,190,3.200208607
avgbs_25337.1.19,Mrg1,132.5,0.761883913,0.355263158,190,-2.020030893
avgbs_25339.1.21,Mrg13,6.2,0.382808404,0.173684211,190,7.50113757
avgbs_25574.1.11,Mrg9,63.6,0.591211121,0.273684211,190,3.888904875
avgbs_25586.1.47,Mrg23,57.8,0.188222501,0.328947368,190,9.277275656
avgbs_25598.1.35,Mrg11,69.5,0.747899432,0.202631579,190,2.563672693
avgbs_25824.1.60,Mrg15,32.7,0.43171605,0.460526316,190,5.132019172
avgbs_26010.1.57,Mrg3,80.3,0.673184669,0.160526316,190,-3.715874539
avgbs_26094.1.9,Mrg11,98.8,0.238470258,0.044736842,190,19.69268955
avgbs_26340.1.45,Mrg18,41.8,0.170979694,0.089473684,190,15.86250496
avgbs_26347.1.54,Mrg20,198.2,0.144757281,0.15,190,13.89829978
avgbs_2652.1.7,Mrg9,43.4,0.752950368,0.171052632,190,2.658225495
avgbs_26532.1.64,Mrg17,33.5,0.192849505,0.105263158,190,-14.20837115
avgbs_26591.1.17,Mrg33,40.7,0.837842118,0.268421053,190,-1.491456439
avgbs_26617.1.53,Mrg17,84.3,0.758065584,0.247368421,190,2.258688873
avgbs_26647.1.56,Mrg17,63.3,0.844904153,0.226315789,190,1.46779551
avgbs_26686.1.8,Mrg15,35.1,0.916100503,0.010526316,190,3.218838652
avgbs_26711.1.43,Mrg3,18.6,0.635479422,0.084210526,190,5.455286159
avgbs_26723.1.29,Mrg13,35.9,0.772547343,0.139473684,190,-2.680983384
avgbs_26770.1.20,Mrg15,11.6,0.217550557,0.036842105,190,-21.56999577
avgbs_2686.1.48,Mrg28,44.4,0.390033141,0.310526316,190,6.045636294
avgbs_26918.1.60,Mrg4,37.9,0.228241405,0.239473684,190,-9.689099267
avgbs_26961.1.7,Mrg17,33.2,0.929507766,0.031578947,190,1.575328351
avgbs_27211.1.8,Mrg21,181.1,0.410913925,0.415789474,190,-5.511944788
avgbs_27248.1.12,Mrg23,64.6,0.714675711,0.307894737,190,-2.522723668
avgbs_27260.1.63,Mrg8,153.4,0.901875227,0.163157895,190,-1.096082641
avgbs_27407.1.59,Mrg28,32.6,0.783147387,0.084210526,190,3.128912237
avgbs_27441.1.50,Mrg20,18,0.002086307,0.031578947,190,-62.12242319
avgbs_27469.1.34,Mrg4,38.7,0.198652925,0.042105263,190,21.1211424
avgbs_27490.1.64,Mrg12,58.5,0.162280956,0.144736842,190,13.21473824
avgbs_27532.1.50,Mrg13,105.2,0.250360419,0.302631579,190,8.250797287
avgbs_27877.1.21,Mrg17,33.2,0.903420979,0.015789474,190,-3.039070856
avgbs_2791.1.10,Mrg4,43.1,0.219000674,0.057894737,190,17.3414942
avgbs_28116.1.33,Mrg11,8.8,0.289616829,0.010526316,190,34.01172429
avgbs_28165.1.13,Mrg1,59,0.72857865,0.486842105,190,-2.208005318
avgbs_28193.1.54,Mrg17,78.9,0.07785185,0.5,190,-11.94879982
avgbs_28205.1.63,Mrg5,82.1,0.771016156,0.086842105,190,-3.293898188
avgbs_28217.1.33,Mrg5,135.5,0.754533953,0.010526316,190,9.696398493
avgbs_28224.1.27,Mrg15,77.6,0.625815358,0.089473684,190,-5.464042134
avgbs_28229.1.61,Mrg9,50.9,0.541500451,0.057894737,190,8.415040418
avgbs_28348.1.39,Mrg9,38.2,0.320797722,0.044736842,190,15.95454425
avgbs_28429.1.53,Mrg13,39.4,0.416343271,0.165789474,190,7.133347446
avgbs_28468.1.48,Mrg2,85.2,0.100427389,0.321052632,190,11.77772275
avgbs_28484.1.50,Mrg23,53.7,0.173333346,0.071052632,190,-17.70062493
avgbs_28568.1.57,Mrg1,68.7,0.137321649,0.228947368,190,12.23976913
avgbs_2868.1.19,Mrg24,30.8,0.036574244,0.147368421,190,19.75883855
avgbs_28703.1.27,Mrg18,1,0.328500398,0.347368421,190,6.787442926
avgbs_28706.1.56,Mrg11,56.3,0.74366037,0.2,190,2.633510488
avgbs_2876.1.22,Mrg28,79.8,0.610152472,0.189473684,190,4.277584855
avgbs_28795.1.43,Mrg23,110.6,0.921320083,0.118421053,190,0.958805005
avgbs_28829.1.57,Mrg15,35.1,0.916100503,0.010526316,190,3.218838652
avgbs_28895.1.49,Mrg13,60,0.438182962,0.173684211,190,6.698790798
avgbs_2894.1.18,Mrg15,32.7,0.785427925,0.442105263,190,1.798854786
avgbs_2899.1.13,Mrg2,85.2,0.164405307,0.363157895,190,-9.677140275
avgbs_29039.1.25,Mrg24,37.3,0.297075297,0.265789474,190,-7.759171311
avgbs_29138.1.51,Mrg1,52.6,0.511590061,0.063157895,190,-8.704933287
avgbs_29209.1.25,Mrg28,43.8,0.312544001,0.060526316,190,14.02234187
avgbs_29270.1.35,Mrg17,78.9,0.19913033,0.026315789,190,-26.46974099
avgbs_29381.1.60,Mrg5,57.8,0.079369873,0.078947368,190,21.68913095
avgbs_29521.1.55,Mrg33,26.3,0.616727686,0.042105263,190,7.976267743
avgbs_29614.1.47,Mrg6,18.8,0.437047166,0.047368421,190,11.86686234
avgbs_29639.1.49,Mrg6,67.6,0.561962846,0.134210526,190,-5.499087498
avgbs_29732.1.59,Mrg6,26.6,0.940381215,0.276315789,190,0.544056523
avgbs_29775.1.18,Mrg17,87.8,0.809187582,0.284210526,190,1.697379811
avgbs_29809.1.46,Mrg3,11.9,0.38260567,0.160526316,190,7.940790741
avgbs_29928.1.7,Mrg17,78.8,0.984304046,0.3,190,0.132931287
avgbs_2995.1.52,Mrg17,12.8,0.906269685,0.476315789,190,0.733935048
avgbs_2997.1.53,Mrg20,147.3,0.465049763,0.173684211,190,6.359957924
avgbs_29974.1.22,Mrg18,10.9,0.692000555,0.276315789,190,-2.846663575
avgbs_3000.1.55,Mrg17,86.8,0.478488915,0.163157895,190,6.325744707
avgbs_30052.1.34,Mrg15,33.5,0.199511246,0.026315789,190,26.44654279
avgbs_301.1.23,Mrg20,193.1,0.297039637,0.010526316,190,33.4748227
avgbs_30453.1.62,Mrg13,58,0.412030078,0.360526316,190,5.567286613
avgbs_3050.1.54,Mrg23,57.8,0.023072138,0.218421053,190,18.82982065
avgbs_30619.1.57,Mrg2,72.1,0.007480922,0.236842105,190,-21.19079023
avgbs_30620.1.12,Mrg5,50.5,0.759182985,0.065789474,190,3.954593648
avgbs_30996.1.44,Mrg3,63.8,0.542838912,0.089473684,190,6.861973677
avgbs_31024.1.7,Mrg1,113.9,0.881225171,0.015789474,190,-3.750300802
avgbs_3111.1.49,Mrg15,35.1,0.274189834,0.042105263,190,17.86693567
avgbs_31130.1.36,Mrg6,116,0.655039633,0.026315789,190,8.906204955
avgbs_31212.1.57,Mrg9,44.7,0.640457252,0.086842105,190,5.343078989
avgbs_3139.1.20,Mrg2,81.8,0.102718533,0.286842105,190,12.28054093
avgbs_31434.1.52,Mrg24,41,0.381145925,0.152631579,190,-8.012242202
avgbs_31444.1.20,Mrg5,56.5,0.239669168,0.1,190,13.08669679
avgbs_31464.1.47,Mrg6,27.5,0.659417973,0.157894737,190,3.855364583
avgbs_31594.1.13,Mrg9,10.4,0.819366941,0.115789474,190,-2.275394566
avgbs_316.1.22,Mrg24,23.1,0.198871938,0.018421053,190,32.74248072
avgbs_31655.1.8,Mrg5,57.5,0.106711376,0.068421053,190,21.24557167
avgbs_31722.1.31,Mrg15,33.5,0.223757676,0.023684211,190,27.13476104
avgbs_3175.1.38,Mrg17,37.3,0.098423671,0.089473684,190,19.26591791
avgbs_31798.1.56,Mrg3,27.8,0.467911514,0.281578947,190,-5.346203358
avgbs_31854.1.60,Mrg2,85.2,0.197008643,0.073684211,190,16.9648536
avgbs_31855.1.15,Mrg1,48.1,0.644759123,0.010526316,190,14.42744902
avgbs_32064.1.16,Mrg9,78.3,0.610784404,0.057894737,190,7.341288411
avgbs_3211.1.63,Mrg1,50.7,0.599319057,0.323684211,190,-3.631620411
avgbs_32110.1.34,Mrg9,75.9,0.042762606,0.126315789,190,20.41618662
avgbs_32134.1.22,Mrg13,71.4,0.090852104,0.263157895,190,12.87472695
avgbs_32144.1.34,Mrg20,194.6,0.088251283,0.126315789,190,-17.51477003
avgbs_32156.1.12,Mrg12,25,0.760782188,0.036842105,190,5.313362493
avgbs_32166.1.26,Mrg6,102.3,0.712693831,0.036842105,190,6.208790333
avgbs_32200.1.23,Mrg17,32.2,0.343337751,0.078947368,190,11.47436905
avgbs_32237.1.40,Mrg9,86.8,0.011264318,0.392105263,190,17.51701128
avgbs_32277.1.45,Mrg5,114.7,0.333988975,0.244736842,190,7.368643164
avgbs_32347.1.43,Mrg24,21.2,0.069108399,0.221052632,190,15.21191539
avgbs_3255.1.29,Mrg12,25,0.194023489,0.221052632,190,10.33214889
avgbs_32733.1.59,Mrg8,149,0.671687832,0.110526316,190,-4.366502606
avgbs_32853.1.11,Mrg17,48.7,0.30549359,0.218421053,190,-8.215726956
avgbs_32854.1.25,Mrg6,25.2,0.860116776,0.102631579,190,-1.833722061
avgbs_32898.1.33,Mrg12,26.4,0.734386638,0.052631579,190,-4.817337963
avgbs_32922.1.51,Mrg3,44.5,0.17099685,0.423684211,190,-9.237094492
avgbs_32986.1.32,Mrg11,77.8,0.793262438,0.15,190,2.327202815
avgbs_33061.1.20,Mrg18,21.1,0.808844771,0.157894737,190,-2.089804687
avgbs_33075.1.15,Mrg13,66.4,0.069571513,0.068421053,190,23.98698845
avgbs_33137.1.63,Mrg9,86.8,0.057400415,0.078947368,190,23.54841667
avgbs_333.1.42,Mrg5,100.4,0.755982461,0.121052632,190,-3.092355405
avgbs_33592.1.40,Mrg13,86.5,0.478921861,0.35,190,4.842507848
avgbs_33790.1.50,Mrg11,108.6,0.696798627,0.081578947,190,4.567418932
avgbs_34251.1.62,Mrg17,78.9,0.19913033,0.026315789,190,-26.46974099
avgbs_34277.1.20,Mrg23,60.4,0.162606831,0.042105263,190,23.00923478
avgbs_34400.1.20,Mrg1,117.4,0.664697484,0.073684211,190,5.289918155
avgbs_3444.1.13,Mrg21,27.3,0.679599283,0.165789474,190,3.553778247
avgbs_34513.1.41,Mrg1,83.9,0.763829722,0.168421053,190,-2.538944653
avgbs_34647.1.30,Mrg13,81.8,0.358898054,0.457894737,190,6.038345458
avgbs_3471.1.38,Mrg5,57.9,0.513518699,0.026315789,190,13.16579955
avgbs_34750.1.52,Mrg13,106.5,0.165925456,0.123684211,190,-14.0075429
avgbs_34774.1.12,Mrg18,-1.1,0.678414403,0.021052632,190,9.198930332
avgbs_34784.1.62,Mrg33,58.2,0.508310414,0.478947368,190,4.295368241
avgbs_34812.1.54,Mrg15,21.4,0.696798627,0.081578947,190,4.567418932
avgbs_35086.1.19,Mrg21,27.3,0.332440934,0.157894737,190,8.862920282
avgbs_35088.1.47,Mrg19,4,0.005076234,0.010526316,190,-92.55177305
avgbs_35150.1.53,Mrg20,18.7,0.348192076,0.234210526,190,7.051582106
avgbs_35197.1.12,Mrg11,32.1,0.998889742,0.1,190,-0.014339669
avgbs_35246.1.24,Mrg33,64,0.800281976,0.168421053,190,-2.130976398
avgbs_35281.1.31,Mrg1,117.4,0.936752832,0.076315789,190,0.93884815
avgbs_35313.1.40,Mrg3,129.9,0.784503668,0.044736842,190,4.241557293
avgbs_35341.1.57,Mrg17,37.3,0.022255352,0.115789474,190,23.98905686
avgbs_35390.1.28,Mrg17,7.6,0.446953645,0.45,190,-4.967960538
avgbs_3543.1.50,Mrg28,43.8,0.311540321,0.310526316,190,7.202126725
avgbs_35431.1.12,Mrg23,57.8,0.018302643,0.218421053,190,19.26270713
avgbs_35440.1.17,Mrg2,87.3,0.135448949,0.381578947,190,10.22186747
avgbs_35442.1.56,Mrg13,41.2,0.197980543,0.060526316,190,18.02548467
avgbs_35455.1.7,Mrg18,32.5,0.453658985,0.447368421,190,4.882242063
avgbs_35460.1.60,Mrg23,40.7,0.730281719,0.281578947,190,2.471471433
avgbs_35484.1.34,Mrg17,94.7,0.145546346,0.044736842,190,-23.69894179
avgbs_35495.1.59,Mrg13,29.7,0.67660984,0.1,190,-4.428813353
avgbs_35568.1.60,Mrg13,39.4,0.290107041,0.047368421,190,15.8670872
avgbs_35582.1.35,Mrg33,65.9,0.629696996,0.107894737,190,4.870122618
avgbs_35598.1.19,Mrg28,36.8,0.242978514,0.057894737,190,16.44287815
avgbs_35645.1.26,Mrg3,53.9,0.431317372,0.047368421,190,12.02067603
avgbs_35705.1.14,Mrg28,31.8,0.680539858,0.35,190,2.756862032
avgbs_35747.1.6,Mrg13,35.9,0.457739882,0.163157895,190,6.508534946
avgbs_35771.1.59,Mrg28,44.4,0.800216154,0.231578947,190,-1.891159454
avgbs_35775.1.18,Mrg11,69.5,0.52999159,0.010526316,190,19.82488918
avgbs_35852.1.14,Mrg8,134,0.8757702,0.036842105,190,2.598085805
avgbs_36024.1.46,Mrg12,35.3,0.349160416,0.057894737,190,-13.08419777
avgbs_36113.1.48,Mrg5,109.5,0.67510178,0.142105263,190,-4.001201505
avgbs_36269.1.50,Mrg19,55.4,0.243446512,0.057894737,190,16.42599141
avgbs_36276.1.50,Mrg21,181.1,0.526609833,0.331578947,190,-4.360095971
avgbs_36277.1.50,Mrg21,181.1,0.106423608,0.247368421,190,12.53052715
avgbs_36359.1.34,Mrg24,45,0.148893268,0.155263158,190,-13.2713018
avgbs_36394.1.52,Mrg33,65.9,0.476436586,0.073684211,190,-8.815017925
avgbs_36473.1.21,Mrg11,48.8,0.055006312,0.184210526,190,16.99771198
avgbs_36709.1.56,Mrg9,44.7,0.263991794,0.068421053,190,14.529307
avgbs_3677.1.61,Mrg17,19.4,0.024740201,0.071052632,190,29.63182074
avgbs_36902.1.7,Mrg19,31.3,0.221342125,0.084210526,190,14.76160438
avgbs_36938.1.25,Mrg8,86.2,0.948113507,0.3,190,0.447027635
avgbs_36941.1.15,Mrg21,205.7,0.876858972,0.042105263,190,-2.415172848
avgbs_37014.1.9,Mrg19,49.8,0.344071028,0.107894737,190,10.16815246
avgbs_37253.1.40,Mrg3,137.7,0.042127023,0.076315789,190,-26.91279888
avgbs_37293.1.61,Mrg21,181.1,0.439876549,0.131578947,190,-7.409906566
avgbs_37412.1.7,Mrg3,14.7,0.200940095,0.057894737,190,19.53629503
avgbs_37426.1.48,Mrg9,49.2,0.820097207,0.026315789,190,4.470731982
avgbs_37501.1.11,Mrg9,16.3,0.179802123,0.042105263,190,22.0729367
avgbs_37502.1.33,Mrg18,40,0.593279842,0.110526316,190,5.461681107
avgbs_37613.1.36,Mrg13,108.5,0.310451502,0.065789474,190,13.53608472
avgbs_38213.1.14,Mrg17,68.2,0.202528095,0.455263158,190,-8.510146917
avgbs_38257.1.26,Mrg5,105.7,0.683071454,0.113157895,190,-4.186490135
avgbs_38278.1.11,Mrg19,49.8,0.094177925,0.15,190,15.68538843
avgbs_38361.1.16,Mrg13,6.2,0.02335157,0.073684211,190,29.13919778
avgbs_38416.1.10,Mrg3,83.8,0.402559031,0.010526316,190,26.66880541
avgbs_38429.1.53,Mrg20,20,0.588498072,0.015789474,190,13.92037656
avgbs_38507.1.13,Mrg8,197.1,0.388979804,0.065789474,190,11.43263049
avgbs_38609.1.6,Mrg9,101.2,0.36697581,0.021052632,190,20.48496864
avgbs_38663.1.56,Mrg23,48.3,0.572128843,0.110526316,190,5.786244365
avgbs_3869.1.13,Mrg33,2.7,0.808709865,0.063157895,190,3.135042135
avgbs_38737.1.46,Mrg15,35.1,0.199511246,0.026315789,190,26.44654279
avgbs_38766.1.64,Mrg15,35.1,0.35913453,0.018421053,190,25.15760452
avgbs_38796.1.30,Mrg3,112.3,0.092368804,0.205263158,190,-14.2225319
avgbs_38797.1.31,Mrg5,105.7,0.773092796,0.031578947,190,5.449739841
avgbs_38830.1.24,Mrg20,18.7,0.5581171,0.15,190,5.356403088
avgbs_38882.1.16,Mrg17,32.8,0.65920342,0.063157895,190,-5.916487016
avgbs_38917.1.35,Mrg21,125.8,0.274599975,0.123684211,190,10.956148
avgbs_38923.1.64,Mrg3,80.3,0.699515405,0.057894737,190,5.254806797
avgbs_38943.1.33,Mrg28,54.2,0.158050761,0.123684211,190,14.10957352
avgbs_38970.1.7,Mrg18,11.1,0.267926224,0.015789474,190,29.17583556
avgbs_38973.1.21,Mrg3,37.1,0.880756091,0.018421053,190,-3.625135963
avgbs_38997.1.30,Mrg20,21.5,0.116234013,0.326315789,190,-11.19718175
avgbs_39026.1.57,Mrg17,33.2,0.241778825,0.057894737,190,-16.4862737
avgbs_39046.1.48,Mrg18,11.1,0.651175981,0.260526316,190,-3.393969034
avgbs_39058.1.63,Mrg9,44.7,0.762878962,0.084210526,190,3.436024306
avgbs_39089.1.53,Mrg23,71.8,0.150684371,0.194736842,190,-12.02132611
avgbs_39140.1.29,Mrg2,21.5,0.091665442,0.081578947,190,20.7003924
avgbs_39170.1.33,Mrg13,62,0.543236625,0.134210526,190,-5.707649979
avgbs_39778.1.14,Mrg28,44.4,0.950224644,0.257894737,190,0.443424338
avgbs_39782.1.64,Mrg9,49.2,0.857248341,0.097368421,190,1.917220289
avgbs_39819.1.42,Mrg20,151.7,0.36246865,0.068421053,190,11.76208623
avgbs_39820.1.25,Mrg21,125.8,0.201347298,0.118421053,190,13.12994206
avgbs_3983.1.41,Mrg5,125.1,0.484262407,0.118421053,190,7.042219516
avgbs_40129.1.63,Mrg6,28.1,0.376571872,0.310526316,190,-6.303092806
avgbs_40171.1.35,Mrg11,109.1,0.430629941,0.494736842,190,5.284788019
avgbs_40189.1.25,Mrg28,29.8,0.612001315,0.368421053,190,-3.385839354
avgbs_40212.1.64,Mrg20,198.4,0.233646282,0.013157895,190,36.2881182
avgbs_40252.1.48,Mrg24,41.7,0.365903671,0.157894737,190,-8.164820227
avgbs_40282.1.26,Mrg17,30.2,0.079463943,0.163157895,190,15.97766817
avgbs_40307.1.12,Mrg17,70.5,0.625018232,0.457894737,190,-3.154466266
avgbs_40308.1.11,Mrg17,51,0.937366377,0.218421053,190,0.594086675
avgbs_40344.1.35,Mrg23,59.1,0.013409925,0.239473684,190,19.55911164
avgbs_40403.1.20,Mrg24,47.5,0.037096076,0.115789474,190,-21.82720565
avgbs_40418.1.23,Mrg11,51.4,0.832385255,0.189473684,190,1.697573954
avgbs_40505.1.21,Mrg12,55,0.675606811,0.281578947,190,-2.993361644
avgbs_40516.1.63,Mrg13,96.7,0.104408233,0.310526316,190,11.67149885
avgbs_40526.1.18,Mrg6,38,0.746181701,0.202631579,190,-2.56084961
avgbs_40705.1.21,Mrg15,13.9,0.428825413,0.036842105,190,13.63136059
avgbs_40825.1.54,Mrg1,50.7,0.222504095,0.418421053,190,-8.304495228
avgbs_40892.1.31,Mrg15,25.5,0.252176559,0.034210526,190,21.13040184
avgbs_41292.1.6,Mrg5,50.5,0.155421376,0.052631579,190,21.0662037
avgbs_41368.1.61,Mrg8,129.6,0.131495827,0.186842105,190,12.56860519
avgbs_41395.1.22,Mrg17,34,0.059659722,0.115789474,190,-19.9210312
avgbs_41413.1.12,Mrg3,37.1,0.11975972,0.015789474,190,41.44878565
avgbs_41527.1.45,Mrg9,5.1,0.140583208,0.134210526,190,14.5816915
avgbs_4173.1.9,Mrg11,54,0.222869086,0.423684211,190,-8.147290223
avgbs_41785.1.44,Mrg21,172,0.312638832,0.334210526,190,7.025423307
avgbs_42060.1.55,Mrg13,71.4,0.161080545,0.176315789,190,12.22680193
avgbs_4207.1.57,Mrg8,131.4,0.513826489,0.047368421,190,10.21593465
avgbs_42103.1.51,Mrg21,148.2,0.170318185,0.144736842,190,12.95810126
avgbs_42118.1.64,Mrg5,57.8,0.52798457,0.021052632,190,14.16440412
avgbs_42243.1.15,Mrg24,45,0.516331319,0.263157895,190,-4.753056548
avgbs_42249.1.14,Mrg2,23.2,0.989107887,0.047368421,190,0.198891191
avgbs_42260.1.19,Mrg21,125.8,0.228632053,0.263157895,190,9.190551315
avgbs_42267.1.26,Mrg5,110.1,0.663000841,0.178947368,190,3.625448561
avgbs_42342.1.52,Mrg13,60,0.497041783,0.365789474,190,4.566677049
avgbs_42379.1.63,Mrg24,37.1,0.351847972,0.15,190,-8.552793709
avgbs_4262.1.15,Mrg13,16.2,0.888801071,0.436842105,190,-0.886157903
avgbs_4263.1.32,Mrg23,64.6,0.75030629,0.302631579,190,-2.214043778
avgbs_42681.1.63,Mrg15,33.5,0.309721198,0.276315789,190,-7.509735471
avgbs_42773.1.64,Mrg6,38,0.818057691,0.178947368,190,-1.888903815
avgbs_42793.1.51,Mrg8,151.9,0.086139401,0.065789474,190,23.31255277
avgbs_4282.1.16,Mrg11,45.6,0.030721024,0.189473684,190,18.4881471
avgbs_42869.1.46,Mrg11,7.2,0.386460739,0.5,190,5.668373227
avgbs_42930.1.41,Mrg21,28.3,0.230864716,0.063157895,190,16.58783072
avgbs_4299.1.9,Mrg9,43.4,0.810707786,0.171052632,190,2.03173093
avgbs_43051.1.28,Mrg18,16.5,0.471327292,0.418421053,190,4.816556119
avgbs_43145.1.38,Mrg5,60,0.55017381,0.063157895,190,8.278397996
avgbs_43170.1.18,Mrg3,109.8,0.786948414,0.023684211,190,5.776353604
avgbs_43181.1.28,Mrg19,57.2,0.137279602,0.336842105,190,10.48833422
avgbs_43289.1.33,Mrg19,65.3,0.266047575,0.465789474,190,7.543592462
avgbs_43411.1.64,Mrg13,65.6,0.029094588,0.244736842,190,17.33550221
avgbs_4350.1.46,Mrg9,49.2,0.621866764,0.094736842,190,5.388117733
avgbs_43580.1.15,Mrg9,49.2,0.204861057,0.055263158,190,18.53655429
avgbs_436.1.34,Mrg4,60.3,0.705292041,0.073684211,190,-4.600453193
avgbs_43711.1.18,Mrg11,32.4,0.625687944,0.1,190,5.200572612
avgbs_43836.1.8,Mrg2,85.2,0.000200292,0.284210526,190,29.19287506
avgbs_44012.1.13,Mrg15,35.1,0.294903061,0.010526316,190,-33.62840204
avgbs_44280.1.50,Mrg2,87.3,0.16502252,0.457894737,190,9.421938974
avgbs_44312.1.23,Mrg17,70.5,0.597313162,0.294736842,190,3.761911517
avgbs_44317.1.46,Mrg23,62.1,0.26197507,0.371052632,190,7.922328205
avgbs_4441.1.58,Mrg5,114.7,0.371533658,0.189473684,190,-7.771144457
avgbs_44482.1.23,Mrg21,27.3,0.524355469,0.168421053,190,5.588882467
avgbs_44638.1.36,Mrg28,43.8,0.576406609,0.318421053,190,3.861570329
avgbs_44680.1.43,Mrg19,49.8,0.077060089,0.1,190,20.25282091
avgbs_44737.1.27,Mrg11,8.8,0.457309744,0.489473684,190,-4.975507336
avgbs_44769.1.31,Mrg9,40.3,0.215077919,0.189473684,190,10.51682763
avgbs_4488.1.14,Mrg1,45,0.633643978,0.289473684,190,-3.359074074
avgbs_44900.1.47,Mrg23,59.1,0.032927325,0.221052632,190,17.23076737
avgbs_44965.1.39,Mrg2,72.1,0.697718886,0.018421053,190,9.538897494
avgbs_45430.1.7,Mrg9,47.1,0.990607715,0.084210526,190,-0.131167684
avgbs_45588.1.45,Mrg6,67.6,0.893598849,0.126315789,190,-1.273537542
avgbs_4561.1.56,Mrg28,58.8,0.341380176,0.089473684,190,10.88598762
avgbs_45653.1.54,Mrg11,48.8,0.317913576,0.157894737,190,9.049807386
avgbs_45685.1.29,Mrg33,13,0.859113221,0.131578947,190,1.646472222
avgbs_45822.1.54,Mrg17,28.4,0.310401353,0.047368421,190,15.62910144
avgbs_45894.1.53,Mrg24,24.4,0.651363814,0.105263158,190,4.766836863
avgbs_459.1.39,Mrg3,62.4,0.646654121,0.194736842,190,-3.760031682
avgbs_45965.1.57,Mrg3,37.1,0.186035594,0.086842105,190,15.91258042
avgbs_46005.1.62,Mrg1,79.7,0.673278393,0.210526316,190,3.321927039
avgbs_46114.1.55,Mrg33,32.3,0.729406047,0.123684211,190,3.35295286
avgbs_46182.1.38,Mrg13,35.9,0.429113913,0.171052632,190,-6.846613877
avgbs_462.1.52,Mrg3,37.1,0.905432265,0.126315789,190,1.116330949
avgbs_46448.1.26,Mrg20,87.2,0.070527567,0.086842105,190,-21.60972272
avgbs_46496.1.44,Mrg1,109,0.355597877,0.042105263,190,15.00665923
avgbs_46563.1.38,Mrg18,43.2,0.024992531,0.031578947,190,-43.01938406
avgbs_46577.1.24,Mrg13,79.3,0.83909668,0.173684211,190,1.715439458
avgbs_46607.1.37,Mrg3,20,0.52292341,0.118421053,190,6.413726067
avgbs_46626.1.27,Mrg18,32.5,0.314389267,0.271052632,190,7.480748334
avgbs_46672.1.62,Mrg8,140.5,0.708406402,0.347368421,190,2.620311658
avgbs_46776.1.58,Mrg11,26,0.385059167,0.060526316,190,-11.99843172
avgbs_4681.1.28,Mrg23,71.6,0.961127665,0.036842105,190,-0.803114429
avgbs_46836.1.34,Mrg15,35.1,0.322312836,0.039473684,190,16.91772706
avgbs_46839.1.60,Mrg3,129.2,0.569220144,0.084210526,190,-6.699289544
avgbs_46840.1.22,Mrg5,56.5,0.198415934,0.086842105,190,15.46076073
avgbs_47.1.52,Mrg28,98.3,0.201114263,0.036842105,190,23.27004462
avgbs_4702.1.15,Mrg2,67.4,0.122713019,0.207894737,190,12.57881135
avgbs_47533.1.46,Mrg1,57.2,0.486783998,0.131578947,190,6.648941919
avgbs_47539.1.29,Mrg24,2.7,0.194375312,0.147368421,190,12.2138168
avgbs_4760.1.55,Mrg3,83.8,0.717921985,0.144736842,190,-3.277041514
avgbs_47631.1.32,Mrg21,81.6,0.77124613,0.126315789,190,-2.765995231
avgbs_47877.1.10,Mrg1,108.4,0.885223881,0.357894737,190,-0.947255162
avgbs_47896.1.46,Mrg18,42.2,0.984364302,0.342105263,190,0.128664643
avgbs_4798.1.24,Mrg1,23.8,0.756088471,0.086842105,190,3.462033975
avgbs_4800.1.52,Mrg20,59.3,0.630387595,0.065789474,190,6.27298743
avgbs_4805.1.44,Mrg15,15,0.481716374,0.4,190,4.694796338
avgbs_48075.1.47,Mrg1,117.4,0.766635436,0.273684211,190,2.118639375
avgbs_48212.1.56,Mrg24,5.4,0.235614651,0.065789474,190,15.91436624
avgbs_4829.1.6,Mrg9,86.7,0.318655709,0.363157895,190,6.821782621
avgbs_48423.1.64,Mrg3,82.8,0.322511873,0.047368421,190,15.22962324
avgbs_48611.1.34,Mrg24,78.6,0.123649547,0.071052632,190,20.09775051
avgbs_48778.1.11,Mrg17,51,0.720333414,0.021052632,190,7.915664203
avgbs_48816.1.39,Mrg6,20.7,0.762164207,0.1,190,3.238428715
avgbs_49002.1.41,Mrg6,102.3,0.215372547,0.034210526,190,22.9247426
avgbs_49249.1.47,Mrg28,15,0.828855555,0.031578947,190,-3.886741395
avgbs_4932.1.24,Mrg18,42.1,0.88637074,0.35,190,0.939671805
avgbs_49496.1.45,Mrg6,25.2,0.18171552,0.131578947,190,13.36588575
avgbs_49522.1.31,Mrg17,78.9,0.937902331,0.305263158,190,0.533027223
avgbs_49577.1.30,Mrg4,44.7,0.714850991,0.413157895,190,-2.402246939
avgbs_49652.1.25,Mrg2,14.7,0.123144349,0.242105263,190,-12.12488246
avgbs_49672.1.20,Mrg8,129.6,0.806434416,0.486842105,190,-1.548617691
avgbs_49690.1.22,Mrg8,58.3,0.798424893,0.268421053,190,-1.817057237
avgbs_49786.1.38,Mrg23,57.8,0.07348107,0.328947368,190,12.74581755
avgbs_49862.1.46,Mrg6,45.2,0.013554362,0.115789474,190,-26.29151856
avgbs_49917.1.18,Mrg21,181.1,0.283777441,0.205263158,190,-8.702560919
avgbs_5004.1.28,Mrg8,63.7,0.747132509,0.286842105,190,-2.264934211
avgbs_50076.1.16,Mrg9,44.7,0.614159315,0.026315789,190,10.0821509
avgbs_50081.1.30,Mrg9,40.3,0.251803108,0.115789474,190,11.77187951
avgbs_5020.1.39,Mrg9,129,0.085035932,0.157894737,190,15.73630208
avgbs_50219.1.9,Mrg18,27.7,0.165145329,0.092105263,190,16.00697132
avgbs_5039.1.37,Mrg33,108.3,0.073156604,0.023684211,190,40.47744919
avgbs_50532.1.22,Mrg8,123.6,0.393247753,0.039473684,190,-14.51990303
avgbs_5056.1.25,Mrg19,49.8,0.295345197,0.05,190,15.95468898
avgbs_5065.1.28,Mrg13,6.2,0.822109347,0.1,190,-2.35790692
avgbs_50746.1.30,Mrg1,27.9,0.044902103,0.010526316,190,-76.07739472
avgbs_50948.1.23,Mrg3,20,0.396419151,0.134210526,190,8.138872898
avgbs_50978.1.58,Mrg9,44.7,0.772496985,0.086842105,190,3.27157113
avgbs_51040.1.19,Mrg24,23.1,0.129338637,0.278947368,190,11.37226111
avgbs_51158.1.52,Mrg15,21.4,0.02926729,0.123684211,190,22.07401705
avgbs_51170.1.48,Mrg15,27.2,0.547572319,0.231578947,190,4.586975924
avgbs_51254.1.64,Mrg12,22,0.184938241,0.084210526,190,15.76998623
avgbs_51305.1.20,Mrg13,31,0.457739882,0.163157895,190,6.508534946
avgbs_51309.1.23,Mrg3,83.8,0.818432052,0.144736842,190,-2.064495571
avgbs_51332.1.26,Mrg6,57.3,0.66299961,0.471052632,190,-2.80632784
avgbs_51344.1.17,Mrg15,21.4,0.093014916,0.207894737,190,13.83612895
avgbs_5138.1.50,Mrg21,188.8,0.762416998,0.094736842,190,3.316244585
avgbs_51483.1.60,Mrg21,82,0.156008122,0.1,190,15.65707846
avgbs_51526.1.30,Mrg21,78.7,0.656207684,0.078947368,190,5.26725
avgbs_51724.1.42,Mrg15,35.1,0.616216317,0.334210526,190,3.431485985
avgbs_51729.1.57,Mrg18,27.7,0.729118734,0.310526316,190,-2.418818288
avgbs_5175.1.10,Mrg19,67.8,0.680700481,0.197368421,190,-3.306157703
avgbs_51768.1.64,Mrg8,31.5,0.358812579,0.228947368,190,7.204584989
avgbs_519.1.6,Mrg33,91.5,0.920228,0.047368421,190,1.469494322
avgbs_51922.1.28,Mrg23,57.8,0.158167722,0.334210526,190,9.933554705
avgbs_51923.1.27,Mrg20,63.4,0.596542439,0.1,190,-5.656518031
avgbs_52007.1.54,Mrg18,1,0.3491432,0.063157895,190,12.56276919
avgbs_52033.1.50,Mrg12,109.3,0.266704654,0.463157895,190,-7.432200217
avgbs_52110.1.43,Mrg2,72.1,0.732000808,0.021052632,190,7.564521729
avgbs_52407.1.8,Mrg9,43.4,0.962052565,0.081578947,190,0.544286465
avgbs_52527.1.26,Mrg18,27.7,0.275270046,0.473684211,190,7.207794076
avgbs_52590.1.28,Mrg17,30.3,0.093403472,0.160526316,190,15.93128322
avgbs_52592.1.19,Mrg15,49.5,0.954138165,0.276315789,190,0.395612583
avgbs_52714.1.20,Mrg3,73.8,0.841586906,0.131578947,190,1.856911616
avgbs_52812.1.8,Mrg2,87.3,0.369041762,0.428947368,190,5.931446069
avgbs_52843.1.35,Mrg17,37.3,0.044913312,0.105263158,190,21.86985907
avgbs_52894.1.31,Mrg17,108.2,0.714155497,0.05,190,5.412666192
avgbs_53008.1.53,Mrg13,107.3,0.034158042,0.144736842,190,-20.28585548
avgbs_53177.1.43,Mrg13,39.4,0.400303059,0.165789474,190,7.390165858
avgbs_53297.1.51,Mrg4,44.7,0.361059438,0.431578947,190,6.046223081
avgbs_53336.1.23,Mrg23,30.2,0.3697322,0.036842105,190,16.12852375
avgbs_53370.1.19,Mrg13,35.9,0.457739882,0.163157895,190,6.508534946
avgbs_53463.1.53,Mrg23,48.3,0.51270312,0.028947368,190,12.90076355
avgbs_53492.1.28,Mrg5,57.8,0.291501812,0.242105263,190,-8.070611916
avgbs_537.1.31,Mrg17,24.5,0.378816881,0.010526316,190,28.08685727
avgbs_53710.1.11,Mrg9,66.4,0.150355641,0.260526316,190,10.96769102
avgbs_53889.1.21,Mrg17,33.6,0.184135757,0.05,190,-20.41674976
avgbs_53963.1.64,Mrg6,29.7,0.953046758,0.128947368,190,-0.549031703
avgbs_53964.1.37,Mrg11,77.8,0.76755082,0.015789474,190,7.496022727
avgbs_53992.1.34,Mrg15,27.2,0.964845579,0.221052632,190,-0.329560811
avgbs_5441.1.58,Mrg3,37.1,0.902743877,0.402631579,190,-0.780122536
avgbs_54503.1.8,Mrg3,53.9,0.66570608,0.397368421,190,2.870660646
avgbs_54512.1.62,Mrg23,69.3,0.043355467,0.184210526,190,17.44481375
avgbs_55106.1.6,Mrg24,60.2,0.804634242,0.078947368,190,-2.890535714
avgbs_55182.1.20,Mrg1,64.8,0.901603784,0.252631579,190,0.894785312
avgbs_55214.1.19,Mrg21,122.8,0.742831683,0.015789474,190,8.338491533
avgbs_55491.1.39,Mrg24,37,0.283155062,0.155263158,190,-9.767641608
avgbs_55611.1.35,Mrg18,32.5,0.059761546,0.360526316,190,-13.13573973
avgbs_55931.1.13,Mrg15,32.7,0.135148797,0.028947368,190,30.27466507
avgbs_55961.1.31,Mrg1,106.6,0.716552166,0.328947368,190,-2.491020614
avgbs_55977.1.34,Mrg19,58.1,0.293211799,0.031578947,190,19.69653533
avgbs_56119.1.54,Mrg11,21.9,0.870734346,0.139473684,190,-1.479287235
avgbs_56187.1.39,Mrg13,26.2,0.636795818,0.155263158,190,4.275037755
avgbs_56302.1.6,Mrg17,30.3,0.103000404,0.160526316,190,15.14791295
avgbs_56313.1.7,Mrg1,74.8,0.153139009,0.221052632,190,-11.57962164
avgbs_56317.1.17,Mrg15,35.1,0.11975972,0.015789474,190,41.44878565
avgbs_56365.1.22,Mrg4,44.7,0.9530783,0.273684211,190,-0.412743021
avgbs_56598.1.26,Mrg12,26.4,0.58561193,0.042105263,190,-7.756105891
avgbs_568.1.42,Mrg17,65.7,0.230138683,0.273684211,190,8.919973933
avgbs_56941.1.38,Mrg9,44.7,0.728437806,0.094736842,190,3.760675065
avgbs_57012.1.30,Mrg5,89.4,0.16605896,0.318421053,190,-9.865455419
avgbs_57030.1.13,Mrg3,75.8,0.60711536,0.021052632,190,-11.47218862
avgbs_5724.1.51,Mrg18,32.5,0.247675954,0.273684211,190,8.581858142
avgbs_57243.1.6,Mrg15,35.1,0.158209971,0.028947368,190,28.53868678
avgbs_57321.1.54,Mrg3,73.1,0.031103663,0.413157895,190,-14.7196937
avgbs_57417.1.19,Mrg11,100.9,0.916100503,0.010526316,190,3.218838652
avgbs_57657.1.62,Mrg5,56.5,0.037673818,0.118421053,190,21.68536698
avgbs_57658.1.26,Mrg5,58.7,0.032219951,0.052631579,190,32.15415509
avgbs_5781.1.12,Mrg18,16,0.813773335,0.086842105,190,-2.655910887
avgbs_58322.1.23,Mrg3,63,0.214574889,0.171052632,190,10.71498475
avgbs_58338.1.60,Mrg21,148.2,0.473388446,0.144736842,190,6.627722411
avgbs_58440.1.8,Mrg33,41.4,0.568352527,0.413157895,190,3.883225672
avgbs_5915.1.63,Mrg24,41.8,0.651615405,0.334210526,190,3.120464298
avgbs_5920.1.17,Mrg17,24.6,0.204986906,0.2,190,10.6276644
avgbs_59269.1.25,Mrg11,3.7,0.788049953,0.415789474,190,1.721418491
avgbs_59780.1.50,Mrg13,66.4,0.03420588,0.271052632,190,16.02025761
avgbs_59790.1.41,Mrg13,65.6,0.761219719,0.144736842,190,2.807637863
avgbs_59950.1.35,Mrg3,55.5,0.902819806,0.010526316,190,-3.735616135
avgbs_60047.1.41,Mrg8,134,0.91901191,0.486842105,190,0.639233324
avgbs_60509.1.36,Mrg6,29.1,0.416407538,0.2,190,-6.654466276
avgbs_60871.1.34,Mrg3,103.3,0.196106981,0.313157895,190,-9.526065651
avgbs_60965.1.13,Mrg9,44.7,0.857248341,0.097368421,190,1.917220289
avgbs_61.1.58,Mrg17,34,0.961162019,0.026315789,190,-0.944268018
avgbs_61164.1.46,Mrg2,74.4,0.109364197,0.026315789,190,33.24931306
avgbs_6121.1.27,Mrg3,44.6,0.960866884,0.497368421,190,0.321093678
avgbs_61215.1.42,Mrg13,106.5,0.225413342,0.010526316,190,39.11860594
avgbs_6126.1.55,Mrg6,38,0.043508496,0.428947368,190,13.69041398
avgbs_61309.1.63,Mrg19,70.1,0.549860628,0.476315789,190,-3.990791703
avgbs_61358.1.23,Mrg2,73.3,0.569141043,0.036842105,190,9.708253643
avgbs_61378.1.10,Mrg15,32.7,0.653122808,0.473684211,190,3.019661858
avgbs_614.1.49,Mrg6,87.2,0.042802817,0.118421053,190,21.39533351
avgbs_6141.1.31,Mrg13,39.4,0.339475744,0.047368421,190,14.68677998
avgbs_6152.1.20,Mrg20,122.8,0.415038139,0.189473684,190,6.756658099
avgbs_61650.1.39,Mrg17,34,0.340082501,0.044736842,190,15.30966881
avgbs_61658.1.34,Mrg3,82.8,0.51758484,0.131578947,190,-6.319906819
avgbs_61719.1.6,Mrg5,89.4,0.791804128,0.202631579,190,-2.115244515
avgbs_61738.1.63,Mrg24,36.1,0.328612059,0.157894737,190,-8.845140365
avgbs_61773.1.54,Mrg8,129.6,0.142121212,0.384210526,190,10.05995294
avgbs_61855.1.63,Mrg33,64,0.384690038,0.073684211,190,10.83270935
avgbs_6206.1.25,Mrg28,43.8,0.71179171,0.25,190,2.719655477
avgbs_62154.1.18,Mrg17,68.5,0.257025847,0.305263158,190,8.241516303
avgbs_6235.1.26,Mrg8,54.7,0.904225623,0.286842105,190,-0.838687189
avgbs_62515.1.53,Mrg9,78.3,0.064163781,0.128947368,190,19.00755261
avgbs_62521.1.21,Mrg5,56.5,0.403376023,0.184210526,190,7.008385177
avgbs_6253.1.60,Mrg20,185.4,0.064438156,0.063157895,190,25.38287687
avgbs_6273.1.32,Mrg9,82.3,0.380012884,0.210526316,190,7.069037539
avgbs_6277.1.48,Mrg3,53.9,0.780730548,0.392105263,190,1.80547282
avgbs_62784.1.46,Mrg3,53.9,0.924140381,0.157894737,190,0.813632812
avgbs_62906.1.35,Mrg11,39.2,0.164515249,0.226315789,190,10.99146661
avgbs_63039.1.36,Mrg13,72.6,0.11644493,0.244736842,190,12.35244017
avgbs_63087.1.14,Mrg33,65.9,0.456185478,0.376315789,190,4.99597057
avgbs_631.1.59,Mrg24,85.6,0.027344676,0.018421053,190,-57.17299842
avgbs_6312.1.13,Mrg28,35.9,0.963209907,0.321052632,190,0.310368375
avgbs_63439.1.17,Mrg3,129.9,0.815779972,0.123684211,190,-2.269428144
avgbs_6351.1.63,Mrg23,62.1,0.135136235,0.35,190,10.42025645
avgbs_63587.1.27,Mrg15,17.3,0.04867626,0.213157895,190,16.16614351
avgbs_6359.1.38,Mrg9,86.1,0.019204971,0.084210526,190,28.3274575
avgbs_6360.1.36,Mrg17,32.2,0.121202002,0.171052632,190,13.86115193
avgbs_63606.1.44,Mrg15,23.6,0.693063972,0.094736842,190,4.354960846
avgbs_63849.1.27,Mrg13,6.2,0.990541205,0.144736842,190,0.105967688
avgbs_64000.1.55,Mrg21,178.3,0.224144216,0.376315789,190,-8.287355593
avgbs_64114.1.26,Mrg28,44.4,0.364718977,0.305263158,190,6.457233666
avgbs_64232.1.26,Mrg19,28.7,0.290076013,0.105263158,190,11.80499264
avgbs_64259.1.11,Mrg21,148.2,0.266825558,0.221052632,190,9.218669191
avgbs_64382.1.52,Mrg9,116.2,0.134886037,0.047368421,190,24.05681226
avgbs_64396.1.24,Mrg9,30.4,0.07631829,0.407894737,190,12.06036291
avgbs_64397.1.35,Mrg24,37.3,0.32544184,0.181578947,190,-8.37694003
avgbs_6445.1.10,Mrg5,80.2,0.676246569,0.134210526,190,3.924747574
avgbs_6465.1.14,Mrg13,60,0.3084649,0.181578947,190,9.014683655
avgbs_64773.1.26,Mrg17,66.1,0.422950866,0.497368421,190,5.245038912
avgbs_64980.1.54,Mrg3,109.8,0.810880332,0.063157895,190,-3.031496526
avgbs_65313.1.6,Mrg17,32.2,0.126252924,0.173684211,190,13.39715185
avgbs_65377.1.17,Mrg24,95.3,0.655002937,0.115789474,190,4.456031295
avgbs_65413.1.52,Mrg15,52.7,0.757509533,0.176315789,190,2.59912729
avgbs_65419.1.48,Mrg9,63.3,0.160279475,0.071052632,190,18.27295927
avgbs_65443.1.30,Mrg20,138.5,0.554379125,0.031578947,190,11.94848195
avgbs_655.1.9,Mrg28,44.4,0.440705737,0.307894737,190,5.466765863
avgbs_65522.1.49,Mrg33,91.5,0.882308099,0.055263158,190,2.053104164
avgbs_65538.1.56,Mrg23,30.2,0.893197545,0.028947368,190,-2.563439088
avgbs_65539.1.55,Mrg24,41.8,0.72934749,0.1,190,-3.657980019
avgbs_65553.1.39,Mrg9,49.2,0.380219006,0.063157895,190,11.74830875
avgbs_65615.1.54,Mrg15,35.1,0.37887153,0.018421053,190,22.13493219
avgbs_65776.1.41,Mrg5,27.4,0.624483079,0.397368421,190,3.226354666
avgbs_65788.1.47,Mrg12,40.2,0.204226493,0.010526316,190,-41.03448582
avgbs_65804.1.16,Mrg8,62.4,0.224329278,0.010526316,190,39.21335328
avgbs_65813.1.19,Mrg21,186.9,0.502322815,0.5,190,4.354210993
avgbs_65838.1.51,Mrg6,64.7,0.473862897,0.089473684,190,-8.117242576
avgbs_65871.1.45,Mrg20,196.3,0.257252488,0.052631579,190,-17.62557583
avgbs_65952.1.10,Mrg13,60,0.672177806,0.139473684,190,-3.913820421
avgbs_6599.1.57,Mrg4,44.7,0.4042807,0.152631579,190,7.539492307
avgbs_66362.1.25,Mrg3,65,0.062876068,0.323684211,190,-13.48071125
avgbs_66465.1.18,Mrg12,63.5,0.819083218,0.292105263,190,-1.588003893
avgbs_665.1.36,Mrg3,37.1,0.81445146,0.276315789,190,1.668899046
avgbs_66529.1.8,Mrg2,87.3,0.161697659,0.315789474,190,10.02463903
avgbs_66677.1.49,Mrg21,25.5,0.657735493,0.107894737,190,4.587291499
avgbs_66846.1.45,Mrg19,64.2,0.239033694,0.065789474,190,16.15209462
avgbs_66854.1.50,Mrg21,27.3,0.150737824,0.068421053,190,19.25473047
avgbs_66937.1.19,Mrg33,37.6,0.38094872,0.044736842,190,-14.01945675
avgbs_66996.1.51,Mrg13,41.2,0.292493221,0.060526316,190,14.63723819
avgbs_6709.1.53,Mrg2,87.3,0.655458189,0.010526316,190,13.95055408
avgbs_67183.1.55,Mrg24,95.3,0.924214707,0.094736842,190,1.012088178
avgbs_67302.1.12,Mrg17,110.4,0.784797158,0.015789474,190,-6.914850713
avgbs_67344.1.11,Mrg24,60.2,0.624686467,0.144736842,190,-4.520238611
avgbs_67530.1.43,Mrg24,60.2,0.91027931,0.139473684,190,-1.020479892
avgbs_67543.1.25,Mrg3,75.8,0.607445888,0.131578947,190,4.86754798
avgbs_67562.1.37,Mrg2,85.2,0.164704482,0.328947368,190,9.933960523
avgbs_67597.1.56,Mrg11,45.6,0.385471327,0.486842105,190,5.667517185
avgbs_67611.1.64,Mrg13,60,0.741917413,0.394736842,190,2.146475674
avgbs_67661.1.12,Mrg15,35.1,0.23572855,0.023684211,190,26.42278898
avgbs_6788.1.53,Mrg5,56.5,0.183551975,0.084210526,190,15.82159812
avgbs_67973.1.49,Mrg13,45.3,0.536109942,0.165789474,190,5.435473472
avgbs_67981.1.43,Mrg1,52.7,0.39366616,0.068421053,190,10.992611
avgbs_68000.1.21,Mrg24,45,0.135009307,0.163157895,190,-13.68250686
avgbs_68094.1.34,Mrg9,43.4,0.305434599,0.065789474,190,13.68211236
avgbs_6820.1.42,Mrg15,13.9,0.693008803,0.176315789,190,-3.341224899
avgbs_68227.1.12,Mrg17,75.6,0.443676559,0.215789474,190,6.036794415
avgbs_6831.1.32,Mrg2,26.8,0.303417654,0.021052632,190,23.47446797
avgbs_68395.1.37,Mrg1,111.7,0.773784343,0.136842105,190,2.672492404
avgbs_6847.1.32,Mrg9,96.8,0.044369295,0.047368421,190,32.6445119
avgbs_68530.1.10,Mrg17,92.5,0.840803485,0.123684211,190,1.928045027
avgbs_68546.1.58,Mrg17,83.6,0.947617784,0.289473684,190,0.453201739
avgbs_68557.1.46,Mrg3,129.9,0.681290376,0.055263158,190,5.797065927
avgbs_6865.1.14,Mrg19,10.4,0.883882751,0.115789474,190,-1.427812725
avgbs_68758.1.46,Mrg21,140.1,0.451026857,0.176315789,190,6.437703712
avgbs_68808.1.45,Mrg33,73,0.952329361,0.186842105,190,0.478581965
avgbs_6886.1.58,Mrg17,37.3,0.460231071,0.305263158,190,5.224998898
avgbs_6887.1.43,Mrg3,6.5,0.620600902,0.347368421,190,-3.44865188
avgbs_6920.1.44,Mrg12,39.4,0.351604987,0.018421053,190,23.47595863
avgbs_69258.1.23,Mrg20,18,0.588498072,0.015789474,190,13.92037656
avgbs_69265.1.22,Mrg2,87.3,0.161697659,0.315789474,190,10.02463903
avgbs_69266.1.44,Mrg13,78.5,0.795442697,0.192105263,190,2.084225695
avgbs_69337.1.42,Mrg12,46.3,0.808902538,0.021052632,190,-5.306446013
avgbs_69343.1.22,Mrg6,87,0.803398157,0.092105263,190,2.734747932
avgbs_6942.1.30,Mrg18,11.6,0.545613567,0.376315789,190,4.095384944
avgbs_69537.1.37,Mrg1,39.3,0.42165514,0.331578947,190,5.542313461
avgbs_69745.1.56,Mrg9,31.6,0.341221553,0.113157895,190,9.876651691
avgbs_69747.1.44,Mrg15,33.6,0.199511246,0.026315789,190,26.44654279
avgbs_69754.1.31,Mrg3,63.6,0.102116123,0.068421053,190,21.53818901
avgbs_69900.1.31,Mrg1,22.8,0.811616244,0.397368421,190,1.546626506
avgbs_69904.1.10,Mrg23,57.8,0.148678371,0.347368421,190,10.16782196
avgbs_6K_100229.1.56,Mrg9,40.3,0.680077899,0.055263158,190,5.820980746
avgbs_6K_102362.1.11,Mrg3,80.3,0.560968202,0.136842105,190,-5.43748632
avgbs_6K_103591.1.7,Mrg18,40.3,0.702799537,0.013157895,190,-11.22738625
avgbs_6K_103854.1.11,Mrg15,72.9,0.425008419,0.052631579,190,-11.59796296
avgbs_6K_107615.1.61,Mrg8,62.4,0.224329278,0.010526316,190,39.21335328
avgbs_6K_107664.1.57,Mrg15,72.9,0.597340495,0.071052632,190,6.284654375
avgbs_6K_111208.1.58,Mrg21,113.2,0.354154354,0.078947368,190,11.21108333
avgbs_6K_11246.1.52,Mrg9,131.6,0.445910684,0.110526316,190,8.100013025
avgbs_6K_112993.1.59,Mrg8,96.6,0.412173584,0.173684211,190,7.033792945
avgbs_6K_113531.1.62,Mrg17,37.3,0.23839743,0.326315789,190,8.273260564
avgbs_6K_115938.1.59,Mrg23,57.8,0.138584033,0.352631579,190,10.33832454
avgbs_6K_13916.1.54,Mrg8,153.1,0.10361416,0.026315789,190,35.70077811
avgbs_6K_1427.1.6,Mrg17,32.2,0.105610204,0.165789474,190,14.53933889
avgbs_6K_1598.1.12,Mrg23,57.8,0.182407207,0.331578947,190,9.358090395
avgbs_6K_1994.1.51,Mrg20,226.6,0.131269993,0.344736842,190,10.82232697
avgbs_6K_22030.1.8,Mrg2,27.4,0.820253177,0.152631579,190,-1.988145659
avgbs_6K_2425.1.6,Mrg8,31.7,0.056415769,0.028947368,190,38.9521011
avgbs_6K_24823.1.63,Mrg9,116.2,0.389094685,0.018421053,190,21.6483564
avgbs_6K_26325.1.59,Mrg17,14,0.215895413,0.123684211,190,12.61995253
avgbs_6K_28982.1.51,Mrg20,249.7,0.122595475,0.415789474,190,-10.6345805
avgbs_6K_2960.1.55,Mrg20,147.3,0.714708417,0.178947368,190,3.055871648
avgbs_6K_30360.1.61,Mrg3,83.8,0.292532341,0.126315789,190,10.77617937
avgbs_6K_32694.1.58,Mrg9,86.8,0.628981598,0.021052632,190,10.76151434
avgbs_6K_33528.1.58,Mrg24,41.8,0.15016844,0.134210526,190,14.0632731
avgbs_6K_3471.1.7,Mrg4,37.9,0.053536454,0.026315789,190,-40.32048423
avgbs_6K_40752.1.8,Mrg20,84.2,0.115384319,0.078947368,190,-19.39882143
avgbs_6K_47031.1.6,Mrg23,57.8,0.177820064,0.315789474,190,9.761689122
avgbs_6K_52130.1.13,Mrg18,18.1,0.047802828,0.039473684,190,-34.60921239
avgbs_6K_5806.1.14,Mrg11,8.8,0.249037793,0.471052632,190,-7.611849195
avgbs_6K_6231.1.9,Mrg8,97.3,0.300757282,0.439473684,190,-6.846994032
avgbs_6K_64994.1.51,Mrg15,27.2,0.233152315,0.15,190,11.04722367
avgbs_6K_6872.1.6,Mrg17,69.3,0.173605147,0.244736842,190,10.65586661
avgbs_6K_70341.1.61,Mrg15,11.6,0.252548495,0.192105263,190,9.669394526
avgbs_6K_70597.1.11,Mrg19,50.9,0.268905527,0.010526316,190,35.56242243
avgbs_6K_70684.1.11,Mrg15,35.1,0.199511246,0.026315789,190,26.44654279
avgbs_6K_73221.1.7,Mrg13,60,0.455272413,0.371052632,190,5.020755991
avgbs_6K_73329.1.8,Mrg4,43.5,0.970374828,0.468421053,190,0.232022525
avgbs_6K_73795.1.63,Mrg15,32.7,0.282485038,0.276315789,190,-7.908185899
avgbs_6K_73993.1.52,Mrg3,83.8,0.577869741,0.131578947,190,-5.284785354
avgbs_6K_74019.1.8,Mrg3,25.4,0.859530939,0.126315789,190,1.631811512
avgbs_6K_75415.1.11,Mrg18,18.1,0.728799318,0.015789474,190,-8.822047683
avgbs_6K_7563.1.11,Mrg3,11.9,0.415201777,0.071052632,190,10.625219
avgbs_6K_76591.1.11,Mrg20,244.9,0.574633963,0.473684211,190,3.816207298
avgbs_6K_78834.1.11,Mrg17,37.3,0.720792955,0.328947368,190,2.421669691
avgbs_6K_78935.1.56,Mrg6,104.5,0.134762411,0.084210526,190,16.75616835
avgbs_6K_79511.1.62,Mrg11,8.8,0.617289434,0.463157895,190,-3.224316894
avgbs_6K_80511.1.64,Mrg20,143.6,0.108869317,0.118421053,190,16.81709324
avgbs_6K_821.1.55,Mrg8,112.5,0.439826091,0.142105263,190,7.4188487
avgbs_6K_84661.1.59,Mrg21,195.7,0.356232174,0.068421053,190,11.92103886
avgbs_6K_84842.1.62,Mrg4,44.7,0.678064932,0.492105263,190,-2.787732187
avgbs_6K_85867.1.13,Mrg11,42,0.856173499,0.171052632,190,1.516680018
avgbs_6K_86198.1.64,Mrg21,198.6,0.485102731,0.194736842,190,5.796402242
avgbs_6K_86251.1.13,Mrg3,56.1,0.584865717,0.205263158,190,-4.375011866
avgbs_6K_8948.1.12,Mrg23,30.2,0.427862079,0.042105263,190,12.81353594
avgbs_6K_92025.1.13,Mrg20,135.8,0.975093297,0.015789474,190,-0.776258913
avgbs_6K_92246.1.58,Mrg12,107.9,0.79490923,0.323684211,190,1.768219049
avgbs_6K_92268.1.62,Mrg13,60,0.473126829,0.234210526,190,5.50033662
avgbs_6K_95238.1.55,Mrg6,102.3,0.099136903,0.089473684,190,19.22392539
avgbs_6K_9578.1.51,Mrg18,61.8,0.666258494,0.105263158,190,-4.54434884
avgbs_6K_9676.1.6,Mrg24,19.4,0.13540583,0.015789474,190,39.72574643
avgbs_6K_99288.1.8,Mrg8,117.5,0.912909865,0.471052632,190,0.688931133
avgbs_6K_99943.1.54,Mrg13,45.8,0.36252182,0.084210526,190,-10.69198396
avgbs_700.1.18,Mrg15,32.7,0.688501236,0.010526316,190,12.50091977
avgbs_70019.1.41,Mrg11,12.3,0.823162146,0.042105263,190,-3.500724016
avgbs_70250.1.50,Mrg13,60,0.470721151,0.273684211,190,5.495554318
avgbs_7031.1.18,Mrg13,41.2,0.197980543,0.060526316,190,18.02548467
avgbs_70347.1.46,Mrg18,32.5,0.0946377,0.231578947,190,-13.49203793
avgbs_70400.1.25,Mrg9,103.8,0.418463615,0.052631579,190,12.0915567
avgbs_70573.1.41,Mrg21,195.7,0.154566727,0.471052632,190,9.519740391
avgbs_70717.1.64,Mrg17,95,0.266153521,0.113157895,190,11.92270666
avgbs_70802.1.32,Mrg23,60.4,0.601240933,0.052631579,190,-7.499768519
avgbs_70945.1.43,Mrg15,7.3,0.153786037,0.405263158,190,-9.673908223
avgbs_70970.1.35,Mrg18,40,0.513580694,0.181578947,190,5.490458923
avgbs_71007.1.62,Mrg23,46.3,0.272442744,0.147368421,190,-10.1608732
avgbs_71012.1.39,Mrg5,81.7,0.677156681,0.089473684,190,-4.646399326
avgbs_71104.1.47,Mrg17,70.5,0.336078625,0.186842105,190,8.097604679
avgbs_71273.1.24,Mrg5,56.5,0.091042213,0.092105263,190,19.61493304
avgbs_71321.1.18,Mrg20,97.1,0.798380808,0.134210526,190,-2.376182259
avgbs_71350.1.18,Mrg21,172,0.378403131,0.052631579,190,10.77374674
avgbs_71467.1.19,Mrg9,22.2,0.269410112,0.168421053,190,9.687420062
avgbs_7158.1.51,Mrg20,193.6,0.435590502,0.155263158,190,7.018782557
avgbs_71612.1.57,Mrg13,40.8,0.700707606,0.147368421,190,3.521906638
avgbs_71654.1.48,Mrg2,87.3,0.565762784,0.026315789,190,11.52769144
avgbs_71702.1.42,Mrg13,42.1,0.892844507,0.160526316,190,1.200859438
avgbs_7172.1.11,Mrg9,16.2,0.179802123,0.042105263,190,22.0729367
avgbs_71829.1.20,Mrg33,65,0.53744349,0.068421053,190,-7.864950927
avgbs_72120.1.27,Mrg11,8.8,0.419358488,0.334210526,190,-5.576181997
avgbs_72130.1.24,Mrg11,14.4,0.29773052,0.060526316,190,14.47389093
avgbs_72139.1.30,Mrg15,25.5,0.572510757,0.184210526,190,-4.634852431
avgbs_72141.1.25,Mrg2,72.1,0.021696263,0.234210526,190,-18.40662268
avgbs_72296.1.41,Mrg9,16,0.085864554,0.25,190,13.26208775
avgbs_72307.1.45,Mrg9,49.2,0.984667028,0.089473684,190,-0.211930487
avgbs_72419.1.56,Mrg21,181.1,0.210353653,0.384210526,190,8.538037977
avgbs_72609.1.29,Mrg4,37.9,0.241132272,0.05,190,18.4757427
avgbs_72706.1.58,Mrg9,63.7,0.302846076,0.021052632,190,23.5031978
avgbs_72729.1.15,Mrg1,57.2,0.524704369,0.347368421,190,-4.356646912
avgbs_72741.1.47,Mrg11,49.8,0.14878261,0.228947368,190,11.4276249
avgbs_72745.1.36,Mrg11,39.2,0.911418732,0.181578947,190,-0.920931664
avgbs_73073.1.22,Mrg19,45.4,0.478970668,0.076315789,190,-8.704284296
avgbs_73081.1.31,Mrg20,218.3,0.504002208,0.310526316,190,4.690265042
avgbs_73115.1.35,Mrg5,109.5,0.97834322,0.131578947,190,0.248820707
avgbs_73225.1.24,Mrg17,79.8,0.922223997,0.068421053,190,1.205154462
avgbs_73229.1.58,Mrg9,50.1,0.422822499,0.028947368,190,15.89882506
avgbs_7331.1.58,Mrg6,27.5,0.620847015,0.092105263,190,5.516605315
avgbs_73320.1.37,Mrg8,129.6,0.870436704,0.023684211,190,3.459427596
avgbs_73334.1.45,Mrg8,132.9,0.297887579,0.034210526,190,19.14579149
avgbs_7345.1.11,Mrg17,14.7,0.759014905,0.076315789,190,-3.839090999
avgbs_7347.1.48,Mrg13,73.1,0.791274237,0.057894737,190,3.575178813
avgbs_73565.1.9,Mrg23,69.2,0.589537944,0.092105263,190,6.031371827
avgbs_73627.1.26,Mrg20,138.5,0.396496345,0.121052632,190,8.455685911
avgbs_7370.1.15,Mrg13,111.7,0.563551705,0.021052632,190,12.92902106
avgbs_7381.1.10,Mrg15,32.7,0.979048117,0.4,190,-0.16700388
avgbs_73830.1.9,Mrg4,54.9,0.531188852,0.071052632,190,7.931119527
avgbs_73840.1.39,Mrg20,26.6,0.100953513,0.086842105,190,20.23512404
avgbs_73887.1.60,Mrg1,117.4,0.967295336,0.089473684,190,0.445597444
avgbs_7397.1.23,Mrg15,35.1,0.11975972,0.015789474,190,41.44878565
avgbs_73970.1.13,Mrg9,82.3,0.546828188,0.1,190,6.462268519
avgbs_74047.1.53,Mrg11,108.6,0.35005965,0.157894737,190,-8.447960946
avgbs_74065.1.25,Mrg24,95.3,0.304103108,0.018421053,190,25.98829857
avgbs_74239.1.23,Mrg20,226.6,0.147698619,0.052631579,190,21.48116898
avgbs_7430.1.28,Mrg17,36.6,0.824412852,0.136842105,190,2.077518
avgbs_74306.1.34,Mrg18,40,0.489955488,0.010526316,190,-21.85762411
avgbs_7432.1.16,Mrg28,52,0.34319771,0.344736842,190,6.531110657
avgbs_74410.1.42,Mrg15,70.2,0.250797809,0.494736842,190,-7.672448459
avgbs_74420.1.20,Mrg18,16.5,0.313141679,0.023684211,190,22.35082169
avgbs_74452.1.40,Mrg4,44.7,0.644454922,0.268421053,190,-3.468188181
avgbs_7452.1.17,Mrg9,86.3,0.592155733,0.157894737,190,4.807131236
avgbs_74521.1.6,Mrg13,73.1,0.541082515,0.042105263,190,-9.796268315
avgbs_74532.1.23,Mrg17,32.2,0.11024099,0.163157895,190,14.36705933
avgbs_7464.1.63,Mrg17,70.5,0.265746862,0.102631579,190,-12.30793955
avgbs_7483.1.44,Mrg2,87.3,0.22172781,0.031578947,190,23.0180933
avgbs_74894.1.35,Mrg11,65.9,0.18212519,0.063157895,190,-18.12376522
avgbs_7498.1.47,Mrg20,41.6,0.151926834,0.042105263,190,-23.62950149
avgbs_75039.1.34,Mrg18,32.5,0.974380619,0.231578947,190,-0.23597966
avgbs_7505.1.16,Mrg8,145.7,0.170075999,0.084210526,190,16.62543619
avgbs_7508.1.54,Mrg17,75.6,0.496571579,0.023684211,190,14.86908145
avgbs_75179.1.45,Mrg20,202.7,0.090767886,0.221052632,190,-13.57316602
avgbs_75366.1.20,Mrg9,111.3,0.258099223,0.063157895,190,15.27411634
avgbs_75373.1.18,Mrg15,92.4,0.813352717,0.163157895,190,2.011903615
avgbs_75389.1.31,Mrg24,45,0.122120441,0.015789474,190,-50.6358996
avgbs_75454.1.21,Mrg11,22.3,0.01397142,0.010526316,190,-80.99891401
avgbs_7548.1.60,Mrg2,34.1,0.343749777,0.160526316,190,8.634723423
avgbs_75484.1.31,Mrg6,67.6,0.544067185,0.105263158,190,-6.452792486
avgbs_75515.1.6,Mrg8,71.1,0.246468466,0.068421053,190,15.4160802
avgbs_7556.1.48,Mrg23,56.1,0.668602288,0.263157895,190,3.098636905
avgbs_75576.1.40,Mrg15,32.7,0.981683032,0.405263158,190,0.145642333
avgbs_75747.1.38,Mrg3,27.7,0.311289092,0.031578947,190,18.94896966
avgbs_75803.1.17,Mrg24,23.1,0.13540583,0.015789474,190,39.72574643
avgbs_76050.1.16,Mrg15,52.7,0.653699375,0.176315789,190,3.809037343
avgbs_7608.1.60,Mrg24,36.8,0.580808707,0.321052632,190,3.819049074
avgbs_76220.1.9,Mrg8,118.9,0.346223818,0.171052632,190,8.282377753
avgbs_76243.1.49,Mrg6,29.7,0.980978387,0.063157895,190,0.303610721
avgbs_76497.1.36,Mrg17,83.9,0.607514708,0.328947368,190,3.576816309
avgbs_76515.1.64,Mrg15,22,0.28203994,0.181578947,190,9.361547979
avgbs_76528.1.34,Mrg1,57.2,0.636718806,0.013157895,190,13.97157517
avgbs_7655.1.24,Mrg3,83.8,0.704948973,0.031578947,190,6.881431159
avgbs_76581.1.57,Mrg2,23.2,0.941967797,0.052631579,190,1.013946759
avgbs_76592.1.21,Mrg1,34.6,0.508520331,0.365789474,190,4.4674093
avgbs_76639.1.64,Mrg8,149.1,0.393223111,0.486842105,190,-5.572539014
avgbs_76785.1.54,Mrg1,64.8,0.925580939,0.297368421,190,-0.646870829
avgbs_76789.1.27,Mrg28,36.7,0.493531462,0.215789474,190,5.376661824
avgbs_76841.1.12,Mrg21,125.8,0.49275342,0.163157895,190,6.055508723
avgbs_76941.1.62,Mrg6,67.6,0.541328567,0.113157895,190,-6.247640317
avgbs_77024.1.36,Mrg4,17.6,0.979016681,0.026315789,190,-0.509065315
avgbs_7707.1.60,Mrg20,41.6,0.088297872,0.076315789,190,20.44981842
avgbs_77095.1.28,Mrg5,98.7,0.217511307,0.021052632,190,28.30586918
avgbs_77096.1.29,Mrg17,32.8,0.855573491,0.010526316,190,5.593838652
avgbs_77147.1.52,Mrg6,51.5,0.988175112,0.444736842,190,-0.092557703
avgbs_77177.1.37,Mrg15,25.5,0.356190481,0.031578947,190,17.21182065
avgbs_77179.1.20,Mrg23,55.2,0.148849522,0.347368421,190,10.04472599
avgbs_77246.1.52,Mrg9,78.3,0.752717318,0.234210526,190,2.39930074
avgbs_77316.1.25,Mrg5,80.8,0.484646767,0.094736842,190,7.713638566
avgbs_77317.1.24,Mrg17,89.4,0.298797402,0.189473684,190,8.684917629
avgbs_77377.1.33,Mrg3,53.4,0.925194734,0.15,190,-0.823474974
avgbs_77406.1.48,Mrg17,37.3,0.934660287,0.305263158,190,-0.557565412
avgbs_77446.1.41,Mrg20,147.3,0.437041733,0.121052632,190,7.72822236
avgbs_77487.1.18,Mrg3,70.1,0.315747076,0.052631579,190,14.69922454
avgbs_77509.1.57,Mrg20,193.6,0.205527401,0.121052632,190,12.96189491
avgbs_77606.1.16,Mrg23,57.8,0.063325393,0.310526316,190,13.56929992
avgbs_77649.1.31,Mrg20,18,0.275159795,0.134210526,190,-10.56434158
avgbs_77667.1.21,Mrg21,81.6,0.839276142,0.126315789,190,1.917833835
avgbs_77681.1.6,Mrg19,75.2,0.67821775,0.184210526,190,3.439127971
avgbs_7775.1.24,Mrg2,71.2,0.065300622,0.042105263,190,30.64234776
avgbs_77763.1.19,Mrg17,68.5,0.206649091,0.444736842,190,-8.448622669
avgbs_77927.1.14,Mrg19,78.5,0.562129571,0.315789474,190,-4.057773489
avgbs_77952.1.30,Mrg12,63.5,0.047699582,0.228947368,190,15.94551132
avgbs_77955.1.63,Mrg17,89.4,0.283965111,0.184210526,190,9.0634351
avgbs_78035.1.26,Mrg17,78.8,0.589688152,0.010526316,190,16.94772828
avgbs_7808.1.42,Mrg1,34.9,0.687583649,0.194736842,190,-3.316553122
avgbs_78164.1.6,Mrg2,73.3,0.258358316,0.428947368,190,7.522947874
avgbs_78208.1.20,Mrg1,50.7,0.56899674,0.384210526,190,-3.782309673
avgbs_78214.1.12,Mrg9,82.3,0.427612054,0.076315789,190,9.78952139
avgbs_78521.1.34,Mrg23,65.3,0.365694768,0.010526316,190,28.89536791
avgbs_7853.1.35,Mrg6,65.3,0.421612497,0.444736842,190,-5.322471957
avgbs_78538.1.54,Mrg24,74.8,0.724560956,0.123684211,190,-3.416895468
avgbs_78609.1.52,Mrg12,56.7,0.833559904,0.476315789,190,1.332974014
avgbs_7862.1.20,Mrg15,5.1,0.627745799,0.086842105,190,5.552718453
avgbs_78620.1.27,Mrg11,108.6,0.176869518,0.086842105,190,15.98512898
avgbs_78641.1.7,Mrg12,57.8,0.630501603,0.015789474,190,13.53591738
avgbs_7875.1.61,Mrg11,8.8,0.17117801,0.018421053,190,34.94972979
avgbs_7886.1.63,Mrg9,44.7,0.64818413,0.084210526,190,5.24585279
avgbs_78971.1.25,Mrg23,53.8,0.14022331,0.068421053,190,-19.36888943
avgbs_79.1.35,Mrg17,27.9,0.476954819,0.05,190,10.70326448
avgbs_79034.1.44,Mrg1,23.8,0.434410258,0.1,190,8.452765595
avgbs_7906.1.22,Mrg28,44.4,0.499872425,0.318421053,190,4.690369006
avgbs_79119.1.34,Mrg9,50.9,0.19812247,0.068421053,190,16.82173421
avgbs_7925.1.34,Mrg11,8.8,0.167483465,0.047368421,190,21.49516191
avgbs_7933.1.9,Mrg1,57.2,0.567400141,0.347368421,190,-3.904315476
avgbs_79449.1.33,Mrg24,94.1,0.617554114,0.073684211,190,-6.116636228
avgbs_79452.1.24,Mrg18,30.9,0.357590685,0.031578947,190,-17.16006567
avgbs_79463.1.64,Mrg33,73.4,0.462760789,0.284210526,190,5.340350678
avgbs_79469.1.58,Mrg17,62.9,0.158173839,0.344736842,190,10.22435418
avgbs_79488.1.27,Mrg5,56.5,0.197776752,0.068421053,190,16.83515229
avgbs_7957.1.53,Mrg9,61.8,0.420414594,0.105263158,190,-8.774234164
avgbs_79583.1.57,Mrg21,37.8,0.53252408,0.073684211,190,7.695280371
avgbs_79604.1.39,Mrg9,43.4,0.901044733,0.086842105,190,1.39051039
avgbs_7961.1.56,Mrg17,57.3,0.214018298,0.026315789,190,-25.58649775
avgbs_7965.1.30,Mrg18,35.2,0.254726703,0.276315789,190,-8.397426791
avgbs_79662.1.52,Mrg12,29.5,0.510941727,0.110526316,190,6.763949352
avgbs_7970.1.50,Mrg9,85.9,0.063265756,0.323684211,190,13.29643511
avgbs_7983.1.17,Mrg13,69.5,0.331099218,0.210526316,190,7.917460915
avgbs_7994.1.20,Mrg24,19.9,0.146280214,0.086842105,190,-17.23892971
avgbs_79972.1.29,Mrg21,27.3,0.679599283,0.165789474,190,3.553778247
avgbs_79987.1.36,Mrg28,36.8,0.807087248,0.431578947,190,-1.561606837
avgbs_80009.1.7,Mrg11,8.8,0.145310523,0.015789474,190,38.71393717
avgbs_8018.1.39,Mrg2,87.3,0.285004177,0.442105263,190,7.174550654
avgbs_80185.1.22,Mrg24,56.1,0.873655277,0.063157895,190,2.094047036
avgbs_80265.1.22,Mrg6,38,0.201192238,0.263157895,190,-9.64228518
avgbs_80330.1.18,Mrg21,183.3,0.189929669,0.492105263,190,8.680816806
avgbs_80337.1.37,Mrg11,52.8,0.932831446,0.202631579,190,0.655422374
avgbs_80343.1.17,Mrg20,122.8,0.929730644,0.071052632,190,-1.07969302
avgbs_80388.1.64,Mrg21,27.3,0.544985975,0.15,190,5.319590285
avgbs_80438.1.33,Mrg11,48.8,0.000993977,0.047368421,190,-52.32593232
avgbs_80450.1.18,Mrg9,43.4,0.568118411,0.163157895,190,4.962704994
avgbs_80505.1.13,Mrg17,24.5,0.362480829,0.015789474,190,23.8204434
avgbs_8053.1.64,Mrg13,108.5,0.484082394,0.042105263,190,11.2630981
avgbs_80590.1.47,Mrg13,106.5,0.125479087,0.078947368,190,18.86129762
avgbs_8073.1.40,Mrg15,11.6,0.163390675,0.176315789,190,12.38606567
avgbs_80745.1.29,Mrg3,75.8,0.828379215,0.018421053,190,-5.264386273
avgbs_80753.1.36,Mrg9,50.9,0.361724497,0.052631579,190,12.37615907
avgbs_80792.1.36,Mrg3,77.8,0.867707338,0.05,190,2.428335707
avgbs_8080.1.36,Mrg24,23.1,0.257824575,0.228947368,190,-9.23482775
avgbs_80845.1.23,Mrg13,35.9,0.103811408,0.071052632,190,21.27130884
avgbs_80864.1.41,Mrg13,60,0.452694244,0.371052632,190,5.050453236
avgbs_80876.1.31,Mrg6,1,0.794772726,0.244736842,190,2.019028669
avgbs_80910.1.23,Mrg9,43.4,0.762878962,0.084210526,190,3.436024306
avgbs_8093.1.39,Mrg11,45.6,0.001435566,0.010526316,190,-105.4247784
avgbs_80981.1.44,Mrg3,25.4,0.773454572,0.286842105,190,2.030759461
avgbs_81026.1.8,Mrg21,186.9,0.218748557,0.45,190,-8.301359746
avgbs_8117.1.18,Mrg33,91.5,0.746484168,0.228947368,190,2.464591609
avgbs_81242.1.24,Mrg17,61.5,0.908121264,0.331578947,190,0.76961564
avgbs_81244.1.18,Mrg17,75.6,0.055722509,0.418421053,190,12.997893
avgbs_8134.1.18,Mrg3,65,0.036177944,0.221052632,190,-16.9155888
avgbs_8135.1.14,Mrg19,45.4,0.450843082,0.063157895,190,-10.04420646
avgbs_8155.1.56,Mrg3,65,0.058208184,0.339473684,190,-13.40481647
avgbs_81602.1.41,Mrg23,53.8,0.619880395,0.026315789,190,9.915259009
avgbs_81828.1.19,Mrg6,1,0.641538564,0.018421053,190,11.48520067
avgbs_81885.1.38,Mrg23,53.7,0.499592917,0.010526316,190,21.3597961
avgbs_8194.1.56,Mrg15,32.7,0.951347137,0.423684211,190,0.386805255
avgbs_81958.1.26,Mrg5,57.3,0.295168361,0.192105263,190,-8.819561642
avgbs_81972.1.53,Mrg3,19.3,0.348241795,0.010526316,190,30.00075355
avgbs_81987.1.50,Mrg11,9.8,0.002578041,0.078947368,190,-37.71075
avgbs_82071.1.49,Mrg24,23.1,0.13540583,0.015789474,190,39.72574643
avgbs_821.1.30,Mrg6,67.6,0.29108261,0.044736842,190,-17.00200566
avgbs_82133.1.8,Mrg4,4.9,0.179727675,0.355263158,190,9.690907775
avgbs_82168.1.18,Mrg28,96.2,0.12496884,0.213157895,190,12.68771273
avgbs_82201.1.50,Mrg24,5.4,0.597425124,0.065789474,190,-6.902314815
avgbs_82220.1.16,Mrg13,35.9,0.321955553,0.155263158,190,9.275320149
avgbs_82618.1.13,Mrg9,125.7,0.07539011,0.015789474,190,47.5704434
avgbs_82635.1.20,Mrg17,26.1,0.419097798,0.052631579,190,11.75158565
avgbs_82761.1.27,Mrg18,34.4,0.071432103,0.334210526,190,12.86556602
avgbs_82822.1.36,Mrg24,5.4,0.664836259,0.010526316,190,-13.53564938
avgbs_82826.1.19,Mrg2,85.2,0.24923484,0.418421053,190,7.6994641
avgbs_82845.1.42,Mrg3,37.1,0.053351878,0.115789474,190,20.18719336
avgbs_8290.1.64,Mrg5,22.1,0.168794173,0.439473684,190,-9.195232964
avgbs_82920.1.60,Mrg9,121.6,0.240548508,0.094736842,190,13.39020951
avgbs_82944.1.16,Mrg21,111.3,0.871795857,0.015789474,190,4.054177807
avgbs_83045.1.61,Mrg6,25.2,0.18171552,0.131578947,190,13.36588575
avgbs_8308.1.37,Mrg13,6.2,0.498057373,0.139473684,190,6.350458209
avgbs_83226.1.31,Mrg17,70.5,0.840193489,0.015789474,190,5.080804367
avgbs_83283.1.35,Mrg21,195.7,0.448698276,0.107894737,190,8.321817899
avgbs_83393.1.31,Mrg9,42.6,0.91088274,0.042105263,190,-1.635341991
avgbs_83414.1.11,Mrg2,85.2,0.021548137,0.031578947,190,-44.13374094
avgbs_83434.1.15,Mrg4,44.7,0.44802098,0.078947368,190,-9.118916667
avgbs_83489.1.51,Mrg15,51.5,0.631597836,0.021052632,190,-10.67732975
avgbs_83534.1.38,Mrg2,79.7,0.681928355,0.410526316,190,2.667271583
avgbs_83544.1.59,Mrg17,49.9,0.393948267,0.231578947,190,6.574892331
avgbs_8366.1.34,Mrg33,40.9,0.968430241,0.334210526,190,-0.264165811
avgbs_83807.1.26,Mrg18,39.6,0.545115546,0.134210526,190,5.881270927
avgbs_83913.1.12,Mrg18,9,0.933824944,0.284210526,190,0.588467476
avgbs_84004.1.43,Mrg4,17.6,0.774346252,0.326315789,190,-1.943637344
avgbs_84218.1.20,Mrg21,125.8,0.113943961,0.2,190,13.13127741
avgbs_84274.1.48,Mrg9,53.1,0.014039675,0.234210526,190,19.57693917
avgbs_8429.1.42,Mrg9,132.7,0.447711077,0.015789474,190,19.73933824
avgbs_8444.1.29,Mrg9,98.1,0.075200316,0.223684211,190,14.29456081
avgbs_84537.1.38,Mrg5,6.5,0.193556581,0.047368421,190,20.20487646
avgbs_84568.1.18,Mrg3,77.8,0.35601961,0.010526316,190,-29.50373449
avgbs_84577.1.44,Mrg9,73.5,0.388489385,0.094736842,190,9.734917527
avgbs_8471.1.44,Mrg18,18.1,0.136160327,0.055263158,190,-21.36272319
avgbs_84738.1.64,Mrg18,69.8,0.987683133,0.094736842,190,-0.165730173
avgbs_8477.1.60,Mrg20,21.5,0.696312903,0.021052632,190,8.646678987
avgbs_84800.1.26,Mrg1,109,0.693952711,0.110526316,190,-3.992143914
avgbs_84833.1.45,Mrg9,48.2,0.692401105,0.065789474,190,5.131838898
avgbs_84933.1.7,Mrg6,56.1,0.181994013,0.286842105,190,9.845711076
avgbs_84942.1.34,Mrg13,31,0.274288979,0.163157895,190,-9.803577524
avgbs_84962.1.35,Mrg6,116,0.577892648,0.052631579,190,7.99974537
avgbs_84971.1.26,Mrg12,63.5,0.139905258,0.089473684,190,17.43033058
avgbs_84974.1.19,Mrg3,56.9,0.551809819,0.165789474,190,-5.273439225
avgbs_84996.1.62,Mrg12,104.7,0.196524095,0.302631579,190,9.366764894
avgbs_85001.1.21,Mrg24,41.8,0.519131701,0.105263158,190,-6.869764876
avgbs_85023.1.7,Mrg3,80.3,0.204054379,0.105263158,190,13.65131127
avgbs_85035.1.6,Mrg28,57.7,0.974184639,0.065789474,190,0.377329332
avgbs_85038.1.29,Mrg20,122.8,0.398517959,0.102631579,190,9.113670951
avgbs_85054.1.9,Mrg15,32.7,0.665096163,0.010526316,190,13.52419105
avgbs_85206.1.21,Mrg18,56,0.747125793,0.202631579,190,-2.571986988
avgbs_85225.1.56,Mrg20,193,0.378089216,0.163157895,190,7.769676489
avgbs_85333.1.35,Mrg11,71.3,0.66655765,0.178947368,190,3.616223923
avgbs_85537.1.10,Mrg2,23.2,0.699515405,0.057894737,190,5.254806797
avgbs_85571.1.14,Mrg19,45.3,0.317417422,0.081578947,190,-12.05489972
avgbs_85582.1.39,Mrg13,42.1,0.995827949,0.181578947,190,0.043311681
avgbs_85652.1.26,Mrg6,25.2,0.134183162,0.118421053,190,15.67584885
avgbs_85886.1.50,Mrg9,44.7,0.432304872,0.094736842,190,8.700153424
avgbs_85891.1.24,Mrg20,122.8,0.795609786,0.105263158,190,-2.699861321
avgbs_85912.1.24,Mrg1,112.7,0.1022963,0.321052632,190,11.71142805
avgbs_85939.1.37,Mrg3,25,0.842719674,0.113157895,190,-1.979914283
avgbs_85990.1.58,Mrg20,202.6,0.185355649,0.042105263,190,18.91682203
avgbs_86092.1.54,Mrg3,77.8,0.783655012,0.052631579,190,3.881759259
avgbs_86103.1.37,Mrg23,49.5,0.000395808,0.052631579,190,-55.05164345
avgbs_8617.1.25,Mrg11,60.5,0.670401196,0.210526316,190,3.327121528
avgbs_86209.1.24,Mrg9,116.2,0.389094685,0.018421053,190,21.6483564
avgbs_86218.1.19,Mrg11,54,0.670401196,0.210526316,190,3.327121528
avgbs_8627.1.15,Mrg24,41.8,0.119072504,0.147368421,190,14.60462779
avgbs_86291.1.40,Mrg12,63.5,0.572048159,0.036842105,190,9.633165821
avgbs_86297.1.53,Mrg11,39.2,0.116769897,0.023684211,190,-35.28422118
avgbs_86308.1.35,Mrg17,34,0.872490386,0.028947368,190,-3.070482252
avgbs_86398.1.37,Mrg21,155.7,0.300756634,0.021052632,190,23.60854055
avgbs_86455.1.31,Mrg21,28.3,0.172703712,0.060526316,190,19.13062014
avgbs_86473.1.40,Mrg17,49.5,0.154554894,0.339473684,190,10.04430311
avgbs_86506.1.9,Mrg1,92.5,0.32269168,0.215789474,190,7.861359947
avgbs_86509.1.10,Mrg9,68.3,0.593131569,0.239473684,190,4.028963991
avgbs_86510.1.44,Mrg1,52.6,0.13540583,0.015789474,190,39.72574643
avgbs_86543.1.25,Mrg21,2.1,0.050118723,0.021052632,190,45.63794243
avgbs_86555.1.7,Mrg13,42.1,0.932415006,0.184210526,190,-0.681069508
avgbs_86611.1.50,Mrg9,44.7,0.506523534,0.089473684,190,7.765620078
avgbs_86619.1.57,Mrg17,47.3,0.51184742,0.028947368,190,12.92777311
avgbs_86640.1.26,Mrg24,78.6,0.13508833,0.068421053,190,19.63178962
avgbs_86684.1.28,Mrg15,21.4,0.611361507,0.039473684,190,-8.504434721
avgbs_86695.1.45,Mrg17,50.8,0.440350756,0.271052632,190,5.847235197
avgbs_86730.1.50,Mrg3,37.1,0.595266509,0.057894737,190,7.292071906
avgbs_86754.1.56,Mrg18,83.6,0.422845047,0.107894737,190,8.445778625
avgbs_86782.1.50,Mrg9,22,0.138006137,0.173684211,190,13.22775746
avgbs_86872.1.8,Mrg1,117.4,0.409373922,0.323684211,190,-5.782874666
avgbs_86933.1.32,Mrg5,58,0.388453929,0.028947368,190,17.14863121
avgbs_86973.1.35,Mrg17,56.5,0.87038336,0.255263158,190,1.184541901
avgbs_8699.1.21,Mrg28,44.4,0.795558524,0.276315789,190,1.87089384
avgbs_8709.1.40,Mrg28,56.7,0.597503172,0.252631579,190,-4.038087447
avgbs_87092.1.63,Mrg11,96.6,0.298863382,0.073684211,190,13.02553605
avgbs_87098.1.32,Mrg17,32.2,0.11024099,0.163157895,190,14.36705933
avgbs_87193.1.34,Mrg18,60.1,0.732439459,0.115789474,190,3.432420971
avgbs_87226.1.31,Mrg13,18.2,0.525144683,0.036842105,190,-10.87137165
avgbs_87303.1.50,Mrg13,73.6,0.090118021,0.036842105,190,31.1384837
avgbs_87332.1.29,Mrg5,127.5,0.379937577,0.192105263,190,7.289360102
avgbs_87451.1.64,Mrg21,205.7,0.879871234,0.036842105,190,-2.510667122
avgbs_87466.1.39,Mrg15,27.2,0.335889888,0.171052632,190,8.634237616
avgbs_87467.1.16,Mrg3,80.3,0.836663488,0.057894737,190,2.773661546
avgbs_87472.1.59,Mrg8,110.2,0.781536951,0.018421053,190,6.762668663
avgbs_87498.1.14,Mrg1,64.8,0.415163739,0.207894737,190,6.657470943
avgbs_87534.1.61,Mrg21,190.3,0.223434883,0.121052632,190,12.44834713
avgbs_87549.1.18,Mrg20,41.6,0.243813622,0.097368421,190,13.02753146
avgbs_87606.1.28,Mrg1,50.7,0.679582052,0.115789474,190,4.164839049
avgbs_87696.1.50,Mrg11,13.7,0.176335726,0.397368421,190,9.159016813
avgbs_87709.1.19,Mrg6,44.5,0.823834557,0.121052632,190,2.14687961
avgbs_87768.1.52,Mrg3,73.1,0.800226981,0.034210526,190,-4.478744634
avgbs_87881.1.14,Mrg11,100.9,0.956934795,0.094736842,190,-0.581612379
avgbs_88010.1.34,Mrg28,56.7,0.947544534,0.292105263,190,-0.460088419
avgbs_88269.1.13,Mrg15,32.7,0.16482302,0.026315789,190,28.71113739
avgbs_88448.1.46,Mrg13,42.1,0.364887455,0.168421053,190,-7.968814671
avgbs_88481.1.34,Mrg17,78.8,0.19913033,0.026315789,190,-26.46974099
avgbs_88861.1.34,Mrg17,32.2,0.11024099,0.163157895,190,14.36705933
avgbs_88971.1.13,Mrg6,72.1,0.855095076,0.094736842,190,1.956027939
avgbs_88984.1.61,Mrg11,8.8,0.442031771,0.478947368,190,-5.016173529
avgbs_89013.1.17,Mrg12,63.5,0.176266782,0.094736842,190,15.50483797
avgbs_89273.1.19,Mrg8,105.5,0.384635631,0.2,190,7.135040412
avgbs_89279.1.28,Mrg21,27.3,0.264089338,0.173684211,190,9.958426522
avgbs_89302.1.21,Mrg8,58,0.632186191,0.394736842,190,-3.147783558
avgbs_89343.1.17,Mrg11,68.8,0.863890273,0.073684211,190,-2.140632329
avgbs_8938.1.43,Mrg21,28.3,0.048121268,0.092105263,190,23.81922285
avgbs_8939.1.11,Mrg1,83.9,0.839320978,0.223684211,190,1.546139393
avgbs_89481.1.11,Mrg6,53.7,0.122517203,0.360526316,190,10.70973573
avgbs_89518.1.62,Mrg6,87.2,0.186702874,0.071052632,190,17.50717972
avgbs_89539.1.16,Mrg3,75.8,0.478732843,0.186842105,190,5.902239375
avgbs_896.1.26,Mrg19,77.7,0.276851633,0.292105263,190,-8.08049087
avgbs_89617.1.26,Mrg20,185.4,0.526373232,0.118421053,190,6.527792035
avgbs_89655.1.37,Mrg8,41.5,0.038957447,0.342105263,190,14.83865726
avgbs_8966.1.26,Mrg20,16.6,0.050968269,0.221052632,190,-16.64495098
avgbs_89724.1.29,Mrg1,117.4,0.073009981,0.213157895,190,14.89838465
avgbs_90024.1.8,Mrg19,49.8,0.071138016,0.110526316,190,19.20375634
avgbs_90063.1.57,Mrg21,130.8,0.322949946,0.015789474,190,-25.92755125
avgbs_90097.1.23,Mrg24,23.3,0.065395828,0.428947368,190,-12.46293939
avgbs_90115.1.34,Mrg6,14.5,0.424269134,0.178947368,190,6.892135152
avgbs_90197.1.20,Mrg21,27.3,0.768537051,0.136842105,190,2.836185848
avgbs_902.1.34,Mrg5,33.2,0.793583596,0.292105263,190,-1.869328839
avgbs_90212.1.19,Mrg17,84.3,0.684637187,0.018421053,190,9.985252306
avgbs_9037.1.34,Mrg24,2.7,0.569511608,0.092105263,190,6.472521005
avgbs_90532.1.45,Mrg3,25.4,0.527917729,0.160526316,190,-5.567467391
avgbs_90649.1.53,Mrg11,40.8,0.992871449,0.042105263,190,0.137625916
avgbs_90678.1.27,Mrg23,59.1,0.15996025,0.336842105,190,9.899576222
avgbs_9069.1.20,Mrg13,40.8,0.130452385,0.063157895,190,21.61295713
avgbs_90768.1.37,Mrg1,85.7,0.305041305,0.010526316,190,32.90633865
avgbs_90896.1.64,Mrg20,93.8,0.792382026,0.139473684,190,2.465315253
avgbs_90956.1.27,Mrg15,68.7,0.817297766,0.094736842,190,2.483038598
avgbs_90977.1.48,Mrg18,35.2,0.44916451,0.260526316,190,5.606928258
avgbs_9105.1.15,Mrg13,95.8,0.225413342,0.010526316,190,39.11860594
avgbs_9119.1.43,Mrg12,37.5,0.53674877,0.142105263,190,-5.696948137
avgbs_91192.1.7,Mrg2,73.3,0.413567392,0.436842105,190,5.414055968
avgbs_9128.1.42,Mrg15,33.6,0.289444506,0.028947368,190,21.21357047
avgbs_9145.1.19,Mrg17,80,0.19913033,0.026315789,190,-26.46974099
avgbs_9151.1.47,Mrg17,98.1,0.598076231,0.073684211,190,-6.467488501
avgbs_91541.1.36,Mrg15,35.1,0.199511246,0.026315789,190,26.44654279
avgbs_91680.1.59,Mrg15,10.3,0.960631656,0.205263158,190,0.382468933
avgbs_91688.1.26,Mrg12,63.5,0.029906925,0.228947368,190,17.39624274
avgbs_91691.1.15,Mrg9,47.1,0.218941585,0.355263158,190,8.487857306
avgbs_91772.1.56,Mrg20,219.3,0.406509597,0.134210526,190,-7.960560462
avgbs_91787.1.63,Mrg1,41.6,0.205611595,0.405263158,190,-8.550042364
avgbs_91789.1.24,Mrg21,28.3,0.276331224,0.057894737,190,15.29337333
avgbs_91792.1.60,Mrg12,63.5,0.381761316,0.047368421,190,13.40791513
avgbs_91809.1.15,Mrg15,35.1,0.990438929,0.5,190,0.074955197
avgbs_9184.1.7,Mrg5,44.2,0.12172521,0.210526316,190,12.60505903
avgbs_91917.1.30,Mrg21,32.1,0.239512669,0.184210526,190,9.981841398
avgbs_91957.1.55,Mrg13,35.9,0.450751896,0.160526316,190,6.689705183
avgbs_91986.1.19,Mrg6,41.8,0.584273519,0.147368421,190,5.234270602
avgbs_92056.1.28,Mrg9,73.5,0.204578803,0.055263158,190,18.5485117
avgbs_92091.1.28,Mrg15,15,0.258141953,0.239473684,190,8.93399699
avgbs_9232.1.15,Mrg12,29.5,0.081904576,0.223684211,190,13.96768217
avgbs_9234.1.60,Mrg23,92.8,0.565167717,0.013157895,190,17.10911227
avgbs_92365.1.32,Mrg15,49.5,0.575476382,0.384210526,190,3.696500459
avgbs_9243.1.12,Mrg15,72.9,0.508064605,0.071052632,190,8.573299576
avgbs_92448.1.22,Mrg11,3.7,0.390286457,0.328947368,190,-5.968522829
avgbs_92515.1.34,Mrg9,49.4,0.117516959,0.45,190,10.53591977
avgbs_92588.1.32,Mrg17,92.5,0.551839268,0.160526316,190,5.238994196
avgbs_92648.1.36,Mrg21,197.6,0.746748175,0.152631579,190,-2.934837857
avgbs_92653.1.30,Mrg9,125.7,0.017293661,0.163157895,190,21.86235218
avgbs_92666.1.30,Mrg13,108.5,0.484062817,0.044736842,190,11.11480173
avgbs_92856.1.33,Mrg5,56.5,0.209599274,0.089473684,190,14.49371033
avgbs_92861.1.54,Mrg5,97.9,0.716335572,0.160526316,190,3.158327062
avgbs_92926.1.22,Mrg1,109,0.511794564,0.036842105,190,11.23503936
avgbs_93020.1.34,Mrg20,149.3,0.849139302,0.184210526,190,1.539975038
avgbs_93021.1.16,Mrg9,116.4,0.117015573,0.092105263,190,18.14956703
avgbs_93119.1.60,Mrg11,108.6,0.136077736,0.207894737,190,12.33061294
avgbs_93209.1.8,Mrg9,125.7,0.03062118,0.192105263,190,18.48075
avgbs_93252.1.62,Mrg23,64.6,0.359356948,0.273684211,190,-6.705199043
avgbs_93267.1.35,Mrg21,167.7,0.332038917,0.165789474,190,-8.822593343
avgbs_93310.1.20,Mrg21,125.8,0.627723082,0.073684211,190,5.935717668
avgbs_93350.1.45,Mrg3,75.8,0.688201199,0.194736842,190,3.252491316
avgbs_93505.1.42,Mrg12,33.4,0.219064048,0.113157895,190,12.69988392
avgbs_936.1.20,Mrg17,37.3,0.010974572,0.121052632,190,26.57249622
avgbs_93686.1.30,Mrg12,55.3,0.578987126,0.039473684,190,9.309638127
avgbs_9374.1.16,Mrg1,114.4,0.319337425,0.384210526,190,-6.733976883
avgbs_93787.1.58,Mrg11,45.6,0.67123101,0.213157895,190,3.315998897
avgbs_93789.1.22,Mrg21,122.8,0.488897721,0.073684211,190,8.559880614
avgbs_9399.1.9,Mrg12,4.2,0.97436943,0.031578947,190,-0.56948596
avgbs_94017.1.23,Mrg19,66,0.304359002,0.036842105,190,17.85389182
avgbs_94095.1.23,Mrg13,35.9,0.488540761,0.147368421,190,6.450763633
avgbs_94173.1.30,Mrg28,56.7,0.579641495,0.436842105,190,3.726699174
avgbs_94188.1.13,Mrg19,40.7,0.915777324,0.186842105,190,0.849754203
avgbs_9437.1.17,Mrg17,24.5,0.229115083,0.013157895,190,36.65458704
avgbs_94419.1.28,Mrg9,43.4,0.572087371,0.165789474,190,4.902345053
avgbs_94565.1.32,Mrg3,91.8,0.06949331,0.115789474,190,19.70691085
avgbs_94638.1.46,Mrg13,114.6,0.563551705,0.021052632,190,12.92902106
avgbs_9480.1.50,Mrg13,6.2,0.73244207,0.323684211,190,-2.352580232
avgbs_94808.1.39,Mrg17,95.4,0.629667148,0.410526316,190,3.168739761
avgbs_9486.1.40,Mrg3,51.5,0.929387375,0.152631579,190,0.775275106
avgbs_94911.1.20,Mrg6,67.6,0.953996377,0.131578947,190,-0.536342018
avgbs_95054.1.61,Mrg21,25.8,0.653661163,0.105263158,190,4.665778186
avgbs_95067.1.38,Mrg5,58.6,0.169423156,0.092105263,190,15.84111099
avgbs_95303.1.18,Mrg2,33.6,0.655855315,0.039473684,190,-7.432651372
avgbs_9554.1.15,Mrg24,41.8,0.153609669,0.139473684,190,13.8699558
avgbs_9566.1.58,Mrg17,37.3,0.122055336,0.107894737,190,16.66290788
avgbs_9580.1.24,Mrg2,27.1,0.246639516,0.144736842,190,10.77023134
avgbs_96101.1.8,Mrg24,5.4,0.664836259,0.010526316,190,-13.53564938
avgbs_96111.1.48,Mrg3,77.8,0.519567442,0.042105263,190,10.33903388
avgbs_96243.1.38,Mrg12,67.8,0.037414925,0.186842105,190,17.9649549
avgbs_96277.1.64,Mrg9,50.9,0.633702042,0.063157895,190,6.261680712
avgbs_96467.1.43,Mrg1,45.1,0.494137957,0.010526316,190,21.64087988
avgbs_96489.1.25,Mrg33,42.9,0.132796162,0.4,190,10.35060941
avgbs_96503.1.40,Mrg33,73,0.285313045,0.294736842,190,7.733128065
avgbs_96746.1.61,Mrg9,131.6,0.102489704,0.181578947,190,14.28074525
avgbs_96754.1.26,Mrg20,203.2,0.595423469,0.105263158,190,-5.328004862
avgbs_96769.1.27,Mrg13,35.9,0.416343271,0.165789474,190,7.133347446
avgbs_96887.1.17,Mrg12,67.8,0.56165544,0.078947368,190,-6.917630952
avgbs_96922.1.35,Mrg20,204.8,0.262981919,0.168421053,190,-9.916743936
avgbs_97069.1.7,Mrg3,64.3,0.136796357,0.407894737,190,-10.12305847
avgbs_9710.1.6,Mrg9,40.3,0.453086265,0.071052632,190,9.557083021
avgbs_97143.1.43,Mrg13,39.4,0.41109198,0.168421053,190,7.205261876
avgbs_97250.1.25,Mrg1,31.7,0.811616244,0.397368421,190,1.546626506
avgbs_97286.1.30,Mrg6,51.7,0.703037038,0.278947368,190,2.814687017
avgbs_97398.1.50,Mrg20,70.8,0.508432522,0.1,190,-7.010913826
avgbs_97451.1.11,Mrg5,135.5,0.496405719,0.021052632,190,-15.30123768
avgbs_97755.1.14,Mrg4,51.7,0.221114516,0.057894737,190,17.25947287
avgbs_97815.1.55,Mrg17,70.2,0.617636787,0.244736842,190,3.783950216
avgbs_97832.1.57,Mrg8,149.1,0.951192066,0.126315789,190,-0.572518198
avgbs_97875.1.34,Mrg18,68.3,0.964063661,0.042105263,190,0.720041942
avgbs_97916.1.43,Mrg20,216.2,0.085969231,0.255263158,190,13.25851143
avgbs_97950.1.9,Mrg6,57.7,0.13584653,0.481578947,190,9.873651274
avgbs_97982.1.36,Mrg15,35.1,0.916100503,0.010526316,190,3.218838652
avgbs_98067.1.62,Mrg6,72.1,0.139852258,0.086842105,190,17.52768737
avgbs_98142.1.36,Mrg9,132.7,0.276933499,0.052631579,190,15.97446759
avgbs_98194.1.6,Mrg1,50.1,0.178998074,0.252631579,190,10.44193845
avgbs_98336.1.44,Mrg9,94.9,0.386014491,0.081578947,190,10.40135204
avgbs_98339.1.39,Mrg24,95.3,0.43959485,0.076315789,190,-9.35324967
avgbs_98416.1.26,Mrg1,23.8,0.100664152,0.057894737,190,24.60275904
avgbs_98689.1.39,Mrg19,10.2,0.22947978,0.042105263,190,19.69997568
avgbs_98727.1.36,Mrg6,87,0.112660562,0.144736842,190,15.06410918
avgbs_98816.1.14,Mrg9,111.7,0.957427077,0.468421053,190,0.333962737
avgbs_98842.1.56,Mrg9,103.8,0.294714271,0.068421053,190,13.59933091
avgbs_98892.1.56,Mrg20,231.4,0.799133924,0.184210526,190,2.12612273
avgbs_98893.1.27,Mrg1,57.2,0.13540583,0.015789474,190,39.72574643
avgbs_98908.1.31,Mrg3,125,0.995253766,0.065789474,190,0.075016791
avgbs_98931.1.10,Mrg11,28.6,0.997699915,0.089473684,190,0.031744847
avgbs_99000.1.42,Mrg5,56.5,0.537833038,0.365789474,190,4.130237198
avgbs_99055.1.19,Mrg20,202.6,0.251604144,0.365789474,190,-8.079850123
avgbs_99086.1.26,Mrg9,91.9,0.082243947,0.123684211,190,17.70018946
avgbs_9910.1.41,Mrg4,44.7,0.690868635,0.223684211,190,-3.071566177
avgbs_99122.1.22,Mrg15,72.9,0.553244196,0.057894737,190,8.16475474
avgbs_99141.1.27,Mrg33,73.4,0.581233064,0.057894737,190,-7.579722152
avgbs_9931.1.42,Mrg17,24.9,0.216933408,0.084210526,190,14.90844103
avgbs_9934.1.31,Mrg33,56.5,0.47666826,0.463157895,190,4.769944583
avgbs_99390.1.48,Mrg3,46.3,0.121623552,0.344736842,190,-10.91102517
avgbs_99396.1.15,Mrg21,190.9,0.311499473,0.015789474,190,26.57010918
avgbs_99510.1.39,Mrg8,123.6,0.77028846,0.252631579,190,-2.154209742
avgbs_99551.1.50,Mrg17,33.2,0.138464515,0.115789474,190,-15.76348819
avgbs_99554.1.17,Mrg28,15.4,0.996183485,0.052631579,190,-0.061550759
avgbs_99630.1.19,Mrg19,45.4,0.15876874,0.057894737,190,-19.97459264
avgbs_99651.1.12,Mrg15,49.5,0.879234491,0.302631579,190,1.051571408
avgbs_99653.1.51,Mrg5,48.2,0.046978091,0.144736842,190,18.99209193
avgbs_99655.1.51,Mrg9,110.5,0.49750774,0.426315789,190,-4.478516032
avgbs_99656.1.17,Mrg12,36.3,0.64498442,0.147368421,190,4.15091031
avgbs_99664.1.31,Mrg23,62.1,0.194864769,0.247368421,190,9.917042045
avgbs_99677.1.15,Mrg17,78.8,0.412382501,0.036842105,190,-14.13908242
avgbs_99796.1.40,Mrg17,68.4,0.420053792,0.284210526,190,5.843473238
avgbs_99832.1.18,Mrg12,57.8,0.374224414,0.160526316,190,8.08642935
avgbs_99879.1.40,Mrg11,73.2,0.91159532,0.144736842,190,-0.989735887
avgbs_99900.1.15,Mrg13,42.1,0.704172349,0.134210526,190,3.560482599
avgbs_9992.1.36,Mrg17,75.6,0.683804021,0.278947368,190,2.990611492
avgbs_99948.1.55,Mrg19,60,0.726122935,0.097368421,190,-3.777004173
avgbs_9995.1.62,Mrg17,37.3,0.034402412,0.110526316,190,22.91918066
avgbs_99951.1.44,Mrg18,40,0.489955488,0.010526316,190,-21.85762411
avgbs_99953.1.23,Mrg1,76.6,0.69850371,0.128947368,190,-3.741424638
avgbs_99962.1.22,Mrg17,25.8,0.484562512,0.010526316,190,-22.13870789
avgbs_99988.1.8,Mrg4,29.7,0.530489419,0.307894737,190,4.504407539
avgbs_99998.1.36,Mrg9,22,0.218529663,0.176315789,190,10.68724055
avgbs_99999.1.55,Mrg3,71.5,0.071543707,0.015789474,190,-52.91821352
avgbs_cluster_10038.1.25,Mrg12,33.4,0.093173709,0.018421053,190,-43.16726731
avgbs_cluster_10038.1.50,Mrg12,33.4,0.093173709,0.018421053,190,-43.16726731
avgbs_cluster_10038.1.6,Mrg12,33.4,0.093173709,0.018421053,190,-43.16726731
avgbs_cluster_10083.1.14,Mrg8,105.5,0.619499073,0.176315789,190,4.227319535
avgbs_cluster_10087.1.34,Mrg13,60,0.376090909,0.352631579,190,6.034942412
avgbs_cluster_10094.1.59,Mrg9,50.9,0.591562023,0.086842105,190,6.161600879
avgbs_cluster_10096.1.33,Mrg1,50.4,0.679997045,0.381578947,190,-2.726933169
avgbs_cluster_10112.1.62,Mrg33,59.2,0.737211997,0.152631579,190,2.957354805
avgbs_cluster_1014.1.13,Mrg20,226.6,0.742487828,0.3,190,2.315478516
avgbs_cluster_1014.1.18,Mrg20,226.6,0.742487828,0.3,190,2.315478516
avgbs_cluster_1014.1.8,Mrg20,226.6,0.742487828,0.3,190,2.315478516
avgbs_cluster_10157.1.15,Mrg21,187.6,0.171769744,0.463157895,190,-9.110872462
avgbs_cluster_10157.1.48,Mrg21,187.6,0.171769744,0.463157895,190,-9.110872462
avgbs_cluster_10180.1.48,Mrg9,73.5,0.41927129,0.371052632,190,-5.476349648
avgbs_cluster_10198.1.38,Mrg3,58.3,0.541397324,0.155263158,190,5.56954412
avgbs_cluster_10198.1.51,Mrg3,58.3,0.541397324,0.155263158,190,5.56954412
avgbs_cluster_10228.1.52,Mrg20,243.9,0.689141356,0.442105263,190,2.576957752
avgbs_cluster_10244.1.6,Mrg18,18.1,0.436972832,0.031578947,190,14.41732337
avgbs_cluster_10281.1.47,Mrg20,18,0.376711811,0.136842105,190,8.778883453
avgbs_cluster_103.1.57,Mrg4,24.6,0.552979194,0.373684211,190,4.012481882
avgbs_cluster_10308.1.12,Mrg12,53.5,0.791148831,0.284210526,190,-1.90223022
avgbs_cluster_10308.1.29,Mrg12,53.5,0.924519472,0.307894737,190,0.653738409
avgbs_cluster_10366.1.47,Mrg21,-3,0.030798065,0.018421053,190,55.92840596
avgbs_cluster_10398.1.41,Mrg20,97.1,0.467310719,0.289473684,190,5.289632937
avgbs_cluster_10406.1.43,Mrg6,55.6,0.962992259,0.497368421,190,-0.291861433
avgbs_cluster_10424.1.20,Mrg8,31.6,0.684821126,0.1,190,4.438768116
avgbs_cluster_1043.1.64,Mrg12,46.3,0.883380138,0.021052632,190,-3.19639897
avgbs_cluster_10508.1.24,Mrg8,125.3,0.378247891,0.057894737,190,12.59644922
avgbs_cluster_10508.1.32,Mrg8,125.3,0.378247891,0.057894737,190,12.59644922
avgbs_cluster_10513.1.10,Mrg21,172,0.240368149,0.026315789,190,24.12802928
avgbs_cluster_10513.1.22,Mrg21,172,0.240368149,0.026315789,190,24.12802928
avgbs_cluster_10513.1.38,Mrg21,172,0.240368149,0.026315789,190,24.12802928
avgbs_cluster_10545.1.64,Mrg3,45.7,0.42486009,0.384210526,190,-5.326075694
avgbs_cluster_10588.1.18,Mrg9,94.6,0.371964703,0.184210526,190,7.571427455
avgbs_cluster_10588.1.60,Mrg9,94.6,0.371964703,0.184210526,190,7.571427455
avgbs_cluster_106.1.52,Mrg6,29.1,0.097203272,0.310526316,190,-12.00302321
avgbs_cluster_10602.1.20,Mrg3,19.5,0.135204389,0.015789474,190,39.74691399
avgbs_cluster_10603.1.27,Mrg15,21.4,0.568396571,0.042105263,190,-9.124221612
avgbs_cluster_10630.1.36,Mrg11,23,0.110536114,0.015789474,190,42.54949866
avgbs_cluster_10630.2.9,Mrg20,185.4,0.542261712,0.052631579,190,8.784155093
avgbs_cluster_10695.1.30,Mrg20,197.8,0.164149449,0.110526316,190,-14.68198612
avgbs_cluster_1077.1.59,Mrg24,95.3,0.520737803,0.081578947,190,-7.631129849
avgbs_cluster_1081.1.11,Mrg12,63.5,0.027180203,0.126315789,190,23.15215092
avgbs_cluster_10837.1.36,Mrg9,22.2,0.756864627,0.105263158,190,3.237818331
avgbs_cluster_10837.1.7,Mrg9,22.2,0.756864627,0.105263158,190,3.237818331
avgbs_cluster_1084.1.25,Mrg3,82.8,0.36758637,0.268421053,190,6.672470153
avgbs_cluster_1084.1.26,Mrg3,82.8,0.36758637,0.268421053,190,6.672470153
avgbs_cluster_1084.1.58,Mrg3,114.2,0.282305493,0.15,190,9.926264338
avgbs_cluster_10863.1.21,Mrg3,82.8,0.760310246,0.063157895,190,4.156625771
avgbs_cluster_1088.1.13,Mrg11,31.9,0.861212502,0.094736842,190,-1.871511628
avgbs_cluster_10890.1.15,Mrg18,7.3,0.126276338,0.123684211,190,15.50967785
avgbs_cluster_10890.1.53,Mrg18,7.3,0.126276338,0.123684211,190,15.50967785
avgbs_cluster_10892.1.51,Mrg28,43.8,0.77141486,0.247368421,190,2.158665084
avgbs_cluster_1090.1.57,Mrg33,26.3,0.607957363,0.036842105,190,8.721914845
avgbs_cluster_10939.1.32,Mrg24,78.6,0.322898504,0.423684211,190,-6.631574684
avgbs_cluster_10939.1.47,Mrg24,78.6,0.322898504,0.423684211,190,-6.631574684
avgbs_cluster_10949.1.40,Mrg1,81.4,0.87778339,0.055263158,190,2.133574296
avgbs_cluster_10949.1.44,Mrg1,81.4,0.87778339,0.055263158,190,2.133574296
avgbs_cluster_10953.1.64,Mrg28,31.8,0.52686752,0.152631579,190,-5.728585028
avgbs_cluster_11.1.10,Mrg3,103.3,0.642221842,0.055263158,190,-6.578206219
avgbs_cluster_111.1.55,Mrg19,70.1,0.160057273,0.015789474,190,37.30206105
avgbs_cluster_111.1.6,Mrg19,66.8,0.798190626,0.010526316,190,7.89935727
avgbs_cluster_11141.1.35,Mrg3,9.8,0.387308299,0.157894737,190,7.874667842
avgbs_cluster_11141.1.7,Mrg3,9.8,0.387308299,0.157894737,190,7.874667842
avgbs_cluster_11142.1.39,Mrg20,122.8,0.376430429,0.110526316,190,9.189474148
avgbs_cluster_11142.1.48,Mrg20,122.8,0.376430429,0.110526316,190,9.189474148
avgbs_cluster_11170.1.34,Mrg8,149.1,0.230571394,0.1,190,13.35251004
avgbs_cluster_11170.1.54,Mrg8,149.1,0.230571394,0.1,190,13.35251004
avgbs_cluster_11206.1.8,Mrg13,29.7,0.913282102,0.097368421,190,-1.154453977
avgbs_cluster_1130.1.21,Mrg11,3.7,0.018986064,0.397368421,190,16.33146776
avgbs_cluster_11311.1.39,Mrg20,191.7,0.929844423,0.176315789,190,-0.736280863
avgbs_cluster_11311.1.64,Mrg20,191.7,0.929844423,0.176315789,190,-0.736280863
avgbs_cluster_11338.1.11,Mrg28,20.3,0.456792762,0.026315789,190,-15.05690315
avgbs_cluster_11338.1.26,Mrg28,20.3,0.456792762,0.026315789,190,-15.05690315
avgbs_cluster_11371.1.45,Mrg2,107.5,0.569837748,0.442105263,190,3.735774403
avgbs_cluster_11382.1.39,Mrg15,16.4,0.172730055,0.263157895,190,10.60462963
avgbs_cluster_11382.1.59,Mrg15,16.4,0.172730055,0.263157895,190,10.60462963
avgbs_cluster_11386.1.18,Mrg20,147.3,0.377009405,0.171052632,190,7.750821611
avgbs_cluster_11386.1.19,Mrg20,147.3,0.377009405,0.171052632,190,7.750821611
avgbs_cluster_11386.1.32,Mrg20,147.3,0.377009405,0.171052632,190,7.750821611
avgbs_cluster_114.1.54,Mrg1,67.6,0.568040278,0.181578947,190,4.73695417
avgbs_cluster_11411.1.34,Mrg11,48.6,0.259580321,0.021052632,190,-25.79720542
avgbs_cluster_11427.1.26,Mrg4,40.1,0.141595939,0.4,190,10.35130641
avgbs_cluster_11427.1.37,Mrg4,41,0.133188512,0.084210526,190,-18.93324163
avgbs_cluster_11441.1.53,Mrg18,9.5,0.48884176,0.144736842,190,-6.391064697
avgbs_cluster_11451.1.17,Mrg24,41.8,0.566694266,0.078947368,190,6.826154762
avgbs_cluster_11475.1.35,Mrg18,40,0.899505393,0.386842105,190,-0.816722707
avgbs_cluster_11497.1.60,Mrg9,53.1,0.731959137,0.213157895,190,2.662574909
avgbs_cluster_11500.1.55,Mrg6,37.4,0.62203807,0.121052632,190,4.776289909
avgbs_cluster_11504.1.38,Mrg18,34.4,0.057887175,0.35,190,13.40332794
avgbs_cluster_11504.1.41,Mrg18,34.4,0.057887175,0.35,190,13.40332794
avgbs_cluster_11504.1.58,Mrg18,34.4,0.057887175,0.35,190,13.40332794
avgbs_cluster_11587.1.58,Mrg1,110.8,0.753510819,0.115789474,190,3.147005461
avgbs_cluster_11599.1.23,Mrg1,109,0.564643995,0.034210526,190,10.39079804
avgbs_cluster_116.1.51,Mrg20,19.8,0.886296663,0.068421053,190,1.771294184
avgbs_cluster_11615.1.54,Mrg1,117.4,0.298118339,0.036842105,190,18.09398744
avgbs_cluster_11623.1.9,Mrg1,45,0.471090945,0.139473684,190,6.76820659
avgbs_cluster_11648.1.36,Mrg11,39.2,0.001435566,0.010526316,190,-105.4247784
avgbs_cluster_11679.1.46,Mrg1,89.8,0.17494354,0.068421053,190,17.76306407
avgbs_cluster_11679.1.9,Mrg1,89.8,0.17494354,0.068421053,190,17.76306407
avgbs_cluster_11695.1.10,Mrg3,101.6,0.006791868,0.265789474,190,-20.85599155
avgbs_cluster_11724.1.59,Mrg6,116,0.13775603,0.15,190,13.57486236
avgbs_cluster_11726.1.20,Mrg17,37.3,0.766890625,0.328947368,190,-2.063652706
avgbs_cluster_11726.1.21,Mrg17,37.3,0.766890625,0.328947368,190,-2.063652706
avgbs_cluster_1173.1.62,Mrg4,17.5,0.057313846,0.463157895,190,13.01767392
avgbs_cluster_1173.1.64,Mrg4,17.5,0.057313846,0.463157895,190,13.01767392
avgbs_cluster_11734.1.37,Mrg19,65.6,0.444619793,0.102631579,190,8.224472691
avgbs_cluster_11734.1.50,Mrg19,65.6,0.444619793,0.102631579,190,8.224472691
avgbs_cluster_11768.1.58,Mrg28,43.8,0.799362567,0.281578947,190,1.836163685
avgbs_cluster_1181.1.7,Mrg3,63.5,0.294250717,0.489473684,190,6.911603975
avgbs_cluster_11810.1.32,Mrg1,60.8,0.644759123,0.010526316,190,14.42744902
avgbs_cluster_11810.1.59,Mrg1,60.8,0.644759123,0.010526316,190,14.42744902
avgbs_cluster_1187.1.32,Mrg17,109.9,0.417129667,0.057894737,190,-11.56765497
avgbs_cluster_1187.1.56,Mrg17,109.9,0.417129667,0.057894737,190,-11.56765497
avgbs_cluster_11885.1.13,Mrg11,3.7,3.43E-06,0.021052632,190,-108.9110327
avgbs_cluster_11885.1.22,Mrg11,3.7,3.43E-06,0.021052632,190,-108.9110327
avgbs_cluster_11885.1.28,Mrg11,3.7,3.43E-06,0.021052632,190,-108.9110327
avgbs_cluster_11942.1.63,Mrg3,82.8,0.472775195,0.063157895,190,9.548987594
avgbs_cluster_12.1.62,Mrg23,30.2,0.677634618,0.042105263,190,6.593025984
avgbs_cluster_12017.1.18,Mrg23,46.3,0.495230882,0.036842105,190,11.69390938
avgbs_cluster_12017.1.43,Mrg23,46.3,0.495230882,0.036842105,190,11.69390938
avgbs_cluster_1205.2.17,Mrg4,20.9,0.187265703,0.052631579,190,-19.50539352
avgbs_cluster_1208.1.26,Mrg6,67.6,0.967313511,0.015789474,190,-1.019685829
avgbs_cluster_12109.1.16,Mrg15,23.6,0.956573977,0.236842105,190,-0.406740785
avgbs_cluster_12144.1.19,Mrg6,67.6,0.849259235,0.131578947,190,-1.764603535
avgbs_cluster_12189.1.29,Mrg20,204.8,0.49506791,0.021052632,190,15.35030802
avgbs_cluster_12189.1.38,Mrg20,204.8,0.49506791,0.021052632,190,15.35030802
avgbs_cluster_12209.1.28,Mrg12,56.7,0.073299217,0.239473684,190,14.0501923
avgbs_cluster_12209.1.63,Mrg12,56.7,0.061747779,0.168421053,190,16.67243786
avgbs_cluster_1221.1.28,Mrg3,25,0.516158025,0.144736842,190,-5.983211997
avgbs_cluster_1221.1.42,Mrg3,25,0.993718803,0.186842105,190,0.062746755
avgbs_cluster_12214.1.62,Mrg28,43.8,0.90051405,0.160526316,190,1.068785571
avgbs_cluster_12215.1.6,Mrg20,198.1,0.304774962,0.163157895,190,-9.182641618
avgbs_cluster_12296.1.23,Mrg23,60.4,0.236843962,0.047368421,190,18.88220746
avgbs_cluster_12321.1.62,Mrg2,87.4,0.646681615,0.415789474,190,3.107409633
avgbs_cluster_12513.1.63,Mrg15,23.6,0.058042881,0.15,190,-17.82881908
avgbs_cluster_12523.1.48,Mrg6,44.5,0.946941723,0.123684211,190,-0.632211424
avgbs_cluster_12523.1.7,Mrg6,44.5,0.946941723,0.123684211,190,-0.632211424
avgbs_cluster_1253.1.12,Mrg24,45,0.070777418,0.155263158,190,-16.73214638
avgbs_cluster_12534.1.34,Mrg15,22.1,0.862764472,0.026315789,190,-3.384740991
avgbs_cluster_12562.1.16,Mrg5,56.5,0.245854348,0.063157895,190,15.68773993
avgbs_cluster_12564.1.10,Mrg6,67.6,0.541328567,0.113157895,190,-6.247640317
avgbs_cluster_12564.1.17,Mrg6,67.6,0.541328567,0.113157895,190,-6.247640317
avgbs_cluster_12564.1.46,Mrg6,67.6,0.541328567,0.113157895,190,-6.247640317
avgbs_cluster_12571.1.32,Mrg1,108.4,0.507319992,0.042105263,190,11.01927045
avgbs_cluster_12579.1.39,Mrg20,147.3,0.709562094,0.176315789,190,3.119035216
avgbs_cluster_12579.1.49,Mrg20,147.3,0.709562094,0.176315789,190,3.119035216
avgbs_cluster_12579.1.53,Mrg20,147.3,0.709562094,0.176315789,190,3.119035216
avgbs_cluster_1261.1.12,Mrg33,58.2,0.48174307,0.463157895,190,4.585669547
avgbs_cluster_1261.1.6,Mrg33,58.2,0.48174307,0.463157895,190,4.585669547
avgbs_cluster_12621.1.7,Mrg28,43.8,0.82840855,0.352631579,190,1.469399466
avgbs_cluster_1265.1.10,Mrg33,73,0.054138209,0.015789474,190,51.6409648
avgbs_cluster_1265.1.6,Mrg33,73,0.054138209,0.015789474,190,51.6409648
avgbs_cluster_12655.1.16,Mrg9,91.9,0.022439449,0.034210526,190,43.03473496
avgbs_cluster_12655.1.23,Mrg9,91.9,0.022439449,0.034210526,190,43.03473496
avgbs_cluster_12655.1.61,Mrg9,91.9,0.022439449,0.034210526,190,43.03473496
avgbs_cluster_12706.1.62,Mrg1,76.6,0.238245198,0.142105263,190,-11.11341599
avgbs_cluster_12706.2.50,Mrg1,86.3,0.737356818,0.305263158,190,-2.322586298
avgbs_cluster_12737.1.24,Mrg5,56.5,0.213333411,0.113157895,190,13.0346826
avgbs_cluster_12738.1.43,Mrg20,185.4,0.263652107,0.110526316,190,-12.20809206
avgbs_cluster_12738.1.61,Mrg20,185.4,0.263652107,0.110526316,190,-12.20809206
avgbs_cluster_12738.1.63,Mrg20,185.4,0.263652107,0.110526316,190,-12.20809206
avgbs_cluster_1276.1.54,Mrg21,82,0.364564088,0.042105263,190,15.22481784
avgbs_cluster_1276.1.58,Mrg21,82,0.364564088,0.042105263,190,15.22481784
avgbs_cluster_12768.1.41,Mrg24,95.3,0.135760092,0.081578947,190,18.57104067
avgbs_cluster_12779.1.44,Mrg13,41.2,0.205640851,0.052631579,190,18.6940625
avgbs_cluster_12779.1.46,Mrg13,41.2,0.205640851,0.052631579,190,18.6940625
avgbs_cluster_12808.1.61,Mrg17,37.3,0.124166937,0.107894737,190,16.56623781
avgbs_cluster_12940.1.19,Mrg4,54.9,0.146936462,0.376315789,190,10.00484792
avgbs_cluster_12940.1.57,Mrg4,54.9,0.297347458,0.057894737,190,14.61850664
avgbs_cluster_12950.1.31,Mrg19,65.4,0.34711235,0.015789474,190,27.01378755
avgbs_cluster_12950.1.33,Mrg19,65.4,0.34711235,0.015789474,190,27.01378755
avgbs_cluster_12986.1.8,Mrg8,62.4,0.224329278,0.010526316,190,39.21335328
avgbs_cluster_13012.1.24,Mrg3,65,0.010638303,0.431578947,190,-17.45112311
avgbs_cluster_13012.1.38,Mrg3,65,0.010638303,0.431578947,190,-17.45112311
avgbs_cluster_13012.1.53,Mrg3,65,0.010638303,0.431578947,190,-17.45112311
avgbs_cluster_1307.1.12,Mrg9,125.7,0.07539011,0.015789474,190,47.5704434
avgbs_cluster_1307.1.26,Mrg9,125.7,0.07539011,0.015789474,190,47.5704434
avgbs_cluster_1307.1.41,Mrg9,125.7,0.033902558,0.189473684,190,18.14222132
avgbs_cluster_13103.1.36,Mrg28,79.8,0.57351173,0.168421053,190,4.875901196
avgbs_cluster_13148.1.30,Mrg1,23.8,0.780720799,0.328947368,190,-1.876641813
avgbs_cluster_13188.1.57,Mrg24,54,0.484519292,0.192105263,190,5.760215374
avgbs_cluster_13234.1.39,Mrg13,106.5,0.122436641,0.094736842,190,17.51319848
avgbs_cluster_13234.1.60,Mrg13,106.5,0.361036512,0.031578947,190,17.0332654
avgbs_cluster_1327.1.10,Mrg9,73.5,0.472109096,0.115789474,190,-7.270531205
avgbs_cluster_1327.1.63,Mrg9,73.5,0.472109096,0.115789474,190,-7.270531205
avgbs_cluster_1329.1.15,Mrg1,101.7,0.099008251,0.071052632,190,21.58209373
avgbs_cluster_13344.1.17,Mrg1,102.8,0.323624515,0.428947368,190,6.574317668
avgbs_cluster_1344.1.56,Mrg9,53.1,0.058797139,0.147368421,190,17.44994402
avgbs_cluster_1344.1.62,Mrg9,53.1,0.058797139,0.147368421,190,17.44994402
avgbs_cluster_13464.1.52,Mrg1,87.4,0.107301847,0.392105263,190,11.31634871
avgbs_cluster_13478.1.6,Mrg1,83.9,0.48208757,0.231578947,190,5.387392331
avgbs_cluster_13491.1.11,Mrg21,125.8,0.263240967,0.015789474,190,-32.3382779
avgbs_cluster_13517.1.12,Mrg13,35.9,0.78690796,0.152631579,190,2.448278779
avgbs_cluster_13517.1.20,Mrg13,35.9,0.78690796,0.152631579,190,2.448278779
avgbs_cluster_1352.1.11,Mrg6,67.6,0.384337235,0.047368421,190,-13.3330686
avgbs_cluster_1352.1.38,Mrg6,67.6,0.384337235,0.047368421,190,-13.3330686
avgbs_cluster_1352.1.41,Mrg6,67.6,0.384337235,0.047368421,190,-13.3330686
avgbs_cluster_13524.1.43,Mrg6,63.2,0.917607459,0.355263158,190,0.675863489
avgbs_cluster_13606.1.14,Mrg8,192.8,0.244687675,0.018421053,190,29.54638407
avgbs_cluster_137.1.52,Mrg4,45.6,0.387658775,0.142105263,190,-8.053330209
avgbs_cluster_13726.1.18,Mrg24,60.2,0.58585289,0.155263158,190,4.900948836
avgbs_cluster_13726.1.39,Mrg24,60.2,0.58585289,0.155263158,190,4.900948836
avgbs_cluster_13727.1.47,Mrg2,87.3,0.096168414,0.321052632,190,12.00616345
avgbs_cluster_13763.1.6,Mrg6,51.7,0.683175711,0.45,190,-2.632997929
avgbs_cluster_13781.1.49,Mrg2,87.3,0.961976158,0.036842105,190,-0.785501236
avgbs_cluster_13792.1.20,Mrg28,58.1,0.183699713,0.044736842,190,22.30133086
avgbs_cluster_13792.1.23,Mrg28,58.1,0.183699713,0.044736842,190,22.30133086
avgbs_cluster_13792.1.53,Mrg28,58.3,0.771592906,0.226315789,190,-2.226151253
avgbs_cluster_13852.1.49,Mrg3,62.7,0.539116316,0.052631579,190,8.85474537
avgbs_cluster_13857.1.17,Mrg11,9.8,1.22E-05,0.047368421,190,-69.41018646
avgbs_cluster_13871.1.32,Mrg11,60.5,0.125778505,0.060526316,190,-21.56238883
avgbs_cluster_139.1.53,Mrg3,48.1,0.545842281,0.205263158,190,-4.975336949
avgbs_cluster_13912.1.24,Mrg28,36.8,0.921245677,0.134210526,190,0.91969045
avgbs_cluster_13919.1.36,Mrg1,57.2,0.417142965,0.013157895,190,24.39761375
avgbs_cluster_13919.1.7,Mrg1,57.2,0.417142965,0.013157895,190,24.39761375
avgbs_cluster_13927.1.45,Mrg8,81.4,0.581644475,0.052631579,190,-7.91869213
avgbs_cluster_13946.1.60,Mrg20,147.3,0.896511631,0.055263158,190,1.801352225
avgbs_cluster_13946.1.62,Mrg20,147.3,0.371685835,0.092105263,190,10.14690611
avgbs_cluster_13946.1.63,Mrg20,147.3,0.371685835,0.092105263,190,10.14690611
avgbs_cluster_13946.1.64,Mrg20,147.3,0.371685835,0.092105263,190,10.14690611
avgbs_cluster_13959.1.27,Mrg12,63.5,0.430084866,0.010526316,190,25.08968307
avgbs_cluster_13990.1.34,Mrg24,41,0.246065673,0.160526316,190,-10.54594319
avgbs_cluster_13990.1.61,Mrg24,41,0.246065673,0.160526316,190,-10.54594319
avgbs_cluster_13997.1.34,Mrg15,88.2,0.954390284,0.010526316,190,1.740780142
avgbs_cluster_14111.1.62,Mrg2,73.3,0.342052862,0.431578947,190,6.264271398
avgbs_cluster_14129.1.20,Mrg2,87.3,0.369041762,0.428947368,190,5.931446069
avgbs_cluster_14129.1.25,Mrg2,87.3,0.369041762,0.428947368,190,5.931446069
avgbs_cluster_14164.1.15,Mrg5,80.9,0.209308144,0.060526316,190,17.56426308
avgbs_cluster_14164.1.16,Mrg5,80.9,0.209308144,0.060526316,190,17.56426308
avgbs_cluster_14164.1.17,Mrg5,80.9,0.209308144,0.060526316,190,17.56426308
avgbs_cluster_14178.1.58,Mrg18,43.2,0.548863092,0.034210526,190,14.15362582
avgbs_cluster_143.1.61,Mrg5,27.1,0.292809788,0.360526316,190,7.119160071
avgbs_cluster_14393.1.61,Mrg13,60,0.6635379,0.389473684,190,2.860740615
avgbs_cluster_14412.1.55,Mrg1,15.7,0.819802572,0.471052632,190,-1.496614623
avgbs_cluster_14423.1.10,Mrg2,87.3,0.136839548,0.452631579,190,9.911632566
avgbs_cluster_14436.1.14,Mrg9,47.1,0.117157825,0.381578947,190,10.86710252
avgbs_cluster_14436.1.24,Mrg9,47.1,0.117157825,0.381578947,190,10.86710252
avgbs_cluster_14442.1.41,Mrg15,8.1,0.377850712,0.018421053,190,22.18398217
avgbs_cluster_14444.1.20,Mrg2,87.3,0.241187523,0.402631579,190,7.839648659
avgbs_cluster_14450.1.21,Mrg19,23.7,0.218096924,0.215789474,190,10.0222898
avgbs_cluster_14492.1.6,Mrg8,71.1,0.992444873,0.134210526,190,0.087436764
avgbs_cluster_14495.1.12,Mrg18,86.3,0.788112593,0.184210526,190,2.187901306
avgbs_cluster_14495.1.52,Mrg18,86.3,0.422686952,0.105263158,190,8.482542892
avgbs_cluster_14495.1.6,Mrg18,86.3,0.422686952,0.105263158,190,8.482542892
avgbs_cluster_14670.1.22,Mrg12,84.5,0.012648612,0.157894737,190,-23.23530154
avgbs_cluster_14670.1.27,Mrg12,84.5,0.012648612,0.157894737,190,-23.23530154
avgbs_cluster_14670.1.31,Mrg12,84.5,0.012648612,0.157894737,190,-23.23530154
avgbs_cluster_14874.1.28,Mrg18,42.3,0.127125572,0.018421053,190,-39.10396702
avgbs_cluster_149.1.7,Mrg17,68.2,0.267185291,0.257894737,190,8.444002704
avgbs_cluster_1498.1.50,Mrg4,37.9,0.228736985,0.084210526,190,14.52004153
avgbs_cluster_15.1.14,Mrg23,69.2,0.139363875,0.347368421,190,10.29328262
avgbs_cluster_15027.1.28,Mrg24,10.7,0.223860253,0.168421053,190,-11.01991153
avgbs_cluster_1504.1.26,Mrg17,37.3,0.017995647,0.128947368,190,23.86046827
avgbs_cluster_15064.1.36,Mrg12,35.3,0.629929312,0.136842105,190,4.533260374
avgbs_cluster_1508.1.7,Mrg11,8.8,0.030647532,0.360526316,190,15.59361359
avgbs_cluster_15103.1.30,Mrg21,27.3,0.741563407,0.144736842,190,3.052083949
avgbs_cluster_15103.1.37,Mrg21,28.3,0.521544816,0.152631579,190,5.929291648
avgbs_cluster_15148.1.18,Mrg6,72.1,0.13039907,0.097368421,190,17.0571091
avgbs_cluster_15174.1.33,Mrg20,16.6,0.096164431,0.186842105,190,14.26830218
avgbs_cluster_15174.1.34,Mrg20,16.6,0.096164431,0.186842105,190,14.26830218
avgbs_cluster_15174.1.38,Mrg20,16.6,0.096164431,0.186842105,190,14.26830218
avgbs_cluster_15186.1.27,Mrg3,56,0.832010226,0.373684211,190,-1.378281207
avgbs_cluster_15200.1.12,Mrg18,20.6,0.227917465,0.021052632,190,27.6546595
avgbs_cluster_15200.1.20,Mrg18,21.1,0.443485736,0.121052632,190,-7.616528356
avgbs_cluster_1526.1.51,Mrg17,63.1,0.390939446,0.318421053,190,6.048091288
avgbs_cluster_15267.1.42,Mrg17,90,0.971708248,0.073684211,190,0.447588726
avgbs_cluster_1537.1.14,Mrg21,125.8,0.654928416,0.131578947,190,4.218957071
avgbs_cluster_1537.1.20,Mrg21,125.8,0.654928416,0.131578947,190,4.218957071
avgbs_cluster_15388.1.12,Mrg28,23.1,0.678631792,0.134210526,190,-3.938736967
avgbs_cluster_15413.1.26,Mrg9,89,0.024886316,0.076315789,190,29.78019332
avgbs_cluster_15413.1.51,Mrg9,89,0.024886316,0.076315789,190,29.78019332
avgbs_cluster_1543.1.27,Mrg23,57.8,0.210214244,0.326315789,190,8.864111986
avgbs_cluster_15437.1.64,Mrg6,38,0.568168293,0.268421053,190,-4.283592569
avgbs_cluster_15437.1.8,Mrg6,38,0.568168293,0.268421053,190,-4.283592569
avgbs_cluster_15437.1.9,Mrg6,38,0.568168293,0.268421053,190,-4.283592569
avgbs_cluster_15438.1.58,Mrg2,70.8,0.448727682,0.297368421,190,5.457477642
avgbs_cluster_15466.1.27,Mrg13,69.9,0.30284079,0.210526316,190,8.276423611
avgbs_cluster_1553.1.25,Mrg3,73.1,0.000638424,0.286842105,190,-25.57665693
avgbs_cluster_15538.1.52,Mrg13,66.4,0.174691576,0.231578947,190,10.9667101
avgbs_cluster_15590.1.41,Mrg20,249.7,0.11409104,0.257894737,190,12.52933132
avgbs_cluster_15590.1.7,Mrg20,249.7,0.11409104,0.257894737,190,12.52933132
avgbs_cluster_15602.1.39,Mrg28,43.8,0.330664715,0.318421053,190,6.88733154
avgbs_cluster_15668.1.34,Mrg21,148.2,0.563643209,0.142105263,190,5.314611736
avgbs_cluster_15688.1.45,Mrg17,70.5,0.260727803,0.318421053,190,8.002956574
avgbs_cluster_1575.1.29,Mrg21,82.1,0.429454629,0.044736842,190,13.48513296
avgbs_cluster_1575.1.37,Mrg21,82.1,0.429454629,0.044736842,190,13.48513296
avgbs_cluster_15758.1.55,Mrg24,23.1,0.13540583,0.015789474,190,39.72574643
avgbs_cluster_1582.1.15,Mrg6,99.1,0.095855902,0.097368421,190,18.83802662
avgbs_cluster_15864.1.57,Mrg18,62.7,0.033418137,0.028947368,190,-43.55597592
avgbs_cluster_15878.1.46,Mrg21,122.8,0.825422017,0.021052632,190,5.174264895
avgbs_cluster_1591.1.40,Mrg18,18.1,0.830979604,0.047368421,190,-3.158766882
avgbs_cluster_1591.1.7,Mrg18,20.2,0.605301216,0.234210526,190,-3.95277531
avgbs_cluster_15924.1.18,Mrg8,58,0.958084615,0.242105263,190,-0.386553855
avgbs_cluster_15924.1.60,Mrg8,58,0.958084615,0.242105263,190,-0.386553855
avgbs_cluster_1596.1.7,Mrg18,42.1,0.583891937,0.376315789,190,-3.617427477
avgbs_cluster_15962.2.44,Mrg1,105.9,0.608930999,0.1,190,-5.461342593
avgbs_cluster_1597.1.17,Mrg8,129.6,0.674028238,0.444736842,190,-2.827991278
avgbs_cluster_15971.1.28,Mrg3,162,0.42289952,0.026315789,190,-17.16014056
avgbs_cluster_1600.1.13,Mrg28,81.4,0.456854265,0.244736842,190,5.625279706
avgbs_cluster_1600.1.46,Mrg28,81.4,0.456854265,0.244736842,190,5.625279706
avgbs_cluster_1603.1.26,Mrg12,41.5,0.281368821,0.236842105,190,8.434190016
avgbs_cluster_16100.1.7,Mrg1,117.4,0.922701972,0.181578947,190,-0.809866569
avgbs_cluster_16108.1.31,Mrg9,42.6,0.330259627,0.121052632,190,9.75510338
avgbs_cluster_16139.1.31,Mrg2,87.3,0.302957413,0.410526316,190,6.933116614
avgbs_cluster_16139.1.36,Mrg2,87.3,0.302957413,0.410526316,190,6.933116614
avgbs_cluster_16178.1.58,Mrg18,21.1,0.227917465,0.021052632,190,27.6546595
avgbs_cluster_16178.1.9,Mrg18,21.1,0.227917465,0.021052632,190,27.6546595
avgbs_cluster_16179.1.25,Mrg21,28.3,0.171759971,0.065789474,190,18.42664316
avgbs_cluster_16179.1.27,Mrg21,28.3,0.171759971,0.065789474,190,18.42664316
avgbs_cluster_1619.1.41,Mrg19,23.7,0.864674186,0.210526316,190,1.320572255
avgbs_cluster_16196.1.13,Mrg18,22.8,0.50030674,0.168421053,190,5.814892372
avgbs_cluster_16196.1.29,Mrg18,22.8,0.50030674,0.168421053,190,5.814892372
avgbs_cluster_16196.1.32,Mrg18,22.8,0.50030674,0.168421053,190,5.814892372
avgbs_cluster_16203.1.64,Mrg13,6.2,0.005711012,0.207894737,190,-23.42672934
avgbs_cluster_16219.1.62,Mrg15,33.6,0.199511246,0.026315789,190,26.44654279
avgbs_cluster_16227.1.36,Mrg2,85.2,0.468135413,0.042105263,190,12.0924703
avgbs_cluster_16269.1.46,Mrg23,62.1,0.182407207,0.331578947,190,9.358090395
avgbs_cluster_16285.1.45,Mrg3,80.3,0.210121852,0.057894737,190,17.69249725
avgbs_cluster_16303.1.28,Mrg5,59,0.979275474,0.202631579,190,-0.201039101
avgbs_cluster_16344.1.10,Mrg15,27.2,0.8517629,0.089473684,190,2.054233962
avgbs_cluster_16344.1.37,Mrg15,27.2,0.8517629,0.089473684,190,2.054233962
avgbs_cluster_16354.1.26,Mrg8,157,0.402631629,0.234210526,190,6.497543494
avgbs_cluster_16354.1.50,Mrg8,157,0.402631629,0.234210526,190,6.497543494
avgbs_cluster_16354.1.53,Mrg8,157,0.402631629,0.234210526,190,6.497543494
avgbs_cluster_16376.1.47,Mrg5,92.1,0.609771763,0.442105263,190,-3.326724715
avgbs_cluster_16392.1.40,Mrg2,85.2,0.231700094,0.378947368,190,8.207493328
avgbs_cluster_16396.1.42,Mrg3,63.9,0.36021955,0.194736842,190,7.665016298
avgbs_cluster_16396.1.47,Mrg3,63.9,0.36021955,0.194736842,190,7.665016298
avgbs_cluster_16397.1.34,Mrg24,95.3,0.559927677,0.118421053,190,5.836450286
avgbs_cluster_16397.1.46,Mrg24,95.3,0.559927677,0.118421053,190,5.836450286
avgbs_cluster_16397.1.62,Mrg24,95.3,0.559927677,0.118421053,190,5.836450286
avgbs_cluster_16433.1.60,Mrg1,23.8,0.77901667,0.371052632,190,-1.819169293
avgbs_cluster_16441.1.26,Mrg24,60.9,0.994863092,0.236842105,190,-0.048641529
avgbs_cluster_16555.1.26,Mrg8,92,0.784130166,0.213157895,190,-2.136934437
avgbs_cluster_16595.1.11,Mrg21,119.3,0.058268363,0.192105263,190,16.26939567
avgbs_cluster_16595.1.20,Mrg21,119.3,0.058268363,0.192105263,190,16.26939567
avgbs_cluster_16632.1.27,Mrg19,49.8,0.355298202,0.165789474,190,8.309173414
avgbs_cluster_16632.1.28,Mrg19,49.8,0.355298202,0.165789474,190,8.309173414
avgbs_cluster_16632.1.29,Mrg19,49.8,0.355298202,0.165789474,190,8.309173414
avgbs_cluster_16653.1.33,Mrg21,142,0.079891037,0.018421053,190,45.08836053
avgbs_cluster_16653.1.50,Mrg21,142,0.079891037,0.018421053,190,45.08836053
avgbs_cluster_16666.1.21,Mrg5,147.6,0.754533953,0.010526316,190,9.696398493
avgbs_cluster_16666.1.22,Mrg5,147.6,0.754533953,0.010526316,190,9.696398493
avgbs_cluster_16666.1.6,Mrg5,147.6,0.754533953,0.010526316,190,9.696398493
avgbs_cluster_16670.1.36,Mrg20,249.7,0.074035068,0.428947368,190,-12.27253178
avgbs_cluster_16675.1.32,Mrg33,44.4,0.645815579,0.023684211,190,9.93807161
avgbs_cluster_16675.1.43,Mrg33,44.4,0.645815579,0.023684211,190,9.93807161
avgbs_cluster_16675.1.57,Mrg33,44.4,0.645815579,0.023684211,190,9.93807161
avgbs_cluster_16683.1.12,Mrg11,52.8,0.036965616,0.031578947,190,-39.96565897
avgbs_cluster_16683.1.34,Mrg11,52.8,0.952432453,0.202631579,190,-0.462955181
avgbs_cluster_16716.1.44,Mrg13,71.4,0.057655133,0.221052632,190,15.77657749
avgbs_cluster_16753.1.48,Mrg8,60.3,0.83364162,0.273684211,190,-1.490481865
avgbs_cluster_16789.1.36,Mrg17,36.6,0.052833507,0.063157895,190,26.61429658
avgbs_cluster_16802.1.58,Mrg18,7.9,0.863241456,0.410526316,190,-1.109604396
avgbs_cluster_16802.1.63,Mrg18,7.9,0.863241456,0.410526316,190,-1.109604396
avgbs_cluster_16802.1.64,Mrg18,7.9,0.863241456,0.410526316,190,-1.109604396
avgbs_cluster_16815.1.31,Mrg19,66.6,0.928763759,0.010526316,190,-2.728136082
avgbs_cluster_16827.1.64,Mrg1,117.4,0.654322064,0.057894737,190,6.271459223
avgbs_cluster_16838.1.14,Mrg3,25.4,0.900475023,0.281578947,190,-0.876998737
avgbs_cluster_16838.1.39,Mrg3,25.4,0.900475023,0.281578947,190,-0.876998737
avgbs_cluster_16846.1.28,Mrg15,50.3,0.916100503,0.010526316,190,3.218838652
avgbs_cluster_16856.1.25,Mrg9,44.7,0.627663154,0.078947368,190,5.858831522
avgbs_cluster_16919.1.12,Mrg12,68.1,0.956186386,0.047368421,190,0.803211326
avgbs_cluster_16919.1.36,Mrg12,68.1,0.956186386,0.047368421,190,0.803211326
avgbs_cluster_16942.1.25,Mrg24,41.8,0.189492528,0.139473684,190,12.30604878
avgbs_cluster_16942.1.49,Mrg24,41.8,0.189492528,0.139473684,190,12.30604878
avgbs_cluster_17018.1.22,Mrg6,67.6,0.736778276,0.089473684,190,3.794525943
avgbs_cluster_17018.1.64,Mrg6,67.6,0.767829722,0.078947368,190,3.525370553
avgbs_cluster_17062.1.59,Mrg4,45.6,0.387658775,0.142105263,190,-8.053330209
avgbs_cluster_17089.1.10,Mrg5,98.7,0.284669234,0.010526316,190,34.37492243
avgbs_cluster_17089.1.32,Mrg5,98.7,0.284669234,0.010526316,190,34.37492243
avgbs_cluster_17089.1.6,Mrg5,98.7,0.284669234,0.010526316,190,34.37492243
avgbs_cluster_17103.1.6,Mrg24,23.1,0.290268432,0.081578947,190,12.77612859
avgbs_cluster_1714.1.63,Mrg3,45.1,0.923354689,0.465789474,190,-0.605814433
avgbs_cluster_1714.1.9,Mrg3,45.1,0.923354689,0.465789474,190,-0.605814433
avgbs_cluster_1719.1.49,Mrg12,55.8,0.139440816,0.031578947,190,28.01979167
avgbs_cluster_17195.1.41,Mrg17,84.3,0.278614075,0.186842105,190,9.158013587
avgbs_cluster_1721.1.12,Mrg21,84.9,0.20460322,0.063157895,190,17.20158006
avgbs_cluster_17360.1.40,Mrg1,105.9,0.993934031,0.35,190,0.049737591
avgbs_cluster_17374.1.53,Mrg3,91.8,0.305894845,0.042105263,190,16.69166953
avgbs_cluster_17412.1.44,Mrg23,48.3,0.582818239,0.139473684,190,5.115779661
avgbs_cluster_17430.1.21,Mrg18,74.9,0.269925416,0.018421053,190,27.96795573
avgbs_cluster_17430.1.24,Mrg18,74.9,0.269925416,0.018421053,190,27.96795573
avgbs_cluster_17430.1.48,Mrg18,74.9,0.269925416,0.018421053,190,27.96795573
avgbs_cluster_17435.1.25,Mrg3,123.5,0.622920892,0.168421053,190,-4.203229661
avgbs_cluster_17483.1.31,Mrg23,20.4,0.810109743,0.081578947,190,2.789464751
avgbs_cluster_17483.1.51,Mrg23,20.4,0.810109743,0.081578947,190,2.789464751
avgbs_cluster_17507.1.32,Mrg8,92.4,0.962790985,0.326315789,190,0.310658983
avgbs_cluster_17536.1.11,Mrg2,87.1,0.227647469,0.371052632,190,8.390368743
avgbs_cluster_17536.1.20,Mrg2,87.1,0.227647469,0.371052632,190,8.390368743
avgbs_cluster_17542.1.31,Mrg5,83.2,0.513929572,0.210526316,190,-5.164229167
avgbs_cluster_17542.1.57,Mrg5,83.2,0.513929572,0.210526316,190,-5.164229167
avgbs_cluster_17613.1.28,Mrg28,35.9,0.782017165,0.102631579,190,3.034504762
avgbs_cluster_17646.1.46,Mrg20,184.2,0.857476853,0.173684211,190,-1.514635093
avgbs_cluster_1767.1.28,Mrg6,67.6,0.849259235,0.131578947,190,-1.764603535
avgbs_cluster_1767.1.49,Mrg6,67.6,0.849259235,0.131578947,190,-1.764603535
avgbs_cluster_17716.1.38,Mrg11,6.8,0.052225528,0.344736842,190,14.11688108
avgbs_cluster_17730.1.21,Mrg2,27.4,0.556964261,0.147368421,190,5.565745308
avgbs_cluster_1774.1.10,Mrg1,45,0.455161336,0.376315789,190,-5.065145639
avgbs_cluster_1774.1.32,Mrg1,45,0.455161336,0.376315789,190,-5.065145639
avgbs_cluster_1774.1.63,Mrg1,45,0.455161336,0.376315789,190,-5.065145639
avgbs_cluster_17763.1.46,Mrg17,56.5,0.596722051,0.210526316,190,4.160350694
avgbs_cluster_17763.1.57,Mrg17,56.5,0.596722051,0.210526316,190,4.160350694
avgbs_cluster_17763.1.8,Mrg17,56.5,0.596722051,0.210526316,190,4.160350694
avgbs_cluster_17769.1.34,Mrg6,29.1,0.311651074,0.315789474,190,-7.123389423
avgbs_cluster_178.1.64,Mrg2,60.4,0.114044199,0.063157895,190,22.61647396
avgbs_cluster_17883.1.59,Mrg13,102.6,0.225413342,0.010526316,190,39.11860594
avgbs_cluster_17884.1.12,Mrg6,67.6,0.849259235,0.131578947,190,-1.764603535
avgbs_cluster_17884.1.38,Mrg6,67.6,0.849259235,0.131578947,190,-1.764603535
avgbs_cluster_17902.1.6,Mrg11,108.6,0.335082707,0.021052632,190,21.93742159
avgbs_cluster_17921.1.25,Mrg15,50.3,0.852547543,0.344736842,190,1.245221799
avgbs_cluster_17921.1.26,Mrg15,50.3,0.852547543,0.344736842,190,1.245221799
avgbs_cluster_17921.1.35,Mrg15,50.3,0.852547543,0.344736842,190,1.245221799
avgbs_cluster_17952.2.52,Mrg33,56.7,0.782335011,0.094736842,190,-3.074516087
avgbs_cluster_17952.2.58,Mrg33,56.2,0.82881859,0.094736842,190,-2.396178166
avgbs_cluster_180.1.52,Mrg4,44.7,0.906759886,0.202631579,190,-0.913200416
avgbs_cluster_18011.1.52,Mrg21,198.7,0.626676803,0.255263158,190,3.580201723
avgbs_cluster_18042.1.25,Mrg6,63.2,0.131271211,0.031578947,190,-28.6317029
avgbs_cluster_18051.1.54,Mrg33,105.5,0.054138209,0.015789474,190,51.6409648
avgbs_cluster_18120.1.50,Mrg11,68.6,0.382992389,0.207894737,190,-7.085362539
avgbs_cluster_18122.1.22,Mrg24,74.8,0.582285292,0.105263158,190,5.751642157
avgbs_cluster_18122.1.57,Mrg24,74.8,0.582285292,0.105263158,190,5.751642157
avgbs_cluster_18122.1.64,Mrg24,74.8,0.582285292,0.105263158,190,5.751642157
avgbs_cluster_18129.1.6,Mrg11,45.6,0.223997531,0.239473684,190,-9.284401014
avgbs_cluster_18143.1.11,Mrg12,67.8,0.715884545,0.136842105,190,3.523339877
avgbs_cluster_18144.1.53,Mrg8,137.4,0.041416651,0.034210526,190,-38.33584461
avgbs_cluster_18144.2.59,Mrg8,140.8,0.422095653,0.105263158,190,8.493719363
avgbs_cluster_18202.1.34,Mrg28,20,0.471222847,0.123684211,190,6.955359051
avgbs_cluster_18227.1.22,Mrg33,68.7,0.308115458,0.260526316,190,7.627198324
avgbs_cluster_18266.1.12,Mrg3,73.1,0.665937469,0.015789474,190,11.04158868
avgbs_cluster_18283.1.23,Mrg28,43.8,0.9381211,0.260526316,190,0.552198626
avgbs_cluster_18290.1.16,Mrg3,65,0.610637515,0.181578947,190,4.286621547
avgbs_cluster_18293.1.60,Mrg5,93,0.457678933,0.242105263,190,5.828021833
avgbs_cluster_18293.1.62,Mrg5,93,0.457678933,0.242105263,190,5.828021833
avgbs_cluster_18294.1.27,Mrg8,121.2,0.606402682,0.076315789,190,-6.274599142
avgbs_cluster_18321.1.49,Mrg23,30.2,0.374170599,0.052631579,190,12.96679398
avgbs_cluster_18355.1.11,Mrg3,35.4,0.935532514,0.376315789,190,0.524045022
avgbs_cluster_18355.1.50,Mrg3,35.4,0.935532514,0.376315789,190,0.524045022
avgbs_cluster_18373.1.28,Mrg12,21.2,0.300139832,0.036842105,190,-18.01583886
avgbs_cluster_18399.1.16,Mrg5,112.4,0.826372307,0.113157895,190,-2.192154686
avgbs_cluster_18399.1.63,Mrg5,112.4,0.996856505,0.118421053,190,-0.037945079
avgbs_cluster_18427.1.62,Mrg17,33.4,0.106052366,0.084210526,190,-19.69135211
avgbs_cluster_18458.1.10,Mrg17,19.4,0.322328863,0.084210526,190,-11.65426844
avgbs_cluster_18458.1.46,Mrg17,19.4,0.322328863,0.084210526,190,-11.65426844
avgbs_cluster_18490.1.46,Mrg20,18,0.036618438,0.355263158,190,-14.93431577
avgbs_cluster_18495.1.9,Mrg17,34,0.855573491,0.010526316,190,5.593838652
avgbs_cluster_18512.1.15,Mrg33,40.2,0.084811724,0.010526316,190,-56.26669991
avgbs_cluster_18547.1.40,Mrg24,10.1,0.499342777,0.189473684,190,5.614276702
avgbs_cluster_18547.1.52,Mrg24,10.1,0.499342777,0.189473684,190,5.614276702
avgbs_cluster_1858.1.29,Mrg11,8.8,0.051517271,0.476315789,190,13.74395011
avgbs_cluster_1859.1.56,Mrg11,52.8,0.995130441,0.376315789,190,0.039294414
avgbs_cluster_18659.1.33,Mrg11,3.7,0.460386605,0.478947368,190,-4.785001341
avgbs_cluster_18686.1.38,Mrg28,59.7,0.647425623,0.305263158,190,3.19073177
avgbs_cluster_18704.1.23,Mrg18,68.3,0.01952554,0.071052632,190,-32.18317067
avgbs_cluster_1874.1.9,Mrg9,53.1,0.476090545,0.092105263,190,8.0338855
avgbs_cluster_18767.1.28,Mrg2,87.3,0.22172781,0.031578947,190,23.0180933
avgbs_cluster_18767.1.6,Mrg2,87.3,0.22172781,0.031578947,190,23.0180933
avgbs_cluster_18767.1.9,Mrg2,87.3,0.22172781,0.031578947,190,23.0180933
avgbs_cluster_18799.1.47,Mrg6,38,0.980978387,0.063157895,190,0.303610721
avgbs_cluster_1882.1.54,Mrg12,46.3,0.353205284,0.031578947,190,17.32261096
avgbs_cluster_1882.1.57,Mrg12,46.3,0.353205284,0.031578947,190,17.32261096
avgbs_cluster_18841.1.35,Mrg9,86.7,0.313365528,0.076315789,190,12.54327552
avgbs_cluster_18841.1.47,Mrg9,86.7,0.313365528,0.076315789,190,12.54327552
avgbs_cluster_18853.1.15,Mrg20,222.5,0.447423656,0.318421053,190,5.301585792
avgbs_cluster_18853.1.34,Mrg20,222.5,0.447423656,0.318421053,190,5.301585792
avgbs_cluster_18879.1.32,Mrg24,41,0.947736484,0.205263158,190,0.508583592
avgbs_cluster_18888.1.12,Mrg17,78.9,0.589688152,0.010526316,190,16.94772828
avgbs_cluster_18888.1.31,Mrg17,78.9,0.589688152,0.010526316,190,16.94772828
avgbs_cluster_18888.1.37,Mrg17,78.9,0.589688152,0.010526316,190,16.94772828
avgbs_cluster_1898.1.11,Mrg6,56.9,0.660342552,0.244736842,190,3.271848075
avgbs_cluster_1898.1.26,Mrg6,56.9,0.888614879,0.497368421,190,-0.878161116
avgbs_cluster_18998.1.44,Mrg1,106.7,0.877861793,0.344736842,190,1.021011186
avgbs_cluster_1901.1.43,Mrg8,129.6,0.630352992,0.015789474,190,-12.34221257
avgbs_cluster_1901.1.57,Mrg8,129.6,0.630352992,0.015789474,190,-12.34221257
avgbs_cluster_19052.1.34,Mrg20,122.8,0.975093297,0.015789474,190,-0.776258913
avgbs_cluster_19052.1.9,Mrg20,122.8,0.975093297,0.015789474,190,-0.776258913
avgbs_cluster_19106.1.50,Mrg1,64.8,0.673298696,0.215789474,190,-3.291462975
avgbs_cluster_19117.1.15,Mrg18,15.9,0.514691741,0.271052632,190,4.743428102
avgbs_cluster_19139.1.42,Mrg8,87.4,0.979676152,0.363157895,190,-0.166006098
avgbs_cluster_19139.1.44,Mrg8,87.4,0.8148808,0.042105263,190,-3.670366873
avgbs_cluster_19199.1.44,Mrg12,63.5,0.025652623,0.226315789,190,18.45921843
avgbs_cluster_19199.1.58,Mrg12,63.5,0.025652623,0.226315789,190,18.45921843
avgbs_cluster_19238.1.64,Mrg9,72.3,0.217074904,0.323684211,190,9.054555008
avgbs_cluster_19249.1.23,Mrg11,21.9,0.743396739,0.165789474,190,-2.857401249
avgbs_cluster_1925.1.11,Mrg24,60.2,0.870865883,0.136842105,190,1.481427846
avgbs_cluster_1925.1.27,Mrg24,60.2,0.870865883,0.136842105,190,1.481427846
avgbs_cluster_19251.1.15,Mrg1,45,0.13540583,0.015789474,190,39.72574643
avgbs_cluster_19251.1.27,Mrg1,45,0.13540583,0.015789474,190,39.72574643
avgbs_cluster_19251.1.42,Mrg1,45,0.13540583,0.015789474,190,39.72574643
avgbs_cluster_19259.1.49,Mrg2,23.2,0.769076896,0.060526316,190,3.93754883
avgbs_cluster_19365.1.61,Mrg6,49.3,0.671334466,0.305263158,190,2.954702861
avgbs_cluster_19365.1.64,Mrg6,49.3,0.671334466,0.305263158,190,2.954702861
avgbs_cluster_19385.1.41,Mrg3,120.4,0.995604104,0.052631579,190,-0.078402981
avgbs_cluster_19469.1.34,Mrg23,74.5,0.109098865,0.173684211,190,14.46333487
avgbs_cluster_19531.1.7,Mrg9,42.9,0.166632236,0.073684211,190,17.51384267
avgbs_cluster_1955.1.17,Mrg18,20.6,0.227917465,0.021052632,190,27.6546595
avgbs_cluster_1955.1.59,Mrg18,20.2,0.179119283,0.105263158,190,-14.67438855
avgbs_cluster_19559.1.40,Mrg3,70.1,0.873733746,0.021052632,190,-3.466140233
avgbs_cluster_19632.1.17,Mrg1,50.2,0.854872018,0.313157895,190,-1.240877175
avgbs_cluster_1969.1.40,Mrg20,193.6,0.49506791,0.021052632,190,15.35030802
avgbs_cluster_1969.1.61,Mrg20,193.6,0.49506791,0.021052632,190,15.35030802
avgbs_cluster_1970.1.17,Mrg13,60,0.556614677,0.136842105,190,5.499823132
avgbs_cluster_1977.1.20,Mrg2,17,0.201742265,0.244736842,190,-10.04987004
avgbs_cluster_1977.1.42,Mrg2,17,0.201742265,0.244736842,190,-10.04987004
avgbs_cluster_1977.1.62,Mrg2,17,0.201742265,0.244736842,190,-10.04987004
avgbs_cluster_19777.1.42,Mrg15,53.2,0.858847537,0.089473684,190,1.95369418
avgbs_cluster_1978.1.13,Mrg21,27.3,0.694492904,0.163157895,190,3.381058108
avgbs_cluster_1978.1.43,Mrg21,27.3,0.417660409,0.178947368,190,6.867789247
avgbs_cluster_19812.1.32,Mrg18,34.4,0.329794107,0.231578947,190,7.607096961
avgbs_cluster_19837.1.19,Mrg3,40.3,0.989077383,0.160526316,190,0.117143355
avgbs_cluster_19837.1.27,Mrg3,25.4,0.492191554,0.073684211,190,-8.493082048
avgbs_cluster_19837.1.39,Mrg3,25.4,0.66457258,0.228947368,190,-3.302988518
avgbs_cluster_19880.1.12,Mrg12,119.4,0.993305904,0.081578947,190,-0.095660849
avgbs_cluster_1998.1.40,Mrg1,73.5,0.592719563,0.289473684,190,3.806309686
avgbs_cluster_1998.1.48,Mrg1,73.5,0.592719563,0.289473684,190,3.806309686
avgbs_cluster_19988.1.56,Mrg21,148.2,0.702906287,0.134210526,190,3.576851377
avgbs_cluster_20089.1.45,Mrg11,52.8,0.791310837,0.181578947,190,2.235940062
avgbs_cluster_20094.1.32,Mrg23,62.1,0.194730657,0.328947368,190,9.137706459
avgbs_cluster_20097.1.23,Mrg13,111.7,0.090333027,0.171052632,190,15.04815032
avgbs_cluster_20124.1.24,Mrg17,57.4,0.398765351,0.255263158,190,6.649152304
avgbs_cluster_20124.1.45,Mrg17,57.4,0.398765351,0.255263158,190,6.649152304
avgbs_cluster_20124.1.47,Mrg17,57.4,0.398765351,0.255263158,190,6.649152304
avgbs_cluster_20142.1.46,Mrg28,44.4,0.388896875,0.231578947,190,6.748328053
avgbs_cluster_20142.1.50,Mrg28,44.4,0.313559051,0.247368421,190,7.810058007
avgbs_cluster_20192.1.20,Mrg8,86.2,0.417451683,0.252631579,190,-6.237518451
avgbs_cluster_2024.1.37,Mrg33,73,0.54562063,0.476315789,190,3.904077121
avgbs_cluster_2024.1.39,Mrg33,73,0.54562063,0.476315789,190,3.904077121
avgbs_cluster_20257.1.57,Mrg21,193.1,0.864255965,0.110526316,190,1.70879297
avgbs_cluster_20332.1.17,Mrg9,50.9,0.515095935,0.086842105,190,7.647772493
avgbs_cluster_2034.1.10,Mrg15,72.9,0.479387466,0.097368421,190,-7.773144482
avgbs_cluster_2034.1.7,Mrg15,72.9,0.479387466,0.097368421,190,-7.773144482
avgbs_cluster_20361.1.30,Mrg9,43.4,0.661364727,0.168421053,190,3.805192064
avgbs_cluster_20361.1.57,Mrg9,43.4,0.661364727,0.168421053,190,3.805192064
avgbs_cluster_20419.1.48,Mrg11,107.9,0.478913215,0.015789474,190,20.15253487
avgbs_cluster_20436.1.17,Mrg12,25,0.281589064,0.244736842,190,8.364274407
avgbs_cluster_2045.1.28,Mrg24,5.4,0.023706949,0.036842105,190,-40.3076519
avgbs_cluster_2046.1.16,Mrg21,187.6,0.930573538,0.405263158,190,-0.574983926
avgbs_cluster_20478.1.19,Mrg28,43.8,0.695913694,0.168421053,190,3.321596453
avgbs_cluster_2049.1.7,Mrg5,109.5,0.945812662,0.110526316,190,0.683122829
avgbs_cluster_20532.1.34,Mrg9,132.7,0.071892405,0.078947368,190,22.68237401
avgbs_cluster_20556.1.43,Mrg2,87.3,0.256183369,0.302631579,190,8.198312016
avgbs_cluster_2058.1.35,Mrg21,27.3,0.806690038,0.160526316,190,2.089945841
avgbs_cluster_2058.1.51,Mrg21,27.3,0.806690038,0.160526316,190,2.089945841
avgbs_cluster_20678.1.33,Mrg8,146.1,0.131441307,0.065789474,190,20.86863586
avgbs_cluster_20681.1.16,Mrg1,108.4,0.65899026,0.092105263,190,-4.987344271
avgbs_cluster_20681.1.38,Mrg1,108.4,0.65899026,0.092105263,190,-4.987344271
avgbs_cluster_20683.1.12,Mrg24,21.6,0.043779206,0.128947368,190,20.25551786
avgbs_cluster_207.1.7,Mrg12,26.4,0.33581052,0.063157895,190,12.92691362
avgbs_cluster_20733.1.59,Mrg13,106.5,0.225413342,0.010526316,190,39.11860594
avgbs_cluster_20744.1.53,Mrg6,37.4,0.581974112,0.165789474,190,4.773155427
avgbs_cluster_20815.1.15,Mrg13,29,0.777107422,0.039473684,190,4.674231315
avgbs_cluster_20815.1.23,Mrg13,29,0.135518231,0.273684211,190,-11.17833639
avgbs_cluster_20819.1.57,Mrg6,67.6,0.779965651,0.063157895,190,-3.626925328
avgbs_cluster_20819.1.62,Mrg6,67.6,0.779965651,0.063157895,190,-3.626925328
avgbs_cluster_20847.1.44,Mrg15,35.1,0.11975972,0.015789474,190,41.44878565
avgbs_cluster_20867.1.21,Mrg17,31.5,0.855573491,0.010526316,190,5.593838652
avgbs_cluster_209.1.61,Mrg15,33.5,0.916100503,0.010526316,190,3.218838652
avgbs_cluster_20934.1.26,Mrg20,122.8,0.975093297,0.015789474,190,-0.776258913
avgbs_cluster_20934.1.6,Mrg20,122.8,0.975093297,0.015789474,190,-0.776258913
avgbs_cluster_20943.1.12,Mrg19,68.7,0.819062836,0.039473684,190,-3.762973037
avgbs_cluster_20994.1.23,Mrg17,51.3,0.720333414,0.021052632,190,7.915664203
avgbs_cluster_21012.1.31,Mrg1,92.6,0.056877953,0.123684211,190,19.69156582
avgbs_cluster_21030.1.11,Mrg24,42.2,0.02458096,0.234210526,190,-18.58134581
avgbs_cluster_2104.1.50,Mrg20,138.5,0.593259729,0.031578947,190,10.7629308
avgbs_cluster_2104.1.56,Mrg20,138.5,0.593259729,0.031578947,190,10.7629308
avgbs_cluster_21091.1.61,Mrg6,38,0.660334273,0.071052632,190,-5.511110962
avgbs_cluster_21110.1.6,Mrg13,35.9,0.416343271,0.165789474,190,7.133347446
avgbs_cluster_21149.1.59,Mrg1,50.7,0.405235226,0.057894737,190,11.87564812
avgbs_cluster_21153.1.37,Mrg13,111.7,0.044324144,0.402631579,190,-13.76195693
avgbs_cluster_21153.1.56,Mrg13,111.7,0.044324144,0.402631579,190,-13.76195693
avgbs_cluster_21169.1.40,Mrg5,42,0.059575849,0.118421053,190,19.60315334
avgbs_cluster_21242.1.38,Mrg19,29,0.145854229,0.489473684,190,-9.640854441
avgbs_cluster_21346.1.12,Mrg17,66.1,0.273558864,0.5,190,-7.509315134
avgbs_cluster_21346.1.38,Mrg17,66.1,0.273558864,0.5,190,-7.509315134
avgbs_cluster_21346.1.57,Mrg17,66.1,0.273558864,0.5,190,7.509315134
avgbs_cluster_21349.1.64,Mrg23,62.1,0.017197944,0.189473684,190,-21.17083293
avgbs_cluster_21358.1.29,Mrg21,148.2,0.401766933,0.231578947,190,6.511566137
avgbs_cluster_21400.1.51,Mrg21,140.1,0.81366551,0.055263158,190,3.960966167
avgbs_cluster_21400.1.52,Mrg21,140.1,0.81366551,0.055263158,190,3.960966167
avgbs_cluster_21417.1.20,Mrg3,90.5,0.004458052,0.036842105,190,-50.89781583
avgbs_cluster_21454.1.51,Mrg13,39.4,0.107199859,0.068421053,190,21.66705292
avgbs_cluster_21456.1.28,Mrg1,49.7,0.752526182,0.336842105,190,-2.150172741
avgbs_cluster_21460.1.19,Mrg17,32.9,0.700209012,0.073684211,190,-4.685756561
avgbs_cluster_21471.1.15,Mrg11,8.8,0.393075519,0.465789474,190,5.585554289
avgbs_cluster_21492.1.8,Mrg4,43.8,0.865973669,0.452631579,190,-1.091872319
avgbs_cluster_215.1.13,Mrg19,59.2,0.036970493,0.092105263,190,24.36073657
avgbs_cluster_215.1.37,Mrg19,59.2,0.036970493,0.092105263,190,24.36073657
avgbs_cluster_21518.1.53,Mrg1,105.9,0.137546025,0.073684211,190,18.84881629
avgbs_cluster_21527.1.56,Mrg11,9.7,0.595045386,0.063157895,190,7.005536049
avgbs_cluster_21528.1.30,Mrg4,37.9,0.487516467,0.097368421,190,7.625503626
avgbs_cluster_21528.1.45,Mrg4,37.9,0.487516467,0.097368421,190,7.625503626
avgbs_cluster_21529.1.11,Mrg20,147.3,0.717196483,0.052631579,190,-5.291562805
avgbs_cluster_21529.1.36,Mrg20,147.3,0.717196483,0.052631579,190,-5.291562805
avgbs_cluster_21532.1.30,Mrg20,204.8,0.30977934,0.160526316,190,-9.191740122
avgbs_cluster_21548.1.39,Mrg17,85.3,0.495410558,0.373684211,190,-4.577205281
avgbs_cluster_21550.1.54,Mrg12,55,0.748000025,0.265789474,190,-2.310901455
avgbs_cluster_21550.1.59,Mrg12,55,0.748000025,0.265789474,190,-2.310901455
avgbs_cluster_21554.1.41,Mrg11,32.4,0.76786379,0.057894737,190,3.995538133
avgbs_cluster_21603.1.12,Mrg4,37.9,0.935368493,0.223684211,190,-0.607955763
avgbs_cluster_2163.1.39,Mrg1,98.8,0.563687353,0.357894737,190,3.892810074
avgbs_cluster_21657.1.20,Mrg2,82.4,0.008713343,0.242105263,190,-20.92193069
avgbs_cluster_21657.1.38,Mrg2,82.4,0.008713343,0.242105263,190,-20.92193069
avgbs_cluster_21657.1.48,Mrg2,71.3,0.00613619,0.236842105,190,-22.04369574
avgbs_cluster_21695.1.14,Mrg13,36.7,0.416164732,0.168421053,190,7.124834543
avgbs_cluster_21785.1.15,Mrg18,28.6,0.48189086,0.228947368,190,-5.431799303
avgbs_cluster_2181.1.19,Mrg24,60.2,0.667941164,0.165789474,190,3.69461415
avgbs_cluster_2181.1.34,Mrg24,60.2,0.667941164,0.165789474,190,3.69461415
avgbs_cluster_2181.1.38,Mrg24,60.2,0.667941164,0.165789474,190,3.69461415
avgbs_cluster_21819.1.34,Mrg4,44.7,0.648410648,0.394736842,190,-3.011621962
avgbs_cluster_21819.1.48,Mrg4,44.7,0.648410648,0.394736842,190,-3.011621962
avgbs_cluster_21829.1.28,Mrg11,52.8,0.733832763,0.163157895,190,2.946120794
avgbs_cluster_21829.1.56,Mrg11,52.8,0.733832763,0.163157895,190,2.946120794
avgbs_cluster_21860.1.39,Mrg24,19.4,0.989254905,0.071052632,190,0.163870303
avgbs_cluster_21860.1.44,Mrg24,19.4,0.166130181,0.013157895,190,42.40955737
avgbs_cluster_2189.1.61,Mrg8,123.6,0.416376187,0.473684211,190,-5.402592082
avgbs_cluster_2189.1.7,Mrg8,123.6,0.416376187,0.473684211,190,-5.402592082
avgbs_cluster_21908.1.26,Mrg9,44.7,0.090607433,0.35,190,12.44197937
avgbs_cluster_21979.1.50,Mrg20,120.1,0.310361517,0.105263158,190,10.81912377
avgbs_cluster_22.1.59,Mrg1,84.4,0.828855555,0.031578947,190,-3.886741395
avgbs_cluster_22014.1.39,Mrg4,10.1,0.285221922,0.384210526,190,7.501828868
avgbs_cluster_22014.1.50,Mrg4,10.1,0.285221922,0.384210526,190,7.501828868
avgbs_cluster_22014.1.60,Mrg4,10.1,0.285221922,0.384210526,190,7.501828868
avgbs_cluster_22014.1.63,Mrg4,10.1,0.332719583,0.376315789,190,6.827009573
avgbs_cluster_22037.1.47,Mrg11,9.8,0.366919593,0.018421053,190,22.71470295
avgbs_cluster_22076.1.60,Mrg9,79.2,0.23787345,0.205263158,190,-9.538572652
avgbs_cluster_22076.1.61,Mrg9,79.2,0.23787345,0.205263158,190,-9.538572652
avgbs_cluster_22085.1.55,Mrg13,108.5,0.072790416,0.210526316,190,14.79894863
avgbs_cluster_22088.1.64,Mrg12,5.2,0.028461395,0.305263158,190,16.69986232
avgbs_cluster_22090.1.49,Mrg9,125.7,0.129818175,0.092105263,190,17.80790779
avgbs_cluster_22094.1.43,Mrg20,91.5,0.527296178,0.055263158,190,-9.029151925
avgbs_cluster_22114.1.28,Mrg13,42.1,0.57540618,0.097368421,190,6.112021372
avgbs_cluster_22157.1.54,Mrg8,153.6,0.455356878,0.055263158,190,11.32025156
avgbs_cluster_22249.1.59,Mrg13,40.8,0.205640851,0.052631579,190,18.6940625
avgbs_cluster_22255.1.43,Mrg23,57.8,0.240450898,0.326315789,190,8.187076122
avgbs_cluster_22271.1.17,Mrg3,65,0.550429089,0.192105263,190,4.982374812
avgbs_cluster_22271.1.35,Mrg3,65,0.430879119,0.057894737,190,10.94443351
avgbs_cluster_22277.1.45,Mrg21,39.5,0.20460322,0.063157895,190,17.20158006
avgbs_cluster_22277.1.54,Mrg21,39.5,0.20460322,0.063157895,190,17.20158006
avgbs_cluster_22293.1.61,Mrg1,108.4,0.922871299,0.060526316,190,1.421908809
avgbs_cluster_22341.1.22,Mrg20,232.1,0.493639033,0.492105263,190,-4.458344946
avgbs_cluster_22342.1.57,Mrg8,52.5,0.131881957,0.092105263,190,17.42417789
avgbs_cluster_22372.1.63,Mrg12,17,0.005076234,0.010526316,190,-92.55177305
avgbs_cluster_22372.1.64,Mrg12,17,0.005076234,0.010526316,190,-92.55177305
avgbs_cluster_22379.1.46,Mrg9,49.2,0.586331175,0.023684211,190,11.8213282
avgbs_cluster_22418.1.11,Mrg21,187.6,0.119090493,0.084210526,190,18.64105753
avgbs_cluster_22418.1.22,Mrg21,187.6,0.119090493,0.084210526,190,18.64105753
avgbs_cluster_22452.1.34,Mrg17,85.7,0.27712701,0.255263158,190,8.094123009
avgbs_cluster_22452.1.36,Mrg17,85.7,0.27712701,0.255263158,190,8.094123009
avgbs_cluster_22463.1.18,Mrg18,69.9,0.269925416,0.018421053,190,27.96795573
avgbs_cluster_22463.1.31,Mrg18,69.9,0.269925416,0.018421053,190,27.96795573
avgbs_cluster_22463.1.38,Mrg18,69.9,0.269925416,0.018421053,190,27.96795573
avgbs_cluster_22463.1.56,Mrg18,69.9,0.269925416,0.018421053,190,27.96795573
avgbs_cluster_2253.1.20,Mrg21,205.7,0.773888906,0.055263158,190,4.023814465
avgbs_cluster_2253.1.28,Mrg21,205.7,0.773888906,0.055263158,190,4.023814465
avgbs_cluster_2253.1.64,Mrg21,205.7,0.757971501,0.060526316,190,4.136822611
avgbs_cluster_22594.1.42,Mrg8,64.5,0.963288613,0.128947368,190,-0.428718521
avgbs_cluster_22598.1.28,Mrg33,36.8,0.000176193,0.228947368,190,-30.25742214
avgbs_cluster_22635.1.19,Mrg21,27.3,0.490201322,0.152631579,190,6.1991357
avgbs_cluster_22640.1.12,Mrg13,115.4,0.49259507,0.242105263,190,5.21248245
avgbs_cluster_22647.1.40,Mrg18,42.5,0.765623192,0.323684211,190,2.020684017
avgbs_cluster_22649.1.41,Mrg1,50.7,0.487340726,0.063157895,190,9.227650983
avgbs_cluster_22649.1.50,Mrg1,50.7,0.487340726,0.063157895,190,9.227650983
avgbs_cluster_22714.1.19,Mrg6,87.2,0.21996047,0.152631579,190,11.23729965
avgbs_cluster_22740.1.15,Mrg21,198.9,0.887381601,0.023684211,190,-2.99885281
avgbs_cluster_22740.1.43,Mrg21,198.9,0.887381601,0.023684211,190,-2.99885281
avgbs_cluster_22740.1.59,Mrg21,198.9,0.887381601,0.023684211,190,-2.99885281
avgbs_cluster_22798.1.55,Mrg6,28.1,0.722060332,0.068421053,190,4.471424562
avgbs_cluster_22812.1.56,Mrg19,75.3,0.851802938,0.355263158,190,1.281220706
avgbs_cluster_22812.1.59,Mrg19,75.3,0.851802938,0.355263158,190,1.281220706
avgbs_cluster_22813.1.58,Mrg17,104.8,0.565550999,0.010526316,190,18.09101285
avgbs_cluster_2288.1.61,Mrg18,36.2,0.980488381,0.35,190,-0.159295618
avgbs_cluster_22881.1.30,Mrg13,96.7,0.244505579,0.384210526,190,7.825081539
avgbs_cluster_22881.1.32,Mrg13,96.7,0.209225984,0.386842105,190,8.525042204
avgbs_cluster_22882.1.61,Mrg6,83.9,0.555459659,0.078947368,190,-7.03072619
avgbs_cluster_22882.1.62,Mrg6,83.9,0.555459659,0.078947368,190,-7.03072619
avgbs_cluster_22882.1.63,Mrg6,83.9,0.555459659,0.078947368,190,-7.03072619
avgbs_cluster_2290.1.26,Mrg9,111.7,0.161194803,0.068421053,190,18.36687763
avgbs_cluster_2290.1.51,Mrg9,111.7,0.161194803,0.068421053,190,18.36687763
avgbs_cluster_22902.1.50,Mrg12,56.7,0.244470242,0.213157895,190,-9.458068523
avgbs_cluster_22905.1.11,Mrg12,37.5,0.284414003,0.094736842,190,-11.98597384
avgbs_cluster_22905.1.16,Mrg12,37.5,0.284414003,0.094736842,190,-11.98597384
avgbs_cluster_22905.1.64,Mrg12,37.5,0.284414003,0.094736842,190,-11.98597384
avgbs_cluster_22909.1.40,Mrg9,42.6,0.723472591,0.171052632,190,3.024088378
avgbs_cluster_2295.1.26,Mrg21,190.4,0.698115854,0.186842105,190,3.206189067
avgbs_cluster_2295.1.33,Mrg21,190.4,0.698115854,0.186842105,190,3.206189067
avgbs_cluster_23058.1.36,Mrg8,118.8,0.143441439,0.484210526,190,-9.755103595
avgbs_cluster_23077.1.11,Mrg5,80.8,0.14923217,0.034210526,190,26.82552845
avgbs_cluster_23077.1.29,Mrg5,80.8,0.14923217,0.034210526,190,26.82552845
avgbs_cluster_23077.1.55,Mrg5,80.8,0.14923217,0.034210526,190,26.82552845
avgbs_cluster_231.1.42,Mrg17,78.9,0.412382501,0.036842105,190,-14.13908242
avgbs_cluster_231.1.43,Mrg17,78.9,0.412382501,0.036842105,190,-14.13908242
avgbs_cluster_231.1.44,Mrg17,78.9,0.412382501,0.036842105,190,-14.13908242
avgbs_cluster_2316.1.26,Mrg23,12,0.237019761,0.057894737,190,-16.65996593
avgbs_cluster_2316.1.53,Mrg23,12,0.237019761,0.057894737,190,-16.65996593
avgbs_cluster_23202.1.60,Mrg2,27.2,0.700929421,0.381578947,190,2.641886178
avgbs_cluster_23205.1.8,Mrg28,60.1,0.786281225,0.376315789,190,1.781550299
avgbs_cluster_23213.1.12,Mrg33,73,0.050118723,0.021052632,190,45.63794243
avgbs_cluster_23213.1.47,Mrg33,73,0.050118723,0.021052632,190,45.63794243
avgbs_cluster_23226.1.52,Mrg24,41,0.483088972,0.168421053,190,-6.299690351
avgbs_cluster_23227.1.52,Mrg21,142,0.404196368,0.160526316,190,7.574833639
avgbs_cluster_23231.1.38,Mrg13,39.4,0.389489154,0.042105263,190,14.42413513
avgbs_cluster_23231.1.46,Mrg13,39.4,0.092786685,0.065789474,190,23.88815195
avgbs_cluster_23248.1.24,Mrg13,108.5,0.524745613,0.231578947,190,4.859450239
avgbs_cluster_23248.1.39,Mrg13,108.5,0.524745613,0.231578947,190,4.859450239
avgbs_cluster_23248.1.60,Mrg13,108.5,0.524745613,0.231578947,190,4.859450239
avgbs_cluster_23283.1.36,Mrg11,54,0.605849079,0.215789474,190,4.049685456
avgbs_cluster_23290.1.51,Mrg18,21.1,0.127384586,0.181578947,190,13.18375864
avgbs_cluster_23290.1.52,Mrg18,21.1,0.127384586,0.181578947,190,13.18375864
avgbs_cluster_23299.1.46,Mrg28,43.8,0.317751542,0.321052632,190,7.08626286
avgbs_cluster_23300.1.37,Mrg33,45.8,0.565763624,0.128947368,190,-5.674622056
avgbs_cluster_23345.1.19,Mrg17,110.4,0.26091813,0.105263158,190,-12.0325674
avgbs_cluster_23345.1.27,Mrg17,110.4,0.891508871,0.05,190,1.983891263
avgbs_cluster_23345.1.29,Mrg17,110.4,0.26091813,0.105263158,190,-12.0325674
avgbs_cluster_23353.1.8,Mrg1,45,0.408585809,0.063157895,190,11.04170178
avgbs_cluster_2337.1.34,Mrg12,14.1,0.950605084,0.107894737,190,0.633584978
avgbs_cluster_23390.1.62,Mrg1,82.7,0.407758057,0.1,190,8.969212963
avgbs_cluster_23391.1.46,Mrg5,130.9,0.338535384,0.052631579,190,13.99991898
avgbs_cluster_23392.1.12,Mrg11,45.6,0.560737043,0.168421053,190,-5.093126627
avgbs_cluster_23392.1.60,Mrg11,45.6,0.436145387,0.031578947,190,14.44421422
avgbs_cluster_23423.1.46,Mrg4,17.6,0.306043006,0.028947368,190,-20.47262105
avgbs_cluster_2347.1.47,Mrg33,27.1,0.506166529,0.089473684,190,-7.641524654
avgbs_cluster_23503.1.54,Mrg20,147.3,0.506173392,0.115789474,190,6.793266917
avgbs_cluster_23503.1.61,Mrg20,147.3,0.506173392,0.115789474,190,6.793266917
avgbs_cluster_23520.1.30,Mrg6,99.1,0.720094647,0.236842105,190,2.715163773
avgbs_cluster_2354.1.24,Mrg8,142,0.002618563,0.042105263,190,-52.28905064
avgbs_cluster_2358.1.63,Mrg24,60.7,0.283988521,0.026315789,190,-21.9482545
avgbs_cluster_2358.1.64,Mrg24,60.7,0.283988521,0.026315789,190,-21.9482545
avgbs_cluster_23584.1.28,Mrg21,199.4,0.285712078,0.073684211,190,13.39807562
avgbs_cluster_23584.1.41,Mrg21,199.4,0.285712078,0.073684211,190,13.39807562
avgbs_cluster_23584.1.62,Mrg21,199.4,0.285712078,0.073684211,190,13.39807562
avgbs_cluster_23657.1.46,Mrg15,77.6,0.829345471,0.081578947,190,-2.373812912
avgbs_cluster_2367.1.16,Mrg3,129.9,0.013932773,0.271052632,190,-19.46645386
avgbs_cluster_2367.1.30,Mrg3,129.9,0.013932773,0.271052632,190,-19.46645386
avgbs_cluster_23686.1.30,Mrg8,77.8,0.52377993,0.028947368,190,-13.21938832
avgbs_cluster_2371.1.19,Mrg6,99.1,0.290930248,0.089473684,190,-12.32768506
avgbs_cluster_23712.1.10,Mrg18,68.3,0.024992531,0.031578947,190,-43.01938406
avgbs_cluster_23712.1.64,Mrg18,68.3,0.024992531,0.031578947,190,-43.01938406
avgbs_cluster_2373.1.11,Mrg33,23.1,0.757803633,0.365789474,190,2.055083233
avgbs_cluster_2373.1.50,Mrg33,23.1,0.757803633,0.365789474,190,2.055083233
avgbs_cluster_23828.1.31,Mrg21,31.3,0.251966051,0.184210526,190,9.799271029
avgbs_cluster_23834.1.26,Mrg11,8.8,0.521578692,0.492105263,190,-4.143605447
avgbs_cluster_23834.1.49,Mrg11,8.8,0.521578692,0.492105263,190,-4.143605447
avgbs_cluster_23834.1.61,Mrg11,8.8,0.521578692,0.492105263,190,-4.143605447
avgbs_cluster_23838.1.14,Mrg4,44.7,0.985742459,0.376315789,190,-0.114520712
avgbs_cluster_2384.1.38,Mrg17,89.4,0.283965111,0.184210526,190,9.0634351
avgbs_cluster_23890.1.54,Mrg23,53.7,0.091977904,0.071052632,190,-22.05958008
avgbs_cluster_23900.1.14,Mrg3,25,0.742932018,0.118421053,190,3.195737799
avgbs_cluster_23900.1.15,Mrg3,25,0.742932018,0.118421053,190,3.195737799
avgbs_cluster_23910.1.29,Mrg20,205.4,0.833526821,0.271052632,190,1.532763351
avgbs_cluster_23910.1.39,Mrg20,205.4,0.833526821,0.271052632,190,1.532763351
avgbs_cluster_23922.1.28,Mrg20,214.4,0.470319209,0.315789474,190,5.056558241
avgbs_cluster_23950.1.46,Mrg21,81.6,0.479597634,0.110526316,190,-7.19507924
avgbs_cluster_23950.1.49,Mrg21,81.6,0.479597634,0.110526316,190,-7.19507924
avgbs_cluster_2397.1.17,Mrg3,56.2,0.763084649,0.263157895,190,-2.179780654
avgbs_cluster_2397.1.48,Mrg3,56.2,0.763084649,0.263157895,190,-2.179780654
avgbs_cluster_23994.1.31,Mrg8,147.3,0.670188924,0.155263158,190,3.766949126
avgbs_cluster_23994.1.47,Mrg8,151.9,0.461439433,0.092105263,190,8.311851423
avgbs_cluster_23995.1.58,Mrg5,58.9,0.789232208,0.163157895,190,2.282698908
avgbs_cluster_24002.1.25,Mrg3,25,0.971204902,0.147368421,190,0.32258782
avgbs_cluster_2402.1.22,Mrg3,101.6,0.427224965,0.010526316,190,25.25075355
avgbs_cluster_2402.1.41,Mrg3,101.6,0.427224965,0.010526316,190,25.25075355
avgbs_cluster_24081.1.59,Mrg15,79.2,0.533930347,0.081578947,190,-7.383999357
avgbs_cluster_24084.1.22,Mrg1,109,0.911479793,0.357894737,190,0.731919
avgbs_cluster_24169.1.25,Mrg23,53.8,0.499592917,0.010526316,190,21.3597961
avgbs_cluster_24174.1.59,Mrg15,70.2,0.004231932,0.131578947,190,29.57070584
avgbs_cluster_2419.1.25,Mrg1,12.9,0.046450635,0.444736842,190,-13.44382219
avgbs_cluster_24208.1.40,Mrg24,89.4,0.687173671,0.118421053,190,3.991975983
avgbs_cluster_24208.1.58,Mrg24,89.4,0.687173671,0.118421053,190,3.991975983
avgbs_cluster_2422.1.62,Mrg1,109,0.511794564,0.036842105,190,11.23503936
avgbs_cluster_24227.1.35,Mrg8,62.4,0.224329278,0.010526316,190,39.21335328
avgbs_cluster_24247.1.55,Mrg15,26.4,0.185694821,0.489473684,190,8.935335899
avgbs_cluster_24247.1.62,Mrg15,26.4,0.185694821,0.489473684,190,8.935335899
avgbs_cluster_24294.1.13,Mrg12,40.2,0.204226493,0.010526316,190,-41.03448582
avgbs_cluster_24294.1.22,Mrg12,40.2,0.204226493,0.010526316,190,-41.03448582
avgbs_cluster_24308.1.32,Mrg20,15.8,0.14405929,0.026315789,190,30.24654279
avgbs_cluster_24428.1.15,Mrg19,68.3,0.55941253,0.231578947,190,-4.585826508
avgbs_cluster_24428.1.20,Mrg19,68.3,0.55941253,0.231578947,190,-4.585826508
avgbs_cluster_24442.1.33,Mrg12,40.8,0.340661961,0.010526316,190,-30.49226507
avgbs_cluster_24445.1.60,Mrg9,68.3,0.460412581,0.271052632,190,5.395314944
avgbs_cluster_24507.1.49,Mrg5,57.6,0.52798457,0.021052632,190,14.16440412
avgbs_cluster_24606.1.37,Mrg11,108.6,0.964845579,0.221052632,190,-0.329560811
avgbs_cluster_24611.1.41,Mrg2,29.2,0.556217783,0.118421053,190,-5.893353208
avgbs_cluster_24611.1.8,Mrg2,29.2,0.556217783,0.118421053,190,-5.893353208
avgbs_cluster_24626.1.19,Mrg18,67.7,0.259762252,0.015789474,190,29.69655749
avgbs_cluster_24654.1.50,Mrg3,46.3,0.804148719,0.455263158,190,-1.645166534
avgbs_cluster_24659.1.41,Mrg17,91.2,0.19913033,0.026315789,190,-26.46974099
avgbs_cluster_24662.1.43,Mrg19,55.4,0.665071297,0.018421053,190,11.61044627
avgbs_cluster_24662.1.44,Mrg19,55.4,0.665071297,0.018421053,190,11.61044627
avgbs_cluster_2467.1.10,Mrg17,92.5,0.238159077,0.139473684,190,11.26464787
avgbs_cluster_24696.1.20,Mrg2,87.3,0.065434252,0.35,190,-13.00880175
avgbs_cluster_24743.1.13,Mrg6,51.5,0.446023254,0.489473684,190,-4.967653251
avgbs_cluster_2479.1.29,Mrg6,113.9,0.715714981,0.036842105,190,-6.138984843
avgbs_cluster_24796.1.18,Mrg20,18.8,0.588498072,0.015789474,190,13.92037656
avgbs_cluster_24796.1.35,Mrg20,19.2,0.913582945,0.047368421,190,1.593420043
avgbs_cluster_2480.1.43,Mrg20,261,0.682236927,0.457894737,190,2.616460914
avgbs_cluster_2480.1.63,Mrg20,261,0.682236927,0.457894737,190,2.616460914
avgbs_cluster_24806.1.52,Mrg18,21.1,0.179810253,0.018421053,190,34.2345811
avgbs_cluster_24808.1.17,Mrg17,97.4,0.65015553,0.194736842,190,3.687189708
avgbs_cluster_24815.1.26,Mrg17,87.8,0.252528063,0.197368421,190,9.488236537
avgbs_cluster_24815.1.6,Mrg17,87.8,0.252528063,0.197368421,190,9.488236537
avgbs_cluster_2483.1.7,Mrg15,58.2,0.691122279,0.118421053,190,3.937567182
avgbs_cluster_24837.1.34,Mrg1,110.8,0.511794564,0.036842105,190,11.23503936
avgbs_cluster_24837.1.41,Mrg1,110.8,0.511794564,0.036842105,190,11.23503936
avgbs_cluster_24860.1.22,Mrg1,108.4,0.471360735,0.102631579,190,-7.968986355
avgbs_cluster_24893.1.6,Mrg9,44.7,0.621866764,0.094736842,190,5.388117733
avgbs_cluster_24939.1.57,Mrg24,42.5,0.111369073,0.352631579,190,-11.47900209
avgbs_cluster_24939.1.58,Mrg24,42.5,0.111369073,0.352631579,190,-11.47900209
avgbs_cluster_24939.1.59,Mrg24,42.5,0.111369073,0.352631579,190,-11.47900209
avgbs_cluster_24970.1.60,Mrg8,129.3,0.987192351,0.194736842,190,0.128765191
avgbs_cluster_24973.1.11,Mrg11,82.2,0.594242484,0.021052632,190,-11.89675179
avgbs_cluster_24973.1.60,Mrg11,82.2,0.594242484,0.021052632,190,-11.89675179
avgbs_cluster_25.1.11,Mrg12,37.5,0.516070207,0.089473684,190,7.459044126
avgbs_cluster_25009.1.46,Mrg24,61.1,0.861510273,0.121052632,190,-1.697675298
avgbs_cluster_25009.1.62,Mrg24,61.1,0.861510273,0.121052632,190,-1.697675298
avgbs_cluster_2501.1.22,Mrg21,181.1,0.109734308,0.178947368,190,-13.87025044
avgbs_cluster_2502.1.26,Mrg9,101.8,0.105579063,0.078947368,190,19.95786905
avgbs_cluster_25065.1.13,Mrg23,19,0.235987276,0.089473684,190,-14.12672589
avgbs_cluster_2508.1.10,Mrg18,-0.8,0.439079664,0.260526316,190,5.7365852
avgbs_cluster_2508.1.7,Mrg18,-0.8,0.439079664,0.260526316,190,5.7365852
avgbs_cluster_25093.1.58,Mrg20,196.2,0.795208204,0.165789474,190,2.233224447
avgbs_cluster_25116.1.64,Mrg21,145.3,0.05749964,0.181578947,190,16.53884115
avgbs_cluster_25124.1.46,Mrg11,25.2,0.95052011,0.097368421,190,-0.655363904
avgbs_cluster_2514.1.41,Mrg21,140.1,0.392974124,0.157894737,190,7.622460937
avgbs_cluster_25144.1.46,Mrg21,0.6,0.600580411,0.026315789,190,-10.48149775
avgbs_cluster_25151.1.21,Mrg6,38,0.980978387,0.063157895,190,0.303610721
avgbs_cluster_25151.1.36,Mrg6,38,0.980978387,0.063157895,190,0.303610721
avgbs_cluster_25151.1.54,Mrg6,38,0.980978387,0.063157895,190,0.303610721
avgbs_cluster_25190.1.23,Mrg8,129.6,0.315206041,0.489473684,190,-6.608525655
avgbs_cluster_25195.1.31,Mrg2,23.2,0.946270353,0.060526316,190,0.888926464
avgbs_cluster_25200.1.46,Mrg33,73.4,0.163717194,0.157894737,190,12.89578362
avgbs_cluster_25201.1.27,Mrg8,123.6,0.982593916,0.160526316,190,0.184965272
avgbs_cluster_25201.1.51,Mrg8,123.6,0.747152617,0.205263158,190,-2.548569641
avgbs_cluster_25204.1.58,Mrg5,113.6,0.55844508,0.121052632,190,-5.767107633
avgbs_cluster_25208.1.20,Mrg24,36.3,0.549458363,0.384210526,190,-4.026565528
avgbs_cluster_25208.1.47,Mrg24,36.3,0.549458363,0.384210526,190,-4.026565528
avgbs_cluster_25230.1.24,Mrg23,53.7,0.451615065,0.036842105,190,12.9472271
avgbs_cluster_25236.1.37,Mrg6,35.4,0.777543255,0.189473684,190,-2.31725579
avgbs_cluster_25236.1.38,Mrg6,35.4,0.777543255,0.189473684,190,-2.31725579
avgbs_cluster_25297.1.49,Mrg9,68.1,0.450372292,0.273684211,190,5.522492998
avgbs_cluster_2530.1.25,Mrg5,29.8,0.361311733,0.4,190,6.076672149
avgbs_cluster_2530.1.42,Mrg5,29.8,0.361311733,0.4,190,6.076672149
avgbs_cluster_2530.1.7,Mrg5,29.8,0.361311733,0.4,190,6.076672149
avgbs_cluster_25398.1.25,Mrg15,87,0.410123705,0.036842105,190,14.20981492
avgbs_cluster_25425.1.54,Mrg6,116,0.423467606,0.036842105,190,13.79544139
avgbs_cluster_25425.1.59,Mrg6,116,0.423467606,0.036842105,190,13.79544139
avgbs_cluster_25425.1.60,Mrg6,116,0.423467606,0.036842105,190,13.79544139
avgbs_cluster_25479.1.12,Mrg17,63.3,0.450433528,0.236842105,190,5.882061298
avgbs_cluster_25479.1.15,Mrg17,63.3,0.17167601,0.278947368,190,10.21289097
avgbs_cluster_25479.1.28,Mrg17,63.3,0.450433528,0.236842105,190,5.882061298
avgbs_cluster_25485.1.6,Mrg19,70.1,0.02264949,0.071052632,190,30.08922626
avgbs_cluster_25485.1.8,Mrg19,70.1,0.02264949,0.071052632,190,30.08922626
avgbs_cluster_25493.1.47,Mrg28,32.6,0.995682621,0.160526316,190,0.045810412
avgbs_cluster_2551.1.12,Mrg15,7.5,0.661017728,0.310526316,190,-3.041395948
avgbs_cluster_2552.1.44,Mrg19,50.9,0.178931633,0.3,190,-9.693405388
avgbs_cluster_25607.1.18,Mrg28,59,0.36759974,0.052631579,190,-13.15226852
avgbs_cluster_25607.1.28,Mrg28,56.7,0.957884359,0.321052632,190,-0.351213888
avgbs_cluster_25618.1.19,Mrg1,46.9,0.405568643,0.205263158,190,-6.748918781
avgbs_cluster_25685.1.11,Mrg1,31.6,0.339583922,0.173684211,190,-8.233409332
avgbs_cluster_25685.1.21,Mrg1,31.6,0.339583922,0.173684211,190,-8.233409332
avgbs_cluster_257.1.6,Mrg13,40.3,0.124507496,0.068421053,190,20.19913353
avgbs_cluster_257.1.7,Mrg13,40.3,0.164601803,0.071052632,190,18.07964038
avgbs_cluster_25711.1.48,Mrg3,20,0.113397763,0.052631579,190,23.55929398
avgbs_cluster_2578.1.17,Mrg2,75.3,0.211702629,0.021052632,190,28.67935708
avgbs_cluster_25802.1.28,Mrg28,36.8,0.725590619,0.2,190,2.784032346
avgbs_cluster_25825.1.7,Mrg21,28.3,0.369963892,0.065789474,190,11.91419353
avgbs_cluster_2586.1.31,Mrg24,60.2,0.169130962,0.223684211,190,-10.79174222
avgbs_cluster_2588.1.12,Mrg12,33.4,0.171830024,0.160526316,190,12.13188023
avgbs_cluster_2588.1.13,Mrg12,33.4,0.171830024,0.160526316,190,12.13188023
avgbs_cluster_25883.1.44,Mrg13,44.6,0.747148588,0.126315789,190,-3.073501297
avgbs_cluster_25887.1.41,Mrg23,60.4,0.104823631,0.339473684,190,11.42425945
avgbs_cluster_25887.1.47,Mrg23,60.4,0.104823631,0.339473684,190,11.42425945
avgbs_cluster_25911.1.12,Mrg2,10.8,0.195065451,0.076315789,190,16.91803328
avgbs_cluster_25913.1.32,Mrg9,115.6,0.096179884,0.065789474,190,22.57803924
avgbs_cluster_25933.1.16,Mrg5,131.1,0.094514703,0.25,190,12.8993669
avgbs_cluster_25945.1.35,Mrg3,40.8,0.790921764,0.021052632,190,5.826366487
avgbs_cluster_25945.1.58,Mrg3,40.8,0.790921764,0.021052632,190,5.826366487
avgbs_cluster_25955.1.21,Mrg17,30.9,0.548211099,0.055263158,190,8.563105525
avgbs_cluster_25955.1.53,Mrg17,29.1,0.910548661,0.25,190,0.812352768
avgbs_cluster_26009.1.19,Mrg11,41.3,0.649443799,0.063157895,190,5.965361657
avgbs_cluster_26010.1.55,Mrg3,77.8,0.229478457,0.092105263,190,13.79043788
avgbs_cluster_26039.1.15,Mrg12,57.8,0.740332992,0.010526316,190,10.29014849
avgbs_cluster_26040.1.8,Mrg24,60.2,0.237310453,0.268421053,190,-8.833963933
avgbs_cluster_26051.1.15,Mrg8,149.2,0.380441681,0.115789474,190,8.814327794
avgbs_cluster_26060.1.46,Mrg3,25,0.687585017,0.089473684,190,-4.558238903
avgbs_cluster_26060.1.47,Mrg3,25,0.687585017,0.089473684,190,-4.558238903
avgbs_cluster_26060.1.48,Mrg3,25,0.687585017,0.089473684,190,-4.558238903
avgbs_cluster_26064.1.15,Mrg5,27.4,0.610235599,0.284210526,190,-3.618928717
avgbs_cluster_26079.1.41,Mrg1,109,0.929625288,0.415789474,190,-0.58046258
avgbs_cluster_26080.1.7,Mrg19,45.3,0.560090684,0.094736842,190,-6.395978682
avgbs_cluster_26139.1.50,Mrg2,72.7,0.009146631,0.260526316,190,-20.06262487
avgbs_cluster_2615.1.53,Mrg17,92.5,0.490681697,0.426315789,190,-4.527311131
avgbs_cluster_2615.1.63,Mrg17,92.5,0.490681697,0.426315789,190,-4.527311131
avgbs_cluster_26180.1.42,Mrg6,67.6,0.673223945,0.068421053,190,-5.43595686
avgbs_cluster_26180.1.45,Mrg6,67.6,0.673223945,0.068421053,190,-5.43595686
avgbs_cluster_26185.1.14,Mrg19,55.4,0.028666132,0.136842105,190,21.35506469
avgbs_cluster_26190.1.50,Mrg17,94.7,0.026069599,0.026315789,190,-46.64697072
avgbs_cluster_26190.1.58,Mrg17,94.7,0.026069599,0.026315789,190,-46.64697072
avgbs_cluster_26197.1.42,Mrg1,71.2,0.487424648,0.352631579,190,-4.929757887
avgbs_cluster_26197.1.8,Mrg1,71.2,0.487424648,0.352631579,190,-4.929757887
avgbs_cluster_26203.1.49,Mrg2,77,0.145342047,0.031578947,190,27.59491621
avgbs_cluster_26206.1.50,Mrg23,46.3,0.06558783,0.213157895,190,15.06913053
avgbs_cluster_26212.1.41,Mrg13,58,0.36203101,0.365789474,190,6.188727396
avgbs_cluster_26212.1.61,Mrg13,58,0.36203101,0.365789474,190,6.188727396
avgbs_cluster_26218.1.51,Mrg1,109,0.850480893,0.134210526,190,1.765570825
avgbs_cluster_26219.1.59,Mrg13,71.4,0.060082704,0.231578947,190,15.11473606
avgbs_cluster_26239.1.60,Mrg18,27.7,0.221415368,0.2,190,-10.07033991
avgbs_cluster_2624.1.42,Mrg4,37.9,0.260363091,0.307894737,190,8.033876018
avgbs_cluster_2624.1.57,Mrg4,37.9,0.260363091,0.307894737,190,8.033876018
avgbs_cluster_2624.1.64,Mrg4,37.9,0.260363091,0.307894737,190,8.033876018
avgbs_cluster_26251.1.32,Mrg3,63.6,0.102116123,0.068421053,190,21.53818901
avgbs_cluster_2628.1.26,Mrg24,41.8,0.72934749,0.1,190,-3.657980019
avgbs_cluster_2628.1.63,Mrg24,41.8,0.72934749,0.1,190,-3.657980019
avgbs_cluster_2630.1.31,Mrg5,80.8,0.443700367,0.168421053,190,6.830670108
avgbs_cluster_26315.1.43,Mrg23,30.2,0.468716798,0.184210526,190,6.102313946
avgbs_cluster_26315.1.54,Mrg23,30.2,0.41892587,0.163157895,190,7.173733795
avgbs_cluster_26336.1.28,Mrg6,38,0.935693239,0.068421053,190,0.994593836
avgbs_cluster_26355.1.56,Mrg15,35.1,0.916100503,0.010526316,190,3.218838652
avgbs_cluster_26416.1.40,Mrg15,67.6,0.693379563,0.05,190,-5.836265432
avgbs_cluster_26416.1.53,Mrg15,67.6,0.852629536,0.055263158,190,-2.583462036
avgbs_cluster_2643.1.44,Mrg21,148.2,0.264451749,0.297368421,190,8.093703056
avgbs_cluster_26452.1.60,Mrg4,44.7,0.879420313,0.118421053,190,-1.517951327
avgbs_cluster_2646.1.8,Mrg6,29.1,0.509981049,0.073684211,190,8.136737351
avgbs_cluster_26470.1.12,Mrg33,42.8,0.469635776,0.021052632,190,16.2983927
avgbs_cluster_26470.1.32,Mrg33,42.8,0.469635776,0.021052632,190,16.2983927
avgbs_cluster_26538.1.63,Mrg3,14.7,0.322295317,0.157894737,190,8.876263021
avgbs_cluster_26544.1.63,Mrg4,17.6,0.979016681,0.026315789,190,-0.509065315
avgbs_cluster_26586.1.29,Mrg5,81.6,0.677156681,0.089473684,190,-4.646399326
avgbs_cluster_26586.2.29,Mrg4,35.5,0.998573133,0.063157895,190,-0.022729401
avgbs_cluster_26586.2.49,Mrg4,35.5,0.998573133,0.063157895,190,-0.022729401
avgbs_cluster_26588.1.64,Mrg15,24.2,0.356190481,0.031578947,190,17.21182065
avgbs_cluster_26640.1.27,Mrg1,47.2,0.564672989,0.442105263,190,-3.80841301
avgbs_cluster_26660.1.40,Mrg6,26.6,0.608183914,0.242105263,190,3.860834993
avgbs_cluster_26676.1.57,Mrg11,52.8,0.899828343,0.194736842,190,-1.001259133
avgbs_cluster_26713.2.36,Mrg5,83.2,0.304152141,0.268421053,190,-7.644284982
avgbs_cluster_26713.2.39,Mrg5,83.2,0.304152141,0.268421053,190,-7.644284982
avgbs_cluster_26717.1.24,Mrg23,23.2,0.362936901,0.047368421,190,14.85846942
avgbs_cluster_26720.1.44,Mrg20,147.3,0.735695033,0.176315789,190,2.820745914
avgbs_cluster_26772.1.7,Mrg8,61.5,0.264886755,0.065789474,190,15.26586645
avgbs_cluster_26805.1.36,Mrg15,58.2,0.771905404,0.015789474,190,-7.348785651
avgbs_cluster_2684.1.16,Mrg20,147.3,0.536333063,0.168421053,190,5.320727024
avgbs_cluster_2684.1.25,Mrg20,147.3,0.536333063,0.168421053,190,5.320727024
avgbs_cluster_26878.1.15,Mrg33,24.1,0.717551016,0.334210526,190,-2.456511333
avgbs_cluster_26878.1.8,Mrg33,24.1,0.717551016,0.334210526,190,-2.456511333
avgbs_cluster_26922.1.46,Mrg21,164.7,0.43477759,0.302631579,190,5.567664967
avgbs_cluster_26922.1.62,Mrg21,164.7,0.43477759,0.302631579,190,5.567664967
avgbs_cluster_26923.1.7,Mrg13,44.6,0.762803457,0.184210526,190,2.553322184
avgbs_cluster_26923.1.8,Mrg13,44.6,0.762803457,0.184210526,190,2.553322184
avgbs_cluster_26934.1.21,Mrg24,85.6,0.317192363,0.042105263,190,-16.29326351
avgbs_cluster_26953.1.53,Mrg21,140.1,0.322949946,0.015789474,190,-25.92755125
avgbs_cluster_26953.1.54,Mrg21,140.1,0.322949946,0.015789474,190,-25.92755125
avgbs_cluster_26968.1.25,Mrg6,38,0.155027523,0.278947368,190,-10.63922948
avgbs_cluster_26968.1.9,Mrg6,38,0.155027523,0.278947368,190,-10.63922948
avgbs_cluster_26986.1.15,Mrg5,109.5,0.356458702,0.431578947,190,-6.139761712
avgbs_cluster_26986.1.57,Mrg5,109.5,0.356458702,0.431578947,190,-6.139761712
avgbs_cluster_26995.1.44,Mrg21,113.2,0.254476287,0.097368421,190,12.72735548
avgbs_cluster_26997.1.44,Mrg20,20.1,0.913582945,0.047368421,190,1.593420043
avgbs_cluster_270.1.33,Mrg8,142,0.544288709,0.381578947,190,4.028223526
avgbs_cluster_2702.1.51,Mrg6,45.2,0.752333562,0.073684211,190,3.899502251
avgbs_cluster_27035.1.10,Mrg3,28.8,0.941018568,0.289473684,190,0.510740678
avgbs_cluster_27057.1.21,Mrg3,82.8,0.560968202,0.136842105,190,-5.43748632
avgbs_cluster_2707.1.12,Mrg9,49.2,0.614159315,0.026315789,190,10.0821509
avgbs_cluster_2707.1.53,Mrg9,49.2,0.762878962,0.084210526,190,3.436024306
avgbs_cluster_2707.1.56,Mrg9,49.2,0.31154276,0.152631579,190,9.209215482
avgbs_cluster_27088.1.33,Mrg17,83.9,0.056768387,0.176315789,190,17.09818461
avgbs_cluster_27088.1.36,Mrg17,82.3,0.19913033,0.026315789,190,-26.46974099
avgbs_cluster_27103.1.44,Mrg3,56.2,0.406920731,0.315789474,190,-5.946049528
avgbs_cluster_27123.1.38,Mrg11,48.8,0.023930817,0.213157895,190,18.58295237
avgbs_cluster_27150.1.30,Mrg20,44.9,0.272873735,0.173684211,190,-9.5868401
avgbs_cluster_27156.1.35,Mrg8,129.6,0.843608118,0.026315789,190,4.085379016
avgbs_cluster_2718.1.48,Mrg28,56.7,0.54385495,0.281578947,190,-4.329304134
avgbs_cluster_2718.1.49,Mrg28,56.7,0.54385495,0.281578947,190,-4.329304134
avgbs_cluster_2723.1.50,Mrg17,37.3,0.450114453,0.144736842,190,7.148309946
avgbs_cluster_27231.1.63,Mrg5,111.3,0.532115698,0.113157895,190,6.481646134
avgbs_cluster_27239.1.54,Mrg4,35.5,0.975936105,0.042105263,190,0.465493361
avgbs_cluster_27274.1.38,Mrg17,26.2,0.514340813,0.463157895,190,4.26331996
avgbs_cluster_27314.1.12,Mrg20,230.1,0.496744602,0.328947368,190,4.713934808
avgbs_cluster_27314.1.33,Mrg20,230.1,0.496744602,0.328947368,190,4.713934808
avgbs_cluster_27314.1.54,Mrg20,230.1,0.496744602,0.328947368,190,4.713934808
avgbs_cluster_27320.1.25,Mrg19,49.8,0.649394413,0.068421053,190,5.87086261
avgbs_cluster_27386.1.62,Mrg13,45.3,0.211532065,0.081578947,190,-15.46012091
avgbs_cluster_27394.1.40,Mrg21,27.3,0.272544926,0.057894737,190,15.80472697
avgbs_cluster_27394.1.53,Mrg21,27.3,0.272544926,0.057894737,190,15.80472697
avgbs_cluster_27416.1.19,Mrg3,3.3,0.673739672,0.036842105,190,7.400999508
avgbs_cluster_27516.1.8,Mrg5,125.1,0.35946805,0.1,190,9.962634016
avgbs_cluster_27539.1.10,Mrg8,121.2,0.014363524,0.010526316,190,-80.66414007
avgbs_cluster_27539.1.51,Mrg8,121.2,0.582529314,0.213157895,190,4.358789484
avgbs_cluster_27561.1.15,Mrg9,131.6,0.783399727,0.071052632,190,3.483786687
avgbs_cluster_27581.1.15,Mrg20,156.7,0.473524405,0.068421053,190,9.000273024
avgbs_cluster_27581.1.38,Mrg20,156.7,0.473524405,0.068421053,190,9.000273024
avgbs_cluster_27592.1.40,Mrg20,249.7,0.725511821,0.284210526,190,2.469757625
avgbs_cluster_27592.1.42,Mrg20,249.7,0.725511821,0.284210526,190,2.469757625
avgbs_cluster_2762.1.34,Mrg33,65.9,0.53744349,0.068421053,190,-7.864950927
avgbs_cluster_2762.1.47,Mrg33,65.9,0.53744349,0.068421053,190,-7.864950927
avgbs_cluster_2764.1.31,Mrg8,86.2,0.573499582,0.276315789,190,-4.055610511
avgbs_cluster_27655.1.27,Mrg21,122.6,0.853127002,0.110526316,190,1.877670816
avgbs_cluster_27663.1.24,Mrg3,37.1,0.285338945,0.089473684,190,12.27335586
avgbs_cluster_27663.1.38,Mrg3,37.1,0.285338945,0.089473684,190,12.27335586
avgbs_cluster_27663.1.41,Mrg3,37.1,0.285338945,0.089473684,190,12.27335586
avgbs_cluster_2768.1.33,Mrg9,91.9,0.008609698,0.097368421,190,30.06669833
avgbs_cluster_27680.1.59,Mrg1,133.1,0.747045961,0.239473684,190,2.437973063
avgbs_cluster_2769.1.38,Mrg18,18.1,0.796418564,0.086842105,190,2.913243717
avgbs_cluster_2769.1.51,Mrg18,18.1,0.120367723,0.013157895,190,47.7515455
avgbs_cluster_27709.1.39,Mrg13,108.5,0.261343054,0.152631579,190,10.47386042
avgbs_cluster_27709.1.61,Mrg13,106,0.591974973,0.071052632,190,-6.899317877
avgbs_cluster_27714.1.7,Mrg17,30.2,0.590035879,0.252631579,190,-4.09241668
avgbs_cluster_27744.1.36,Mrg9,28.5,0.451697658,0.1,190,8.128204191
avgbs_cluster_27780.1.32,Mrg18,27.7,0.25811699,0.205263158,190,-9.198545664
avgbs_cluster_27780.1.39,Mrg18,27.7,0.25811699,0.205263158,190,-9.198545664
avgbs_cluster_27780.1.53,Mrg18,27.7,0.25811699,0.205263158,190,-9.198545664
avgbs_cluster_27785.1.7,Mrg12,56.6,0.258377052,0.352631579,190,-7.816678687
avgbs_cluster_27786.1.48,Mrg13,73.6,0.374844227,0.268421053,190,-6.957483491
avgbs_cluster_27787.1.18,Mrg5,130.9,0.496405719,0.021052632,190,-15.30123768
avgbs_cluster_27791.1.48,Mrg13,60,0.079672342,0.239473684,190,13.94460712
avgbs_cluster_27878.1.10,Mrg4,16.2,0.422696071,0.205263158,190,-6.497816707
avgbs_cluster_27878.2.9,Mrg5,109.5,0.776117727,0.25,190,2.082052415
avgbs_cluster_27899.1.60,Mrg3,65,0.217724264,0.215789474,190,9.951149748
avgbs_cluster_27899.1.63,Mrg3,65,0.217724264,0.215789474,190,9.951149748
avgbs_cluster_27917.1.34,Mrg12,17,0.005076234,0.010526316,190,-92.55177305
avgbs_cluster_27931.1.40,Mrg12,66,0.866904064,0.031578947,190,3.002694746
avgbs_cluster_27963.1.23,Mrg4,43.9,0.106329896,0.078947368,190,-19.91363095
avgbs_cluster_2797.1.64,Mrg17,87.8,0.528575488,0.255263158,190,4.673074019
avgbs_cluster_27996.1.45,Mrg12,29.5,0.986852644,0.089473684,190,0.184785835
avgbs_cluster_28002.1.34,Mrg23,79.1,0.979060334,0.078947368,190,-0.301559524
avgbs_cluster_28022.1.37,Mrg1,66.7,0.519846625,0.178947368,190,5.512910637
avgbs_cluster_28029.1.59,Mrg28,32.6,0.050229664,0.139473684,190,19.22103867
avgbs_cluster_28031.1.24,Mrg8,117.5,0.842122715,0.210526316,190,1.546609512
avgbs_cluster_28031.1.49,Mrg8,129.6,0.460946934,0.2,190,5.968242873
avgbs_cluster_28077.1.61,Mrg18,1.7,0.740272124,0.018421053,190,8.112524095
avgbs_cluster_28089.1.54,Mrg18,1.2,0.014673791,0.476315789,190,-17.22036188
avgbs_cluster_28096.1.16,Mrg8,142.3,0.164407887,0.084210526,190,17.48556339
avgbs_cluster_28096.1.53,Mrg8,142.3,0.164407887,0.084210526,190,17.48556339
avgbs_cluster_28109.1.20,Mrg1,23.8,0.328101573,0.226315789,190,-7.697579037
avgbs_cluster_28126.1.35,Mrg21,143.1,0.265881508,0.089473684,190,12.7990699
avgbs_cluster_28126.1.38,Mrg21,143.1,0.265881508,0.089473684,190,12.7990699
avgbs_cluster_28129.1.24,Mrg24,60.2,0.74139474,0.160526316,190,2.982455115
avgbs_cluster_2814.1.20,Mrg9,44.7,0.568110884,0.076315789,190,7.407803612
avgbs_cluster_2816.1.6,Mrg20,19.2,0.077424745,0.389473684,190,-12.42339479
avgbs_cluster_28190.1.21,Mrg19,23.7,0.135701669,0.221052632,190,12.01718673
avgbs_cluster_28191.1.25,Mrg4,48.2,0.49686161,0.118421053,190,-6.923246294
avgbs_cluster_28191.1.49,Mrg4,48.2,0.974050633,0.263157895,190,-0.232155531
avgbs_cluster_28219.1.42,Mrg11,52.8,0.361332114,0.163157895,190,8.056131653
avgbs_cluster_2822.1.53,Mrg13,35.9,0.416343271,0.165789474,190,7.133347446
avgbs_cluster_2822.1.63,Mrg13,35.9,0.416343271,0.165789474,190,7.133347446
avgbs_cluster_28230.1.24,Mrg3,134.2,0.881155584,0.044736842,190,-2.298527977
avgbs_cluster_28230.1.33,Mrg3,134.2,0.881155584,0.044736842,190,-2.298527977
avgbs_cluster_28275.1.43,Mrg1,50.7,0.41089409,0.068421053,190,10.58439175
avgbs_cluster_28280.1.44,Mrg15,35.1,0.916100503,0.010526316,190,3.218838652
avgbs_cluster_28280.1.48,Mrg15,35.1,0.916100503,0.010526316,190,3.218838652
avgbs_cluster_28280.1.52,Mrg15,35.1,0.916100503,0.010526316,190,3.218838652
avgbs_cluster_28328.1.29,Mrg15,52.7,0.773797115,0.065789474,190,-3.786752458
avgbs_cluster_28328.1.31,Mrg15,52.7,0.773797115,0.065789474,190,-3.786752458
avgbs_cluster_28328.1.64,Mrg15,52.7,0.773797115,0.065789474,190,-3.786752458
avgbs_cluster_28338.1.48,Mrg20,209.4,0.260697346,0.026315789,190,-24.36502259
avgbs_cluster_28340.1.50,Mrg15,3.8,0.986640025,0.486842105,190,-0.10453868
avgbs_cluster_28341.1.28,Mrg20,226.6,0.507001246,0.105263158,190,-7.076724029
avgbs_cluster_28341.1.60,Mrg20,226.6,0.507001246,0.105263158,190,-7.076724029
avgbs_cluster_28343.1.50,Mrg6,56.8,0.393264461,0.078947368,190,-10.49252717
avgbs_cluster_28349.1.36,Mrg23,15.5,0.102657886,0.021052632,190,-37.81585461
avgbs_cluster_28349.1.43,Mrg23,15.5,0.102657886,0.021052632,190,-37.81585461
avgbs_cluster_28353.1.7,Mrg24,60.2,0.182887516,0.202631579,190,11.57787278
avgbs_cluster_28385.1.15,Mrg3,9,0.655281517,0.489473684,190,2.864844509
avgbs_cluster_28385.1.26,Mrg3,9,0.655281517,0.489473684,190,2.864844509
avgbs_cluster_28420.1.27,Mrg17,68.2,0.162739108,0.457894737,190,-9.581526834
avgbs_cluster_28420.1.33,Mrg17,68.2,0.162739108,0.457894737,190,-9.581526834
avgbs_cluster_28450.1.8,Mrg6,146.8,0.745007576,0.328947368,190,-2.212522627
avgbs_cluster_28453.1.33,Mrg4,39.4,0.482985072,0.036842105,190,-12.03894093
avgbs_cluster_28453.1.46,Mrg4,39.4,0.482985072,0.036842105,190,-12.03894093
avgbs_cluster_28465.1.12,Mrg3,18.6,0.490038185,0.063157895,190,9.605944887
avgbs_cluster_28477.1.62,Mrg17,56.5,0.145396524,0.386842105,190,-10.16406469
avgbs_cluster_28477.1.63,Mrg17,56.5,0.145396524,0.386842105,190,-10.16406469
avgbs_cluster_28534.1.10,Mrg5,110.1,0.335780139,0.418421053,190,6.427029636
avgbs_cluster_28534.1.46,Mrg5,110.1,0.335780139,0.418421053,190,6.427029636
avgbs_cluster_28534.1.8,Mrg5,110.1,0.335780139,0.418421053,190,6.427029636
avgbs_cluster_28544.1.28,Mrg8,142.3,0.457797482,0.471052632,190,4.85599671
avgbs_cluster_28549.1.23,Mrg8,62.4,0.346867532,0.013157895,190,28.42736152
avgbs_cluster_28668.1.43,Mrg11,108.6,0.688358587,0.328947368,190,2.792730952
avgbs_cluster_28673.1.59,Mrg3,80.3,0.137439026,0.110526316,190,15.92448248
avgbs_cluster_28710.1.42,Mrg11,99.7,0.326196672,0.289473684,190,7.169826941
avgbs_cluster_2873.1.34,Mrg2,23.2,0.699515405,0.057894737,190,5.254806797
avgbs_cluster_28765.1.55,Mrg3,53.9,0.765621108,0.152631579,190,-2.621021186
avgbs_cluster_28886.1.51,Mrg33,73,0.050118723,0.021052632,190,45.63794243
avgbs_cluster_28904.1.20,Mrg4,44.7,0.762301798,0.207894737,190,2.366879513
avgbs_cluster_28978.1.13,Mrg4,50.3,0.120551415,0.310526316,190,-11.28180351
avgbs_cluster_29067.1.21,Mrg1,83.9,0.990759404,0.126315789,190,0.111954244
avgbs_cluster_29067.1.38,Mrg1,83.9,0.592389415,0.102631579,190,-5.962873883
avgbs_cluster_2913.1.44,Mrg8,145.2,0.375288174,0.236842105,190,6.844041602
avgbs_cluster_29174.1.26,Mrg11,12.3,0.029453199,0.152631579,190,20.51558036
avgbs_cluster_29217.1.50,Mrg23,63.7,0.499592917,0.010526316,190,21.3597961
avgbs_cluster_29217.1.53,Mrg23,63.7,0.499592917,0.010526316,190,21.3597961
avgbs_cluster_29242.1.64,Mrg1,39.3,0.256392053,0.421052632,190,-7.636028842
avgbs_cluster_2937.1.23,Mrg9,92.8,0.021638026,0.384210526,190,16.22103577
avgbs_cluster_29437.1.20,Mrg24,41.8,0.115097882,0.063157895,190,22.01769047
avgbs_cluster_29437.1.37,Mrg24,41.8,0.115097882,0.063157895,190,22.01769047
avgbs_cluster_29483.1.46,Mrg5,56.5,0.472272705,0.107894737,190,7.547335996
avgbs_cluster_29535.1.31,Mrg17,92.1,0.688052802,0.118421053,190,3.979849681
avgbs_cluster_29535.1.56,Mrg17,92.1,0.688052802,0.118421053,190,3.979849681
avgbs_cluster_29545.1.49,Mrg15,60,0.31973941,0.060526316,190,14.14747143
avgbs_cluster_29550.1.40,Mrg3,25.4,0.564131543,0.131578947,190,5.482457071
avgbs_cluster_29568.1.47,Mrg9,42.6,0.580393045,0.160526316,190,4.905618129
avgbs_cluster_29596.1.29,Mrg11,26,0.510738337,0.147368421,190,-6.183342155
avgbs_cluster_29598.1.45,Mrg11,39.2,0.172002013,0.021052632,190,-31.46017585
avgbs_cluster_29624.1.33,Mrg28,43.8,0.545444391,0.313157895,190,4.207950938
avgbs_cluster_29682.1.29,Mrg21,187.6,0.123898027,0.078947368,190,18.94317857
avgbs_cluster_29682.1.58,Mrg21,187.6,0.123898027,0.078947368,190,18.94317857
avgbs_cluster_29748.2.25,Mrg20,204.8,0.117480266,0.139473684,190,-15.09312735
avgbs_cluster_29761.1.38,Mrg17,61.5,0.320510231,0.010526316,190,31.83569371
avgbs_cluster_29761.1.47,Mrg17,61.5,0.320510231,0.010526316,190,31.83569371
avgbs_cluster_298.1.54,Mrg13,41.6,0.756869466,0.026315789,190,6.460855924
avgbs_cluster_298.1.64,Mrg13,41.6,0.756869466,0.026315789,190,6.460855924
avgbs_cluster_29838.1.26,Mrg6,51.6,0.672788041,0.465789474,190,-2.749123219
avgbs_cluster_29838.1.61,Mrg6,51.6,0.672788041,0.465789474,190,-2.749123219
avgbs_cluster_29844.1.16,Mrg15,58.2,0.9263358,0.081578947,190,1.061562314
avgbs_cluster_29844.1.35,Mrg15,58.2,0.9263358,0.081578947,190,1.061562314
avgbs_cluster_29851.1.14,Mrg17,83.9,0.448421758,0.331578947,190,-5.281515651
avgbs_cluster_29934.1.56,Mrg20,59.3,0.001429461,0.010526316,190,-105.4658355
avgbs_cluster_29974.1.51,Mrg20,97.1,0.52550617,0.376315789,190,4.496301545
avgbs_cluster_30.1.54,Mrg9,16.3,0.063514361,0.184210526,190,15.98435292
avgbs_cluster_30007.1.7,Mrg19,60.2,0.222176734,0.492105263,190,8.064811449
avgbs_cluster_30025.1.63,Mrg1,108.4,0.689521139,0.010526316,190,12.45670434
avgbs_cluster_30050.1.10,Mrg4,32.7,0.26616205,0.336842105,190,-7.72479487
avgbs_cluster_30050.1.28,Mrg4,32.7,0.26616205,0.336842105,190,-7.72479487
avgbs_cluster_30050.1.57,Mrg4,32.7,0.199588334,0.336842105,190,9.174218072
avgbs_cluster_30055.1.26,Mrg17,89.4,0.810012544,0.047368421,190,3.564567986
avgbs_cluster_30116.1.50,Mrg21,124.3,0.229679116,0.057894737,190,16.93289529
avgbs_cluster_30120.1.28,Mrg17,33.2,0.929507766,0.031578947,190,1.575328351
avgbs_cluster_30142.1.64,Mrg1,108.4,0.511794564,0.036842105,190,11.23503936
avgbs_cluster_30185.1.27,Mrg15,15,0.888906806,0.194736842,190,1.112281785
avgbs_cluster_30206.1.58,Mrg18,21.1,0.144358024,0.073684211,190,-18.51791464
avgbs_cluster_30206.1.60,Mrg18,21.1,0.144358024,0.073684211,190,-18.51791464
avgbs_cluster_30211.1.45,Mrg21,143.6,0.188738272,0.160526316,190,11.88210835
avgbs_cluster_30232.1.39,Mrg2,23.2,0.39028337,0.047368421,190,13.16152164
avgbs_cluster_30232.1.55,Mrg2,23.2,0.791874534,0.052631579,190,3.728043981
avgbs_cluster_30245.2.38,Mrg12,63.5,0.208917899,0.15,190,11.66388165
avgbs_cluster_3027.1.22,Mrg20,97.1,0.740709094,0.026315789,190,-6.550551802
avgbs_cluster_3027.1.33,Mrg20,97.1,0.740709094,0.026315789,190,-6.550551802
avgbs_cluster_30279.1.24,Mrg18,57.6,0.248517687,0.015789474,190,30.4331885
avgbs_cluster_30279.1.37,Mrg18,68.3,0.801519872,0.107894737,190,2.571599254
avgbs_cluster_30286.1.45,Mrg28,43.8,0.688243779,0.242105263,190,-2.981010341
avgbs_cluster_30349.1.20,Mrg2,10.8,0.829452909,0.084210526,190,2.438763171
avgbs_cluster_30349.1.38,Mrg2,10.8,0.829452909,0.084210526,190,2.438763171
avgbs_cluster_30373.1.64,Mrg9,65.2,0.795497349,0.042105263,190,-4.070006296
avgbs_cluster_30396.1.28,Mrg21,39.5,0.221999679,0.060526316,190,17.06889156
avgbs_cluster_30405.1.63,Mrg2,87.4,0.555876062,0.047368421,190,8.915243247
avgbs_cluster_30410.1.29,Mrg9,25.2,0.744103745,0.023684211,190,-7.002187202
avgbs_cluster_30463.1.18,Mrg17,34,0.055658043,0.044736842,190,-31.42831397
avgbs_cluster_30488.1.6,Mrg13,31,0.241890719,0.168421053,190,-10.58848556
avgbs_cluster_30568.1.44,Mrg2,67.4,0.118282382,0.210526316,190,12.93303034
avgbs_cluster_30631.1.8,Mrg5,56.5,0.818690386,0.247368421,190,1.747729366
avgbs_cluster_30632.1.13,Mrg21,140.1,0.813721361,0.018421053,190,5.729676098
avgbs_cluster_30632.1.60,Mrg21,140.1,0.813721361,0.018421053,190,5.729676098
avgbs_cluster_30657.1.25,Mrg4,55.1,0.907978983,0.489473684,190,-0.754079409
avgbs_cluster_30703.1.41,Mrg20,226.6,0.723918604,0.310526316,190,2.437375011
avgbs_cluster_30703.1.54,Mrg20,226.6,0.723918604,0.310526316,190,2.437375011
avgbs_cluster_3072.1.47,Mrg12,58.5,0.866904064,0.031578947,190,3.002694746
avgbs_cluster_30724.1.10,Mrg17,110.4,0.741111383,0.018421053,190,-8.084760085
avgbs_cluster_3073.1.17,Mrg20,147.3,0.437041733,0.121052632,190,7.72822236
avgbs_cluster_30750.1.29,Mrg1,50.7,0.732370684,0.139473684,190,3.182810045
avgbs_cluster_30750.1.42,Mrg1,50.7,0.732370684,0.139473684,190,3.182810045
avgbs_cluster_30809.1.14,Mrg11,41.2,0.618159778,0.123684211,190,4.936045631
avgbs_cluster_3081.1.15,Mrg11,8.8,0.289616829,0.010526316,190,34.01172429
avgbs_cluster_3081.1.52,Mrg11,8.8,0.289616829,0.010526316,190,34.01172429
avgbs_cluster_3086.1.37,Mrg19,67.6,0.942095544,0.328947368,190,0.485188069
avgbs_cluster_3086.1.59,Mrg19,67.7,0.196554994,0.031578947,190,24.37339221
avgbs_cluster_30892.1.32,Mrg4,16.2,0.70346774,0.286842105,190,-2.701231345
avgbs_cluster_30981.1.51,Mrg1,25.1,0.445317537,0.157894737,190,-6.923488341
avgbs_cluster_31007.1.12,Mrg6,67.6,0.639110577,0.105263158,190,-4.882071078
avgbs_cluster_31007.1.13,Mrg6,67.6,0.639110577,0.105263158,190,-4.882071078
avgbs_cluster_31007.1.35,Mrg6,67.6,0.639110577,0.105263158,190,-4.882071078
avgbs_cluster_31120.1.45,Mrg19,66,0.921370651,0.194736842,190,0.776865468
avgbs_cluster_31120.1.52,Mrg19,66,0.921370651,0.194736842,190,0.776865468
avgbs_cluster_31120.1.8,Mrg19,66,0.921370651,0.194736842,190,0.776865468
avgbs_cluster_3113.1.64,Mrg9,121.6,0.100462649,0.155263158,190,15.64947541
avgbs_cluster_31142.1.31,Mrg23,40.5,0.879661961,0.071052632,190,1.862805107
avgbs_cluster_31181.1.55,Mrg17,2.4,0.759968705,0.434210526,190,-1.998755491
avgbs_cluster_31185.1.33,Mrg28,58.8,0.504274226,0.039473684,190,-9.66283055
avgbs_cluster_31280.1.57,Mrg28,35.9,0.947176929,0.1,190,-0.686488791
avgbs_cluster_3137.1.16,Mrg24,41.8,0.72934749,0.1,190,-3.657980019
avgbs_cluster_31399.1.36,Mrg21,125.8,0.349111829,0.157894737,190,8.380976562
avgbs_cluster_31411.1.54,Mrg28,43.8,0.898955913,0.273684211,190,0.895558537
avgbs_cluster_31415.1.15,Mrg15,35.1,0.873814599,0.5,190,-0.999822695
avgbs_cluster_31453.1.10,Mrg21,69.8,0.667149658,0.031578947,190,7.839821105
avgbs_cluster_31453.1.34,Mrg21,69.8,0.667149658,0.031578947,190,7.839821105
avgbs_cluster_31496.1.35,Mrg4,37.9,0.454396227,0.376315789,190,-5.164170807
avgbs_cluster_3156.1.50,Mrg21,125.8,0.197006653,0.128947368,190,12.77980197
avgbs_cluster_3156.1.53,Mrg21,125.8,0.197006653,0.128947368,190,12.77980197
avgbs_cluster_31665.1.34,Mrg6,55.6,0.486745559,0.015789474,190,18.03111631
avgbs_cluster_3171.1.40,Mrg6,41.8,0.457147063,0.044736842,190,-11.47415828
avgbs_cluster_31711.1.59,Mrg3,91.8,0.796179276,0.121052632,190,-2.466826516
avgbs_cluster_31714.1.42,Mrg21,140.1,0.322949946,0.015789474,190,-25.92755125
avgbs_cluster_31714.1.49,Mrg21,140.1,0.360271921,0.076315789,190,11.34400632
avgbs_cluster_31716.1.30,Mrg3,75.8,0.466993358,0.176315789,190,6.205700921
avgbs_cluster_31716.1.41,Mrg3,75.8,0.691199158,0.181578947,190,3.293154944
avgbs_cluster_31716.1.61,Mrg3,75.8,0.691199158,0.181578947,190,3.293154944
avgbs_cluster_3173.1.11,Mrg8,93.5,0.438039294,0.063157895,190,10.34009831
avgbs_cluster_3173.1.7,Mrg8,93.5,0.438039294,0.063157895,190,10.34009831
avgbs_cluster_31743.1.51,Mrg17,95.4,0.42235291,0.036842105,190,13.82974076
avgbs_cluster_31756.1.52,Mrg5,57.2,0.165591541,0.097368421,190,15.83309305
avgbs_cluster_31756.1.53,Mrg5,57.2,0.165591541,0.097368421,190,15.83309305
avgbs_cluster_31782.1.64,Mrg17,33.2,0.779090858,0.071052632,190,-3.483169629
avgbs_cluster_31789.1.35,Mrg20,99.8,0.28035835,0.139473684,190,10.63694951
avgbs_cluster_31807.1.33,Mrg9,85.6,0.053991406,0.268421053,190,14.73517992
avgbs_cluster_3184.1.39,Mrg6,67.6,0.814893974,0.097368421,190,-2.544010739
avgbs_cluster_3184.1.40,Mrg6,67.6,0.814893974,0.097368421,190,-2.544010739
avgbs_cluster_31841.1.17,Mrg11,8.8,0.219162162,0.347368421,190,8.502939679
avgbs_cluster_31882.1.17,Mrg13,60,0.483120713,0.344736842,190,4.930575982
avgbs_cluster_31885.1.53,Mrg24,74.8,0.941073821,0.134210526,190,-0.678362921
avgbs_cluster_31895.1.64,Mrg6,35.4,0.396273453,0.202631579,190,-6.950518248
avgbs_cluster_31914.1.16,Mrg11,48.8,0.375604567,0.171052632,190,7.774446328
avgbs_cluster_31987.1.15,Mrg9,84.4,0.927944125,0.081578947,190,-1.038153087
avgbs_cluster_31987.1.26,Mrg9,86.8,0.104898915,0.163157895,190,14.73673804
avgbs_cluster_31991.1.20,Mrg18,40,0.038192477,0.047368421,190,32.68492557
avgbs_cluster_32001.1.11,Mrg9,78.3,0.149177059,0.463157895,190,9.792893982
avgbs_cluster_32026.1.10,Mrg8,93.3,0.984323688,0.031578947,190,-0.347905344
avgbs_cluster_32075.1.34,Mrg17,100.7,0.543795834,0.047368421,190,-9.197594383
avgbs_cluster_32091.1.12,Mrg19,66.5,0.247684721,0.113157895,190,12.24094863
avgbs_cluster_32091.1.21,Mrg19,76.3,0.543735001,0.276315789,190,4.41367912
avgbs_cluster_32091.1.36,Mrg19,76.3,0.543735001,0.276315789,190,4.41367912
avgbs_cluster_32186.1.14,Mrg18,62.7,0.40485733,0.034210526,190,-15.20383195
avgbs_cluster_32230.1.12,Mrg3,109.8,0.786948414,0.023684211,190,5.776353604
avgbs_cluster_32230.1.16,Mrg3,109.8,0.786948414,0.023684211,190,5.776353604
avgbs_cluster_3225.1.37,Mrg21,181.1,0.002932199,0.026315789,190,-62.69041667
avgbs_cluster_32312.1.29,Mrg21,114.7,0.250966877,0.076315789,190,14.34741007
avgbs_cluster_32321.1.50,Mrg20,204.6,0.49506791,0.021052632,190,15.35030802
avgbs_cluster_32321.1.62,Mrg20,204.6,0.49506791,0.021052632,190,15.35030802
avgbs_cluster_32332.1.23,Mrg15,84,0.497167644,0.063157895,190,-9.014039092
avgbs_cluster_32332.1.25,Mrg15,84,0.497167644,0.063157895,190,-9.014039092
avgbs_cluster_32345.1.47,Mrg9,43.4,0.659654139,0.089473684,190,5.003097183
avgbs_cluster_3240.1.61,Mrg11,56.9,0.533536429,0.168421053,190,-5.409462138
avgbs_cluster_32402.1.19,Mrg24,50.5,0.506401444,0.134210526,190,-6.326593677
avgbs_cluster_32402.1.33,Mrg24,50.5,0.506401444,0.134210526,190,-6.326593677
avgbs_cluster_32432.1.61,Mrg15,35.1,0.875763531,0.013157895,190,-4.530872898
avgbs_cluster_32438.1.29,Mrg15,32.7,0.155239067,0.373684211,190,9.783030085
avgbs_cluster_32456.1.17,Mrg11,52.8,0.959722227,0.181578947,190,0.408516503
avgbs_cluster_32471.1.49,Mrg6,108.8,0.108370063,0.147368421,190,15.05831772
avgbs_cluster_32484.1.63,Mrg15,67.6,0.901804624,0.078947368,190,1.428797619
avgbs_cluster_32485.1.57,Mrg9,86.8,0.628981598,0.021052632,190,10.76151434
avgbs_cluster_32485.1.58,Mrg9,86.8,0.628981598,0.021052632,190,10.76151434
avgbs_cluster_32485.1.63,Mrg9,86.8,0.628981598,0.021052632,190,10.76151434
avgbs_cluster_3251.1.23,Mrg3,56.9,0.716729919,0.157894737,190,-3.159296875
avgbs_cluster_32518.1.63,Mrg3,48.1,0.725656428,0.389473684,190,2.295877263
avgbs_cluster_32518.1.64,Mrg3,48.1,0.725656428,0.389473684,190,2.295877263
avgbs_cluster_32519.1.64,Mrg18,69.6,0.11088236,0.402631579,190,10.8944531
avgbs_cluster_32525.1.33,Mrg6,-1.9,0.802257857,0.244736842,190,1.855797538
avgbs_cluster_32540.1.31,Mrg13,108.5,0.633264566,0.031578947,190,8.721303216
avgbs_cluster_32570.1.17,Mrg6,57.2,0.37364642,0.45,190,6.375681625
avgbs_cluster_32570.1.18,Mrg6,57.2,0.37364642,0.45,190,6.375681625
avgbs_cluster_32570.1.45,Mrg6,57.2,0.37364642,0.45,190,6.375681625
avgbs_cluster_32578.1.51,Mrg33,38.4,0.057199779,0.371052632,190,-13.26820497
avgbs_cluster_32585.1.38,Mrg4,37.9,0.362262026,0.065789474,190,12.11381932
avgbs_cluster_3267.1.14,Mrg1,109,0.834746468,0.136842105,190,1.929201147
avgbs_cluster_3267.1.46,Mrg1,109,0.834746468,0.136842105,190,1.929201147
avgbs_cluster_32678.1.38,Mrg20,226.6,0.145324584,0.231578947,190,11.52565308
avgbs_cluster_32680.1.13,Mrg8,142,0.167625064,0.073684211,190,17.81841582
avgbs_cluster_32680.1.42,Mrg8,142,0.167625064,0.073684211,190,17.81841582
avgbs_cluster_32683.1.27,Mrg24,60.2,0.366835984,0.347368421,190,-6.326946918
avgbs_cluster_32683.1.49,Mrg24,60.2,0.366835984,0.347368421,190,-6.326946918
avgbs_cluster_32695.1.18,Mrg4,37.9,0.809282345,0.207894737,190,-1.928083842
avgbs_cluster_32721.1.44,Mrg9,111.7,0.404571319,0.055263158,190,12.01136379
avgbs_cluster_32721.1.62,Mrg9,111.7,0.404571319,0.055263158,190,12.01136379
avgbs_cluster_32737.1.25,Mrg28,43.8,0.928314337,0.1,190,0.947954317
avgbs_cluster_32761.1.25,Mrg17,32.8,0.024767343,0.1,190,25.49238203
avgbs_cluster_32768.1.24,Mrg5,56.5,0.385110793,0.371052632,190,5.937326712
avgbs_cluster_32777.1.62,Mrg24,45,0.174328812,0.168421053,190,-12.23293174
avgbs_cluster_32784.1.14,Mrg18,69,0.574704045,0.371052632,190,3.78337163
avgbs_cluster_32784.1.61,Mrg18,69,0.574704045,0.371052632,190,3.78337163
avgbs_cluster_32785.1.50,Mrg3,73.1,0.63563428,0.176315789,190,-3.955576493
avgbs_cluster_32790.1.20,Mrg21,113.2,0.280078364,0.086842105,190,12.90677902
avgbs_cluster_32790.1.23,Mrg21,113.2,0.280078364,0.086842105,190,12.90677902
avgbs_cluster_32790.1.25,Mrg21,113.2,0.280078364,0.086842105,190,12.90677902
avgbs_cluster_328.1.12,Mrg17,17.7,0.538164274,0.205263158,190,4.8681665
avgbs_cluster_328.1.40,Mrg17,17.7,0.538164274,0.205263158,190,4.8681665
avgbs_cluster_32801.1.29,Mrg13,18.2,0.320110512,0.021052632,190,-22.65128808
avgbs_cluster_32801.1.59,Mrg13,18.2,0.320110512,0.021052632,190,-22.65128808
avgbs_cluster_32810.1.19,Mrg33,47.3,0.264401779,0.368421053,190,7.775535121
avgbs_cluster_32810.1.20,Mrg33,47.3,0.264401779,0.368421053,190,7.775535121
avgbs_cluster_32822.1.15,Mrg12,33.4,0.219064048,0.113157895,190,12.69988392
avgbs_cluster_32822.1.54,Mrg12,33.4,0.219064048,0.113157895,190,12.69988392
avgbs_cluster_32840.1.16,Mrg11,26,0.390826413,0.139473684,190,-8.105206085
avgbs_cluster_32840.1.17,Mrg11,26,0.390826413,0.139473684,190,-8.105206085
avgbs_cluster_32840.1.20,Mrg11,26,0.390826413,0.139473684,190,-8.105206085
avgbs_cluster_32873.1.40,Mrg1,103.1,0.500392627,0.010526316,190,21.31873892
avgbs_cluster_32873.1.62,Mrg1,103.1,0.500392627,0.010526316,190,21.31873892
avgbs_cluster_329.1.23,Mrg17,84.4,0.114334759,0.197368421,190,13.34950964
avgbs_cluster_329.1.38,Mrg17,84.4,0.114334759,0.197368421,190,13.34950964
avgbs_cluster_32914.1.40,Mrg5,81.9,0.230100955,0.060526316,190,15.68576893
avgbs_cluster_32914.1.44,Mrg5,81.9,0.230100955,0.060526316,190,15.68576893
avgbs_cluster_32914.1.9,Mrg5,81.9,0.230100955,0.060526316,190,15.68576893
avgbs_cluster_3296.1.41,Mrg17,78.9,0.589688152,0.010526316,190,16.94772828
avgbs_cluster_3296.1.48,Mrg17,78.9,0.500889759,0.302631579,190,4.805854502
avgbs_cluster_3296.1.58,Mrg17,78.9,0.500889759,0.302631579,190,4.805854502
avgbs_cluster_3296.1.60,Mrg17,89.4,0.57472855,0.292105263,190,4.026547817
avgbs_cluster_33010.1.58,Mrg17,15.3,0.953708948,0.339473684,190,0.398768583
avgbs_cluster_33060.1.13,Mrg24,41.2,0.689869556,0.15,190,-3.612358005
avgbs_cluster_33086.1.26,Mrg17,33.2,0.013149595,0.084210526,190,-30.56123869
avgbs_cluster_33092.1.10,Mrg13,66.4,0.08983594,0.081578947,190,20.82172319
avgbs_cluster_33092.1.9,Mrg13,66.4,0.08983594,0.081578947,190,20.82172319
avgbs_cluster_33170.1.58,Mrg21,198.5,0.470978356,0.097368421,190,8.179992831
avgbs_cluster_33215.1.27,Mrg24,41.8,0.72934749,0.1,190,-3.657980019
avgbs_cluster_3322.1.38,Mrg17,7.3,0.452329265,0.444736842,190,-4.913021817
avgbs_cluster_3322.1.46,Mrg17,7.3,0.452329265,0.444736842,190,-4.913021817
avgbs_cluster_33230.1.48,Mrg9,44.7,0.990607715,0.084210526,190,-0.131167684
avgbs_cluster_3324.1.14,Mrg3,73.1,0.058302699,0.468421053,190,-12.67829963
avgbs_cluster_3324.1.60,Mrg3,73.1,0.058302699,0.468421053,190,-12.67829963
avgbs_cluster_33254.1.33,Mrg15,35.1,0.199511246,0.026315789,190,26.44654279
avgbs_cluster_33279.1.52,Mrg11,54,0.565641288,0.197368421,190,4.737106613
avgbs_cluster_33421.1.16,Mrg4,57.5,0.572316715,0.355263158,190,3.821960083
avgbs_cluster_33462.1.10,Mrg33,91.5,0.580563979,0.063157895,190,7.638270812
avgbs_cluster_33510.1.30,Mrg1,117.4,0.882629545,0.092105263,190,-1.63633384
avgbs_cluster_33510.1.33,Mrg1,117.4,0.882629545,0.092105263,190,-1.63633384
avgbs_cluster_33510.1.54,Mrg1,117.4,0.95862447,0.097368421,190,0.555970698
avgbs_cluster_33538.1.13,Mrg20,226.6,0.262877047,0.197368421,190,9.604467871
avgbs_cluster_33538.1.50,Mrg20,226.6,0.208983455,0.207894737,190,10.59676224
avgbs_cluster_33539.1.21,Mrg17,112.4,0.733706298,0.052631579,190,4.830439815
avgbs_cluster_33539.1.49,Mrg17,112.4,0.733706298,0.052631579,190,4.830439815
avgbs_cluster_33543.1.19,Mrg20,147.3,0.177465214,0.073684211,190,17.06226495
avgbs_cluster_33548.1.14,Mrg21,140.1,0.322949946,0.015789474,190,-25.92755125
avgbs_cluster_33548.1.30,Mrg21,140.1,0.322949946,0.015789474,190,-25.92755125
avgbs_cluster_33550.1.43,Mrg2,85.2,0.149348762,0.386842105,190,-9.834925942
avgbs_cluster_33550.1.60,Mrg2,85.2,0.149348762,0.386842105,190,-9.834925942
avgbs_cluster_3356.1.26,Mrg19,92.2,0.923859711,0.094736842,190,1.032849467
avgbs_cluster_33564.1.47,Mrg19,31.3,0.592664263,0.031578947,190,9.809307065
avgbs_cluster_33564.1.61,Mrg19,31.3,0.592664263,0.031578947,190,9.809307065
avgbs_cluster_3359.1.29,Mrg21,175.1,0.605565481,0.281578947,190,3.790616856
avgbs_cluster_336.1.13,Mrg3,28.5,0.554658773,0.086842105,190,6.803173564
avgbs_cluster_336.1.50,Mrg3,28.5,0.554658773,0.086842105,190,6.803173564
avgbs_cluster_33612.1.43,Mrg11,108.6,0.279675547,0.147368421,190,-10.1101671
avgbs_cluster_33612.1.61,Mrg11,108.6,0.279675547,0.147368421,190,-10.1101671
avgbs_cluster_33624.1.44,Mrg3,14.7,0.95857303,0.092105263,190,-0.545009556
avgbs_cluster_3365.1.56,Mrg6,67.6,0.926836737,0.057894737,190,-1.169611703
avgbs_cluster_3365.1.59,Mrg6,67.6,0.926836737,0.057894737,190,-1.169611703
avgbs_cluster_33704.1.29,Mrg3,25.3,0.66054576,0.044736842,190,6.88260812
avgbs_cluster_33704.1.41,Mrg3,25.3,0.66054576,0.044736842,190,6.88260812
avgbs_cluster_33704.1.50,Mrg3,25.4,0.649181244,0.165789474,190,-4.126948297
avgbs_cluster_33791.1.37,Mrg9,103.8,0.03926708,0.1,190,23.35702811
avgbs_cluster_33813.1.48,Mrg20,120.1,0.8337814,0.189473684,190,1.683008658
avgbs_cluster_33813.1.9,Mrg20,120.1,0.8337814,0.189473684,190,1.683008658
avgbs_cluster_33829.1.31,Mrg13,96.7,0.269357255,0.336842105,190,7.810869542
avgbs_cluster_33847.1.17,Mrg6,25.8,0.470521456,0.3,190,-5.095347744
avgbs_cluster_33848.1.36,Mrg18,37.9,0.1140067,0.371052632,190,-10.90164545
avgbs_cluster_33848.1.37,Mrg18,37.9,0.1140067,0.371052632,190,-10.90164545
avgbs_cluster_33876.1.64,Mrg12,56.7,0.536259207,0.442105263,190,-4.031737901
avgbs_cluster_33880.1.11,Mrg28,58.3,0.020776153,0.063157895,190,31.92357795
avgbs_cluster_33880.1.56,Mrg28,58.3,0.020776153,0.063157895,190,31.92357795
avgbs_cluster_33883.1.12,Mrg3,44.2,0.462983923,0.421052632,190,-5.03492045
avgbs_cluster_33909.1.54,Mrg12,55,0.30122595,0.047368421,190,15.93891575
avgbs_cluster_33979.1.34,Mrg13,105.5,0.685362464,0.242105263,190,3.032640591
avgbs_cluster_33993.1.36,Mrg24,95.3,0.894958083,0.081578947,190,1.548623849
avgbs_cluster_34008.1.24,Mrg11,8.8,0.489139073,0.028947368,190,14.37866987
avgbs_cluster_34031.1.31,Mrg24,56.1,0.246937302,0.197368421,190,-9.686339946
avgbs_cluster_34031.1.57,Mrg24,56.1,0.246937302,0.197368421,190,-9.686339946
avgbs_cluster_34057.1.38,Mrg23,8.7,0.426741395,0.068421053,190,-10.66825655
avgbs_cluster_34110.1.61,Mrg33,38.8,0.803759451,0.042105263,190,4.033001163
avgbs_cluster_34117.1.29,Mrg21,28.3,0.250164042,0.189473684,190,9.729882777
avgbs_cluster_34117.1.41,Mrg21,28.3,0.250164042,0.189473684,190,9.729882777
avgbs_cluster_3416.1.44,Mrg11,54,0.224223522,0.365789474,190,-8.334502062
avgbs_cluster_34162.1.57,Mrg8,62.4,0.483131643,0.013157895,190,20.98663452
avgbs_cluster_34168.1.49,Mrg18,68.6,0.78616666,0.1,190,2.896937751
avgbs_cluster_34168.1.54,Mrg18,68.6,0.78616666,0.1,190,2.896937751
avgbs_cluster_34168.1.58,Mrg18,68.6,0.78616666,0.1,190,2.896937751
avgbs_cluster_34220.1.17,Mrg8,63.1,0.206234554,0.063157895,190,17.1376463
avgbs_cluster_34220.1.39,Mrg8,62.4,0.224329278,0.010526316,190,39.21335328
avgbs_cluster_34228.1.31,Mrg33,97.1,0.050118723,0.021052632,190,45.63794243
avgbs_cluster_34228.1.42,Mrg33,97.1,0.050118723,0.021052632,190,45.63794243
avgbs_cluster_3424.1.25,Mrg12,16.5,0.982181345,0.147368421,190,-0.195140726
avgbs_cluster_3424.1.50,Mrg12,16.5,0.982181345,0.147368421,190,-0.195140726
avgbs_cluster_34267.1.25,Mrg1,31.7,0.266407398,0.010526316,190,35.75507535
avgbs_cluster_34267.1.58,Mrg1,31.7,0.266407398,0.010526316,190,35.75507535
avgbs_cluster_34269.1.22,Mrg8,151.9,0.797705723,0.239473684,190,1.900660532
avgbs_cluster_34282.1.54,Mrg6,28.6,0.383514017,0.326315789,190,-6.051556725
avgbs_cluster_34292.1.22,Mrg20,181.2,0.058802939,0.126315789,190,19.00513617
avgbs_cluster_34292.1.43,Mrg20,181.2,0.058802939,0.126315789,190,19.00513617
avgbs_cluster_34295.1.47,Mrg11,48.8,0.312831616,0.165789474,190,8.923672337
avgbs_cluster_34295.1.9,Mrg11,48.8,0.312831616,0.165789474,190,8.923672337
avgbs_cluster_34301.1.12,Mrg3,25.4,0.400174481,0.063157895,190,10.77868927
avgbs_cluster_34301.1.29,Mrg3,25.4,0.400174481,0.063157895,190,10.77868927
avgbs_cluster_34301.1.53,Mrg3,19.5,0.091357566,0.026315789,190,37.07498745
avgbs_cluster_34308.1.34,Mrg21,209.8,0.969009162,0.042105263,190,0.620574639
avgbs_cluster_34316.1.51,Mrg17,94.7,0.363748102,0.171052632,190,8.132938322
avgbs_cluster_34316.1.54,Mrg17,94.7,0.363748102,0.171052632,190,8.132938322
avgbs_cluster_34317.1.46,Mrg17,78.8,0.589688152,0.010526316,190,16.94772828
avgbs_cluster_34317.1.57,Mrg17,77.6,0.589688152,0.010526316,190,16.94772828
avgbs_cluster_34325.1.23,Mrg19,31.3,0.563308543,0.028947368,190,11.34648596
avgbs_cluster_34325.1.25,Mrg19,31.3,0.563308543,0.028947368,190,11.34648596
avgbs_cluster_34392.1.12,Mrg9,88.5,0.022316344,0.042105263,190,38.20287317
avgbs_cluster_34392.1.24,Mrg9,88.5,0.022316344,0.042105263,190,38.20287317
avgbs_cluster_34422.1.40,Mrg9,111.7,0.302531853,0.015789474,190,29.71751609
avgbs_cluster_34422.1.44,Mrg9,111.7,0.302531853,0.015789474,190,29.71751609
avgbs_cluster_34442.1.15,Mrg2,67.4,0.103859004,0.052631579,190,24.2249537
avgbs_cluster_34442.1.21,Mrg2,67.4,0.103859004,0.052631579,190,24.2249537
avgbs_cluster_34442.1.27,Mrg2,67.4,0.103859004,0.052631579,190,24.2249537
avgbs_cluster_34449.1.33,Mrg5,56.9,0.726196725,0.294736842,190,-2.468242127
avgbs_cluster_34449.1.9,Mrg5,56.9,0.726196725,0.294736842,190,-2.468242127
avgbs_cluster_34455.1.28,Mrg1,50.7,0.324757927,0.268421053,190,7.314779633
avgbs_cluster_34459.1.21,Mrg1,128.5,0.058543485,0.218421053,190,15.35615691
avgbs_cluster_34459.1.22,Mrg1,128.5,0.058543485,0.218421053,190,15.35615691
avgbs_cluster_34464.1.20,Mrg3,81.5,0.790817185,0.042105263,190,-4.167061584
avgbs_cluster_34467.1.16,Mrg24,41.8,0.368035027,0.015789474,190,23.53679813
avgbs_cluster_34467.1.61,Mrg24,41.8,0.368035027,0.015789474,190,23.53679813
avgbs_cluster_34499.1.20,Mrg12,15.5,0.853600207,0.342105263,190,1.257514978
avgbs_cluster_34499.1.30,Mrg12,15.5,0.987393292,0.102631579,190,0.167249372
avgbs_cluster_34505.1.27,Mrg13,73.6,0.860042297,0.165789474,190,1.493587913
avgbs_cluster_34510.1.33,Mrg5,56.5,0.401426173,0.026315789,190,17.04539414
avgbs_cluster_34510.1.54,Mrg5,56.5,0.401426173,0.026315789,190,17.04539414
avgbs_cluster_34510.1.57,Mrg5,56.5,0.401426173,0.026315789,190,17.04539414
avgbs_cluster_34522.1.17,Mrg15,50.3,0.994772323,0.357894737,190,0.042272883
avgbs_cluster_34522.1.40,Mrg15,50.3,0.994772323,0.357894737,190,0.042272883
avgbs_cluster_34554.1.61,Mrg9,82.3,0.224568571,0.147368421,190,11.65602162
avgbs_cluster_34561.2.23,Mrg21,124,0.293986213,0.144736842,190,9.722198773
avgbs_cluster_34561.2.32,Mrg21,124,0.293986213,0.144736842,190,9.722198773
avgbs_cluster_3457.1.20,Mrg13,41.6,0.205640851,0.052631579,190,18.6940625
avgbs_cluster_3457.1.54,Mrg13,41.6,0.205640851,0.052631579,190,18.6940625
avgbs_cluster_3457.1.61,Mrg13,41.6,0.205640851,0.052631579,190,18.6940625
avgbs_cluster_34617.1.33,Mrg8,72,0.842023625,0.165789474,190,-1.691128482
avgbs_cluster_34626.1.60,Mrg15,72.9,0.992229513,0.073684211,190,0.115329072
avgbs_cluster_34668.1.23,Mrg18,10.9,0.267926224,0.015789474,190,29.17583556
avgbs_cluster_34677.1.39,Mrg21,27.3,0.417660409,0.178947368,190,6.867789247
avgbs_cluster_34698.1.24,Mrg8,123.6,0.191974139,0.423684211,190,8.741429634
avgbs_cluster_34714.1.63,Mrg33,82,0.342016021,0.239473684,190,7.297238341
avgbs_cluster_34714.1.64,Mrg33,82,0.342016021,0.239473684,190,7.297238341
avgbs_cluster_34717.1.27,Mrg5,93,0.575263893,0.439473684,190,-3.654125239
avgbs_cluster_34717.1.60,Mrg5,93,0.575263893,0.439473684,190,-3.654125239
avgbs_cluster_34750.1.23,Mrg13,68.7,0.854651318,0.139473684,190,-1.667816687
avgbs_cluster_34750.1.48,Mrg13,68.7,0.854651318,0.139473684,190,-1.667816687
avgbs_cluster_34763.1.50,Mrg9,54.3,0.460177532,0.418421053,190,4.998965803
avgbs_cluster_34775.1.61,Mrg4,43.9,0.951055554,0.460526316,190,-0.383669025
avgbs_cluster_34780.1.30,Mrg19,52.1,0.603059587,0.228947368,190,4.01047159
avgbs_cluster_34792.1.11,Mrg28,51.5,0.285658652,0.102631579,190,11.97089744
avgbs_cluster_34797.1.26,Mrg12,56.7,0.263930443,0.026315789,190,22.91870495
avgbs_cluster_34806.1.53,Mrg5,56.5,0.295632494,0.065789474,190,13.97225341
avgbs_cluster_3483.1.29,Mrg13,76,0.970955412,0.123684211,190,0.349355425
avgbs_cluster_34830.1.21,Mrg20,156.7,0.16396136,0.142105263,190,13.33524733
avgbs_cluster_34835.1.28,Mrg1,114.4,0.811727484,0.431578947,190,1.514494881
avgbs_cluster_34835.1.58,Mrg1,114.4,0.811727484,0.431578947,190,1.514494881
avgbs_cluster_34864.1.12,Mrg17,62.9,0.901667568,0.328947368,190,0.823669849
avgbs_cluster_34864.1.13,Mrg17,62.9,0.901667568,0.328947368,190,0.823669849
avgbs_cluster_34867.1.33,Mrg19,49.8,0.070185011,0.115789474,190,18.88370648
avgbs_cluster_34902.1.52,Mrg9,78.3,0.341464616,0.1,190,10.51007781
avgbs_cluster_34905.1.20,Mrg28,36.8,0.635446111,0.139473684,190,-4.39752178
avgbs_cluster_34949.1.41,Mrg24,41.8,0.124421689,0.121052632,190,16.70460363
avgbs_cluster_34971.1.27,Mrg15,23.6,0.7876084,0.060526316,190,-3.607613868
avgbs_cluster_34971.1.42,Mrg15,23.6,0.7876084,0.060526316,190,-3.607613868
avgbs_cluster_34971.1.64,Mrg15,23.6,0.7876084,0.060526316,190,-3.607613868
avgbs_cluster_3498.1.6,Mrg2,87.3,0.152098064,0.042105263,190,23.61929659
avgbs_cluster_34984.1.28,Mrg8,137.4,0.024992531,0.031578947,190,-43.01938406
avgbs_cluster_34984.1.46,Mrg8,137.4,0.024992531,0.031578947,190,-43.01938406
avgbs_cluster_34984.1.8,Mrg8,137.4,0.024992531,0.031578947,190,-43.01938406
avgbs_cluster_34998.1.26,Mrg17,78.8,0.354020949,0.026315789,190,18.89147523
avgbs_cluster_35006.1.10,Mrg33,102.6,0.048632996,0.047368421,190,36.89156737
avgbs_cluster_3501.1.54,Mrg13,60,0.24925495,0.25,190,8.778165489
avgbs_cluster_3501.1.6,Mrg13,60,0.271613902,0.247368421,190,8.422068681
avgbs_cluster_35023.1.52,Mrg3,68.1,0.001110245,0.284210526,190,-25.06598309
avgbs_cluster_35027.1.39,Mrg5,57.8,0.060265591,0.076315789,190,24.8266366
avgbs_cluster_35067.1.19,Mrg5,50.5,0.676117391,0.068421053,190,5.271348508
avgbs_cluster_35070.1.29,Mrg23,19,0.321704975,0.094736842,190,-11.06619832
avgbs_cluster_35092.1.7,Mrg21,158.4,0.665955665,0.302631579,190,3.005407655
avgbs_cluster_35107.1.17,Mrg3,3.3,0.121505463,0.215789474,190,12.59804657
avgbs_cluster_35141.1.43,Mrg28,43.8,0.390033141,0.310526316,190,6.045636294
avgbs_cluster_35149.1.25,Mrg20,232.1,0.07162721,0.328947368,190,12.83126808
avgbs_cluster_3515.1.57,Mrg8,62.4,0.467868799,0.013157895,190,21.74917161
avgbs_cluster_35151.1.54,Mrg18,7.3,0.715445964,0.363157895,190,-2.42090653
avgbs_cluster_35151.1.55,Mrg18,7.3,0.715445964,0.363157895,190,-2.42090653
avgbs_cluster_35154.1.64,Mrg8,147.3,0.288950615,0.021052632,190,24.21346326
avgbs_cluster_35163.1.33,Mrg8,182.3,0.942744027,0.102631579,190,-0.763787554
avgbs_cluster_35163.1.37,Mrg8,182.3,0.942744027,0.102631579,190,-0.763787554
avgbs_cluster_35174.1.14,Mrg12,63.5,0.343748625,0.118421053,190,9.753985695
avgbs_cluster_35174.1.43,Mrg12,63.5,0.60569171,0.239473684,190,3.946821209
avgbs_cluster_35174.1.49,Mrg12,63.5,0.343748625,0.118421053,190,9.753985695
avgbs_cluster_35201.1.26,Mrg23,60.4,0.15550979,0.339473684,190,9.960995604
avgbs_cluster_35217.1.59,Mrg17,98.3,0.419383657,0.176315789,190,6.912795141
avgbs_cluster_35217.1.9,Mrg17,98.3,0.419383657,0.176315789,190,6.912795141
avgbs_cluster_3522.1.17,Mrg1,51.7,0.724524067,0.268421053,190,-2.540502574
avgbs_cluster_3522.1.36,Mrg1,51.7,0.716429484,0.263157895,190,-2.637067041
avgbs_cluster_3522.1.43,Mrg1,51.7,0.724524067,0.268421053,190,-2.540502574
avgbs_cluster_35220.1.10,Mrg15,77.6,0.709211061,0.097368421,190,-4.026644202
avgbs_cluster_35220.1.16,Mrg15,85.8,0.410123705,0.036842105,190,14.20981492
avgbs_cluster_35220.1.44,Mrg15,85.8,0.208489609,0.057894737,190,-17.75820742
avgbs_cluster_35230.1.57,Mrg2,33.7,0.50083124,0.073684211,190,-8.319101732
avgbs_cluster_35251.1.7,Mrg5,135.5,0.252926279,0.294736842,190,8.3477657
avgbs_cluster_35252.1.40,Mrg19,67.4,0.417493021,0.152631579,190,-7.726197643
avgbs_cluster_3526.1.53,Mrg28,43.8,0.522350753,0.010526316,190,-20.20586215
avgbs_cluster_35267.1.61,Mrg4,36.7,0.814675805,0.021052632,190,-5.140451389
avgbs_cluster_35267.1.8,Mrg4,36.7,0.814675805,0.021052632,190,-5.140451389
avgbs_cluster_35268.1.12,Mrg13,36.7,0.611080021,0.15,190,4.632450302
avgbs_cluster_35273.1.11,Mrg21,200.6,0.337150431,0.047368421,190,15.70432592
avgbs_cluster_35273.1.12,Mrg21,200.6,0.337150431,0.047368421,190,15.70432592
avgbs_cluster_35273.1.13,Mrg21,200.6,0.337150431,0.047368421,190,15.70432592
avgbs_cluster_35279.1.35,Mrg28,43.8,0.877803417,0.234210526,190,-1.140530067
avgbs_cluster_35284.1.20,Mrg3,56.9,0.018775139,0.271052632,190,18.32025263
avgbs_cluster_35284.1.24,Mrg3,58.4,0.035679755,0.084210526,190,25.78958876
avgbs_cluster_35290.1.41,Mrg17,94.7,0.840432957,0.15,190,1.780278936
avgbs_cluster_35292.1.41,Mrg20,147.3,0.415166299,0.089473684,190,9.274120906
avgbs_cluster_35292.1.50,Mrg20,147.3,0.415166299,0.089473684,190,9.274120906
avgbs_cluster_35292.1.51,Mrg20,147.3,0.415166299,0.089473684,190,9.274120906
avgbs_cluster_3533.1.38,Mrg24,21.5,0.934133952,0.013157895,190,-2.381392186
avgbs_cluster_3533.1.62,Mrg24,21.2,0.316565076,0.118421053,190,-10.33813771
avgbs_cluster_35338.1.14,Mrg8,57.7,0.744920983,0.289473684,190,-2.287012563
avgbs_cluster_35338.1.17,Mrg8,57.7,0.744920983,0.289473684,190,-2.287012563
avgbs_cluster_35338.1.48,Mrg8,57.7,0.744920983,0.289473684,190,-2.287012563
avgbs_cluster_35368.1.48,Mrg15,26.4,0.516102626,0.184210526,190,-5.499303566
avgbs_cluster_35379.1.20,Mrg8,121.2,0.283430912,0.042105263,190,-17.51501832
avgbs_cluster_35381.1.25,Mrg13,36.7,0.625825944,0.134210526,190,4.601164677
avgbs_cluster_35390.1.60,Mrg13,35.9,0.573543069,0.139473684,190,5.245838195
avgbs_cluster_35392.1.24,Mrg5,57.8,0.52798457,0.021052632,190,14.16440412
avgbs_cluster_35392.1.30,Mrg5,81.9,0.291501812,0.242105263,190,-8.070611916
avgbs_cluster_3540.1.42,Mrg21,125.8,0.618541368,0.168421053,190,4.257707839
avgbs_cluster_35404.1.17,Mrg17,75.6,0.988445556,0.25,190,-0.106944444
avgbs_cluster_35404.1.8,Mrg17,75.6,0.988445556,0.25,190,-0.106944444
avgbs_cluster_35408.1.7,Mrg8,146.1,0.158472258,0.060526316,190,19.80779568
avgbs_cluster_35417.1.30,Mrg18,60.9,0.036250058,0.028947368,190,42.86480464
avgbs_cluster_35424.1.15,Mrg21,200.9,0.411627385,0.113157895,190,-8.477493124
avgbs_cluster_35424.1.22,Mrg21,200.9,0.923356196,0.178947368,190,-0.789198183
avgbs_cluster_35424.1.43,Mrg21,200.9,0.411627385,0.113157895,190,-8.477493124
avgbs_cluster_35432.1.49,Mrg13,40.3,0.214233728,0.060526316,190,17.79612125
avgbs_cluster_35446.1.24,Mrg15,35.1,0.684480328,0.094736842,190,4.417328811
avgbs_cluster_35446.1.62,Mrg15,35.1,0.684480328,0.094736842,190,4.417328811
avgbs_cluster_35447.1.18,Mrg9,86.8,0.077303975,0.097368421,190,19.7224824
avgbs_cluster_35447.1.35,Mrg9,86.8,0.057696181,0.231578947,190,15.26207825
avgbs_cluster_35464.1.12,Mrg24,10.1,0.093834968,0.205263158,190,13.81013224
avgbs_cluster_35464.1.32,Mrg24,10.1,0.093834968,0.205263158,190,13.81013224
avgbs_cluster_35469.1.57,Mrg2,72.1,0.19745144,0.471052632,190,8.498907559
avgbs_cluster_35516.1.15,Mrg5,27.4,0.356897606,0.397368421,190,6.158446136
avgbs_cluster_35516.1.29,Mrg5,27.4,0.356897606,0.397368421,190,6.158446136
avgbs_cluster_35516.1.48,Mrg5,27.4,0.356897606,0.397368421,190,6.158446136
avgbs_cluster_35519.1.12,Mrg3,51.5,0.778611481,0.089473684,190,-3.110845942
avgbs_cluster_35519.1.51,Mrg3,51.5,0.778611481,0.089473684,190,-3.110845942
avgbs_cluster_35519.1.64,Mrg3,51.5,0.778611481,0.089473684,190,-3.110845942
avgbs_cluster_35525.1.23,Mrg11,81.4,0.136017036,0.063157895,190,20.32599485
avgbs_cluster_35525.1.28,Mrg11,81.4,0.136017036,0.063157895,190,20.32599485
avgbs_cluster_35530.1.23,Mrg11,33.7,0.609533251,0.015789474,190,13.12024287
avgbs_cluster_35531.1.33,Mrg1,39.3,0.472510378,0.494736842,190,-4.698371349
avgbs_cluster_35540.1.9,Mrg4,24.6,0.74402324,0.010526316,190,10.1353945
avgbs_cluster_35548.1.50,Mrg21,124.1,0.510099945,0.026315789,190,13.27620495
avgbs_cluster_35548.1.64,Mrg21,124.1,0.113943961,0.2,190,13.13127741
avgbs_cluster_35594.1.26,Mrg18,7.9,0.049240766,0.371052632,190,13.73269681
avgbs_cluster_35594.1.34,Mrg18,7.9,0.049240766,0.371052632,190,13.73269681
avgbs_cluster_35611.1.37,Mrg18,69,0.041044135,0.068421053,190,-27.09667083
avgbs_cluster_3562.1.12,Mrg2,87.3,0.171046417,0.465789474,190,9.099047196
avgbs_cluster_35620.1.38,Mrg19,58.1,0.022165125,0.271052632,190,17.33810983
avgbs_cluster_35640.1.58,Mrg17,37.3,0.575131569,0.142105263,190,5.154335662
avgbs_cluster_35672.1.13,Mrg20,251,0.984700224,0.147368421,190,0.169288542
avgbs_cluster_35672.1.44,Mrg20,251,0.984700224,0.147368421,190,0.169288542
avgbs_cluster_35690.1.37,Mrg11,52.9,0.36080336,0.168421053,190,8.039256618
avgbs_cluster_35690.1.52,Mrg11,52.9,0.36080336,0.168421053,190,8.039256618
avgbs_cluster_35710.1.64,Mrg9,86.7,0.321692088,0.221052632,190,7.932248797
avgbs_cluster_35718.1.16,Mrg3,128.6,0.80687506,0.031578947,190,-4.404121377
avgbs_cluster_35718.1.40,Mrg3,128.6,0.80687506,0.031578947,190,-4.404121377
avgbs_cluster_35738.1.42,Mrg8,142,0.639570426,0.155263158,190,4.194874744
avgbs_cluster_35738.1.53,Mrg8,142,0.639570426,0.155263158,190,4.194874744
avgbs_cluster_35739.1.38,Mrg2,87.3,0.368786616,0.431578947,190,5.946304646
avgbs_cluster_3578.1.57,Mrg13,37.9,0.655644445,0.139473684,190,4.129902719
avgbs_cluster_35793.1.23,Mrg28,35.9,0.596389931,0.494736842,190,3.450472737
avgbs_cluster_3580.1.48,Mrg28,20,0.98033593,0.084210526,190,0.279757035
avgbs_cluster_35822.1.53,Mrg28,32.2,0.414129096,0.307894737,190,5.765299669
avgbs_cluster_35863.1.30,Mrg24,41.8,0.601122612,0.036842105,190,-8.893131993
avgbs_cluster_35931.1.56,Mrg1,53.1,0.816352181,0.252631579,190,1.694285015
avgbs_cluster_35951.1.37,Mrg21,181.1,0.441618496,0.323684211,190,-5.348535613
avgbs_cluster_35951.1.53,Mrg21,181.1,0.338881392,0.368421053,190,-6.475902778
avgbs_cluster_35965.1.53,Mrg5,112.3,0.715318006,0.139473684,190,-3.479168229
avgbs_cluster_35970.1.47,Mrg8,111.3,0.905776736,0.157894737,190,1.04476052
avgbs_cluster_35980.1.55,Mrg3,80.3,0.699515405,0.057894737,190,5.254806797
avgbs_cluster_35984.1.7,Mrg23,68.3,0.209523665,0.115789474,190,12.9311057
avgbs_cluster_35998.1.59,Mrg1,79.7,0.844515997,0.105263158,190,2.006476716
avgbs_cluster_35998.1.62,Mrg1,79.7,0.844515997,0.105263158,190,2.006476716
avgbs_cluster_35998.1.64,Mrg1,79.7,0.844515997,0.105263158,190,2.006476716
avgbs_cluster_36009.1.7,Mrg20,218.3,0.099003399,0.231578947,190,13.10989328
avgbs_cluster_36011.1.38,Mrg24,5.4,0.198993482,0.265789474,190,9.62706078
avgbs_cluster_36014.1.46,Mrg9,116.4,0.148314504,0.05,190,23.67474544
avgbs_cluster_36019.1.61,Mrg21,32.1,0.013434588,0.339473684,190,-18.15449132
avgbs_cluster_36019.1.63,Mrg21,32.1,0.013434588,0.339473684,190,-18.15449132
avgbs_cluster_36034.1.57,Mrg21,124.1,0.463150684,0.044736842,190,12.97226899
avgbs_cluster_36103.1.56,Mrg3,53.9,0.644812911,0.436842105,190,2.968110526
avgbs_cluster_36103.1.58,Mrg3,53.9,0.644812911,0.436842105,190,2.968110526
avgbs_cluster_36113.1.24,Mrg1,90.4,0.762812631,0.278947368,190,2.142299284
avgbs_cluster_36116.1.13,Mrg21,28.3,0.227784556,0.057894737,190,17.00436241
avgbs_cluster_36125.1.44,Mrg6,67.6,0.849259235,0.131578947,190,-1.764603535
avgbs_cluster_36132.1.50,Mrg24,31.6,0.155108015,0.089473684,190,16.49360407
avgbs_cluster_36132.1.59,Mrg24,31.6,0.155108015,0.089473684,190,16.49360407
avgbs_cluster_36138.1.37,Mrg20,122.8,0.978767409,0.155263158,190,-0.228837316
avgbs_cluster_36150.1.12,Mrg17,32.2,0.097253748,0.165789474,190,14.91093916
avgbs_cluster_36152.1.63,Mrg9,50.9,0.153904253,0.386842105,190,9.832751644
avgbs_cluster_36152.1.64,Mrg9,50.9,0.153904253,0.386842105,190,9.832751644
avgbs_cluster_36165.1.13,Mrg17,37.3,0.482176723,0.147368421,190,6.409935332
avgbs_cluster_36165.1.29,Mrg17,37.3,0.707915428,0.136842105,190,3.463750782
avgbs_cluster_36167.1.43,Mrg2,87.3,0.405214363,0.021052632,190,20.18086158
avgbs_cluster_36176.1.10,Mrg12,63.5,0.645567663,0.028947368,190,8.972713664
avgbs_cluster_36176.1.37,Mrg12,63.5,0.645567663,0.028947368,190,8.972713664
avgbs_cluster_3620.1.40,Mrg28,35.9,0.4214271,0.155263158,190,7.475603621
avgbs_cluster_36227.1.55,Mrg13,96.7,0.225413342,0.010526316,190,39.11860594
avgbs_cluster_36227.1.61,Mrg13,96.7,0.139235535,0.013157895,190,45.38500247
avgbs_cluster_36242.1.19,Mrg17,62.9,0.648349053,0.331578947,190,3.111345813
avgbs_cluster_36242.1.24,Mrg17,68.2,0.27753438,0.436842105,190,7.221126887
avgbs_cluster_36244.1.60,Mrg13,49.9,0.406741267,0.081578947,190,-9.939990043
avgbs_cluster_3625.1.22,Mrg12,53.5,0.340661961,0.010526316,190,-30.49226507
avgbs_cluster_3625.1.63,Mrg12,53.5,0.340661961,0.010526316,190,-30.49226507
avgbs_cluster_3625.1.64,Mrg12,53.5,0.340661961,0.010526316,190,-30.49226507
avgbs_cluster_36278.1.24,Mrg3,101.6,0.000171409,0.271052632,190,-29.03288511
avgbs_cluster_36286.1.16,Mrg8,118.8,0.939183183,0.228947368,190,-0.567059108
avgbs_cluster_36292.1.51,Mrg1,87.4,0.453104431,0.315789474,190,5.229097222
avgbs_cluster_36303.1.50,Mrg17,68.5,0.210230176,0.052631579,190,18.49988426
avgbs_cluster_36303.1.52,Mrg17,68.5,0.210230176,0.052631579,190,18.49988426
avgbs_cluster_36303.1.9,Mrg17,68.5,0.210230176,0.052631579,190,18.49988426
avgbs_cluster_36329.1.27,Mrg17,80.2,0.19913033,0.026315789,190,-26.46974099
avgbs_cluster_36329.1.49,Mrg17,80.2,0.19913033,0.026315789,190,-26.46974099
avgbs_cluster_36329.1.59,Mrg17,83.8,0.589688152,0.010526316,190,16.94772828
avgbs_cluster_3637.1.37,Mrg3,68.7,0.019835136,0.265789474,190,-17.77390031
avgbs_cluster_36446.1.17,Mrg12,29.5,0.126510645,0.173684211,190,13.5122063
avgbs_cluster_36463.1.26,Mrg17,83.6,0.589688152,0.010526316,190,16.94772828
avgbs_cluster_36463.1.46,Mrg17,83.6,0.061954537,0.184210526,190,16.22499023
avgbs_cluster_36463.1.53,Mrg17,83.6,0.589688152,0.010526316,190,16.94772828
avgbs_cluster_36473.1.26,Mrg19,68.1,0.798190626,0.010526316,190,7.89935727
avgbs_cluster_36473.1.52,Mrg19,64.7,0.338920681,0.147368421,190,-8.811845973
avgbs_cluster_36475.1.11,Mrg24,78.6,0.169908839,0.073684211,190,17.71991698
avgbs_cluster_36517.1.23,Mrg28,32.6,0.608274681,0.026315789,190,-10.82561496
avgbs_cluster_36517.1.60,Mrg28,32.6,0.608274681,0.026315789,190,-10.82561496
avgbs_cluster_36521.1.30,Mrg28,43.8,0.531848774,0.321052632,190,4.313422131
avgbs_cluster_36528.1.54,Mrg4,23.8,0.556129379,0.373684211,190,3.934230109
avgbs_cluster_36530.1.54,Mrg8,142.8,0.861720591,0.168421053,190,-1.532791239
avgbs_cluster_36539.1.37,Mrg21,28.3,0.358202096,0.052631579,190,13.42134259
avgbs_cluster_36539.1.54,Mrg21,28.3,0.358202096,0.052631579,190,13.42134259
avgbs_cluster_36540.1.38,Mrg18,7.5,0.277232876,0.281578947,190,7.951634305
avgbs_cluster_36540.1.50,Mrg18,1.5,0.968355749,0.063157895,190,-0.505846208
avgbs_cluster_3656.1.31,Mrg2,23.2,0.699515405,0.057894737,190,5.254806797
avgbs_cluster_36585.1.56,Mrg2,85.2,0.095229918,0.321052632,190,11.96744169
avgbs_cluster_3660.1.52,Mrg6,18.8,0.349737934,0.05,190,14.6241566
avgbs_cluster_36604.1.23,Mrg1,73.7,0.963440382,0.410526316,190,-0.287596252
avgbs_cluster_36611.1.58,Mrg24,41.8,0.703478359,0.047368421,190,5.695361418
avgbs_cluster_36630.1.28,Mrg28,43.8,0.894078033,0.294736842,190,0.924402402
avgbs_cluster_36640.1.49,Mrg17,70.5,0.477769046,0.084210526,190,8.129564664
avgbs_cluster_36700.1.49,Mrg19,49.8,0.091608795,0.115789474,190,17.78530906
avgbs_cluster_36780.1.18,Mrg3,48.1,0.527687063,0.255263158,190,-4.855726476
avgbs_cluster_36780.2.16,Mrg6,67.6,0.200330856,0.028947368,190,25.81379017
avgbs_cluster_36789.1.57,Mrg2,23.2,0.791874534,0.052631579,190,3.728043981
avgbs_cluster_36808.1.29,Mrg2,10.8,0.271662684,0.315789474,190,-7.90741018
avgbs_cluster_36808.1.52,Mrg2,10.8,0.271662684,0.315789474,190,-7.90741018
avgbs_cluster_36815.1.8,Mrg12,63.5,0.026981311,0.226315789,190,17.86924256
avgbs_cluster_36829.1.38,Mrg18,64.5,0.137048697,0.063157895,190,-20.27082748
avgbs_cluster_36829.1.52,Mrg18,64.5,0.137048697,0.063157895,190,-20.27082748
avgbs_cluster_36829.1.62,Mrg18,64.5,0.137048697,0.063157895,190,-20.27082748
avgbs_cluster_36856.1.59,Mrg33,97.7,0.840193489,0.015789474,190,5.080804367
avgbs_cluster_36856.1.61,Mrg33,97.7,0.840193489,0.015789474,190,5.080804367
avgbs_cluster_36856.1.63,Mrg33,97.7,0.840193489,0.015789474,190,5.080804367
avgbs_cluster_36864.1.32,Mrg4,38.1,0.699927053,0.042105263,190,-6.543684176
avgbs_cluster_36884.1.39,Mrg17,89.4,0.322164298,0.189473684,190,8.33324272
avgbs_cluster_36887.1.27,Mrg4,41.8,0.794587843,0.113157895,190,2.609327728
avgbs_cluster_36887.1.47,Mrg4,41.8,0.794587843,0.113157895,190,2.609327728
avgbs_cluster_36892.1.54,Mrg21,125.8,0.455041133,0.05,190,-10.95257188
avgbs_cluster_36943.1.49,Mrg20,232.1,0.331779508,0.276315789,190,7.212325425
avgbs_cluster_36943.1.63,Mrg20,232.1,0.331779508,0.276315789,190,7.212325425
avgbs_cluster_36966.1.11,Mrg2,73.3,0.390225599,0.426315789,190,5.684794577
avgbs_cluster_36966.1.21,Mrg2,73.3,0.390225599,0.426315789,190,5.684794577
avgbs_cluster_36969.1.31,Mrg4,20.2,0.510530311,0.494736842,190,4.246094212
avgbs_cluster_36984.1.29,Mrg17,88,0.311940557,0.071052632,190,13.01063457
avgbs_cluster_36998.1.39,Mrg3,82.8,0.467632728,0.126315789,190,-7.076047942
avgbs_cluster_36998.1.40,Mrg3,82.8,0.467632728,0.126315789,190,-7.076047942
avgbs_cluster_37037.1.49,Mrg13,36.7,0.425314712,0.155263158,190,7.182275721
avgbs_cluster_37046.1.23,Mrg12,56.7,0.274738321,0.186842105,190,-9.31654831
avgbs_cluster_37053.1.53,Mrg21,206.1,0.23837956,0.236842105,190,9.124401341
avgbs_cluster_37059.1.22,Mrg28,43.8,0.823589529,0.263157895,190,1.603508931
avgbs_cluster_3706.1.61,Mrg11,52.8,0.086887202,0.026315789,190,-35.62953829
avgbs_cluster_3706.1.63,Mrg11,52.8,0.086887202,0.026315789,190,-35.62953829
avgbs_cluster_3706.1.64,Mrg11,52.8,0.086887202,0.026315789,190,-35.62953829
avgbs_cluster_37065.1.59,Mrg5,56.5,0.348629455,0.028947368,190,18.68940402
avgbs_cluster_37092.1.19,Mrg18,32.5,0.263445034,0.202631579,190,-9.173956938
avgbs_cluster_37092.1.36,Mrg18,32.5,0.263445034,0.202631579,190,-9.173956938
avgbs_cluster_37107.1.29,Mrg8,110.1,0.681885476,0.142105263,190,3.821378532
avgbs_cluster_37107.1.53,Mrg8,110.1,0.681885476,0.142105263,190,3.821378532
avgbs_cluster_37140.1.50,Mrg13,39.4,0.124507496,0.068421053,190,20.19913353
avgbs_cluster_37140.1.57,Mrg13,39.4,0.103811408,0.071052632,190,21.27130884
avgbs_cluster_3715.1.43,Mrg1,109,0.811551425,0.110526316,190,-2.497077972
avgbs_cluster_37152.1.36,Mrg15,35.1,0.916100503,0.010526316,190,3.218838652
avgbs_cluster_37164.1.35,Mrg5,135.5,0.125462986,0.052631579,190,22.77818287
avgbs_cluster_37164.1.39,Mrg5,135.5,0.125462986,0.052631579,190,22.77818287
avgbs_cluster_37164.1.40,Mrg5,135.5,0.125462986,0.052631579,190,22.77818287
avgbs_cluster_37167.1.30,Mrg6,66.1,0.967313511,0.015789474,190,-1.019685829
avgbs_cluster_37167.1.38,Mrg6,66.1,0.967313511,0.015789474,190,-1.019685829
avgbs_cluster_37169.1.11,Mrg13,40.8,0.238699347,0.052631579,190,17.36010417
avgbs_cluster_37186.1.21,Mrg20,217.3,0.747272345,0.281578947,190,-2.291417752
avgbs_cluster_37186.1.59,Mrg20,217.3,0.747272345,0.281578947,190,-2.291417752
avgbs_cluster_37186.1.7,Mrg20,217.3,0.747272345,0.281578947,190,-2.291417752
avgbs_cluster_37225.1.45,Mrg11,52.8,0.963427949,0.192105263,190,0.362731013
avgbs_cluster_3723.1.45,Mrg9,73.5,0.669668809,0.134210526,190,-4.156943006
avgbs_cluster_37233.1.29,Mrg3,42.7,0.65792651,0.023684211,190,9.565493014
avgbs_cluster_37233.1.34,Mrg3,42.7,0.65792651,0.023684211,190,9.565493014
avgbs_cluster_37233.1.43,Mrg3,42.7,0.65792651,0.023684211,190,9.565493014
avgbs_cluster_37300.1.27,Mrg11,54,0.188241646,0.273684211,190,-9.746678454
avgbs_cluster_3731.1.24,Mrg20,196.1,0.475679119,0.152631579,190,6.415067912
avgbs_cluster_37333.1.8,Mrg17,10.5,0.289335298,0.260526316,190,7.99538928
avgbs_cluster_37342.1.63,Mrg19,55.4,0.859330671,0.018421053,190,4.291530704
avgbs_cluster_37346.1.41,Mrg15,58.2,0.052755241,0.184210526,190,-16.8538657
avgbs_cluster_37346.1.57,Mrg15,58.2,0.052755241,0.184210526,190,-16.8538657
avgbs_cluster_37364.1.52,Mrg20,41.6,0.631534004,0.097368421,190,-5.210629483
avgbs_cluster_37364.1.57,Mrg20,41.6,0.631534004,0.097368421,190,-5.210629483
avgbs_cluster_37368.1.56,Mrg13,41.2,0.171290147,0.055263158,190,20.05439119
avgbs_cluster_3738.1.13,Mrg23,62.1,0.499592917,0.010526316,190,21.3597961
avgbs_cluster_3738.1.54,Mrg23,62.1,0.499592917,0.010526316,190,21.3597961
avgbs_cluster_37383.1.50,Mrg20,74.3,0.918356588,0.121052632,190,-0.979698755
avgbs_cluster_37383.1.59,Mrg20,74.3,0.918356588,0.121052632,190,-0.979698755
avgbs_cluster_37384.1.27,Mrg20,226.6,0.445384933,0.321052632,190,5.397092289
avgbs_cluster_37387.1.13,Mrg19,28.8,0.750207153,0.213157895,190,2.432823531
avgbs_cluster_37387.1.50,Mrg19,28.8,0.750207153,0.213157895,190,2.432823531
avgbs_cluster_37467.1.21,Mrg9,67.5,0.44815897,0.092105263,190,8.708798711
avgbs_cluster_37467.1.22,Mrg9,67.5,0.44815897,0.092105263,190,8.708798711
avgbs_cluster_37489.1.19,Mrg11,24.9,0.900579844,0.089473684,190,-1.366945058
avgbs_cluster_37491.1.31,Mrg20,156.7,0.365295687,0.126315789,190,8.992428966
avgbs_cluster_37526.1.42,Mrg1,23.8,0.213341678,0.297368421,190,9.059878185
avgbs_cluster_37531.1.52,Mrg12,22,0.184938241,0.084210526,190,15.76998623
avgbs_cluster_37531.1.58,Mrg12,22,0.184938241,0.084210526,190,15.76998623
avgbs_cluster_37542.1.7,Mrg3,72.7,0.836663488,0.057894737,190,2.773661546
avgbs_cluster_37548.1.25,Mrg9,78.3,0.337137218,0.363157895,190,6.634171937
avgbs_cluster_37564.1.63,Mrg24,19.4,0.068512987,0.060526316,190,25.79607645
avgbs_cluster_3759.1.62,Mrg8,151.9,0.904025948,0.186842105,190,0.969983869
avgbs_cluster_3759.1.64,Mrg8,151.9,0.904025948,0.186842105,190,0.969983869
avgbs_cluster_37607.1.30,Mrg5,98.7,0.83323065,0.165789474,190,1.788066621
avgbs_cluster_37607.1.7,Mrg5,98.7,0.83323065,0.165789474,190,1.788066621
avgbs_cluster_37607.1.8,Mrg5,98.7,0.83323065,0.165789474,190,1.788066621
avgbs_cluster_3763.1.53,Mrg9,91.9,0.067339142,0.128947368,190,18.32828441
avgbs_cluster_37638.1.15,Mrg5,82,0.693388049,0.021052632,190,-8.736469534
avgbs_cluster_37638.1.42,Mrg5,82,0.693388049,0.021052632,190,-8.736469534
avgbs_cluster_37648.1.13,Mrg11,28.6,0.56198196,0.063157895,190,7.662107912
avgbs_cluster_37648.1.35,Mrg11,28.6,0.56198196,0.063157895,190,7.662107912
avgbs_cluster_37659.1.43,Mrg3,25.4,0.5295947,0.160526316,190,-5.544172202
avgbs_cluster_37659.1.51,Mrg3,25.4,0.5295947,0.160526316,190,-5.544172202
avgbs_cluster_37660.1.24,Mrg18,22.7,0.317973948,0.139473684,190,9.698909051
avgbs_cluster_37660.1.55,Mrg18,22.7,0.317973948,0.139473684,190,9.698909051
avgbs_cluster_37660.1.61,Mrg18,22.7,0.317973948,0.139473684,190,9.698909051
avgbs_cluster_37678.1.56,Mrg15,10,0.971633638,0.471052632,190,0.221467839
avgbs_cluster_37678.1.64,Mrg15,10,0.971633638,0.471052632,190,0.221467839
avgbs_cluster_37682.1.21,Mrg21,126.4,0.459927623,0.018421053,190,-18.48041271
avgbs_cluster_37682.1.63,Mrg21,126.4,0.459927623,0.018421053,190,-18.48041271
avgbs_cluster_37682.1.64,Mrg21,126.4,0.459927623,0.018421053,190,-18.48041271
avgbs_cluster_37690.1.17,Mrg21,155.7,0.083374016,0.05,190,26.84856363
avgbs_cluster_37690.1.19,Mrg21,155.7,0.083374016,0.05,190,26.84856363
avgbs_cluster_37703.1.12,Mrg1,58.1,0.838160815,0.344736842,190,-1.35401531
avgbs_cluster_37704.1.22,Mrg21,155.7,0.117429606,0.047368421,190,24.48322974
avgbs_cluster_37707.1.17,Mrg28,54.2,0.366973463,0.136842105,190,8.858027038
avgbs_cluster_37707.1.53,Mrg28,54.2,0.366973463,0.136842105,190,8.858027038
avgbs_cluster_37716.1.25,Mrg11,65.9,0.206152942,0.144736842,190,11.66603529
avgbs_cluster_3772.1.18,Mrg5,40.3,0.331672395,0.297368421,190,7.006776094
avgbs_cluster_37734.1.19,Mrg4,20.2,0.633430417,0.468421053,190,-3.054868682
avgbs_cluster_37734.1.50,Mrg4,20.2,0.453911842,0.457894737,190,-4.869608349
avgbs_cluster_37739.1.37,Mrg6,51.7,0.718510585,0.468421053,190,-2.317762909
avgbs_cluster_37741.1.30,Mrg28,65.4,0.917524016,0.013157895,190,2.699868846
avgbs_cluster_37771.1.24,Mrg11,32.4,0.750201575,0.281578947,190,2.294014592
avgbs_cluster_37786.1.12,Mrg23,38,0.766663609,0.047368421,190,4.55131193
avgbs_cluster_37786.1.55,Mrg23,38,0.766663609,0.047368421,190,4.55131193
avgbs_cluster_37809.1.57,Mrg21,198.4,0.546381167,0.084210526,190,6.989140326
avgbs_cluster_37809.1.60,Mrg21,198.4,0.546381167,0.084210526,190,6.989140326
avgbs_cluster_37844.1.58,Mrg11,108.8,0.209965117,0.489473684,190,-8.357213698
avgbs_cluster_37844.1.59,Mrg11,108.8,0.209965117,0.489473684,190,-8.357213698
avgbs_cluster_37857.1.60,Mrg1,103.1,0.782472181,0.347368421,190,1.84158219
avgbs_cluster_37857.1.61,Mrg1,103.1,0.782472181,0.347368421,190,1.84158219
avgbs_cluster_37857.1.63,Mrg1,103.1,0.782472181,0.347368421,190,1.84158219
avgbs_cluster_37894.1.46,Mrg8,151.9,0.113199321,0.057894737,190,-22.53836232
avgbs_cluster_37918.1.44,Mrg1,50.7,0.785318806,0.121052632,190,2.635977502
avgbs_cluster_37918.1.64,Mrg1,50.7,0.785318806,0.121052632,190,2.635977502
avgbs_cluster_37930.1.58,Mrg19,31.3,0.134757482,0.089473684,190,17.66774713
avgbs_cluster_37930.1.7,Mrg19,31.3,0.134757482,0.089473684,190,17.66774713
avgbs_cluster_37933.1.15,Mrg20,122.8,0.374455674,0.134210526,190,8.739853276
avgbs_cluster_37933.1.62,Mrg20,122.8,0.374455674,0.134210526,190,8.739853276
avgbs_cluster_37967.1.53,Mrg9,80.2,0.532296214,0.234210526,190,4.767392904
avgbs_cluster_3799.1.18,Mrg21,213.3,0.882426297,0.228947368,190,-1.113776032
avgbs_cluster_3799.1.40,Mrg21,213.3,0.882426297,0.228947368,190,-1.113776032
avgbs_cluster_3799.1.45,Mrg21,213.3,0.874071423,0.223684211,190,-1.204615555
avgbs_cluster_38015.1.36,Mrg13,114.6,0.563551705,0.021052632,190,12.92902106
avgbs_cluster_38058.1.18,Mrg5,81.8,0.773238856,0.084210526,190,-3.278639847
avgbs_cluster_38058.1.29,Mrg5,81.8,0.773238856,0.084210526,190,-3.278639847
avgbs_cluster_38110.1.41,Mrg24,10.7,0.629921315,0.015789474,190,12.35821078
avgbs_cluster_38110.1.47,Mrg24,10.7,0.629921315,0.015789474,190,12.35821078
avgbs_cluster_38112.1.47,Mrg3,55.8,0.160460338,0.123684211,190,13.25324836
avgbs_cluster_38113.1.8,Mrg17,13.3,0.100658362,0.065789474,190,-22.27021925
avgbs_cluster_38163.1.58,Mrg20,135.8,0.29512236,0.128947368,190,10.54923019
avgbs_cluster_38167.1.64,Mrg13,36.7,0.103811408,0.071052632,190,21.27130884
avgbs_cluster_38171.1.9,Mrg33,44.4,0.341491392,0.342105263,190,6.586490764
avgbs_cluster_38209.1.37,Mrg1,39.3,0.383003167,0.481578947,190,5.730363786
avgbs_cluster_38211.1.17,Mrg21,172,0.240368149,0.026315789,190,24.12802928
avgbs_cluster_38223.1.17,Mrg1,112.7,0.08273024,0.315789474,190,12.51615428
avgbs_cluster_38223.1.61,Mrg1,112.7,0.08273024,0.315789474,190,12.51615428
avgbs_cluster_38245.1.19,Mrg28,43.8,0.490450634,0.318421053,190,4.826795774
avgbs_cluster_3826.1.35,Mrg11,76.9,0.810154832,0.184210526,190,-2.04327862
avgbs_cluster_38268.1.55,Mrg5,135.5,0.544326089,0.286842105,190,4.385067538
avgbs_cluster_38268.1.57,Mrg5,135.5,0.381520372,0.031578947,190,16.29538043
avgbs_cluster_3827.1.52,Mrg20,249.7,0.151638795,0.302631579,190,10.36972442
avgbs_cluster_3829.1.51,Mrg15,70.4,0.00463574,0.139473684,190,28.67439249
avgbs_cluster_3829.1.52,Mrg15,70.4,0.00463574,0.139473684,190,28.67439249
avgbs_cluster_383.1.33,Mrg24,60.2,0.743560777,0.144736842,190,-2.930050051
avgbs_cluster_38306.1.34,Mrg21,27.3,0.924420108,0.236842105,190,0.695244253
avgbs_cluster_38415.1.59,Mrg2,87.3,0.549925166,0.223684211,190,4.63295074
avgbs_cluster_38415.1.60,Mrg2,87.3,0.549925166,0.223684211,190,4.63295074
avgbs_cluster_38415.1.61,Mrg2,87.3,0.549925166,0.223684211,190,4.63295074
avgbs_cluster_38419.1.54,Mrg17,62.9,0.320510231,0.010526316,190,31.83569371
avgbs_cluster_38455.1.46,Mrg20,209.4,0.483280454,0.297368421,190,5.322273945
avgbs_cluster_38467.1.14,Mrg24,23.1,0.5483079,0.221052632,190,4.654271236
avgbs_cluster_38474.1.23,Mrg9,71.5,0.472109096,0.115789474,190,-7.270531205
avgbs_cluster_38474.1.31,Mrg9,71.5,0.472109096,0.115789474,190,-7.270531205
avgbs_cluster_3848.1.53,Mrg12,117.5,0.309595411,0.010526316,190,32.58735594
avgbs_cluster_3848.1.63,Mrg12,117.5,0.309595411,0.010526316,190,32.58735594
avgbs_cluster_38484.1.59,Mrg18,20.7,0.45327299,0.123684211,190,-7.518334052
avgbs_cluster_38496.1.33,Mrg3,9,0.987828153,0.447368421,190,-0.094968487
avgbs_cluster_38496.1.56,Mrg3,9,0.987828153,0.447368421,190,-0.094968487
avgbs_cluster_38514.1.37,Mrg6,57.2,0.553820704,0.371052632,190,-4.224714589
avgbs_cluster_38514.1.39,Mrg6,57.2,0.553820704,0.371052632,190,-4.224714589
avgbs_cluster_38514.1.61,Mrg6,57.2,0.553820704,0.371052632,190,-4.224714589
avgbs_cluster_38547.1.10,Mrg6,116,0.423467606,0.036842105,190,13.79544139
avgbs_cluster_38547.1.64,Mrg6,116,0.423467606,0.036842105,190,13.79544139
avgbs_cluster_38565.1.31,Mrg8,129.6,0.89050399,0.144736842,190,1.229750966
avgbs_cluster_38597.1.32,Mrg20,120.1,0.54211255,0.189473684,190,5.050601028
avgbs_cluster_38606.1.38,Mrg23,57,0.499592917,0.010526316,190,21.3597961
avgbs_cluster_38614.1.34,Mrg5,58.7,0.711082421,0.176315789,190,3.101549292
avgbs_cluster_38629.1.32,Mrg17,89.4,0.589688152,0.010526316,190,16.94772828
avgbs_cluster_38629.1.49,Mrg17,89.4,0.589688152,0.010526316,190,16.94772828
avgbs_cluster_38648.1.56,Mrg21,125.8,0.645877558,0.031578947,190,8.390545743
avgbs_cluster_38648.1.64,Mrg21,125.8,0.658202651,0.078947368,190,5.23377381
avgbs_cluster_38659.1.50,Mrg11,54,0.718568637,0.210526316,190,2.87529163
avgbs_cluster_3866.1.21,Mrg4,51.7,0.595267968,0.473684211,190,-3.447339671
avgbs_cluster_3866.1.26,Mrg4,51.7,0.595267968,0.473684211,190,-3.447339671
avgbs_cluster_3866.1.45,Mrg4,51.7,0.595267968,0.473684211,190,-3.447339671
avgbs_cluster_38684.1.44,Mrg15,31.3,0.91463301,0.078947368,190,-1.239797619
avgbs_cluster_38719.1.45,Mrg12,40.9,0.402041095,0.028947368,190,-16.64647088
avgbs_cluster_38719.1.58,Mrg12,40.9,0.29653439,0.026315789,190,-21.36541667
avgbs_cluster_38771.1.30,Mrg17,63,0.53861697,0.010526316,190,19.39852615
avgbs_cluster_38771.1.47,Mrg17,56.1,0.68006171,0.257894737,190,3.044050144
avgbs_cluster_38809.1.26,Mrg21,27.3,0.594982607,0.147368421,190,4.758616749
avgbs_cluster_38809.1.64,Mrg21,27.3,0.594982607,0.147368421,190,4.758616749
avgbs_cluster_38815.1.23,Mrg33,42.9,0.200620666,0.394736842,190,8.686751417
avgbs_cluster_38845.1.14,Mrg5,135.5,0.272560797,0.136842105,190,10.36247467
avgbs_cluster_38858.1.44,Mrg23,19,0.277865891,0.060526316,190,-15.10449705
avgbs_cluster_38870.1.62,Mrg8,107.1,0.094535292,0.5,190,11.19024823
avgbs_cluster_38872.1.18,Mrg9,44.7,0.629332507,0.089473684,190,5.496498009
avgbs_cluster_38875.1.12,Mrg17,80,0.19913033,0.026315789,190,-26.46974099
avgbs_cluster_38875.1.27,Mrg17,80,0.19913033,0.026315789,190,-26.46974099
avgbs_cluster_38881.1.37,Mrg18,18.1,0.226900809,0.05,190,19.06675478
avgbs_cluster_38899.1.25,Mrg8,147.3,0.242186733,0.042105263,190,-20.54183287
avgbs_cluster_38947.1.40,Mrg12,37.5,0.781054593,0.260526316,190,-2.020418639
avgbs_cluster_38951.1.21,Mrg12,17,0.289886033,0.055263158,190,-15.37756668
avgbs_cluster_38966.1.12,Mrg8,149.1,0.630352992,0.015789474,190,-12.34221257
avgbs_cluster_38966.1.57,Mrg8,125.3,0.469306027,0.234210526,190,-5.766646891
avgbs_cluster_38994.1.14,Mrg9,125.7,0.07539011,0.015789474,190,47.5704434
avgbs_cluster_39005.1.23,Mrg24,61.1,0.313902617,0.042105263,190,-16.40826179
avgbs_cluster_39005.1.42,Mrg24,61.1,0.313902617,0.042105263,190,-16.40826179
avgbs_cluster_39075.1.20,Mrg24,89.4,0.819417989,0.110526316,190,2.291333826
avgbs_cluster_39082.1.11,Mrg24,42.2,0.335984652,0.157894737,190,-8.706703861
avgbs_cluster_39105.1.17,Mrg9,129,0.073850996,0.144736842,190,17.03797121
avgbs_cluster_39105.1.46,Mrg9,129,0.073850996,0.144736842,190,17.03797121
avgbs_cluster_39107.1.55,Mrg3,42.7,0.086632341,0.071052632,190,22.91367732
avgbs_cluster_39112.1.49,Mrg2,87.3,0.686390925,0.015789474,190,10.30919118
avgbs_cluster_39123.1.51,Mrg17,66.1,0.182832157,0.044736842,190,-22.34705782
avgbs_cluster_39124.1.19,Mrg20,147.3,0.63524363,0.118421053,190,-4.783372113
avgbs_cluster_39124.1.28,Mrg20,147.3,0.63524363,0.118421053,190,-4.783372113
avgbs_cluster_39124.1.34,Mrg20,147.3,0.63524363,0.118421053,190,-4.783372113
avgbs_cluster_39127.1.21,Mrg23,81.5,0.697798953,0.318421053,190,2.658579596
avgbs_cluster_39127.1.27,Mrg23,81.5,0.697798953,0.318421053,190,2.658579596
avgbs_cluster_39127.1.31,Mrg23,81.5,0.697798953,0.318421053,190,2.658579596
avgbs_cluster_39131.1.11,Mrg17,37.3,0.285584054,0.144736842,190,10.00482872
avgbs_cluster_39131.1.26,Mrg17,37.3,0.450359726,0.134210526,190,7.216303725
avgbs_cluster_39131.1.41,Mrg17,37.3,0.321617162,0.331578947,190,-6.968304848
avgbs_cluster_3914.1.8,Mrg3,45.7,0.820259066,0.447368421,190,-1.44565638
avgbs_cluster_39140.1.41,Mrg23,23.2,0.753172156,0.047368421,190,4.685731277
avgbs_cluster_39144.1.26,Mrg24,5.4,0.885526602,0.015789474,190,-3.963143777
avgbs_cluster_39144.1.48,Mrg24,5.4,0.885526602,0.015789474,190,-3.963143777
avgbs_cluster_3916.1.22,Mrg28,59.2,0.564977384,0.355263158,190,-3.874781435
avgbs_cluster_3916.1.25,Mrg28,59.2,0.564977384,0.355263158,190,-3.874781435
avgbs_cluster_39164.1.38,Mrg21,126.2,0.053311351,0.197368421,190,16.43791471
avgbs_cluster_39164.1.62,Mrg21,126.2,0.053311351,0.197368421,190,16.43791471
avgbs_cluster_39187.1.15,Mrg11,9.8,0.460467901,0.318421053,190,-5.209677981
avgbs_cluster_39187.1.31,Mrg11,9.8,1.22E-05,0.047368421,190,-69.41018646
avgbs_cluster_39191.1.57,Mrg2,85.2,0.732000808,0.021052632,190,7.564521729
avgbs_cluster_3921.1.21,Mrg20,234.2,0.847943982,0.123684211,190,1.839257109
avgbs_cluster_3921.1.45,Mrg20,234.2,0.847943982,0.123684211,190,1.839257109
avgbs_cluster_39210.1.21,Mrg15,52.7,0.576106184,0.131578947,190,5.310017677
avgbs_cluster_39212.1.35,Mrg9,22.5,0.345577853,0.034210526,190,-18.05350016
avgbs_cluster_39223.1.37,Mrg11,8.8,0.144292722,0.297368421,190,-10.61921453
avgbs_cluster_39223.1.8,Mrg11,8.8,0.515735098,0.318421053,190,-4.513006972
avgbs_cluster_39225.1.13,Mrg4,43.1,0.597844087,0.031578947,190,9.668399004
avgbs_cluster_39230.1.39,Mrg1,110.2,0.809782024,0.239473684,190,1.809517963
avgbs_cluster_3924.1.6,Mrg20,147.3,0.372639183,0.123684211,190,8.878080601
avgbs_cluster_39240.1.30,Mrg13,108.5,0.771053693,0.057894737,190,4.142915027
avgbs_cluster_39240.1.32,Mrg13,108.5,0.771053693,0.057894737,190,4.142915027
avgbs_cluster_39240.1.47,Mrg13,108.5,0.771053693,0.057894737,190,4.142915027
avgbs_cluster_39255.1.44,Mrg18,44,0.024396709,0.034210526,190,-42.41704959
avgbs_cluster_3927.1.10,Mrg19,68.3,0.798190626,0.010526316,190,7.89935727
avgbs_cluster_39275.1.58,Mrg2,73.3,0.97217206,0.165789474,190,0.292220439
avgbs_cluster_39296.1.31,Mrg17,78.9,0.206208651,0.028947368,190,-25.46877638
avgbs_cluster_39297.1.59,Mrg21,78.7,0.052877248,0.047368421,190,28.8347959
avgbs_cluster_39297.1.61,Mrg21,78.7,0.052877248,0.047368421,190,28.8347959
avgbs_cluster_39299.1.60,Mrg17,78,0.179144458,0.497368421,190,8.903240019
avgbs_cluster_39300.1.46,Mrg15,85.8,0.208489609,0.057894737,190,-17.75820742
avgbs_cluster_39300.1.62,Mrg15,85.8,0.620209845,0.094736842,190,-5.414450097
avgbs_cluster_39301.1.37,Mrg19,59.2,0.048919606,0.097368421,190,22.3882726
avgbs_cluster_39301.1.62,Mrg19,58.1,0.497541173,0.028947368,190,13.38325256
avgbs_cluster_39318.1.49,Mrg21,82.1,0.666441693,0.118421053,190,4.17483621
avgbs_cluster_39334.1.47,Mrg6,51.7,0.416829811,0.405263158,190,-5.462181163
avgbs_cluster_39334.1.64,Mrg6,51.7,0.416829811,0.405263158,190,-5.462181163
avgbs_cluster_39353.1.29,Mrg2,10.3,0.334041739,0.381578947,190,6.590094969
avgbs_cluster_39360.1.45,Mrg24,41,0.329056039,0.142105263,190,-9.237088752
avgbs_cluster_3938.1.53,Mrg8,61.3,0.206234554,0.063157895,190,17.1376463
avgbs_cluster_39397.1.54,Mrg4,44.7,0.668760139,0.152631579,190,-3.871717552
avgbs_cluster_394.1.56,Mrg11,21.9,0.374020471,0.089473684,190,10.31555326
avgbs_cluster_39401.1.62,Mrg9,86.8,0.017576954,0.136842105,190,23.21791354
avgbs_cluster_39401.1.63,Mrg9,86.8,0.017576954,0.136842105,190,23.21791354
avgbs_cluster_39401.1.64,Mrg9,86.8,0.017576954,0.136842105,190,23.21791354
avgbs_cluster_39410.1.13,Mrg2,87.3,0.215756456,0.3,190,8.958883249
avgbs_cluster_39410.1.52,Mrg2,87.3,0.215756456,0.3,190,8.958883249
avgbs_cluster_39412.1.64,Mrg23,36.6,0.425358941,0.089473684,190,-9.066313895
avgbs_cluster_3944.1.38,Mrg21,119.7,0.265881508,0.089473684,190,12.7990699
avgbs_cluster_3944.2.34,Mrg9,132.7,0.626682126,0.031578947,190,9.776162473
avgbs_cluster_39447.1.32,Mrg2,87.3,0.48465102,0.415789474,190,4.58332193
avgbs_cluster_39447.1.33,Mrg2,87.3,0.48465102,0.415789474,190,4.58332193
avgbs_cluster_39451.1.21,Mrg6,82.1,0.225318223,0.010526316,190,-39.12690603
avgbs_cluster_39451.1.39,Mrg6,82.1,0.225318223,0.010526316,190,-39.12690603
avgbs_cluster_39452.1.57,Mrg21,28.3,0.396148707,0.105263158,190,9.396635902
avgbs_cluster_39452.1.8,Mrg21,28.3,0.36415438,0.055263158,190,13.46820024
avgbs_cluster_39478.1.9,Mrg28,44.4,0.630529692,0.234210526,190,-3.699537557
avgbs_cluster_39492.1.40,Mrg1,117.4,0.992890672,0.444736842,190,-0.056849122
avgbs_cluster_39492.1.41,Mrg1,117.4,0.992890672,0.444736842,190,-0.056849122
avgbs_cluster_39493.1.32,Mrg12,55,0.717901057,0.263157895,190,-2.62244901
avgbs_cluster_39493.1.59,Mrg12,55,0.717901057,0.263157895,190,-2.62244901
avgbs_cluster_39498.1.63,Mrg11,22.4,0.94049597,0.121052632,190,-0.720824991
avgbs_cluster_39498.1.64,Mrg11,22.4,0.94049597,0.121052632,190,-0.720824991
avgbs_cluster_39505.1.41,Mrg15,53.7,0.284102223,0.060526316,190,14.90323266
avgbs_cluster_39505.1.58,Mrg15,53.7,0.284102223,0.060526316,190,14.90323266
avgbs_cluster_39519.1.38,Mrg3,56.4,0.423141556,0.194736842,190,6.680244319
avgbs_cluster_39521.1.55,Mrg18,16.5,0.507592751,0.044736842,190,-10.50599746
avgbs_cluster_39529.1.16,Mrg9,50.9,0.819578489,0.057894737,190,3.073401261
avgbs_cluster_39529.1.38,Mrg9,50.9,0.629545588,0.084210526,190,5.553817948
avgbs_cluster_39529.1.58,Mrg9,50.9,0.819578489,0.057894737,190,3.073401261
avgbs_cluster_39559.1.55,Mrg17,89.4,0.312145188,0.231578947,190,7.84101676
avgbs_cluster_39571.1.25,Mrg3,40.3,0.65792651,0.023684211,190,9.565493014
avgbs_cluster_39571.1.56,Mrg3,40.3,0.65792651,0.023684211,190,9.565493014
avgbs_cluster_396.1.30,Mrg1,107.5,0.964929832,0.326315789,190,0.294513835
avgbs_cluster_39612.1.36,Mrg15,52.7,0.844263787,0.081578947,190,2.315186441
avgbs_cluster_39630.1.30,Mrg17,61.5,0.693972821,0.021052632,190,8.718503584
avgbs_cluster_39648.1.35,Mrg2,87.3,0.364508434,0.297368421,190,6.572275219
avgbs_cluster_39654.1.45,Mrg28,43.8,0.810179644,0.163157895,190,2.067369156
avgbs_cluster_39665.1.37,Mrg28,36.8,0.315999062,0.052631579,190,14.69130787
avgbs_cluster_39670.1.32,Mrg11,9.8,0.624554457,0.447368421,190,3.272631659
avgbs_cluster_39689.1.27,Mrg15,91.9,0.305515439,0.031578947,190,-19.18440897
avgbs_cluster_39691.1.58,Mrg21,181.1,0.088011043,0.455263158,190,11.50263649
avgbs_cluster_39697.1.29,Mrg15,60,0.410061456,0.026315789,190,16.7244482
avgbs_cluster_39697.1.30,Mrg15,60,0.410061456,0.026315789,190,16.7244482
avgbs_cluster_39699.1.16,Mrg17,92.5,0.501428366,0.305263158,190,-5.035472276
avgbs_cluster_39717.1.55,Mrg15,32.7,0.465325939,0.281578947,190,-5.378317522
avgbs_cluster_39746.1.59,Mrg21,190.4,0.394681115,0.107894737,190,8.98716567
avgbs_cluster_39792.1.35,Mrg21,69.8,0.335775405,0.018421053,190,24.28626428
avgbs_cluster_3981.1.37,Mrg20,230.1,0.643560102,0.305263158,190,3.229289005
avgbs_cluster_3981.1.40,Mrg20,230.1,0.643560102,0.305263158,190,3.229289005
avgbs_cluster_3981.1.50,Mrg20,230.1,0.643560102,0.305263158,190,3.229289005
avgbs_cluster_39825.1.40,Mrg4,44.7,0.985115998,0.031578947,190,0.345490585
avgbs_cluster_39825.1.44,Mrg4,44.7,0.853417655,0.181578947,190,-1.552449824
avgbs_cluster_39828.1.10,Mrg17,61.5,0.870876607,0.115789474,190,1.591059028
avgbs_cluster_39834.1.21,Mrg5,98.7,0.49543222,0.257894737,190,5.032890976
avgbs_cluster_39834.1.46,Mrg5,98.7,0.49543222,0.257894737,190,5.032890976
avgbs_cluster_39862.1.14,Mrg17,92.5,0.636187086,0.021052632,190,10.53007953
avgbs_cluster_39862.1.36,Mrg17,92.5,0.636187086,0.021052632,190,10.53007953
avgbs_cluster_39863.1.23,Mrg28,43.8,0.956064708,0.086842105,190,0.612693144
avgbs_cluster_39872.1.51,Mrg33,75.4,0.549878262,0.205263158,190,4.76242677
avgbs_cluster_3989.1.46,Mrg12,17,0.145293545,0.257894737,190,11.10878706
avgbs_cluster_39899.1.36,Mrg28,36.8,0.815648056,0.168421053,190,1.979878889
avgbs_cluster_39915.2.48,Mrg24,41.8,0.304901097,0.484210526,190,6.721973667
avgbs_cluster_39926.1.41,Mrg28,44.4,0.827054751,0.263157895,190,1.57100531
avgbs_cluster_39926.1.51,Mrg28,44.4,0.827054751,0.263157895,190,1.57100531
avgbs_cluster_39943.1.49,Mrg28,43.8,0.546774597,0.315789474,190,4.171308761
avgbs_cluster_39944.1.51,Mrg21,122.8,0.871795857,0.015789474,190,4.054177807
avgbs_cluster_39952.1.56,Mrg18,4.3,0.808644504,0.428947368,190,1.545516875
avgbs_cluster_39964.1.39,Mrg17,78.9,0.19913033,0.026315789,190,-26.46974099
avgbs_cluster_39992.1.37,Mrg1,73.7,0.692892992,0.157894737,190,-3.379308617
avgbs_cluster_39992.1.46,Mrg1,73.7,0.692892992,0.157894737,190,-3.379308617
avgbs_cluster_39992.1.57,Mrg1,73.7,0.692892992,0.157894737,190,-3.379308617
avgbs_cluster_39996.1.20,Mrg18,27.7,0.327480147,0.205263158,190,-8.056317629
avgbs_cluster_40022.1.13,Mrg21,28.3,0.219875731,0.060526316,190,17.15031843
avgbs_cluster_40023.1.48,Mrg17,94.7,0.840193489,0.015789474,190,5.080804367
avgbs_cluster_40044.1.64,Mrg9,100.1,0.297546643,0.028947368,190,20.84832752
avgbs_cluster_40053.1.54,Mrg15,80.7,0.703247759,0.063157895,190,-4.977873361
avgbs_cluster_40054.1.23,Mrg23,22.2,0.113279157,0.25,190,12.19609835
avgbs_cluster_40070.1.36,Mrg9,109,0.787653378,0.444736842,190,-1.715196486
avgbs_cluster_40088.1.36,Mrg6,15.5,0.885027585,0.247368421,190,1.079138083
avgbs_cluster_40100.1.22,Mrg33,51.9,0.807433795,0.139473684,190,-2.228694115
avgbs_cluster_40100.1.63,Mrg33,51.9,0.807433795,0.139473684,190,-2.228694115
avgbs_cluster_40105.1.46,Mrg23,57.8,0.182407207,0.331578947,190,9.358090395
avgbs_cluster_40111.1.48,Mrg4,44.7,0.306482274,0.455263158,190,6.85132863
avgbs_cluster_40123.1.45,Mrg21,140.1,0.21023103,0.131578947,190,12.51215322
avgbs_cluster_40167.1.27,Mrg20,18,0.680717715,0.036842105,190,7.229282603
avgbs_cluster_40179.1.54,Mrg3,53.4,0.645021818,0.034210526,190,8.259985993
avgbs_cluster_40185.1.22,Mrg21,211.9,0.607206109,0.063157895,190,-7.09167202
avgbs_cluster_40185.1.26,Mrg21,207.8,0.950656815,0.044736842,190,0.976366571
avgbs_cluster_40188.1.64,Mrg33,75.4,0.943401974,0.192105263,190,0.572672328
avgbs_cluster_40190.1.25,Mrg19,68,0.705076759,0.113157895,190,3.822153754
avgbs_cluster_40198.1.45,Mrg23,62.1,0.05088822,0.171052632,190,17.25975583
avgbs_cluster_40215.1.28,Mrg6,67.6,0.566883682,0.115789474,190,-5.749850063
avgbs_cluster_4023.1.23,Mrg20,185.4,0.183168714,0.107894737,190,14.27266242
avgbs_cluster_4023.1.63,Mrg20,185.4,0.183168714,0.107894737,190,14.27266242
avgbs_cluster_40233.1.24,Mrg20,21.5,0.696312903,0.021052632,190,8.646678987
avgbs_cluster_4026.1.55,Mrg2,87.3,0.39151584,0.447368421,190,5.731162229
avgbs_cluster_4026.1.63,Mrg2,87.3,0.176803121,0.478947368,190,9.082087489
avgbs_cluster_40264.1.16,Mrg20,135.8,0.8337814,0.189473684,190,1.683008658
avgbs_cluster_40264.1.64,Mrg20,135.8,0.8337814,0.189473684,190,1.683008658
avgbs_cluster_40270.1.42,Mrg28,81.7,0.995357675,0.123684211,190,0.05432922
avgbs_cluster_40278.1.47,Mrg28,59.2,0.424160344,0.384210526,190,-5.334394636
avgbs_cluster_40301.1.23,Mrg19,75.2,0.488086687,0.321052632,190,4.799146704
avgbs_cluster_40321.1.20,Mrg17,68.4,0.665228551,0.276315789,190,3.116134517
avgbs_cluster_40327.1.22,Mrg8,129.6,0.651094925,0.115789474,190,-4.570590345
avgbs_cluster_40327.1.64,Mrg8,129.6,0.651094925,0.115789474,190,-4.570590345
avgbs_cluster_40347.1.25,Mrg1,83.9,0.743234976,0.289473684,190,2.288228114
avgbs_cluster_40347.1.32,Mrg1,83.9,0.743234976,0.289473684,190,2.288228114
avgbs_cluster_40347.1.36,Mrg1,83.9,0.743234976,0.289473684,190,2.288228114
avgbs_cluster_40387.1.38,Mrg2,23.2,0.91900244,0.047368421,190,-1.492330417
avgbs_cluster_40390.1.12,Mrg21,28.3,0.720652392,0.147368421,190,3.201905129
avgbs_cluster_40412.2.49,Mrg1,51.9,0.809838876,0.071052632,190,3.042499442
avgbs_cluster_40420.1.14,Mrg24,78.6,0.755689859,0.489473684,190,1.969774
avgbs_cluster_40421.1.40,Mrg2,87.3,0.185871814,0.047368421,190,20.57082182
avgbs_cluster_40422.1.63,Mrg20,90.9,0.937431129,0.065789474,190,-0.871428309
avgbs_cluster_40422.1.64,Mrg20,90.9,0.937431129,0.065789474,190,-0.871428309
avgbs_cluster_40448.1.62,Mrg11,32.4,0.36916698,0.365789474,190,-6.314127241
avgbs_cluster_40459.1.15,Mrg8,81.5,0.505344005,0.105263158,190,-7.005251225
avgbs_cluster_40459.2.53,Mrg33,65,0.47886257,0.055263158,190,-10.150563
avgbs_cluster_40490.1.63,Mrg3,37.1,0.460994856,0.142105263,190,-6.911544937
avgbs_cluster_40502.1.27,Mrg9,91.9,0.543220097,0.197368421,190,-4.936673463
avgbs_cluster_40504.1.32,Mrg4,20.9,0.281585067,0.015789474,190,28.32913324
avgbs_cluster_40514.1.61,Mrg24,60.2,0.870865883,0.136842105,190,1.481427846
avgbs_cluster_40514.1.62,Mrg24,60.2,0.870865883,0.136842105,190,1.481427846
avgbs_cluster_40516.1.42,Mrg18,27.7,0.600147828,0.302631579,190,3.715003528
avgbs_cluster_40516.1.43,Mrg18,27.7,0.058479754,0.073684211,190,23.3158966
avgbs_cluster_40520.1.11,Mrg23,62.8,0.246298174,0.371052632,190,-8.459020509
avgbs_cluster_40525.1.54,Mrg3,44.5,0.963518248,0.489473684,190,0.296716499
avgbs_cluster_40525.1.61,Mrg3,44.5,0.963518248,0.489473684,190,0.296716499
avgbs_cluster_40531.1.11,Mrg6,45.2,0.024289913,0.110526316,190,-24.44346953
avgbs_cluster_40531.1.47,Mrg6,45.2,0.024289913,0.110526316,190,-24.44346953
avgbs_cluster_40554.1.27,Mrg33,64,0.456778608,0.078947368,190,8.938321429
avgbs_cluster_40554.1.33,Mrg33,64,0.456778608,0.078947368,190,8.938321429
avgbs_cluster_40554.1.36,Mrg33,64,0.456778608,0.078947368,190,8.938321429
avgbs_cluster_40564.1.53,Mrg15,72.9,0.503632805,0.021052632,190,15.037472
avgbs_cluster_40566.1.53,Mrg15,35.1,0.11975972,0.015789474,190,41.44878565
avgbs_cluster_40577.1.24,Mrg12,40.2,0.056729823,0.365789474,190,13.2581118
avgbs_cluster_40577.1.26,Mrg12,40.2,0.056729823,0.365789474,190,13.2581118
avgbs_cluster_40580.1.29,Mrg11,108.7,0.919333512,0.215789474,190,-0.773471968
avgbs_cluster_40580.1.42,Mrg11,108.7,0.919333512,0.215789474,190,-0.773471968
avgbs_cluster_40583.1.48,Mrg24,41.8,0.328433791,0.176315789,190,8.270793874
avgbs_cluster_40592.1.14,Mrg21,146,0.349444643,0.292105263,190,6.737264063
avgbs_cluster_40592.1.17,Mrg21,146,0.349444643,0.292105263,190,6.737264063
avgbs_cluster_40592.1.64,Mrg21,146,0.349444643,0.292105263,190,6.737264063
avgbs_cluster_40596.1.53,Mrg21,172,0.826759991,0.497368421,190,-1.387589833
avgbs_cluster_40606.1.12,Mrg17,37.3,0.6784348,0.323684211,190,2.848105328
avgbs_cluster_40607.1.11,Mrg9,130.4,0.188738272,0.160526316,190,11.88210835
avgbs_cluster_40607.1.40,Mrg9,132.2,0.811787311,0.063157895,190,3.08278324
avgbs_cluster_40619.1.50,Mrg3,61.8,0.12679851,0.255263158,190,12.09263912
avgbs_cluster_40627.1.51,Mrg17,78.9,0.894933757,0.334210526,190,0.877434306
avgbs_cluster_40637.1.58,Mrg1,80.9,0.370659539,0.039473684,190,-15.25015374
avgbs_cluster_40637.1.59,Mrg1,80.9,0.370659539,0.039473684,190,-15.25015374
avgbs_cluster_40643.1.23,Mrg1,41.2,0.682889518,0.115789474,190,-4.06498805
avgbs_cluster_40647.1.36,Mrg18,43.2,0.024992531,0.031578947,190,-43.01938406
avgbs_cluster_40656.1.12,Mrg24,22.9,0.197471646,0.163157895,190,11.51069901
avgbs_cluster_40656.1.23,Mrg24,22.9,0.197471646,0.163157895,190,11.51069901
avgbs_cluster_40656.1.44,Mrg24,22.9,0.197471646,0.163157895,190,11.51069901
avgbs_cluster_40667.1.46,Mrg3,40.9,0.769091687,0.026315789,190,6.119866968
avgbs_cluster_40668.1.46,Mrg2,85.4,0.183219468,0.092105263,190,15.57802948
avgbs_cluster_40679.1.13,Mrg24,95.3,0.691744444,0.118421053,190,3.980140469
avgbs_cluster_40679.1.42,Mrg24,95.3,0.691744444,0.118421053,190,3.980140469
avgbs_cluster_40679.1.47,Mrg24,95.3,0.691744444,0.118421053,190,3.980140469
avgbs_cluster_40685.1.30,Mrg15,32.7,0.547467408,0.292105263,190,-4.29758143
avgbs_cluster_40685.1.56,Mrg15,32.7,0.547467408,0.292105263,190,-4.29758143
avgbs_cluster_40701.1.9,Mrg20,16.2,0.499609018,0.063157895,190,8.961352996
avgbs_cluster_40705.1.23,Mrg5,114.1,0.347048128,0.123684211,190,9.381007319
avgbs_cluster_40705.1.29,Mrg5,114.1,0.347048128,0.123684211,190,9.381007319
avgbs_cluster_40711.1.26,Mrg15,88.2,0.4819787,0.107894737,190,7.08882276
avgbs_cluster_40711.1.29,Mrg15,88.2,0.4819787,0.107894737,190,7.08882276
avgbs_cluster_40712.1.47,Mrg20,120.1,0.795609786,0.105263158,190,-2.699861321
avgbs_cluster_40712.1.52,Mrg20,120.1,0.795609786,0.105263158,190,-2.699861321
avgbs_cluster_40712.1.57,Mrg20,120.1,0.795609786,0.105263158,190,-2.699861321
avgbs_cluster_40715.1.22,Mrg1,57.2,0.142058614,0.023684211,190,41.26026008
avgbs_cluster_40726.1.12,Mrg13,39.4,0.297592604,0.052631579,190,15.70130132
avgbs_cluster_40726.1.22,Mrg13,39.4,0.297592604,0.052631579,190,15.70130132
avgbs_cluster_40756.1.47,Mrg8,99.6,0.295994839,0.184210526,190,-8.991370185
avgbs_cluster_40765.1.58,Mrg12,35.3,0.284526941,0.102631579,190,12.18903939
avgbs_cluster_40765.1.59,Mrg12,35.3,0.284526941,0.102631579,190,12.18903939
avgbs_cluster_40766.1.54,Mrg2,16.6,0.292640377,0.271052632,190,7.837183786
avgbs_cluster_40785.1.32,Mrg28,81.4,0.888329918,0.221052632,190,-1.091986163
avgbs_cluster_40809.1.50,Mrg6,51.7,0.95544997,0.094736842,190,0.59247416
avgbs_cluster_40817.1.18,Mrg15,21.4,0.451482969,0.102631579,190,-8.097062133
avgbs_cluster_40817.1.40,Mrg15,21.4,0.451482969,0.102631579,190,-8.097062133
avgbs_cluster_40839.1.21,Mrg24,44,0.113737897,0.055263158,190,23.29657266
avgbs_cluster_40839.1.27,Mrg24,44,0.113737897,0.055263158,190,23.29657266
avgbs_cluster_40848.1.24,Mrg1,50.7,0.418250357,0.073684211,190,10.06305127
avgbs_cluster_40848.1.28,Mrg1,50.7,0.418250357,0.073684211,190,10.06305127
avgbs_cluster_40850.1.31,Mrg5,101.7,0.95724664,0.160526316,190,0.455715355
avgbs_cluster_40850.1.62,Mrg5,101.7,0.95724664,0.160526316,190,0.455715355
avgbs_cluster_40851.1.37,Mrg9,121.6,0.228149664,0.089473684,190,13.90218109
avgbs_cluster_40873.1.48,Mrg15,26.4,0.468232083,0.157894737,190,6.502298087
avgbs_cluster_40874.1.33,Mrg12,71,0.72229879,0.010526316,190,11.05128546
avgbs_cluster_4088.1.64,Mrg2,23.2,0.183746059,0.089473684,190,15.38645515
avgbs_cluster_40880.1.47,Mrg15,33.5,0.916100503,0.010526316,190,3.218838652
avgbs_cluster_40886.1.22,Mrg20,226.6,0.917629508,0.268421053,190,0.753317773
avgbs_cluster_40891.1.60,Mrg21,167.7,0.204003744,0.163157895,190,-11.80337345
avgbs_cluster_40894.1.33,Mrg20,147.3,0.425381449,0.086842105,190,9.266120904
avgbs_cluster_40895.1.43,Mrg18,67.7,0.551616604,0.068421053,190,-7.584719506
avgbs_cluster_40898.1.19,Mrg9,50.9,0.434645256,0.068421053,190,10.03889523
avgbs_cluster_40898.1.42,Mrg9,50.9,0.434645256,0.068421053,190,10.03889523
avgbs_cluster_40900.1.58,Mrg17,85.3,0.250099526,0.202631579,190,9.603233211
avgbs_cluster_40904.1.50,Mrg5,57.9,0.154495917,0.092105263,190,16.4346112
avgbs_cluster_4093.1.11,Mrg6,51.3,0.450798657,0.063157895,190,-10.52419386
avgbs_cluster_4093.1.28,Mrg6,51.3,0.450798657,0.063157895,190,-10.52419386
avgbs_cluster_40934.1.44,Mrg20,193.1,0.714925944,0.023684211,190,7.854195776
avgbs_cluster_4096.1.21,Mrg3,75.8,0.001524141,0.315789474,190,-23.30533837
avgbs_cluster_40964.1.25,Mrg1,110.8,0.759592657,0.057894737,190,-4.249068392
avgbs_cluster_41005.1.48,Mrg13,36.7,0.321394333,0.197368421,190,8.251183404
avgbs_cluster_41031.1.11,Mrg21,203.4,0.469635034,0.226315789,190,5.591638652
avgbs_cluster_41054.1.35,Mrg5,56.5,0.281504271,0.031578947,190,21.12732904
avgbs_cluster_41054.1.41,Mrg5,56.5,0.197776752,0.068421053,190,16.83515229
avgbs_cluster_41063.1.18,Mrg13,35.9,0.440084099,0.023684211,190,16.9537115
avgbs_cluster_41070.1.18,Mrg17,32.2,0.101788197,0.163157895,190,15.17575456
avgbs_cluster_41070.1.22,Mrg17,32.2,0.109814246,0.176315789,190,14.41230313
avgbs_cluster_41088.1.47,Mrg12,26.4,0.065898901,0.102631579,190,20.37775479
avgbs_cluster_41088.1.48,Mrg12,26.4,0.065898901,0.102631579,190,20.37775479
avgbs_cluster_41093.1.21,Mrg20,152.8,0.761448913,0.126315789,190,-2.999815829
avgbs_cluster_41093.1.36,Mrg20,152.8,0.761448913,0.126315789,190,-2.999815829
avgbs_cluster_41101.1.29,Mrg33,24.1,0.228782477,0.310526316,190,8.5636259
avgbs_cluster_41102.1.44,Mrg1,108.4,0.743993961,0.136842105,190,3.010083451
avgbs_cluster_41106.1.52,Mrg15,33,0.205331681,0.047368421,190,20.26439863
avgbs_cluster_41118.2.54,Mrg28,43.8,0.750273082,0.276315789,190,2.30726614
avgbs_cluster_41129.1.57,Mrg18,7.9,0.207390079,0.257894737,190,9.503876888
avgbs_cluster_41133.1.45,Mrg23,73.4,0.390118928,0.184210526,190,-7.278783615
avgbs_cluster_41133.1.57,Mrg23,62,0.601240933,0.052631579,190,-7.499768519
avgbs_cluster_4114.1.48,Mrg23,110.6,0.831135817,0.010526316,190,-6.568561613
avgbs_cluster_4114.1.55,Mrg23,110.6,0.831135817,0.010526316,190,-6.568561613
avgbs_cluster_41145.1.60,Mrg17,32.8,0.855573491,0.010526316,190,5.593838652
avgbs_cluster_41159.1.35,Mrg19,66.8,0.277401089,0.026315789,190,-22.26149775
avgbs_cluster_41229.1.63,Mrg6,57.6,0.982186814,0.45,190,0.143250047
avgbs_cluster_41272.1.16,Mrg5,147.6,0.841718817,0.018421053,190,-5.275210273
avgbs_cluster_4128.1.9,Mrg20,185.4,0.309784598,0.018421053,190,25.6743787
avgbs_cluster_41332.1.57,Mrg15,21.4,0.551994919,0.039473684,190,-9.999538789
avgbs_cluster_4138.1.6,Mrg15,32.7,0.904640408,0.439473684,190,0.759652224
avgbs_cluster_41479.1.57,Mrg13,114.6,0.033523221,0.118421053,190,22.19259741
avgbs_cluster_4153.1.39,Mrg1,70.8,0.253185047,0.436842105,190,-7.653636185
avgbs_cluster_4160.1.30,Mrg20,26.6,0.036209685,0.155263158,190,19.47635363
avgbs_cluster_4161.1.64,Mrg15,50.3,0.957964878,0.355263158,190,0.342947012
avgbs_cluster_41618.1.54,Mrg1,110.2,0.700987869,0.097368421,190,-4.148994414
avgbs_cluster_4164.1.45,Mrg24,60.2,0.27495234,0.265789474,190,-8.19259375
avgbs_cluster_4167.1.6,Mrg3,129.9,0.635112313,0.052631579,190,6.978690127
avgbs_cluster_4180.1.57,Mrg24,85.6,0.705992962,0.071052632,190,-4.812413514
avgbs_cluster_41917.1.12,Mrg15,82,0.919126421,0.497368421,190,0.641543501
avgbs_cluster_41917.2.11,Mrg24,95.3,0.606192487,0.026315789,190,-10.31588964
avgbs_cluster_4199.1.22,Mrg20,205.4,0.106691734,0.281578947,190,12.12517707
avgbs_cluster_4207.1.47,Mrg11,22.4,0.794162494,0.134210526,190,2.427934927
avgbs_cluster_42082.1.23,Mrg21,122.6,0.412963364,0.197368421,190,7.282549312
avgbs_cluster_4216.1.62,Mrg18,68.4,0.052939965,0.068421053,190,-25.63048765
avgbs_cluster_42166.1.49,Mrg5,111.3,0.115835673,0.042105263,190,25.20451053
avgbs_cluster_4229.1.58,Mrg3,20.3,0.069861257,0.047368421,190,28.47801182
avgbs_cluster_4261.1.43,Mrg21,207.6,0.338847226,0.031578947,190,18.6864222
avgbs_cluster_4261.1.45,Mrg21,207.6,0.338847226,0.031578947,190,18.6864222
avgbs_cluster_42683.1.64,Mrg17,75.6,0.544861341,0.181578947,190,5.122970822
avgbs_cluster_42865.1.44,Mrg15,33.6,0.916100503,0.010526316,190,3.218838652
avgbs_cluster_4292.1.29,Mrg6,67.6,0.667400514,0.05,190,-5.752387858
avgbs_cluster_4292.1.36,Mrg6,67.6,0.667400514,0.05,190,-5.752387858
avgbs_cluster_42948.1.56,Mrg21,122.8,0.032805298,0.110526316,190,22.82012715
avgbs_cluster_4299.1.43,Mrg3,44.6,0.998414333,0.489473684,190,-0.012844238
avgbs_cluster_4299.1.46,Mrg3,44.6,0.998414333,0.489473684,190,-0.012844238
avgbs_cluster_4302.1.25,Mrg33,95.8,0.058802283,0.026315789,190,41.63827811
avgbs_cluster_4302.1.55,Mrg33,95.8,0.058802283,0.026315789,190,41.63827811
avgbs_cluster_43025.1.51,Mrg4,3.1,0.326096451,0.286842105,190,7.36355863
avgbs_cluster_43278.1.29,Mrg17,63.1,0.53861697,0.010526316,190,19.39852615
avgbs_cluster_43289.1.57,Mrg17,62.2,0.320510231,0.010526316,190,31.83569371
avgbs_cluster_4331.1.25,Mrg6,70.5,0.366094605,0.052631579,190,13.19505787
avgbs_cluster_43324.1.36,Mrg1,84.2,0.110785808,0.076315789,190,20.15259577
avgbs_cluster_4340.1.24,Mrg24,5.4,0.354039641,0.057894737,190,13.27194281
avgbs_cluster_4340.1.56,Mrg24,5.4,0.354039641,0.057894737,190,13.27194281
avgbs_cluster_43433.1.13,Mrg21,119.7,0.737990519,0.084210526,190,3.754293302
avgbs_cluster_4347.1.61,Mrg11,28.6,0.69689518,0.052631579,190,5.54755787
avgbs_cluster_4347.1.62,Mrg11,28.6,0.69689518,0.052631579,190,5.54755787
avgbs_cluster_4347.1.64,Mrg11,28.6,0.69689518,0.052631579,190,5.54755787
avgbs_cluster_43543.1.50,Mrg6,116,0.679967026,0.028947368,190,8.025537391
avgbs_cluster_43574.1.49,Mrg2,8.6,0.060958782,0.113157895,190,19.88881867
avgbs_cluster_43668.1.44,Mrg24,57.4,0.389556934,0.084210526,190,-9.604089959
avgbs_cluster_4367.1.15,Mrg3,50.5,0.937869606,0.155263158,190,0.673077453
avgbs_cluster_4373.1.20,Mrg19,70.1,0.247772128,0.197368421,190,9.50802894
avgbs_cluster_4383.1.40,Mrg8,143.7,0.668620983,0.126315789,190,-4.156942659
avgbs_cluster_4383.1.48,Mrg8,143.7,0.668620983,0.126315789,190,-4.156942659
avgbs_cluster_43845.1.13,Mrg20,226.6,0.560024205,0.205263158,190,4.924721239
avgbs_cluster_43850.1.22,Mrg9,123.6,0.067202799,0.192105263,190,16.13623114
avgbs_cluster_43901.1.23,Mrg8,149.2,0.556598418,0.034210526,190,10.61269283
avgbs_cluster_43932.1.23,Mrg12,46.3,0.679425436,0.028947368,190,8.04026988
avgbs_cluster_43944.1.47,Mrg18,18.1,0.655175417,0.215789474,190,3.464104532
avgbs_cluster_4396.1.42,Mrg28,56.7,0.148194534,0.431578947,190,-9.672221752
avgbs_cluster_4396.1.56,Mrg28,56.7,0.148194534,0.431578947,190,-9.672221752
avgbs_cluster_4407.1.25,Mrg1,6.1,0.344671937,0.015789474,190,24.7496992
avgbs_cluster_4407.1.27,Mrg1,6.1,0.344671937,0.015789474,190,24.7496992
avgbs_cluster_4457.1.11,Mrg17,66.1,0.065674264,0.068421053,190,-24.85879514
avgbs_cluster_4457.1.20,Mrg17,66.1,0.065674264,0.068421053,190,-24.85879514
avgbs_cluster_44584.1.49,Mrg18,68.2,0.279548983,0.026315789,190,-22.15879505
avgbs_cluster_44584.1.52,Mrg18,68.2,0.279548983,0.026315789,190,-22.15879505
avgbs_cluster_44584.1.64,Mrg18,68.2,0.279548983,0.026315789,190,-22.15879505
avgbs_cluster_4478.1.31,Mrg15,50.3,0.70450847,0.089473684,190,4.222905333
avgbs_cluster_4478.1.59,Mrg15,50.3,0.70450847,0.089473684,190,4.222905333
avgbs_cluster_4486.1.32,Mrg11,87.6,0.946954107,0.165789474,190,0.5698524
avgbs_cluster_44941.1.41,Mrg33,59,0.715391333,0.071052632,190,4.552319077
avgbs_cluster_4495.1.17,Mrg17,100.7,0.350006682,0.173684211,190,8.051453629
avgbs_cluster_4495.1.40,Mrg17,100.7,0.350006682,0.173684211,190,8.051453629
avgbs_cluster_45.1.14,Mrg9,42.6,0.659447522,0.073684211,190,5.380522863
avgbs_cluster_45130.1.14,Mrg6,67.6,0.837121208,0.126315789,190,-1.967899846
avgbs_cluster_45130.1.53,Mrg6,67.6,0.837121208,0.126315789,190,-1.967899846
avgbs_cluster_4522.1.29,Mrg18,43.9,0.05593794,0.039473684,190,-33.3945246
avgbs_cluster_453.1.20,Mrg17,78.9,0.19913033,0.026315789,190,-26.46974099
avgbs_cluster_453.1.53,Mrg17,78.9,0.19913033,0.026315789,190,-26.46974099
avgbs_cluster_455.1.35,Mrg28,103.7,0.098112689,0.078947368,190,20.41205952
avgbs_cluster_45501.1.30,Mrg20,120.1,0.284835386,0.071052632,190,13.78840194
avgbs_cluster_45501.1.40,Mrg20,120.1,0.284835386,0.071052632,190,13.78840194
avgbs_cluster_4554.1.9,Mrg6,99.1,0.809507807,0.321052632,190,1.636212053
avgbs_cluster_4560.1.63,Mrg4,32.7,0.684752172,0.084210526,190,-4.735432162
avgbs_cluster_45709.1.12,Mrg1,114.4,0.951340609,0.415789474,190,0.393334277
avgbs_cluster_45709.1.15,Mrg1,114.4,0.951340609,0.415789474,190,0.393334277
avgbs_cluster_4589.1.11,Mrg1,76.6,0.252474803,0.028947368,190,-18.8172033
avgbs_cluster_4589.1.53,Mrg1,76.6,0.252474803,0.028947368,190,-18.8172033
avgbs_cluster_4623.1.17,Mrg28,57.1,0.471482594,0.184210526,190,6.174250162
avgbs_cluster_4623.1.53,Mrg28,57.1,0.471482594,0.184210526,190,6.174250162
avgbs_cluster_466.1.62,Mrg2,87.3,0.294736395,0.436842105,190,7.035695866
avgbs_cluster_466.1.63,Mrg2,87.3,0.294736395,0.436842105,190,7.035695866
avgbs_cluster_467.1.14,Mrg9,86.8,0.055643643,0.310526316,190,13.91003433
avgbs_cluster_467.1.9,Mrg9,89.9,0.897260229,0.015789474,190,-3.235929144
avgbs_cluster_4680.1.42,Mrg12,56.7,0.87740646,0.394736842,190,-1.028250628
avgbs_cluster_47115.1.23,Mrg20,185.4,0.441926253,0.110526316,190,8.060303272
avgbs_cluster_47115.1.47,Mrg20,185.4,0.441926253,0.110526316,190,8.060303272
avgbs_cluster_47351.1.18,Mrg6,61.9,0.53626855,0.492105263,190,-4.037088562
avgbs_cluster_47351.1.58,Mrg6,61.9,0.53626855,0.492105263,190,-4.037088562
avgbs_cluster_47784.1.45,Mrg33,73.4,0.406882796,0.218421053,190,6.499983059
avgbs_cluster_4784.1.44,Mrg20,99.8,0.715954316,0.084210526,190,4.091280971
avgbs_cluster_4784.1.58,Mrg20,99.8,0.715954316,0.084210526,190,4.091280971
avgbs_cluster_47855.1.14,Mrg20,226.6,0.993426363,0.139473684,190,0.074806346
avgbs_cluster_47855.1.35,Mrg20,226.6,0.993426363,0.139473684,190,0.074806346
avgbs_cluster_4786.1.6,Mrg6,51.7,0.769470649,0.231578947,190,2.246383097
avgbs_cluster_4786.1.9,Mrg6,63.2,0.953471286,0.136842105,190,0.552602557
avgbs_cluster_4789.1.60,Mrg1,50.1,0.179691146,0.071052632,190,17.43366208
avgbs_cluster_4790.1.11,Mrg19,66.8,0.783706469,0.055263158,190,-3.841252211
avgbs_cluster_47911.1.41,Mrg24,26.6,0.785318806,0.121052632,190,2.635977502
avgbs_cluster_47911.1.47,Mrg24,26.6,0.785318806,0.121052632,190,2.635977502
avgbs_cluster_47911.1.61,Mrg24,26.6,0.785318806,0.121052632,190,2.635977502
avgbs_cluster_4792.1.57,Mrg2,87.3,0.376328551,0.428947368,190,5.838690036
avgbs_cluster_47988.1.14,Mrg21,28.3,0.312670422,0.097368421,190,11.58683637
avgbs_cluster_47988.1.21,Mrg21,28.3,0.312670422,0.097368421,190,11.58683637
avgbs_cluster_4802.1.21,Mrg17,39.7,0.341371305,0.360526316,190,-6.64416883
avgbs_cluster_4802.1.40,Mrg17,39.7,0.341371305,0.360526316,190,-6.64416883
avgbs_cluster_4803.1.58,Mrg12,21.1,0.072300468,0.105263158,190,19.53746936
avgbs_cluster_48068.1.15,Mrg24,80.4,0.882731296,0.494736842,190,-0.943070579
avgbs_cluster_48068.1.24,Mrg24,80.4,0.882731296,0.494736842,190,-0.943070579
avgbs_cluster_48092.1.22,Mrg4,37.9,0.191847107,0.057894737,190,18.91288465
avgbs_cluster_48092.1.61,Mrg4,37.9,0.191847107,0.057894737,190,18.91288465
avgbs_cluster_48102.1.21,Mrg12,35.4,0.346263249,0.042105263,190,-15.31047676
avgbs_cluster_48102.1.64,Mrg12,35.4,0.346263249,0.042105263,190,-15.31047676
avgbs_cluster_4828.1.18,Mrg13,74.1,0.164675631,0.031578947,190,26.2901721
avgbs_cluster_4828.1.22,Mrg13,74.1,0.164675631,0.031578947,190,26.2901721
avgbs_cluster_4828.1.27,Mrg13,74.1,0.164675631,0.031578947,190,26.2901721
avgbs_cluster_4829.1.11,Mrg11,9.8,0.687443416,0.455263158,190,2.591989089
avgbs_cluster_4829.1.6,Mrg11,9.8,0.687443416,0.455263158,190,2.591989089
avgbs_cluster_48375.1.8,Mrg17,87,0.225111755,0.028947368,190,-24.40619561
avgbs_cluster_4841.1.50,Mrg3,40.3,0.326172753,0.086842105,190,11.494542
avgbs_cluster_4852.1.47,Mrg3,20,0.388590853,0.026315789,190,17.53066441
avgbs_cluster_4856.1.64,Mrg13,96.7,0.101806066,0.294736842,190,12.01415452
avgbs_cluster_4868.1.55,Mrg15,49.5,0.99874684,0.378947368,190,-0.010122953
avgbs_cluster_4877.1.43,Mrg5,114.7,0.669917889,0.057894737,190,-5.9628324
avgbs_cluster_4878.1.32,Mrg3,11.9,0.128647967,0.039473684,190,26.35750946
avgbs_cluster_4879.1.11,Mrg9,86.8,0.019204971,0.084210526,190,28.3274575
avgbs_cluster_4879.1.61,Mrg9,86.8,0.019204971,0.084210526,190,28.3274575
avgbs_cluster_488.1.27,Mrg18,16.5,0.874695098,0.010526316,190,-4.837843528
avgbs_cluster_488.1.42,Mrg18,16.5,0.874695098,0.010526316,190,-4.837843528
avgbs_cluster_4893.1.11,Mrg24,36.3,0.069726303,0.202631579,190,-15.11906879
avgbs_cluster_4893.1.37,Mrg24,36.3,0.069726303,0.202631579,190,-15.11906879
avgbs_cluster_4893.1.38,Mrg24,36.3,0.069726303,0.202631579,190,-15.11906879
avgbs_cluster_4896.1.14,Mrg24,37.3,0.106870619,0.2,190,-13.51483417
avgbs_cluster_4896.1.61,Mrg24,37.3,0.106870619,0.2,190,-13.51483417
avgbs_cluster_49047.1.10,Mrg1,109,0.759306255,0.442105263,190,1.972940335
avgbs_cluster_49047.1.31,Mrg1,109,0.759306255,0.442105263,190,1.972940335
avgbs_cluster_4907.1.64,Mrg3,6.8,0.52564196,0.468421053,190,4.142903786
avgbs_cluster_492.1.30,Mrg20,230.1,0.611217399,0.334210526,190,3.481553051
avgbs_cluster_492.1.59,Mrg20,230.1,0.611217399,0.334210526,190,3.481553051
avgbs_cluster_4926.1.15,Mrg28,61.4,0.231633836,0.286842105,190,8.733807938
avgbs_cluster_4926.1.37,Mrg28,61.4,0.231633836,0.286842105,190,8.733807938
avgbs_cluster_4926.1.51,Mrg28,61.4,0.231633836,0.286842105,190,8.733807938
avgbs_cluster_49655.1.33,Mrg5,57.3,0.284396454,0.042105263,190,17.47871451
avgbs_cluster_49655.1.60,Mrg5,57.3,0.284396454,0.042105263,190,17.47871451
avgbs_cluster_4979.1.54,Mrg15,82.3,0.171187917,0.110526316,190,-14.43270816
avgbs_cluster_49790.2.11,Mrg8,142,0.329764678,0.057894737,190,13.98070415
avgbs_cluster_49790.2.62,Mrg8,142,0.329764678,0.057894737,190,13.98070415
avgbs_cluster_49790.2.64,Mrg8,142,0.329764678,0.057894737,190,13.98070415
avgbs_cluster_4986.1.49,Mrg11,52.8,0.921095183,0.194736842,190,-0.779617485
avgbs_cluster_49901.1.43,Mrg1,83.9,0.958744932,0.384210526,190,0.332041795
avgbs_cluster_49901.1.59,Mrg1,83.9,0.958744932,0.384210526,190,0.332041795
avgbs_cluster_5009.1.25,Mrg28,30.1,0.657437606,0.328947368,190,3.020273131
avgbs_cluster_5009.1.55,Mrg28,30.1,0.657437606,0.328947368,190,3.020273131
avgbs_cluster_50109.1.43,Mrg2,27.2,0.55051067,0.257894737,190,4.420168036
avgbs_cluster_50109.1.45,Mrg2,27.2,0.55051067,0.257894737,190,4.420168036
avgbs_cluster_5018.1.50,Mrg9,103.8,0.36697581,0.021052632,190,20.48496864
avgbs_cluster_50181.1.47,Mrg33,59.4,0.854196416,0.321052632,190,1.249899075
avgbs_cluster_50181.1.64,Mrg33,59.4,0.854196416,0.321052632,190,1.249899075
avgbs_cluster_5029.1.52,Mrg2,87.3,0.310346588,0.452631579,190,6.817216449
avgbs_cluster_5031.1.46,Mrg1,80.9,0.015833636,0.473684211,190,16.24469676
avgbs_cluster_5031.1.47,Mrg1,80.9,0.015833636,0.473684211,190,16.24469676
avgbs_cluster_5032.1.40,Mrg6,116,0.440297097,0.042105263,190,12.46038519
avgbs_cluster_5032.1.60,Mrg6,116,0.440297097,0.042105263,190,12.46038519
avgbs_cluster_5056.1.37,Mrg3,40.3,0.249571534,0.078947368,190,14.03665476
avgbs_cluster_5056.1.8,Mrg3,40.3,0.249571534,0.078947368,190,14.03665476
avgbs_cluster_506.1.10,Mrg21,125.8,0.611239155,0.018421053,190,13.68988037
avgbs_cluster_506.1.64,Mrg21,125.8,0.611239155,0.018421053,190,13.68988037
avgbs_cluster_506.1.8,Mrg21,125.8,0.611239155,0.018421053,190,13.68988037
avgbs_cluster_5088.1.33,Mrg5,57.9,0.162379746,0.094736842,190,16.03586929
avgbs_cluster_5099.1.14,Mrg11,21.4,0.358960159,0.094736842,190,-10.21699774
avgbs_cluster_5099.1.31,Mrg11,21.4,0.358960159,0.094736842,190,-10.21699774
avgbs_cluster_5099.1.34,Mrg11,21.4,0.358960159,0.094736842,190,-10.21699774
avgbs_cluster_5100.1.45,Mrg1,52.4,0.618616986,0.015789474,190,14.02136534
avgbs_cluster_51068.1.30,Mrg12,53.5,0.971922989,0.25,190,0.264366152
avgbs_cluster_51068.1.58,Mrg12,53.5,0.971922989,0.25,190,0.264366152
avgbs_cluster_5116.1.31,Mrg5,82.1,0.684609344,0.171052632,190,3.449931189
avgbs_cluster_5116.1.54,Mrg5,82.1,0.684609344,0.171052632,190,3.449931189
avgbs_cluster_51174.1.27,Mrg9,44.7,0.082620493,0.397368421,190,11.85324801
avgbs_cluster_51174.1.28,Mrg9,44.7,0.082620493,0.397368421,190,11.85324801
avgbs_cluster_5142.1.24,Mrg15,20.6,0.224605585,0.055263158,190,18.20559083
avgbs_cluster_5157.1.48,Mrg21,123.5,0.106230927,0.057894737,190,24.1965793
avgbs_cluster_51705.1.51,Mrg28,43.8,0.79961939,0.265789474,190,1.842856421
avgbs_cluster_51774.1.33,Mrg5,100.6,0.868765596,0.163157895,190,1.400767143
avgbs_cluster_51774.1.35,Mrg5,100.6,0.868765596,0.163157895,190,1.400767143
avgbs_cluster_5191.1.13,Mrg24,41.8,0.106931998,0.15,190,15.08997654
avgbs_cluster_51932.1.43,Mrg9,20.8,0.67551044,0.015789474,190,-10.69749332
avgbs_cluster_51932.1.61,Mrg9,20.8,0.67551044,0.015789474,190,-10.69749332
avgbs_cluster_51961.1.17,Mrg33,27.1,0.226761854,0.342105263,190,8.389967949
avgbs_cluster_51961.1.31,Mrg33,27.1,0.226761854,0.342105263,190,8.389967949
avgbs_cluster_5213.1.48,Mrg13,108.5,0.681272254,0.244736842,190,3.052938097
avgbs_cluster_5213.1.53,Mrg13,108.5,0.681272254,0.244736842,190,3.052938097
avgbs_cluster_5213.1.60,Mrg13,108.5,0.681272254,0.244736842,190,3.052938097
avgbs_cluster_52324.1.21,Mrg33,73.4,0.461230389,0.202631579,190,6.165504795
avgbs_cluster_52324.1.24,Mrg33,73.4,0.461230389,0.202631579,190,6.165504795
avgbs_cluster_5247.1.17,Mrg33,64,0.456778608,0.078947368,190,8.938321429
avgbs_cluster_5247.1.25,Mrg33,64,0.456778608,0.078947368,190,8.938321429
avgbs_cluster_52480.1.22,Mrg1,50.7,0.858623924,0.344736842,190,-1.178612893
avgbs_cluster_52480.1.8,Mrg1,50.7,0.858623924,0.344736842,190,-1.178612893
avgbs_cluster_52666.1.49,Mrg6,51.7,0.991314196,0.384210526,190,0.069637008
avgbs_cluster_52666.1.57,Mrg6,51.7,0.991314196,0.384210526,190,0.069637008
avgbs_cluster_5272.1.62,Mrg18,10.9,0.909630023,0.252631579,190,-0.832674935
avgbs_cluster_52720.1.64,Mrg24,62.3,0.898997762,0.255263158,190,0.946031144
avgbs_cluster_52720.1.8,Mrg24,62.3,0.898997762,0.255263158,190,0.946031144
avgbs_cluster_5292.1.46,Mrg13,73.6,0.164675631,0.031578947,190,26.2901721
avgbs_cluster_5304.1.25,Mrg3,82.8,0.389542001,0.010526316,190,27.43941711
avgbs_cluster_5308.1.36,Mrg11,48.8,0.000206422,0.042105263,190,-62.3969723
avgbs_cluster_53251.1.24,Mrg8,86.2,0.436267182,0.434210526,190,-5.251866482
avgbs_cluster_5326.1.29,Mrg9,46,0.866748569,0.4,190,-1.073135965
avgbs_cluster_5356.1.41,Mrg23,25.3,0.945043234,0.036842105,190,-1.137765092
avgbs_cluster_5366.1.14,Mrg18,40,0.571654408,0.178947368,190,4.739140271
avgbs_cluster_5366.1.55,Mrg18,40,0.571654408,0.178947368,190,4.739140271
avgbs_cluster_538.1.44,Mrg3,46.3,0.563166507,0.402631579,190,-3.930832507
avgbs_cluster_5381.1.62,Mrg24,37.6,0.469538234,0.157894737,190,6.418138021
avgbs_cluster_5381.1.64,Mrg24,37.6,0.469538234,0.157894737,190,6.418138021
avgbs_cluster_53908.1.18,Mrg21,172,0.345685572,0.336842105,190,6.552477308
avgbs_cluster_53908.1.36,Mrg21,172,0.345685572,0.336842105,190,6.552477308
avgbs_cluster_53908.1.42,Mrg21,172,0.345685572,0.336842105,190,6.552477308
avgbs_cluster_54.1.58,Mrg1,101.9,0.45604273,0.115789474,190,-7.644371934
avgbs_cluster_540.1.51,Mrg15,19.4,0.116971409,0.263157895,190,11.82608333
avgbs_cluster_540.1.54,Mrg15,19.4,0.116971409,0.263157895,190,11.82608333
avgbs_cluster_54094.1.31,Mrg21,176.2,0.106244009,0.231578947,190,13.02495894
avgbs_cluster_5443.1.20,Mrg3,25,0.858698496,0.118421053,190,1.761345226
avgbs_cluster_5443.1.55,Mrg3,25,0.734024507,0.105263158,190,3.560293747
avgbs_cluster_5461.1.58,Mrg17,37.3,0.397712635,0.271052632,190,6.38273632
avgbs_cluster_5461.1.61,Mrg17,37.3,0.397712635,0.271052632,190,6.38273632
avgbs_cluster_5464.1.22,Mrg11,65.9,0.778736896,0.128947368,190,-2.695599027
avgbs_cluster_5464.1.6,Mrg11,65.9,0.778736896,0.128947368,190,-2.695599027
avgbs_cluster_5467.1.37,Mrg9,111.4,0.297015938,0.052631579,190,15.30023148
avgbs_cluster_5489.1.11,Mrg13,96.7,0.39068445,0.310526316,190,6.112653645
avgbs_cluster_5489.1.41,Mrg13,96.7,0.39068445,0.310526316,190,6.112653645
avgbs_cluster_55.1.59,Mrg21,210.5,0.59820007,0.039473684,190,9.164640673
avgbs_cluster_5508.1.15,Mrg1,73.5,0.034285351,0.013157895,190,-65.67197082
avgbs_cluster_5508.1.29,Mrg1,74.8,0.333614153,0.331578947,190,6.833464014
avgbs_cluster_5509.1.17,Mrg21,140.1,0.618541368,0.168421053,190,4.257707839
avgbs_cluster_5522.1.29,Mrg8,149.2,0.800348511,0.102631579,190,-2.645921695
avgbs_cluster_5522.1.36,Mrg8,149.2,0.800348511,0.102631579,190,-2.645921695
avgbs_cluster_5522.1.49,Mrg8,149.2,0.800348511,0.102631579,190,-2.645921695
avgbs_cluster_568.1.24,Mrg21,156,0.486745559,0.015789474,190,18.03111631
avgbs_cluster_568.1.6,Mrg21,156,0.486745559,0.015789474,190,18.03111631
avgbs_cluster_5693.1.54,Mrg3,47.7,0.21573503,0.102631579,190,13.54082024
avgbs_cluster_5721.1.59,Mrg24,24.7,0.728872447,0.473684211,190,2.2019375
avgbs_cluster_5721.1.62,Mrg24,24.7,0.728872447,0.473684211,190,2.2019375
avgbs_cluster_5721.1.63,Mrg24,24.7,0.728872447,0.473684211,190,2.2019375
avgbs_cluster_5728.1.64,Mrg21,162.2,0.764881039,0.021052632,190,6.587707213
avgbs_cluster_5740.1.60,Mrg3,91.8,0.779749675,0.168421053,190,2.453847216
avgbs_cluster_5753.1.39,Mrg3,82.8,0.631421513,0.121052632,190,-4.701727523
avgbs_cluster_5753.1.44,Mrg3,82.8,0.631421513,0.121052632,190,-4.701727523
avgbs_cluster_5785.1.48,Mrg5,57.3,0.859663596,0.123684211,190,1.694093472
avgbs_cluster_57940.1.11,Mrg8,129.6,0.266234759,0.363157895,190,-7.634166768
avgbs_cluster_57940.1.41,Mrg8,129.6,0.266234759,0.363157895,190,-7.634166768
avgbs_cluster_5816.1.23,Mrg5,125.1,0.415195351,0.165789474,190,7.151517239
avgbs_cluster_5816.1.41,Mrg5,125.1,0.415195351,0.165789474,190,7.151517239
avgbs_cluster_5816.1.43,Mrg5,125.1,0.415195351,0.165789474,190,7.151517239
avgbs_cluster_5829.1.37,Mrg13,105.2,0.347747151,0.263157895,190,7.106634711
avgbs_cluster_5829.1.62,Mrg13,105.2,0.347747151,0.263157895,190,7.106634711
avgbs_cluster_584.1.51,Mrg8,122.2,0.685472134,0.457894737,190,-2.615507069
avgbs_cluster_5841.1.63,Mrg28,44.4,0.168816809,0.286842105,190,10.29745929
avgbs_cluster_5841.1.64,Mrg28,44.4,0.168816809,0.286842105,190,10.29745929
avgbs_cluster_58448.1.45,Mrg8,123.6,0.451066857,0.476315789,190,-5.037778277
avgbs_cluster_58448.1.53,Mrg8,123.6,0.451066857,0.476315789,190,-5.037778277
avgbs_cluster_58448.1.57,Mrg8,123.6,0.451066857,0.476315789,190,-5.037778277
avgbs_cluster_5870.1.25,Mrg3,28.8,0.716213598,0.034210526,190,-6.480463691
avgbs_cluster_5925.1.21,Mrg15,21.4,0.704253814,0.044736842,190,-5.927937775
avgbs_cluster_59336.1.21,Mrg21,167.7,0.228183641,0.160526316,190,-11.19800619
avgbs_cluster_59336.1.37,Mrg21,167.7,0.228183641,0.160526316,190,-11.19800619
avgbs_cluster_59336.1.43,Mrg21,167.7,0.228183641,0.160526316,190,-11.19800619
avgbs_cluster_5934.1.41,Mrg17,78.9,0.589688152,0.010526316,190,16.94772828
avgbs_cluster_5952.1.18,Mrg15,88.2,0.113373572,0.197368421,190,13.27361417
avgbs_cluster_5952.1.29,Mrg15,88.2,0.113373572,0.197368421,190,13.27361417
avgbs_cluster_5964.1.45,Mrg9,15.5,0.204140219,0.1,190,14.38927277
avgbs_cluster_598.1.35,Mrg20,16.6,0.105750302,0.352631579,190,-11.5270942
avgbs_cluster_598.1.61,Mrg20,16.6,0.105750302,0.352631579,190,-11.5270942
avgbs_cluster_6015.1.27,Mrg5,93,0.398254928,0.268421053,190,-6.200203661
avgbs_cluster_6015.1.49,Mrg5,93,0.398254928,0.268421053,190,-6.200203661
avgbs_cluster_60301.1.38,Mrg2,87.3,0.364326802,0.426315789,190,6.013077007
avgbs_cluster_60301.1.56,Mrg2,87.3,0.364326802,0.426315789,190,6.013077007
avgbs_cluster_6058.1.64,Mrg19,70.1,0.030067215,0.068421053,190,28.81388436
avgbs_cluster_608.1.45,Mrg23,57.8,0.816534187,0.147368421,190,-2.152385607
avgbs_cluster_6081.1.60,Mrg17,68.3,0.064391025,0.442105263,190,12.63839628
avgbs_cluster_6121.1.45,Mrg5,135.5,0.188860859,0.289473684,190,9.629784845
avgbs_cluster_6122.1.61,Mrg33,91.5,0.867546002,0.052631579,190,2.339988426
avgbs_cluster_6126.1.12,Mrg20,135.8,0.420308339,0.094736842,190,8.936426034
avgbs_cluster_6126.1.47,Mrg20,135.8,0.420308339,0.094736842,190,8.936426034
avgbs_cluster_6140.1.31,Mrg12,35.4,0.160663095,0.055263158,190,-20.58162505
avgbs_cluster_6140.1.54,Mrg12,35.4,0.064383805,0.060526316,190,-26.20283267
avgbs_cluster_6159.1.50,Mrg12,35.3,0.25074638,0.110526316,190,12.04094639
avgbs_cluster_6179.1.50,Mrg5,56.5,0.66758975,0.023684211,190,9.270597809
avgbs_cluster_6197.1.28,Mrg1,108.4,0.838900356,0.107894737,190,-2.072721995
avgbs_cluster_62.1.60,Mrg5,135.5,0.791830716,0.160526316,190,2.374956101
avgbs_cluster_6203.1.51,Mrg20,216.6,0.184906169,0.092105263,190,-15.51620129
avgbs_cluster_6203.1.60,Mrg20,216.6,0.184906169,0.092105263,190,-15.51620129
avgbs_cluster_6219.1.34,Mrg21,199.1,0.682951919,0.063157895,190,5.346038155
avgbs_cluster_6219.1.57,Mrg21,199.1,0.682951919,0.063157895,190,5.346038155
avgbs_cluster_6219.1.62,Mrg21,199.1,0.682951919,0.063157895,190,5.346038155
avgbs_cluster_6222.1.33,Mrg6,18.8,0.32797028,0.018421053,190,26.89609056
avgbs_cluster_6246.1.36,Mrg17,100.7,0.339558231,0.152631579,190,8.673581513
avgbs_cluster_6248.1.55,Mrg18,20.5,0.337070498,0.476315789,190,-6.398204642
avgbs_cluster_62564.1.34,Mrg24,78.6,0.140694186,0.071052632,190,19.20277138
avgbs_cluster_62809.1.62,Mrg5,96.7,0.284669234,0.010526316,190,34.37492243
avgbs_cluster_62809.1.63,Mrg5,96.7,0.284669234,0.010526316,190,34.37492243
avgbs_cluster_62809.1.64,Mrg5,96.7,0.284669234,0.010526316,190,34.37492243
avgbs_cluster_6292.1.41,Mrg18,34.4,0.090337863,0.352631579,190,12.08634557
avgbs_cluster_6299.1.25,Mrg13,96.7,0.242239973,0.310526316,190,8.312728307
avgbs_cluster_6299.1.45,Mrg13,96.7,0.242239973,0.310526316,190,8.312728307
avgbs_cluster_6307.1.32,Mrg4,44.7,0.34100962,0.15,190,8.753949426
avgbs_cluster_6307.2.16,Mrg5,56.5,0.8033535,0.142105263,190,2.351377145
avgbs_cluster_6313.1.19,Mrg8,133.3,0.526267688,0.044736842,190,10.0343177
avgbs_cluster_6313.1.52,Mrg8,133.3,0.526267688,0.044736842,190,10.0343177
avgbs_cluster_6313.1.59,Mrg8,133.3,0.526267688,0.044736842,190,10.0343177
avgbs_cluster_6340.1.12,Mrg11,7.4,0.018814998,0.397368421,190,16.17372355
avgbs_cluster_6357.1.38,Mrg33,58.2,0.508310414,0.478947368,190,4.295368241
avgbs_cluster_636.1.56,Mrg11,3.7,0.165419529,0.431578947,190,9.578888336
avgbs_cluster_643.1.17,Mrg24,38.7,0.22294038,0.486842105,190,8.052841833
avgbs_cluster_643.1.22,Mrg24,38.7,0.22294038,0.486842105,190,8.052841833
avgbs_cluster_6432.1.62,Mrg8,62.4,0.224329278,0.010526316,190,39.21335328
avgbs_cluster_64331.1.60,Mrg4,32.7,0.905377252,0.026315789,190,2.447201305
avgbs_cluster_6447.1.14,Mrg23,23.2,0.830390046,0.042105263,190,-3.066462043
avgbs_cluster_6447.1.37,Mrg23,23.2,0.417733587,0.123684211,190,-7.853068296
avgbs_cluster_6448.1.49,Mrg1,71.9,0.055300209,0.047368421,190,-31.07562337
avgbs_cluster_6459.1.42,Mrg8,109,0.938107648,0.047368421,190,-1.137319675
avgbs_cluster_6467.1.57,Mrg1,57.2,0.689521139,0.010526316,190,12.45670434
avgbs_cluster_6498.1.24,Mrg15,35.1,0.193387035,0.028947368,190,26.23121069
avgbs_cluster_650.1.11,Mrg9,86.1,0.187215755,0.031578947,190,24.90905797
avgbs_cluster_6509.1.62,Mrg8,121.2,0.670225962,0.460526316,190,-2.790197693
avgbs_cluster_6513.1.48,Mrg1,114.4,0.961947128,0.460526316,190,-0.297880178
avgbs_cluster_6522.1.24,Mrg8,62.4,0.802425731,0.018421053,190,-6.090387925
avgbs_cluster_6522.1.52,Mrg8,62.4,0.802425731,0.018421053,190,-6.090387925
avgbs_cluster_6528.1.57,Mrg11,22.3,0.959175573,0.065789474,190,-0.648011418
avgbs_cluster_65411.1.30,Mrg5,130.9,0.763858326,0.486842105,190,-1.95833885
avgbs_cluster_65411.1.38,Mrg5,130.9,0.763858326,0.486842105,190,-1.95833885
avgbs_cluster_65411.1.49,Mrg5,130.9,0.763858326,0.486842105,190,-1.95833885
avgbs_cluster_65411.1.54,Mrg5,130.9,0.763858326,0.486842105,190,-1.95833885
avgbs_cluster_65411.1.7,Mrg5,130.9,0.763858326,0.486842105,190,-1.95833885
avgbs_cluster_6548.1.30,Mrg17,95.4,0.372512475,0.128947368,190,8.721750941
avgbs_cluster_6548.1.33,Mrg17,95.4,0.372512475,0.128947368,190,8.721750941
avgbs_cluster_6554.1.10,Mrg19,75.2,0.582614346,0.084210526,190,6.461690374
avgbs_cluster_656.1.59,Mrg6,67.6,0.507794689,0.105263158,190,-7.166854881
avgbs_cluster_656.1.8,Mrg6,67.6,0.507794689,0.105263158,190,-7.166854881
avgbs_cluster_6563.1.17,Mrg1,83.9,0.743234976,0.289473684,190,2.288228114
avgbs_cluster_6563.1.26,Mrg1,83.9,0.743234976,0.289473684,190,2.288228114
avgbs_cluster_658.1.46,Mrg5,130.9,0.434398804,0.094736842,190,8.795324475
avgbs_cluster_658.1.47,Mrg5,130.9,0.434398804,0.094736842,190,8.795324475
avgbs_cluster_66.1.51,Mrg21,140.1,0.75474271,0.013157895,190,-9.152608803
avgbs_cluster_6600.1.27,Mrg6,37.4,0.45691793,0.384210526,190,-4.981455965
avgbs_cluster_6600.1.6,Mrg6,37.4,0.45691793,0.384210526,190,-4.981455965
avgbs_cluster_6615.1.24,Mrg8,71.1,0.902131978,0.142105263,190,-1.08805466
avgbs_cluster_6626.1.33,Mrg17,56.5,0.53861697,0.010526316,190,19.39852615
avgbs_cluster_6654.1.13,Mrg23,28.5,0.599664506,0.05,190,-7.827362298
avgbs_cluster_66637.1.26,Mrg19,7.7,0.282616906,0.036842105,190,18.70581414
avgbs_cluster_66637.1.38,Mrg19,7.7,0.282616906,0.036842105,190,18.70581414
avgbs_cluster_66722.1.38,Mrg18,69,0.210465934,0.039473684,190,21.58144513
avgbs_cluster_6674.1.19,Mrg3,58.3,0.539116316,0.052631579,190,8.85474537
avgbs_cluster_6674.1.20,Mrg3,56.2,0.342874503,0.407894737,190,-6.354420517
avgbs_cluster_6676.1.28,Mrg9,16.3,0.081218914,0.271052632,190,13.11873684
avgbs_cluster_6677.1.31,Mrg1,108.4,0.511794564,0.036842105,190,11.23503936
avgbs_cluster_6677.1.6,Mrg1,108.4,0.511794564,0.036842105,190,11.23503936
avgbs_cluster_6710.1.14,Mrg19,-3.3,0.161992777,0.010526316,190,45.34666445
avgbs_cluster_6710.1.15,Mrg19,-3.3,0.161992777,0.010526316,190,45.34666445
avgbs_cluster_6719.1.19,Mrg20,18,0.131567874,0.339473684,190,-10.59651369
avgbs_cluster_6720.1.37,Mrg2,30,0.35601961,0.010526316,190,-29.50373449
avgbs_cluster_6720.1.64,Mrg2,30,0.35601961,0.010526316,190,-29.50373449
avgbs_cluster_6732.1.14,Mrg20,238.2,0.216417001,0.336842105,190,8.884648559
avgbs_cluster_6732.1.56,Mrg20,238.2,0.216417001,0.336842105,190,8.884648559
avgbs_cluster_67354.1.29,Mrg28,35.9,0.993757126,0.015789474,190,-0.19415107
avgbs_cluster_67454.1.12,Mrg12,40.9,0.29653439,0.026315789,190,-21.36541667
avgbs_cluster_67454.1.32,Mrg12,40.9,0.29653439,0.026315789,190,-21.36541667
avgbs_cluster_67454.2.12,Mrg2,34.1,0.378119467,0.073684211,190,10.98837595
avgbs_cluster_67454.2.48,Mrg2,34.1,0.378119467,0.073684211,190,10.98837595
avgbs_cluster_67454.2.6,Mrg2,34.1,0.378119467,0.073684211,190,10.98837595
avgbs_cluster_6753.1.62,Mrg17,87.8,0.354238379,0.018421053,190,23.34352368
avgbs_cluster_6755.1.59,Mrg1,68.8,0.580134104,0.439473684,190,3.606313748
avgbs_cluster_6756.1.6,Mrg24,60.2,0.964214445,0.092105263,190,0.493218528
avgbs_cluster_6762.1.39,Mrg1,27.9,0.654140522,0.173684211,190,3.773955318
avgbs_cluster_6762.1.42,Mrg1,27.9,0.654140522,0.173684211,190,3.773955318
avgbs_cluster_6764.1.38,Mrg20,204.9,0.479473727,0.242105263,190,5.338152614
avgbs_cluster_6764.1.56,Mrg20,204.9,0.479473727,0.242105263,190,5.338152614
avgbs_cluster_6764.1.59,Mrg20,204.9,0.479473727,0.242105263,190,5.338152614
avgbs_cluster_6778.1.62,Mrg9,48.2,0.64818413,0.084210526,190,5.24585279
avgbs_cluster_67802.1.31,Mrg21,164.7,0.595689041,0.455263158,190,-3.480976359
avgbs_cluster_67802.1.38,Mrg21,164.7,0.595689041,0.455263158,190,-3.480976359
avgbs_cluster_67837.1.30,Mrg11,25.1,0.773100636,0.092105263,190,-3.17567487
avgbs_cluster_67837.1.40,Mrg11,25.1,0.773100636,0.092105263,190,-3.17567487
avgbs_cluster_67837.1.58,Mrg11,25.1,0.773100636,0.092105263,190,-3.17567487
avgbs_cluster_67921.1.23,Mrg12,71.8,0.179633285,0.376315789,190,9.564828104
avgbs_cluster_67921.1.38,Mrg12,71.8,0.179633285,0.376315789,190,9.564828104
avgbs_cluster_67921.1.6,Mrg12,71.8,0.179633285,0.376315789,190,9.564828104
avgbs_cluster_6795.1.43,Mrg24,61.1,0.384337235,0.047368421,190,-13.3330686
avgbs_cluster_6795.1.56,Mrg24,61.1,0.384337235,0.047368421,190,-13.3330686
avgbs_cluster_6837.1.12,Mrg6,51.7,0.977899861,0.107894737,190,0.286638286
avgbs_cluster_6837.1.21,Mrg6,51.7,0.977899861,0.107894737,190,0.286638286
avgbs_cluster_6899.1.20,Mrg12,84.7,0.04577253,0.176315789,190,-17.95120519
avgbs_cluster_6930.1.26,Mrg5,82.4,0.364228574,0.184210526,190,-7.63124616
avgbs_cluster_6970.1.16,Mrg11,68.1,0.960064599,0.184210526,190,0.404541901
avgbs_cluster_6973.1.24,Mrg24,23.1,0.13540583,0.015789474,190,39.72574643
avgbs_cluster_6973.1.57,Mrg24,23.1,0.13540583,0.015789474,190,39.72574643
avgbs_cluster_6980.1.11,Mrg19,49.8,0.424676653,0.163157895,190,7.013907064
avgbs_cluster_7006.1.31,Mrg9,116.2,0.893763757,0.244736842,190,-0.974192955
avgbs_cluster_7006.1.53,Mrg9,116.2,0.26543845,0.023684211,190,24.76202366
avgbs_cluster_7011.1.64,Mrg15,32.7,0.818647891,0.439473684,190,1.457797617
avgbs_cluster_7015.1.27,Mrg33,34,0.065800608,0.110526316,190,-19.85694847
avgbs_cluster_7015.1.57,Mrg33,41.8,0.000862221,0.260526316,190,-26.26736145
avgbs_cluster_7031.1.37,Mrg33,65,0.537738651,0.057894737,190,-8.708530105
avgbs_cluster_7055.1.23,Mrg3,16.3,0.090018269,0.052631579,190,25.28380787
avgbs_cluster_7061.1.59,Mrg12,41.5,0.311440346,0.023684211,190,22.43227612
avgbs_cluster_7064.1.17,Mrg17,100.7,0.305939828,0.139473684,190,9.622528918
avgbs_cluster_7064.1.22,Mrg17,100.7,0.305939828,0.139473684,190,9.622528918
avgbs_cluster_7064.1.6,Mrg17,100.7,0.305939828,0.139473684,190,9.622528918
avgbs_cluster_7079.1.12,Mrg5,135.5,0.009387275,0.089473684,190,-30.63936515
avgbs_cluster_7079.1.24,Mrg5,135.5,0.009387275,0.089473684,190,-30.63936515
avgbs_cluster_7079.1.27,Mrg11,6.7,0.023886313,0.402631579,190,15.5044294
avgbs_cluster_7095.1.60,Mrg21,205.3,0.937197372,0.236842105,190,-0.58971855
avgbs_cluster_7095.1.61,Mrg21,205.3,0.937197372,0.236842105,190,-0.58971855
avgbs_cluster_7095.1.63,Mrg21,205.3,0.937197372,0.236842105,190,-0.58971855
avgbs_cluster_7106.1.11,Mrg19,47.2,0.230857354,0.076315789,190,-14.99640563
avgbs_cluster_7106.1.19,Mrg19,49.8,0.126685878,0.105263158,190,16.75411939
avgbs_cluster_7121.1.20,Mrg20,231.4,0.178873541,0.015789474,190,-39.10269582
avgbs_cluster_7121.1.63,Mrg20,231.4,0.178873541,0.015789474,190,-39.10269582
avgbs_cluster_7124.1.47,Mrg15,85.8,0.171187917,0.110526316,190,-14.43270816
avgbs_cluster_7124.1.53,Mrg15,85.8,0.171187917,0.110526316,190,-14.43270816
avgbs_cluster_7124.1.59,Mrg15,85.8,0.171187917,0.110526316,190,-14.43270816
avgbs_cluster_7158.1.40,Mrg1,110.8,0.511794564,0.036842105,190,11.23503936
avgbs_cluster_7163.1.18,Mrg1,64.8,0.745899685,0.289473684,190,2.277734197
avgbs_cluster_7163.1.47,Mrg1,64.8,0.745899685,0.289473684,190,2.277734197
avgbs_cluster_7176.1.43,Mrg1,39.3,0.076181712,0.344736842,190,12.78193824
avgbs_cluster_7184.1.64,Mrg15,6.7,0.121901925,0.215789474,190,-12.48598959
avgbs_cluster_7193.1.26,Mrg9,125.7,0.323508646,0.026315789,190,20.16755631
avgbs_cluster_7196.1.6,Mrg12,102.6,0.244243221,0.202631579,190,9.196007048
avgbs_cluster_7251.1.15,Mrg13,7.8,0.220145335,0.168421053,190,11.22423056
avgbs_cluster_7251.1.34,Mrg13,7.8,0.220145335,0.168421053,190,11.22423056
avgbs_cluster_7251.1.55,Mrg13,7.8,0.934540648,0.089473684,190,0.910478156
avgbs_cluster_7265.1.52,Mrg9,36.2,0.166632236,0.073684211,190,17.51384267
avgbs_cluster_7269.1.52,Mrg13,83.8,0.472013245,0.439473684,190,4.888164456
avgbs_cluster_7269.1.64,Mrg13,83.8,0.472013245,0.439473684,190,4.888164456
avgbs_cluster_727.1.21,Mrg1,64.8,0.060818396,0.157894737,190,-17.17451823
avgbs_cluster_727.1.31,Mrg1,64.8,0.060818396,0.157894737,190,-17.17451823
avgbs_cluster_7293.1.8,Mrg1,70.8,0.527820708,0.402631579,190,-4.182415742
avgbs_cluster_7383.1.6,Mrg9,111.7,0.927247838,0.486842105,190,0.57980225
avgbs_cluster_7383.1.7,Mrg9,111.7,0.927247838,0.486842105,190,0.57980225
avgbs_cluster_7423.1.63,Mrg12,29.5,0.770172234,0.026315789,190,5.768637387
avgbs_cluster_743.1.10,Mrg3,56.4,0.500512283,0.194736842,190,5.492673188
avgbs_cluster_743.1.60,Mrg3,56.3,0.930720651,0.389473684,190,-0.558235412
avgbs_cluster_7443.1.16,Mrg6,38,0.874063711,0.247368421,190,-1.150154057
avgbs_cluster_7443.1.32,Mrg6,38,0.874063711,0.247368421,190,-1.150154057
avgbs_cluster_7443.1.58,Mrg6,38,0.93772514,0.173684211,190,-0.647668846
avgbs_cluster_747.1.28,Mrg1,50.6,0.461553382,0.055263158,190,10.56742584
avgbs_cluster_7493.1.44,Mrg1,93.5,0.699528535,0.278947368,190,2.75436058
avgbs_cluster_75.1.57,Mrg6,63.2,0.242812657,0.263157895,190,-8.783690864
avgbs_cluster_7517.1.15,Mrg9,16.3,0.830424213,0.128947368,190,2.096737245
avgbs_cluster_7522.1.63,Mrg13,49.9,0.351322654,0.078947368,190,-11.2794881
avgbs_cluster_7523.1.55,Mrg28,20.3,0.828855555,0.031578947,190,-3.886741395
avgbs_cluster_7613.1.11,Mrg28,61.4,0.215816097,0.118421053,190,12.87038521
avgbs_cluster_7613.1.41,Mrg28,61.4,0.126874485,0.068421053,190,20.49659924
avgbs_cluster_7614.1.16,Mrg21,205.3,0.396005929,0.305263158,190,-6.232130551
avgbs_cluster_7614.1.17,Mrg21,205.3,0.396005929,0.305263158,190,-6.232130551
avgbs_cluster_7643.1.8,Mrg18,60.3,0.000946353,0.044736842,190,-53.18245886
avgbs_cluster_7663.1.25,Mrg1,101.7,0.531787017,0.384210526,190,4.286399918
avgbs_cluster_7668.1.35,Mrg18,18.1,0.37937201,0.034210526,190,16.0740004
avgbs_cluster_7668.1.45,Mrg18,18.1,0.698356455,0.1,190,4.169151606
avgbs_cluster_768.1.26,Mrg11,45.6,0.67123101,0.213157895,190,3.315998897
avgbs_cluster_769.1.31,Mrg24,60.2,0.832985696,0.160526316,190,1.870585572
avgbs_cluster_7691.1.34,Mrg11,21.9,0.951136823,0.142105263,190,-0.551323251
avgbs_cluster_7712.1.64,Mrg17,32.8,0.035700142,0.105263158,190,23.60141809
avgbs_cluster_7714.1.6,Mrg3,46.3,0.397563722,0.081578947,190,10.14237895
avgbs_cluster_7742.1.14,Mrg8,121.2,0.547506101,0.215789474,190,-4.704550322
avgbs_cluster_7743.1.44,Mrg24,36.1,0.349248341,0.215789474,190,-7.545079757
avgbs_cluster_775.1.11,Mrg8,150.9,0.965772977,0.15,190,0.374778415
avgbs_cluster_7765.1.34,Mrg1,94.5,0.489955488,0.010526316,190,-21.85762411
avgbs_cluster_7777.1.55,Mrg20,226.6,0.6518384,0.134210526,190,4.349801788
avgbs_cluster_7777.1.62,Mrg20,226.6,0.6518384,0.134210526,190,4.349801788
avgbs_cluster_7777.1.63,Mrg20,226.6,0.6518384,0.134210526,190,4.349801788
avgbs_cluster_78.1.63,Mrg9,56.5,0.372372604,0.213157895,190,-7.362243436
avgbs_cluster_7805.1.47,Mrg21,212.1,0.039032082,0.036842105,190,-36.69509335
avgbs_cluster_7805.1.59,Mrg21,212.1,0.039032082,0.036842105,190,-36.69509335
avgbs_cluster_7805.1.9,Mrg21,212.1,0.039032082,0.036842105,190,-36.69509335
avgbs_cluster_783.1.59,Mrg9,111.3,0.460741864,0.039473684,190,12.48454352
avgbs_cluster_7851.1.29,Mrg17,108.9,0.270389756,0.094736842,190,12.35355701
avgbs_cluster_7851.1.55,Mrg17,108.9,0.270389756,0.094736842,190,12.35355701
avgbs_cluster_7944.1.54,Mrg1,23.8,0.28057813,0.047368421,190,-15.76663345
avgbs_cluster_7944.1.64,Mrg1,23.8,0.28057813,0.047368421,190,-15.76663345
avgbs_cluster_8007.1.17,Mrg3,6.4,0.461286462,0.315789474,190,-5.131840278
avgbs_cluster_8011.1.44,Mrg28,43.8,0.378438195,0.313157895,190,6.20472359
avgbs_cluster_8014.1.48,Mrg11,68.6,0.989344277,0.192105263,190,0.105361857
avgbs_cluster_803.1.26,Mrg20,20.4,0.000446241,0.026315789,190,-74.07115991
avgbs_cluster_8037.1.50,Mrg2,87.3,0.454909721,0.452631579,190,4.915608341
avgbs_cluster_811.1.57,Mrg6,56.9,0.752944717,0.463157895,190,2.008763793
avgbs_cluster_8123.1.11,Mrg1,109,0.945174278,0.1,190,-0.723355924
avgbs_cluster_8133.1.26,Mrg15,15,0.498364045,0.010526316,190,21.42296099
avgbs_cluster_8133.1.8,Mrg15,14.4,0.044639869,0.047368421,190,32.6019353
avgbs_cluster_8177.1.15,Mrg12,22,0.300139832,0.036842105,190,-18.01583886
avgbs_cluster_8177.1.49,Mrg12,22,0.300139832,0.036842105,190,-18.01583886
avgbs_cluster_8242.1.63,Mrg12,15.5,0.451365666,0.357894737,190,5.375054316
avgbs_cluster_8242.1.64,Mrg12,15.5,0.451365666,0.357894737,190,5.375054316
avgbs_cluster_8247.1.57,Mrg1,50.5,0.957095454,0.339473684,190,-0.355950491
avgbs_cluster_8247.1.59,Mrg1,50.5,0.957095454,0.339473684,190,-0.355950491
avgbs_cluster_831.1.23,Mrg3,25,0.25232279,0.034210526,190,21.12366205
avgbs_cluster_831.1.34,Mrg3,25,0.25232279,0.034210526,190,21.12366205
avgbs_cluster_831.1.38,Mrg3,25,0.25232279,0.034210526,190,21.12366205
avgbs_cluster_8375.1.10,Mrg13,35.9,0.600743067,0.142105263,190,4.966576571
avgbs_cluster_8387.1.29,Mrg12,15.9,0.946167344,0.35,190,0.457632374
avgbs_cluster_8417.1.44,Mrg20,138.5,0.564815488,0.021052632,190,12.8859263
avgbs_cluster_8417.1.56,Mrg20,138.5,0.564815488,0.021052632,190,12.8859263
avgbs_cluster_8420.1.41,Mrg1,57.2,0.644759123,0.010526316,190,14.42744902
avgbs_cluster_8461.1.38,Mrg2,72.1,0.732000808,0.021052632,190,7.564521729
avgbs_cluster_848.1.17,Mrg23,40.7,0.451615065,0.036842105,190,12.9472271
avgbs_cluster_848.1.64,Mrg23,40.7,0.451615065,0.036842105,190,12.9472271
avgbs_cluster_8530.1.43,Mrg17,32.2,0.11024099,0.163157895,190,14.36705933
avgbs_cluster_8535.1.25,Mrg21,197.1,0.544512742,0.039473684,190,10.19402791
avgbs_cluster_8535.1.47,Mrg21,197.1,0.544512742,0.039473684,190,10.19402791
avgbs_cluster_8535.1.48,Mrg21,197.1,0.544512742,0.039473684,190,10.19402791
avgbs_cluster_8565.1.51,Mrg17,102.3,0.423454424,0.192105263,190,6.6247748
avgbs_cluster_8576.1.32,Mrg23,49.5,0.692412016,0.334210526,190,2.724952247
avgbs_cluster_8576.1.42,Mrg23,49.5,0.692412016,0.334210526,190,2.724952247
avgbs_cluster_8579.1.21,Mrg3,83.8,0.402559031,0.010526316,190,26.66880541
avgbs_cluster_8581.1.9,Mrg1,64.8,0.096532442,0.171052632,190,14.4884642
avgbs_cluster_86.1.25,Mrg20,245.2,0.403241965,0.5,190,5.464117908
avgbs_cluster_8612.1.13,Mrg5,56.5,0.281466786,0.068421053,190,14.28967777
avgbs_cluster_862.1.54,Mrg18,40,0.489955488,0.010526316,190,-21.85762411
avgbs_cluster_862.1.57,Mrg18,40,0.489955488,0.010526316,190,-21.85762411
avgbs_cluster_8711.1.50,Mrg24,23.1,0.870814888,0.073684211,190,1.949592465
avgbs_cluster_8713.1.18,Mrg3,25,0.905432265,0.126315789,190,1.116330949
avgbs_cluster_8713.1.38,Mrg3,25,0.905432265,0.126315789,190,1.116330949
avgbs_cluster_8713.1.6,Mrg3,25,0.905432265,0.126315789,190,1.116330949
avgbs_cluster_8737.1.43,Mrg18,20.6,0.443485736,0.121052632,190,-7.616528356
avgbs_cluster_8737.1.48,Mrg18,20.6,0.443485736,0.121052632,190,-7.616528356
avgbs_cluster_8737.1.53,Mrg18,21.4,0.227917465,0.021052632,190,27.6546595
avgbs_cluster_8814.1.32,Mrg17,83.6,0.936989574,0.084210526,190,-0.901339562
avgbs_cluster_8827.1.6,Mrg33,32.3,0.539049361,0.086842105,190,-7.081539162
avgbs_cluster_8844.1.24,Mrg21,27.3,0.422826415,0.047368421,190,12.62460887
avgbs_cluster_8844.1.44,Mrg21,27.3,0.422826415,0.047368421,190,12.62460887
avgbs_cluster_8856.1.57,Mrg21,122.8,0.804753908,0.060526316,190,3.30508405
avgbs_cluster_8856.1.7,Mrg21,122.8,0.804753908,0.060526316,190,3.30508405
avgbs_cluster_8860.1.28,Mrg9,13.8,0.16983703,0.071052632,190,18.225166
avgbs_cluster_8860.1.29,Mrg9,13.8,0.16983703,0.071052632,190,18.225166
avgbs_cluster_8860.1.33,Mrg9,13.8,0.16983703,0.071052632,190,18.225166
avgbs_cluster_8897.1.19,Mrg15,21.4,0.269173533,0.034210526,190,-20.36495943
avgbs_cluster_8924.1.7,Mrg5,57.3,0.303131746,0.047368421,190,15.87403699
avgbs_cluster_8928.1.52,Mrg11,23,0.110536114,0.015789474,190,42.54949866
avgbs_cluster_8951.1.59,Mrg21,178.3,0.406988905,0.347368421,190,-5.832654203
avgbs_cluster_897.1.22,Mrg17,33.2,0.12558875,0.052631579,190,-22.7703588
avgbs_cluster_9020.1.37,Mrg9,40.3,0.394028154,0.215789474,190,6.961072686
avgbs_cluster_9083.1.20,Mrg17,83.6,0.589688152,0.010526316,190,16.94772828
avgbs_cluster_9083.1.21,Mrg17,83.6,0.589688152,0.010526316,190,16.94772828
avgbs_cluster_9083.1.45,Mrg17,89.4,0.896900804,0.244736842,190,0.944973617
avgbs_cluster_9085.1.25,Mrg11,52.8,0.650109471,0.178947368,190,3.744322637
avgbs_cluster_9085.1.56,Mrg11,52.8,0.650109471,0.178947368,190,3.744322637
avgbs_cluster_91.1.51,Mrg18,14.7,0.957187759,0.263157895,190,0.389282792
avgbs_cluster_9107.1.39,Mrg4,48.8,0.141519933,0.118421053,190,-15.17938781
avgbs_cluster_9110.1.30,Mrg4,23.8,0.74402324,0.010526316,190,10.1353945
avgbs_cluster_9110.1.45,Mrg4,23.8,0.74402324,0.010526316,190,10.1353945
avgbs_cluster_9143.1.15,Mrg3,9.7,0.543970725,0.015789474,190,17.18888144
avgbs_cluster_9143.1.9,Mrg3,6.3,0.375391802,0.323684211,190,-6.346113146
avgbs_cluster_9144.1.12,Mrg12,51.8,0.850206553,0.044736842,190,3.009173213
avgbs_cluster_9199.1.30,Mrg1,102.9,0.841137442,0.15,190,1.772197602
avgbs_cluster_9246.1.12,Mrg33,57.8,0.712567156,0.328947368,190,2.513098946
avgbs_cluster_9272.1.35,Mrg3,63.8,0.427224965,0.010526316,190,25.25075355
avgbs_cluster_9272.1.44,Mrg3,63.8,0.427224965,0.010526316,190,25.25075355
avgbs_cluster_9292.1.49,Mrg2,88.7,0.299945488,0.055263158,190,15.04962296
avgbs_cluster_9300.1.17,Mrg15,50.3,0.75835858,0.363157895,190,-2.047390918
avgbs_cluster_9314.1.53,Mrg11,12.3,0.345638343,0.047368421,190,14.49408763
avgbs_cluster_9314.1.54,Mrg11,12.3,0.345638343,0.047368421,190,14.49408763
avgbs_cluster_9314.1.8,Mrg11,12.3,0.345638343,0.047368421,190,14.49408763
avgbs_cluster_9315.1.25,Mrg23,12,0.178153264,0.057894737,190,-19.53258627
avgbs_cluster_934.1.19,Mrg3,77.8,0.783655012,0.052631579,190,3.881759259
avgbs_cluster_9358.1.8,Mrg19,66.8,0.230806858,0.021052632,190,29.42012391
avgbs_cluster_9365.1.36,Mrg8,77.1,0.225871124,0.152631579,190,11.32252921
avgbs_cluster_937.1.23,Mrg4,45.9,0.236132467,0.05,190,18.68042548
avgbs_cluster_9426.1.11,Mrg2,34.1,0.30059702,0.236842105,190,-7.974688697
avgbs_cluster_9427.1.26,Mrg3,25,0.710910215,0.078947368,190,4.366107143
avgbs_cluster_9427.1.38,Mrg3,25,0.710910215,0.078947368,190,4.366107143
avgbs_cluster_9427.1.8,Mrg3,25,0.710910215,0.078947368,190,4.366107143
avgbs_cluster_9494.1.47,Mrg28,56.7,0.738051105,0.255263158,190,-2.529235999
avgbs_cluster_95.1.64,Mrg13,42.6,0.595135489,0.173684211,190,-4.538836594
avgbs_cluster_9500.1.6,Mrg13,49.9,0.406741267,0.081578947,190,-9.939990043
avgbs_cluster_9528.1.25,Mrg33,60.1,0.050118723,0.021052632,190,45.63794243
avgbs_cluster_9528.1.7,Mrg33,60.1,0.050118723,0.021052632,190,45.63794243
avgbs_cluster_9561.1.17,Mrg5,114.7,0.4882253,0.105263158,190,-7.298633578
avgbs_cluster_9592.1.62,Mrg9,98.1,0.47885162,0.178947368,190,5.974253708
avgbs_cluster_96.1.63,Mrg17,24.7,0.683163295,0.263157895,190,3.034519763
avgbs_cluster_962.1.6,Mrg3,65,0.492924636,0.1,190,7.38332115
avgbs_cluster_9623.1.25,Mrg33,-7.9,0.865921747,0.373684211,190,-1.106104452
avgbs_cluster_9623.1.35,Mrg33,-7.9,0.865921747,0.373684211,190,-1.106104452
avgbs_cluster_9692.1.53,Mrg3,25,0.160026714,0.105263158,190,-15.59533035
avgbs_cluster_9713.1.26,Mrg8,176,0.609511686,0.068421053,190,-6.478760141
avgbs_cluster_9713.1.38,Mrg8,176,0.609511686,0.068421053,190,-6.478760141
avgbs_cluster_9713.1.61,Mrg8,176,0.609511686,0.068421053,190,-6.478760141
avgbs_cluster_9753.1.42,Mrg20,230.1,0.582629609,0.307894737,190,3.832018655
avgbs_cluster_9804.1.19,Mrg19,64.2,0.617538938,0.021052632,190,11.13181004
avgbs_cluster_9804.1.64,Mrg19,64.2,0.617538938,0.021052632,190,11.13181004
avgbs_cluster_9832.1.49,Mrg9,103.8,0.36697581,0.021052632,190,20.48496864
avgbs_cluster_9832.1.53,Mrg9,101.5,0.085639799,0.097368421,190,19.46326661
avgbs_cluster_9835.1.19,Mrg15,33.5,0.916100503,0.010526316,190,3.218838652
avgbs_cluster_9835.1.41,Mrg15,33.5,0.916100503,0.010526316,190,3.218838652
avgbs_cluster_9856.1.59,Mrg19,49.8,0.099124411,0.107894737,190,17.80874274
avgbs_cluster_9866.1.31,Mrg2,87.3,0.369041762,0.428947368,190,5.931446069
avgbs_cluster_99.1.36,Mrg18,69.1,0.022743903,0.044736842,190,-37.57607354
avgbs_cluster_99.1.49,Mrg18,69.1,0.022743903,0.044736842,190,-37.57607354
avgbs_cluster_9912.1.62,Mrg18,7.4,0.626411272,0.113157895,190,4.94696146
avgbs_cluster_9912.1.63,Mrg18,7.4,0.626411272,0.113157895,190,4.94696146
avgbs_cluster_9912.1.64,Mrg18,7.4,0.626411272,0.113157895,190,4.94696146
avgbs_cluster_9922.1.31,Mrg11,12.3,0.402168797,0.110526316,190,8.930273147
avgbs_cluster_9941.1.34,Mrg1,94.6,0.032130034,0.328947368,190,15.42868352
avgbs_cluster_9968.1.26,Mrg23,57.8,0.60758262,0.113157895,190,-5.448009586